-- phpMyAdmin SQL Dump
-- version 4.4.15.6
-- http://www.phpmyadmin.net
--
-- Host: localhost
-- Generation Time: 2016-10-19 23:02:28
-- 服务器版本： 5.5.48-log
-- PHP Version: 5.4.45

SET SQL_MODE = "NO_AUTO_VALUE_ON_ZERO";
SET time_zone = "+00:00";


/*!40101 SET @OLD_CHARACTER_SET_CLIENT=@@CHARACTER_SET_CLIENT */;
/*!40101 SET @OLD_CHARACTER_SET_RESULTS=@@CHARACTER_SET_RESULTS */;
/*!40101 SET @OLD_COLLATION_CONNECTION=@@COLLATION_CONNECTION */;
/*!40101 SET NAMES utf8mb4 */;

--
-- Database: `crm_shinybesthk_com`
--

-- --------------------------------------------------------

--
-- 表的结构 `com_vtiger_workflows`
--

CREATE TABLE IF NOT EXISTS `com_vtiger_workflows` (
  `workflow_id` int(11) NOT NULL,
  `module_name` varchar(100) DEFAULT NULL,
  `summary` varchar(400) NOT NULL,
  `test` text,
  `execution_condition` int(11) NOT NULL,
  `defaultworkflow` int(1) DEFAULT NULL,
  `type` varchar(255) DEFAULT NULL,
  `filtersavedinnew` int(1) DEFAULT NULL,
  `schtypeid` int(10) DEFAULT NULL,
  `schdayofmonth` varchar(100) DEFAULT NULL,
  `schdayofweek` varchar(100) DEFAULT NULL,
  `schannualdates` varchar(100) DEFAULT NULL,
  `schtime` varchar(50) DEFAULT NULL,
  `nexttrigger_time` datetime DEFAULT NULL
) ENGINE=InnoDB AUTO_INCREMENT=25 DEFAULT CHARSET=utf8;

--
-- 转存表中的数据 `com_vtiger_workflows`
--

INSERT INTO `com_vtiger_workflows` (`workflow_id`, `module_name`, `summary`, `test`, `execution_condition`, `defaultworkflow`, `type`, `filtersavedinnew`, `schtypeid`, `schdayofmonth`, `schdayofweek`, `schannualdates`, `schtime`, `nexttrigger_time`) VALUES
(1, 'Invoice', 'UpdateInventoryProducts On Every Save', '[{"fieldname":"subject","operation":"does not contain","value":"`!`"}]', 3, 1, 'basic', 5, NULL, NULL, NULL, NULL, NULL, NULL),
(2, 'Accounts', 'Send Email to user when Notifyowner is True', '[{"fieldname":"notify_owner","operation":"is","value":"true:boolean"}]', 2, 1, 'basic', 5, NULL, NULL, NULL, NULL, NULL, NULL),
(3, 'Contacts', 'Send Email to user when Notifyowner is True', '[{"fieldname":"notify_owner","operation":"is","value":"true:boolean"}]', 2, 1, 'basic', 5, NULL, NULL, NULL, NULL, NULL, NULL),
(4, 'Contacts', 'Send Email to user when Portal User is True', '[{"fieldname":"portal","operation":"is","value":"true:boolean"}]', 2, 1, 'basic', 5, NULL, NULL, NULL, NULL, NULL, NULL),
(5, 'Potentials', 'Send Email to users on Potential creation', NULL, 1, 1, 'basic', 5, NULL, NULL, NULL, NULL, NULL, NULL),
(6, 'Contacts', 'Workflow for Contact Creation or Modification', '', 3, 1, 'basic', 5, NULL, NULL, NULL, NULL, NULL, NULL),
(7, 'HelpDesk', 'Ticket Creation From Portal : Send Email to Record Owner and Contact', '[{"fieldname":"from_portal","operation":"is","value":1,"valuetype":"rawtext","joincondition":"and","groupjoin":"and","groupid":0},{"fieldname":"from_portal","operation":"is","value":"1","valuetype":"rawtext","joincondition":"","groupjoin":"and","groupid":"0"}]', 1, 1, 'basic', 6, NULL, NULL, NULL, NULL, NULL, NULL),
(9, 'HelpDesk', 'Send Email to Contact on Ticket Update', '[{"fieldname":"(contact_id : (Contacts) emailoptout)","operation":"is","value":"0","valuetype":"rawtext","joincondition":"and","groupjoin":"and","groupid":"0"},{"fieldname":"from_portal","operation":"is","value":0,"valuetype":"rawtext","joincondition":"and","groupjoin":"and","groupid":0},{"fieldname":"ticketstatus","operation":"has changed to","value":"Closed","valuetype":"rawtext","joincondition":"or","groupjoin":"and","groupid":"1"},{"fieldname":"solution","operation":"has changed","value":"","valuetype":"","joincondition":"or","groupjoin":"and","groupid":"1"},{"fieldname":"description","operation":"has changed","value":"","valuetype":"","joincondition":"or","groupjoin":"and","groupid":"1"}]', 3, 1, 'basic', 6, NULL, NULL, NULL, NULL, NULL, NULL),
(10, 'Events', 'Workflow for Events when Send Notification is True', '[{"fieldname":"sendnotification","operation":"is","value":"true:boolean"}]', 3, 1, 'basic', 5, NULL, NULL, NULL, NULL, NULL, NULL),
(11, 'Calendar', 'Workflow for Calendar Todos when Send Notification is True', '[{"fieldname":"sendnotification","operation":"is","value":"true:boolean"}]', 3, 1, 'basic', 5, NULL, NULL, NULL, NULL, NULL, NULL),
(12, 'Potentials', 'Calculate or Update forecast amount', '', 3, 1, 'basic', 5, NULL, NULL, NULL, NULL, NULL, NULL),
(13, 'Events', 'Workflow for Events when Send Notification is True', '[{"fieldname":"sendnotification","operation":"is","value":"true:boolean"}]', 3, 1, 'basic', 5, NULL, NULL, NULL, NULL, NULL, NULL),
(14, 'Calendar', 'Workflow for Calendar Todos when Send Notification is True', '[{"fieldname":"sendnotification","operation":"is","value":"true:boolean"}]', 3, 1, 'basic', 5, NULL, NULL, NULL, NULL, NULL, NULL),
(15, 'HelpDesk', 'Comment Added From CRM : Send Email to Organization', '[{"fieldname":"_VT_add_comment","operation":"is added","value":"","valuetype":"rawtext","joincondition":"","groupjoin":"and","groupid":"0"},{"fieldname":"from_portal","operation":"is","value":"0","valuetype":"rawtext","joincondition":"","groupjoin":"and","groupid":"0"},{"fieldname":"(parent_id : (Accounts) emailoptout)","operation":"is","value":"0","valuetype":"rawtext","joincondition":"and","groupjoin":"and","groupid":"0"}]', 3, 1, 'basic', 6, NULL, NULL, NULL, NULL, NULL, NULL),
(16, 'PurchaseOrder', 'Update Inventory Products On Every Save', NULL, 3, 1, 'basic', 5, NULL, NULL, NULL, NULL, NULL, NULL),
(17, 'HelpDesk', 'Comment Added From Portal : Send Email to Record Owner', '[{"fieldname":"_VT_add_comment","operation":"is added","value":"","valuetype":"rawtext","joincondition":"","groupjoin":"and","groupid":"0"},{"fieldname":"from_portal","operation":"is","value":"1","valuetype":"rawtext","joincondition":"","groupjoin":"and","groupid":"0"}]', 3, 1, 'basic', 6, NULL, NULL, NULL, NULL, NULL, NULL),
(18, 'HelpDesk', 'Comment Added From CRM : Send Email to Contact, where Contact is not a Portal User', '[{"fieldname":"(contact_id : (Contacts) portal)","operation":"is","value":"0","valuetype":"rawtext","joincondition":"and","groupjoin":"and","groupid":"0"},{"fieldname":"_VT_add_comment","operation":"is added","value":"","valuetype":"rawtext","joincondition":"","groupjoin":"and","groupid":"0"},{"fieldname":"from_portal","operation":"is","value":"0","valuetype":"rawtext","joincondition":"","groupjoin":"and","groupid":"0"},{"fieldname":"(contact_id : (Contacts) emailoptout)","operation":"is","value":"0","valuetype":"rawtext","joincondition":"and","groupjoin":"and","groupid":"0"}]', 3, 1, 'basic', 6, NULL, NULL, NULL, NULL, NULL, NULL),
(19, 'HelpDesk', 'Comment Added From CRM : Send Email to Contact, where Contact is Portal User', '[{"fieldname":"(contact_id : (Contacts) portal)","operation":"is","value":"1","valuetype":"rawtext","joincondition":"and","groupjoin":"and","groupid":"0"},{"fieldname":"_VT_add_comment","operation":"is added","value":"","valuetype":"rawtext","joincondition":"","groupjoin":"and","groupid":"0"},{"fieldname":"from_portal","operation":"is","value":"0","valuetype":"rawtext","joincondition":"","groupjoin":"and","groupid":"0"},{"fieldname":"(contact_id : (Contacts) emailoptout)","operation":"is","value":"0","valuetype":"rawtext","joincondition":"and","groupjoin":"and","groupid":"0"}]', 3, 1, 'basic', 6, NULL, NULL, NULL, NULL, NULL, NULL),
(20, 'HelpDesk', 'Send Email to Record Owner on Ticket Update', '[{"fieldname":"from_portal","operation":"is","value":0,"valuetype":"rawtext","joincondition":"and","groupjoin":"and","groupid":0},{"fieldname":"ticketstatus","operation":"has changed to","value":"Closed","valuetype":"rawtext","joincondition":"or","groupjoin":"and","groupid":"1"},{"fieldname":"solution","operation":"has changed","value":"","valuetype":"","joincondition":"or","groupjoin":"and","groupid":"1"},{"fieldname":"assigned_user_id","operation":"has changed","value":"","valuetype":"","joincondition":"or","groupjoin":"and","groupid":"1"},{"fieldname":"description","operation":"has changed","value":"","valuetype":"","joincondition":"or","groupjoin":"and","groupid":"1"}]', 3, 1, 'basic', 6, NULL, NULL, NULL, NULL, NULL, NULL),
(21, 'HelpDesk', 'Ticket Creation From CRM : Send Email to Record Owner', '[{"fieldname":"from_portal","operation":"is","value":"0","valuetype":"rawtext","joincondition":"","groupjoin":"and","groupid":"0"}]', 1, 1, 'basic', 6, NULL, NULL, NULL, NULL, NULL, NULL),
(22, 'HelpDesk', 'Send Email to Organization on Ticket Update', '[{"fieldname":"(parent_id : (Accounts) emailoptout)","operation":"is","value":"0","valuetype":"rawtext","joincondition":"and","groupjoin":"and","groupid":"0"},{"fieldname":"from_portal","operation":"is","value":0,"valuetype":"rawtext","joincondition":"and","groupjoin":"and","groupid":0},{"fieldname":"ticketstatus","operation":"has changed to","value":"Closed","valuetype":"rawtext","joincondition":"or","groupjoin":"and","groupid":"1"},{"fieldname":"solution","operation":"has changed","value":"","valuetype":"","joincondition":"or","groupjoin":"and","groupid":"1"},{"fieldname":"description","operation":"has changed","value":"","valuetype":"","joincondition":"or","groupjoin":"and","groupid":"1"}]', 3, 1, 'basic', 6, NULL, NULL, NULL, NULL, NULL, NULL),
(23, 'HelpDesk', 'Ticket Creation From CRM : Send Email to Organization', '[{"fieldname":"(parent_id : (Accounts) emailoptout)","operation":"is","value":"0","valuetype":"rawtext","joincondition":"and","groupjoin":"and","groupid":"0"},{"fieldname":"from_portal","operation":"is","value":"0","valuetype":"rawtext","joincondition":"","groupjoin":"and","groupid":"0"}]', 1, 1, 'basic', 6, NULL, NULL, NULL, NULL, NULL, NULL),
(24, 'HelpDesk', 'Ticket Creation From CRM : Send Email to Contact', '[{"fieldname":"(contact_id : (Contacts) emailoptout)","operation":"is","value":"0","valuetype":"rawtext","joincondition":"and","groupjoin":"and","groupid":"0"},{"fieldname":"from_portal","operation":"is","value":"0","valuetype":"rawtext","joincondition":"","groupjoin":"and","groupid":"0"}]', 1, 1, 'basic', 6, NULL, NULL, NULL, NULL, NULL, NULL);

-- --------------------------------------------------------

--
-- 表的结构 `com_vtiger_workflows_seq`
--

CREATE TABLE IF NOT EXISTS `com_vtiger_workflows_seq` (
  `id` int(11) NOT NULL
) ENGINE=InnoDB DEFAULT CHARSET=utf8;

--
-- 转存表中的数据 `com_vtiger_workflows_seq`
--

INSERT INTO `com_vtiger_workflows_seq` (`id`) VALUES
(24);

-- --------------------------------------------------------

--
-- 表的结构 `com_vtiger_workflowtasks`
--

CREATE TABLE IF NOT EXISTS `com_vtiger_workflowtasks` (
  `task_id` int(11) NOT NULL,
  `workflow_id` int(11) DEFAULT NULL,
  `summary` varchar(400) NOT NULL,
  `task` text
) ENGINE=InnoDB AUTO_INCREMENT=29 DEFAULT CHARSET=utf8;

--
-- 转存表中的数据 `com_vtiger_workflowtasks`
--

INSERT INTO `com_vtiger_workflowtasks` (`task_id`, `workflow_id`, `summary`, `task`) VALUES
(1, 1, '', 'O:18:"VTEntityMethodTask":6:{s:18:"executeImmediately";b:1;s:10:"workflowId";i:1;s:7:"summary";s:0:"";s:6:"active";b:1;s:10:"methodName";s:15:"UpdateInventory";s:2:"id";i:1;}'),
(2, 2, 'An account has been created ', 'O:11:"VTEmailTask":9:{s:18:"executeImmediately";s:0:"";s:10:"workflowId";s:1:"2";s:7:"summary";s:28:"An account has been created ";s:6:"active";s:1:"1";s:10:"methodName";s:11:"NotifyOwner";s:9:"recepient";s:36:"$(assigned_user_id : (Users) email1)";s:7:"subject";s:26:"Regarding Account Creation";s:7:"content";s:301:"An Account has been assigned to you on vtigerCRM<br>Details of account are :<br><br>AccountId:<b>$account_no</b><br>AccountName:<b>$accountname</b><br>Rating:<b>$rating</b><br>Industry:<b>$industry</b><br>AccountType:<b>$accounttype</b><br>Description:<b>$description</b><br><br><br>Thank You<br>Admin";s:2:"id";s:1:"2";}'),
(3, 3, 'An contact has been created ', 'O:11:"VTEmailTask":9:{s:18:"executeImmediately";s:0:"";s:10:"workflowId";s:1:"3";s:7:"summary";s:28:"An contact has been created ";s:6:"active";s:1:"1";s:10:"methodName";s:11:"NotifyOwner";s:9:"recepient";s:36:"$(assigned_user_id : (Users) email1)";s:7:"subject";s:26:"Regarding Contact Creation";s:7:"content";s:305:"An Contact has been assigned to you on vtigerCRM<br>Details of Contact are :<br><br>Contact Id:<b>$contact_no</b><br>LastName:<b>$lastname</b><br>FirstName:<b>$firstname</b><br>Lead Source:<b>$leadsource</b><br>Department:<b>$department</b><br>Description:<b>$description</b><br><br><br>Thank You<br>Admin";s:2:"id";s:1:"3";}'),
(4, 4, 'Email Customer Portal Login Details', 'O:18:"VTEntityMethodTask":6:{s:18:"executeImmediately";b:1;s:10:"workflowId";i:4;s:7:"summary";s:35:"Email Customer Portal Login Details";s:6:"active";b:1;s:10:"methodName";s:22:"SendPortalLoginDetails";s:2:"id";i:4;}'),
(5, 5, 'An Potential has been created ', 'O:11:"VTEmailTask":8:{s:18:"executeImmediately";s:0:"";s:10:"workflowId";s:1:"5";s:7:"summary";s:30:"An Potential has been created ";s:6:"active";s:1:"1";s:9:"recepient";s:36:"$(assigned_user_id : (Users) email1)";s:7:"subject";s:30:"Regarding Potential Assignment";s:7:"content";s:342:"An Potential has been assigned to you on vtigerCRM<br>Details of Potential are :<br><br>Potential No:<b>$potential_no</b><br>Potential Name:<b>$potentialname</b><br>Amount:<b>$amount</b><br>Expected Close Date:<b>$closingdate ($_DATE_FORMAT_)</b><br>Type:<b>$opportunity_type</b><br><br><br>Description :$description<br><br>Thank You<br>Admin";s:2:"id";s:1:"5";}'),
(6, 6, 'An contact has been created ', 'O:11:"VTEmailTask":8:{s:18:"executeImmediately";s:0:"";s:10:"workflowId";s:1:"6";s:7:"summary";s:28:"An contact has been created ";s:6:"active";s:1:"1";s:9:"recepient";s:36:"$(assigned_user_id : (Users) email1)";s:7:"subject";s:28:"Regarding Contact Assignment";s:7:"content";s:384:"An Contact has been assigned to you on vtigerCRM<br>Details of Contact are :<br><br>Contact Id:<b>$contact_no</b><br>LastName:<b>$lastname</b><br>FirstName:<b>$firstname</b><br>Lead Source:<b>$leadsource</b><br>Department:<b>$department</b><br>Description:<b>$description</b><br><br><br>And <b>CustomerPortal Login Details</b> is sent to the EmailID :-$email<br><br>Thank You<br>Admin";s:2:"id";s:1:"6";}'),
(7, 7, 'Notify Related Contact when Ticket is created from Portal', 'O:11:"VTEmailTask":9:{s:18:"executeImmediately";s:1:"0";s:7:"summary";s:57:"Notify Related Contact when Ticket is created from Portal";s:6:"active";s:1:"1";s:2:"id";s:1:"7";s:10:"workflowId";s:1:"7";s:9:"fromEmail";s:93:"$(general : (__VtigerMeta__) supportName)&lt;$(general : (__VtigerMeta__) supportEmailId)&gt;";s:9:"recepient";s:33:",$(contact_id : (Contacts) email)";s:7:"subject";s:93:"[From Portal] $ticket_no [ Ticket Id : $(general : (__VtigerMeta__) recordId) ] $ticket_title";s:7:"content";s:161:"Ticket No : $ticket_no<br>\r\n							  Ticket ID : $(general : (__VtigerMeta__) recordId)<br>\r\n							  Ticket Title : $ticket_title<br><br>\r\n							  $description";}'),
(10, 9, 'Send Email to Contact on Ticket Update', 'O:11:"VTEmailTask":9:{s:18:"executeImmediately";s:1:"0";s:7:"summary";s:38:"Send Email to Contact on Ticket Update";s:6:"active";s:1:"1";s:2:"id";s:2:"10";s:9:"fromEmail";s:93:"$(general : (__VtigerMeta__) supportName)&lt;$(general : (__VtigerMeta__) supportEmailId)&gt;";s:9:"recepient";s:33:",$(contact_id : (Contacts) email)";s:7:"subject";s:79:"$ticket_no [ Ticket Id : $(general : (__VtigerMeta__) recordId) ] $ticket_title";s:7:"content";s:636:"Ticket ID : $(general : (__VtigerMeta__) recordId)<br>Ticket Title : $ticket_title<br><br>\r\n								Dear $(contact_id : (Contacts) lastname) $(contact_id : (Contacts) firstname),<br><br>\r\n								The Ticket is replied the details are :<br><br>\r\n								Ticket No : $ticket_no<br>\r\n								Status : $ticketstatus<br>\r\n								Category : $ticketcategories<br>\r\n								Severity : $ticketseverities<br>\r\n								Priority : $ticketpriorities<br><br>\r\n								Description : <br>$description<br><br>\r\n								Solution : <br>$solution<br>\r\n								The comments are : <br>\r\n								$allComments<br><br>\r\n								Regards<br>Support Administrator";s:10:"workflowId";s:1:"9";}'),
(13, 12, 'update forecast amount', 'O:18:"VTUpdateFieldsTask":6:{s:18:"executeImmediately";b:1;s:10:"workflowId";i:12;s:7:"summary";s:22:"update forecast amount";s:6:"active";b:1;s:19:"field_value_mapping";s:95:"[{"fieldname":"forecast_amount","valuetype":"expression","value":"amount * probability / 100"}]";s:2:"id";i:13;}'),
(14, 13, 'Send Notification Email to Record Owner', 'O:11:"VTEmailTask":8:{s:18:"executeImmediately";s:0:"";s:10:"workflowId";s:2:"13";s:7:"summary";s:39:"Send Notification Email to Record Owner";s:6:"active";s:1:"1";s:9:"recepient";s:36:"$(assigned_user_id : (Users) email1)";s:7:"subject";s:17:"Event :  $subject";s:7:"content";s:771:"$(assigned_user_id : (Users) last_name) $(assigned_user_id : (Users) first_name) ,<br/><b>Activity Notification Details:</b><br/>Subject             : $subject<br/>Start date and time : $date_start ($(general : (__VtigerMeta__) usertimezone))<br/>End date and time   : $due_date ($(general : (__VtigerMeta__) usertimezone)) <br/>Status              : $eventstatus <br/>Priority            : $taskpriority <br/>Related To          : $(parent_id : (Leads) lastname) $(parent_id : (Leads) firstname) $(parent_id : (Accounts) accountname) $(parent_id : (Potentials) potentialname) $(parent_id : (HelpDesk) ticket_title) $(parent_id : (Campaigns) campaignname) <br/>Contacts List       : $contact_id <br/>Location            : $location <br/>Description         : $description";s:2:"id";s:2:"14";}'),
(15, 14, 'Send Notification Email to Record Owner', 'O:11:"VTEmailTask":8:{s:18:"executeImmediately";s:0:"";s:10:"workflowId";s:2:"14";s:7:"summary";s:39:"Send Notification Email to Record Owner";s:6:"active";s:1:"1";s:9:"recepient";s:36:"$(assigned_user_id : (Users) email1)";s:7:"subject";s:16:"Task :  $subject";s:7:"content";s:689:"$(assigned_user_id : (Users) last_name) $(assigned_user_id : (Users) first_name) ,<br/><b>Task Notification Details:</b><br/>Subject : $subject<br/>Start date and time : $date_start ($(general : (__VtigerMeta__) usertimezone))<br/>End date and time   : $due_date ($_DATE_FORMAT_) <br/>Status              : $taskstatus <br/>Priority            : $taskpriority <br/>Related To          : $(parent_id : (Leads) lastname) $(parent_id : (Leads) firstname) $(parent_id : (Accounts) accountname) $(parent_id : (Potentials) potentialname) $(parent_id : (HelpDesk) ticket_title) $(parent_id : (Campaigns) campaignname) <br/>Contacts List       : $contact_id <br/>Description         : $description";s:2:"id";s:2:"15";}'),
(18, 16, 'Update Inventory Products', 'O:18:"VTEntityMethodTask":6:{s:18:"executeImmediately";b:1;s:10:"workflowId";i:16;s:7:"summary";s:25:"Update Inventory Products";s:6:"active";b:1;s:10:"methodName";s:15:"UpdateInventory";s:2:"id";i:18;}'),
(19, 17, 'Comment Added From Portal : Send Email to Record Owner', 'O:11:"VTEmailTask":9:{s:18:"executeImmediately";s:1:"0";s:7:"summary";s:54:"Comment Added From Portal : Send Email to Record Owner";s:6:"active";s:1:"1";s:2:"id";s:2:"19";s:10:"workflowId";s:2:"17";s:9:"fromEmail";s:112:"$(contact_id : (Contacts) lastname) $(contact_id : (Contacts) firstname)&lt;$(contact_id : (Contacts) email)&gt;";s:9:"recepient";s:37:",$(assigned_user_id : (Users) email1)";s:7:"subject";s:92:"Respond to Ticket ID## $(general : (__VtigerMeta__) recordId) ## in Customer Portal - URGENT";s:7:"content";s:329:"Dear $(assigned_user_id : (Users) last_name) $(assigned_user_id : (Users) first_name),<br><br>\r\n								Customer has provided the following additional information to your reply:<br><br>\r\n								<b>$lastComment</b><br><br>\r\n								Kindly respond to above ticket at the earliest.<br><br>\r\n								Regards<br>Support Administrator";}'),
(20, 18, 'Comment Added From CRM : Send Email to Contact, where Contact is not a Portal User', 'O:11:"VTEmailTask":9:{s:18:"executeImmediately";s:1:"0";s:7:"summary";s:82:"Comment Added From CRM : Send Email to Contact, where Contact is not a Portal User";s:6:"active";s:1:"1";s:2:"id";s:2:"20";s:10:"workflowId";s:2:"18";s:9:"fromEmail";s:93:"$(general : (__VtigerMeta__) supportName)&lt;$(general : (__VtigerMeta__) supportEmailId)&gt;";s:9:"recepient";s:33:",$(contact_id : (Contacts) email)";s:7:"subject";s:79:"$ticket_no [ Ticket Id : $(general : (__VtigerMeta__) recordId) ] $ticket_title";s:7:"content";s:525:"Dear $(contact_id : (Contacts) lastname) $(contact_id : (Contacts) firstname),<br><br>\r\n							The Ticket is replied the details are :<br><br>\r\n							Ticket No : $ticket_no<br>\r\n							Status : $ticketstatus<br>\r\n							Category : $ticketcategories<br>\r\n							Severity : $ticketseverities<br>\r\n							Priority : $ticketpriorities<br><br>\r\n							Description : <br>$description<br><br>\r\n							Solution : <br>$solution<br>\r\n							The comments are : <br>\r\n							$allComments<br><br>\r\n							Regards<br>Support Administrator";}'),
(21, 19, 'Comment Added From CRM : Send Email to Contact, where Contact is Portal User', 'O:11:"VTEmailTask":9:{s:18:"executeImmediately";s:1:"0";s:7:"summary";s:76:"Comment Added From CRM : Send Email to Contact, where Contact is Portal User";s:6:"active";s:1:"1";s:2:"id";s:2:"21";s:10:"workflowId";s:2:"19";s:9:"fromEmail";s:93:"$(general : (__VtigerMeta__) supportName)&lt;$(general : (__VtigerMeta__) supportEmailId)&gt;";s:9:"recepient";s:33:",$(contact_id : (Contacts) email)";s:7:"subject";s:79:"$ticket_no [ Ticket Id : $(general : (__VtigerMeta__) recordId) ] $ticket_title";s:7:"content";s:554:"Ticket No : $ticket_no<br>\r\n										Ticket Id : $(general : (__VtigerMeta__) recordId)<br>\r\n										Subject : $ticket_title<br><br>\r\n										Dear $(contact_id : (Contacts) lastname) $(contact_id : (Contacts) firstname),<br><br>\r\n										There is a reply to <b>$ticket_title</b> in the "Customer Portal" at VTiger.\r\n										You can use the following link to view the replies made:<br>\r\n										<a href="$(general : (__VtigerMeta__) portaldetailviewurl)">Ticket Details</a><br><br>\r\n										Thanks<br>$(general : (__VtigerMeta__) supportName)";}'),
(22, 15, 'Comment Added From CRM : Send Email to Organization', 'O:11:"VTEmailTask":9:{s:18:"executeImmediately";s:1:"0";s:7:"summary";s:51:"Comment Added From CRM : Send Email to Organization";s:6:"active";s:1:"1";s:2:"id";s:2:"22";s:10:"workflowId";s:2:"15";s:9:"fromEmail";s:93:"$(general : (__VtigerMeta__) supportName)&lt;$(general : (__VtigerMeta__) supportEmailId)&gt;";s:9:"recepient";s:34:",$(parent_id : (Accounts) email1),";s:7:"subject";s:79:"$ticket_no [ Ticket Id : $(general : (__VtigerMeta__) recordId) ] $ticket_title";s:7:"content";s:601:"Ticket ID : $(general : (__VtigerMeta__) recordId)<br>Ticket Title : $ticket_title<br><br>\r\n								Dear $(parent_id : (Accounts) accountname),<br><br>\r\n								The Ticket is replied the details are :<br><br>\r\n								Ticket No : $ticket_no<br>\r\n								Status : $ticketstatus<br>\r\n								Category : $ticketcategories<br>\r\n								Severity : $ticketseverities<br>\r\n								Priority : $ticketpriorities<br><br>\r\n								Description : <br>$description<br><br>\r\n								Solution : <br>$solution<br>\r\n								The comments are : <br>\r\n								$allComments<br><br>\r\n								Regards<br>Support Administrator";}'),
(23, 7, 'Notify Record Owner when Ticket is created from Portal', 'O:11:"VTEmailTask":9:{s:18:"executeImmediately";s:1:"0";s:7:"summary";s:54:"Notify Record Owner when Ticket is created from Portal";s:6:"active";s:1:"1";s:2:"id";s:2:"23";s:10:"workflowId";s:1:"7";s:9:"fromEmail";s:124:"$(contact_id : (Contacts) lastname) $(contact_id : (Contacts) firstname)&lt;$(general : (__VtigerMeta__) supportEmailId)&gt;";s:9:"recepient";s:37:",$(assigned_user_id : (Users) email1)";s:7:"subject";s:93:"[From Portal] $ticket_no [ Ticket Id : $(general : (__VtigerMeta__) recordId) ] $ticket_title";s:7:"content";s:161:"Ticket No : $ticket_no<br>\r\n							  Ticket ID : $(general : (__VtigerMeta__) recordId)<br>\r\n							  Ticket Title : $ticket_title<br><br>\r\n							  $description";}'),
(24, 20, 'Send Email to Record Owner on Ticket Update', 'O:11:"VTEmailTask":9:{s:18:"executeImmediately";s:1:"0";s:7:"summary";s:43:"Send Email to Record Owner on Ticket Update";s:6:"active";s:1:"1";s:2:"id";s:2:"24";s:10:"workflowId";s:2:"20";s:9:"fromEmail";s:93:"$(general : (__VtigerMeta__) supportName)&lt;$(general : (__VtigerMeta__) supportEmailId)&gt;";s:9:"recepient";s:37:",$(assigned_user_id : (Users) email1)";s:7:"subject";s:40:"Ticket Number : $ticket_no $ticket_title";s:7:"content";s:607:"Ticket ID : $(general : (__VtigerMeta__) recordId)<br>Ticket Title : $ticket_title<br><br>\r\n								Dear $(assigned_user_id : (Users) last_name) $(assigned_user_id : (Users) first_name),<br><br>\r\n								The Ticket is replied the details are :<br><br>\r\n								Ticket No : $ticket_no<br>\r\n								Status : $ticketstatus<br>\r\n								Category : $ticketcategories<br>\r\n								Severity : $ticketseverities<br>\r\n								Priority : $ticketpriorities<br><br>\r\n								Description : <br>$description<br><br>\r\n								Solution : <br>$solution\r\n								$allComments<br><br>\r\n								Regards<br>Support Administrator";}'),
(25, 21, 'Ticket Creation From CRM : Send Email to Record Owner', 'O:11:"VTEmailTask":9:{s:18:"executeImmediately";s:1:"0";s:7:"summary";s:53:"Ticket Creation From CRM : Send Email to Record Owner";s:6:"active";s:1:"1";s:2:"id";s:2:"25";s:10:"workflowId";s:2:"21";s:9:"fromEmail";s:93:"$(general : (__VtigerMeta__) supportName)&lt;$(general : (__VtigerMeta__) supportEmailId)&gt;";s:9:"recepient";s:37:",$(assigned_user_id : (Users) email1)";s:7:"subject";s:40:"Ticket Number : $ticket_no $ticket_title";s:7:"content";s:607:"Ticket ID : $(general : (__VtigerMeta__) recordId)<br>Ticket Title : $ticket_title<br><br>\r\n								Dear $(assigned_user_id : (Users) last_name) $(assigned_user_id : (Users) first_name),<br><br>\r\n								The Ticket is replied the details are :<br><br>\r\n								Ticket No : $ticket_no<br>\r\n								Status : $ticketstatus<br>\r\n								Category : $ticketcategories<br>\r\n								Severity : $ticketseverities<br>\r\n								Priority : $ticketpriorities<br><br>\r\n								Description : <br>$description<br><br>\r\n								Solution : <br>$solution\r\n								$allComments<br><br>\r\n								Regards<br>Support Administrator";}'),
(26, 22, 'Send Email to Organization on Ticket Update', 'O:11:"VTEmailTask":9:{s:18:"executeImmediately";s:1:"0";s:7:"summary";s:43:"Send Email to Organization on Ticket Update";s:6:"active";s:1:"1";s:2:"id";s:2:"26";s:9:"fromEmail";s:93:"$(general : (__VtigerMeta__) supportName)&lt;$(general : (__VtigerMeta__) supportEmailId)&gt;";s:9:"recepient";s:33:",$(parent_id : (Accounts) email1)";s:7:"subject";s:79:"$ticket_no [ Ticket Id : $(general : (__VtigerMeta__) recordId) ] $ticket_title";s:7:"content";s:601:"Ticket ID : $(general : (__VtigerMeta__) recordId)<br>Ticket Title : $ticket_title<br><br>\r\n								Dear $(parent_id : (Accounts) accountname),<br><br>\r\n								The Ticket is replied the details are :<br><br>\r\n								Ticket No : $ticket_no<br>\r\n								Status : $ticketstatus<br>\r\n								Category : $ticketcategories<br>\r\n								Severity : $ticketseverities<br>\r\n								Priority : $ticketpriorities<br><br>\r\n								Description : <br>$description<br><br>\r\n								Solution : <br>$solution<br>\r\n								The comments are : <br>\r\n								$allComments<br><br>\r\n								Regards<br>Support Administrator";s:10:"workflowId";s:2:"22";}'),
(27, 23, 'Ticket Creation From CRM : Send Email to Organization', 'O:11:"VTEmailTask":9:{s:18:"executeImmediately";s:1:"0";s:7:"summary";s:53:"Ticket Creation From CRM : Send Email to Organization";s:6:"active";s:1:"1";s:2:"id";s:2:"27";s:9:"fromEmail";s:93:"$(general : (__VtigerMeta__) supportName)&lt;$(general : (__VtigerMeta__) supportEmailId)&gt;";s:9:"recepient";s:33:",$(parent_id : (Accounts) email1)";s:7:"subject";s:79:"$ticket_no [ Ticket Id : $(general : (__VtigerMeta__) recordId) ] $ticket_title";s:7:"content";s:601:"Ticket ID : $(general : (__VtigerMeta__) recordId)<br>Ticket Title : $ticket_title<br><br>\r\n								Dear $(parent_id : (Accounts) accountname),<br><br>\r\n								The Ticket is replied the details are :<br><br>\r\n								Ticket No : $ticket_no<br>\r\n								Status : $ticketstatus<br>\r\n								Category : $ticketcategories<br>\r\n								Severity : $ticketseverities<br>\r\n								Priority : $ticketpriorities<br><br>\r\n								Description : <br>$description<br><br>\r\n								Solution : <br>$solution<br>\r\n								The comments are : <br>\r\n								$allComments<br><br>\r\n								Regards<br>Support Administrator";s:10:"workflowId";s:2:"23";}'),
(28, 24, 'Ticket Creation From CRM : Send Email to Contact', 'O:11:"VTEmailTask":9:{s:18:"executeImmediately";s:1:"0";s:7:"summary";s:48:"Ticket Creation From CRM : Send Email to Contact";s:6:"active";s:1:"1";s:2:"id";s:2:"28";s:9:"fromEmail";s:93:"$(general : (__VtigerMeta__) supportName)&lt;$(general : (__VtigerMeta__) supportEmailId)&gt;";s:9:"recepient";s:33:",$(contact_id : (Contacts) email)";s:7:"subject";s:79:"$ticket_no [ Ticket Id : $(general : (__VtigerMeta__) recordId) ] $ticket_title";s:7:"content";s:636:"Ticket ID : $(general : (__VtigerMeta__) recordId)<br>Ticket Title : $ticket_title<br><br>\r\n								Dear $(contact_id : (Contacts) lastname) $(contact_id : (Contacts) firstname),<br><br>\r\n								The Ticket is replied the details are :<br><br>\r\n								Ticket No : $ticket_no<br>\r\n								Status : $ticketstatus<br>\r\n								Category : $ticketcategories<br>\r\n								Severity : $ticketseverities<br>\r\n								Priority : $ticketpriorities<br><br>\r\n								Description : <br>$description<br><br>\r\n								Solution : <br>$solution<br>\r\n								The comments are : <br>\r\n								$allComments<br><br>\r\n								Regards<br>Support Administrator";s:10:"workflowId";s:2:"24";}');

-- --------------------------------------------------------

--
-- 表的结构 `com_vtiger_workflowtasks_entitymethod`
--

CREATE TABLE IF NOT EXISTS `com_vtiger_workflowtasks_entitymethod` (
  `workflowtasks_entitymethod_id` int(11) NOT NULL,
  `module_name` varchar(100) DEFAULT NULL,
  `method_name` varchar(100) DEFAULT NULL,
  `function_path` varchar(400) DEFAULT NULL,
  `function_name` varchar(100) DEFAULT NULL
) ENGINE=InnoDB DEFAULT CHARSET=utf8;

--
-- 转存表中的数据 `com_vtiger_workflowtasks_entitymethod`
--

INSERT INTO `com_vtiger_workflowtasks_entitymethod` (`workflowtasks_entitymethod_id`, `module_name`, `method_name`, `function_path`, `function_name`) VALUES
(1, 'SalesOrder', 'UpdateInventory', 'include/InventoryHandler.php', 'handleInventoryProductRel'),
(2, 'Invoice', 'UpdateInventory', 'include/InventoryHandler.php', 'handleInventoryProductRel'),
(3, 'Contacts', 'SendPortalLoginDetails', 'modules/Contacts/ContactsHandler.php', 'Contacts_sendCustomerPortalLoginDetails'),
(4, 'HelpDesk', 'NotifyOnPortalTicketCreation', 'modules/HelpDesk/HelpDeskHandler.php', 'HelpDesk_nofifyOnPortalTicketCreation'),
(5, 'HelpDesk', 'NotifyOnPortalTicketComment', 'modules/HelpDesk/HelpDeskHandler.php', 'HelpDesk_notifyOnPortalTicketComment'),
(6, 'HelpDesk', 'NotifyOwnerOnTicketChange', 'modules/HelpDesk/HelpDeskHandler.php', 'HelpDesk_notifyOwnerOnTicketChange'),
(7, 'HelpDesk', 'NotifyParentOnTicketChange', 'modules/HelpDesk/HelpDeskHandler.php', 'HelpDesk_notifyParentOnTicketChange'),
(8, 'ModComments', 'CustomerCommentFromPortal', 'modules/ModComments/ModCommentsHandler.php', 'CustomerCommentFromPortal'),
(9, 'ModComments', 'TicketOwnerComments', 'modules/ModComments/ModCommentsHandler.php', 'TicketOwnerComments'),
(10, 'PurchaseOrder', 'UpdateInventory', 'include/InventoryHandler.php', 'handleInventoryProductRel');

-- --------------------------------------------------------

--
-- 表的结构 `com_vtiger_workflowtasks_entitymethod_seq`
--

CREATE TABLE IF NOT EXISTS `com_vtiger_workflowtasks_entitymethod_seq` (
  `id` int(11) NOT NULL
) ENGINE=InnoDB DEFAULT CHARSET=utf8;

--
-- 转存表中的数据 `com_vtiger_workflowtasks_entitymethod_seq`
--

INSERT INTO `com_vtiger_workflowtasks_entitymethod_seq` (`id`) VALUES
(10);

-- --------------------------------------------------------

--
-- 表的结构 `com_vtiger_workflowtasks_seq`
--

CREATE TABLE IF NOT EXISTS `com_vtiger_workflowtasks_seq` (
  `id` int(11) NOT NULL
) ENGINE=InnoDB DEFAULT CHARSET=utf8;

--
-- 转存表中的数据 `com_vtiger_workflowtasks_seq`
--

INSERT INTO `com_vtiger_workflowtasks_seq` (`id`) VALUES
(28);

-- --------------------------------------------------------

--
-- 表的结构 `com_vtiger_workflowtask_queue`
--

CREATE TABLE IF NOT EXISTS `com_vtiger_workflowtask_queue` (
  `task_id` int(11) DEFAULT NULL,
  `entity_id` varchar(100) DEFAULT NULL,
  `do_after` int(11) DEFAULT NULL,
  `task_contents` text
) ENGINE=InnoDB DEFAULT CHARSET=utf8;

--
-- 转存表中的数据 `com_vtiger_workflowtask_queue`
--

INSERT INTO `com_vtiger_workflowtask_queue` (`task_id`, `entity_id`, `do_after`, `task_contents`) VALUES
(6, '12x6', 0, '{"fromEmail":"sampraswong@shinybesthk.com","fromName":"Sampraswong","toEmail":"sampraswong@shinybesthk.com","ccEmail":"","bccEmail":"","subject":"Regarding Contact Assignment","content":"An Contact has been assigned to you on vtigerCRM<br>Details of Contact are :<br><br>Contact Id:<b>CON1<\\/b><br>LastName:<b>Yiu<\\/b><br>FirstName:<b>Roland<\\/b><br>Lead Source:<b><\\/b><br>Department:<b><\\/b><br>Description:<b><\\/b><br><br><br>And <b>CustomerPortal Login Details<\\/b> is sent to the EmailID :-Roland.YL.Yiu@pccw.com<br><br>Thank You<br>Admin"}'),
(6, '12x6', 0, '{"fromEmail":"sampraswong@shinybesthk.com","fromName":"Sampraswong","toEmail":"sampraswong@shinybesthk.com","ccEmail":"","bccEmail":"","subject":"Regarding Contact Assignment","content":"An Contact has been assigned to you on vtigerCRM<br>Details of Contact are :<br><br>Contact Id:<b>CON1<\\/b><br>LastName:<b>Yiu<\\/b><br>FirstName:<b>Roland<\\/b><br>Lead Source:<b><\\/b><br>Department:<b><\\/b><br>Description:<b><\\/b><br><br><br>And <b>CustomerPortal Login Details<\\/b> is sent to the EmailID :-Roland.YL.Yiu@pccw.com<br><br>Thank You<br>Admin"}'),
(5, '13x8', 0, '{"fromEmail":"sampraswong@shinybesthk.com","fromName":"Sampraswong","toEmail":"sampraswong@shinybesthk.com","ccEmail":"","bccEmail":"","subject":"Regarding Potential Assignment","content":"An Potential has been assigned to you on vtigerCRM<br>Details of Potential are :<br><br>Potential No:<b>POT1<\\/b><br>Potential Name:<b>ZeedAsia Cloud<\\/b><br>Amount:<b>4.400.00<\\/b><br>Expected Close Date:<b>30-07-2016 (dd-mm-yyyy)<\\/b><br>Type:<b><\\/b><br><br><br>Description :3 x HK Cloud service, need Windows OS and SQL Std server<br><br>Thank You<br>Admin"}'),
(6, '12x11', 0, '{"fromEmail":"sampraswong@shinybesthk.com","fromName":"Sampraswong","toEmail":"sampraswong@shinybesthk.com","ccEmail":"","bccEmail":"","subject":"Regarding Contact Assignment","content":"An Contact has been assigned to you on vtigerCRM<br>Details of Contact are :<br><br>Contact Id:<b>CON2<\\/b><br>LastName:<b>Cho<\\/b><br>FirstName:<b>Cherry<\\/b><br>Lead Source:<b>Existing Customer<\\/b><br>Department:<b><\\/b><br>Description:<b><\\/b><br><br><br>And <b>CustomerPortal Login Details<\\/b> is sent to the EmailID :-cherry.cho@brightfuture.com.hk<br><br>Thank You<br>Admin"}'),
(5, '13x12', 0, '{"fromEmail":"sampraswong@shinybesthk.com","fromName":"Sampraswong","toEmail":"sampraswong@shinybesthk.com","ccEmail":"","bccEmail":"","subject":"Regarding Potential Assignment","content":"An Potential has been assigned to you on vtigerCRM<br>Details of Potential are :<br><br>Potential No:<b>POT2<\\/b><br>Potential Name:<b>Hydraulic Test for FM200<\\/b><br>Amount:<b>35,000.00<\\/b><br>Expected Close Date:<b>02-08-2016 (dd-mm-yyyy)<\\/b><br>Type:<b><\\/b><br><br><br>Description :<br><br>Thank You<br>Admin"}'),
(5, '13x16', 0, '{"fromEmail":"sampraswong@shinybesthk.com","fromName":"Sampraswong","toEmail":"sampraswong@shinybesthk.com","ccEmail":"","bccEmail":"","subject":"Regarding Potential Assignment","content":"An Potential has been assigned to you on vtigerCRM<br>Details of Potential are :<br><br>Potential No:<b>POT3<\\/b><br>Potential Name:<b>BOSG\\/PCCW professional service<\\/b><br>Amount:<b>0.00<\\/b><br>Expected Close Date:<b>30-07-2016 (dd-mm-yyyy)<\\/b><br>Type:<b><\\/b><br><br><br>Description :<br><br>Thank You<br>Admin"}'),
(6, '12x18', 0, '{"fromEmail":"chrislee@shinybesthk.com","fromName":"chrislee","toEmail":"chrislee@shinybesthk.com","ccEmail":"","bccEmail":"","subject":"Regarding Contact Assignment","content":"An Contact has been assigned to you on vtigerCRM<br>Details of Contact are :<br><br>Contact Id:<b>CON3<\\/b><br>LastName:<b>Wan<\\/b><br>FirstName:<b>Ivan<\\/b><br>Lead Source:<b><\\/b><br>Department:<b><\\/b><br>Description:<b><\\/b><br><br><br>And <b>CustomerPortal Login Details<\\/b> is sent to the EmailID :-<br><br>Thank You<br>Admin"}'),
(6, '12x18', 0, '{"fromEmail":"chrislee@shinybesthk.com","fromName":"chrislee","toEmail":"chrislee@shinybesthk.com","ccEmail":"","bccEmail":"","subject":"Regarding Contact Assignment","content":"An Contact has been assigned to you on vtigerCRM<br>Details of Contact are :<br><br>Contact Id:<b>CON3<\\/b><br>LastName:<b>Wan<\\/b><br>FirstName:<b>Ivan<\\/b><br>Lead Source:<b>Existing Customer<\\/b><br>Department:<b><\\/b><br>Description:<b><\\/b><br><br><br>And <b>CustomerPortal Login Details<\\/b> is sent to the EmailID :-<br><br>Thank You<br>Admin"}'),
(5, '13x24', 0, '{"fromEmail":"chrislee@shinybesthk.com","fromName":"chrislee","toEmail":"chrislee@shinybesthk.com","ccEmail":"","bccEmail":"","subject":"Regarding Potential Assignment","content":"An Potential has been assigned to you on vtigerCRM<br>Details of Potential are :<br><br>Potential No:<b>POT4<\\/b><br>Potential Name:<b>Professional Service<\\/b><br>Amount:<b>1.900.00<\\/b><br>Expected Close Date:<b>11-05-2016 (dd-mm-yyyy)<\\/b><br>Type:<b>New Business<\\/b><br><br><br>Description :Close on 11th May 2016<br><br>Thank You<br>Admin"}'),
(5, '13x25', 0, '{"fromEmail":"chrislee@shinybesthk.com","fromName":"chrislee","toEmail":"chrislee@shinybesthk.com","ccEmail":"","bccEmail":"","subject":"Regarding Potential Assignment","content":"An Potential has been assigned to you on vtigerCRM<br>Details of Potential are :<br><br>Potential No:<b>POT5<\\/b><br>Potential Name:<b>Professional Service<\\/b><br>Amount:<b>1.900.00<\\/b><br>Expected Close Date:<b>22-06-2016 (dd-mm-yyyy)<\\/b><br>Type:<b>New Business<\\/b><br><br><br>Description :Close on 22nd June 2016<br><br>Thank You<br>Admin"}'),
(5, '13x30', 0, '{"fromEmail":"sampraswong@shinybesthk.com","fromName":"Sampraswong","toEmail":"sampraswong@shinybesthk.com","ccEmail":"","bccEmail":"","subject":"Regarding Potential Assignment","content":"An Potential has been assigned to you on vtigerCRM<br>Details of Potential are :<br><br>Potential No:<b>POT6<\\/b><br>Potential Name:<b>BOSG\\/PCCW Server and F5 Project<\\/b><br>Amount:<b>700,000.00<\\/b><br>Expected Close Date:<b>31-08-2016 (dd-mm-yyyy)<\\/b><br>Type:<b><\\/b><br><br><br>Description :For HK - 2 x F5 and 3 x Lenovo Server<br \\/>\\nFor SG - 1 x F5 and 2 x Lenovo Server<br><br>Thank You<br>Admin"}'),
(5, '13x33', 0, '{"fromEmail":"sampraswong@shinybesthk.com","fromName":"Sampraswong","toEmail":"sampraswong@shinybesthk.com","ccEmail":"","bccEmail":"","subject":"Regarding Potential Assignment","content":"An Potential has been assigned to you on vtigerCRM<br>Details of Potential are :<br><br>Potential No:<b>POT7<\\/b><br>Potential Name:<b>DR solution for 79 VMware<\\/b><br>Amount:<b>55,000.00<\\/b><br>Expected Close Date:<b>31-08-2016 (dd-mm-yyyy)<\\/b><br>Type:<b><\\/b><br><br><br>Description :$55000\\/mth, $1.32M for 2 years contract.<br \\/>\\nDR solution for 79 VMware, need support Veeam backup software<br><br>Thank You<br>Admin"}'),
(6, '12x36', 0, '{"fromEmail":"chrislee@shinybesthk.com","fromName":"chrislee","toEmail":"chrislee@shinybesthk.com","ccEmail":"","bccEmail":"","subject":"Regarding Contact Assignment","content":"An Contact has been assigned to you on vtigerCRM<br>Details of Contact are :<br><br>Contact Id:<b>CON4<\\/b><br>LastName:<b>Cheng<\\/b><br>FirstName:<b>Samson<\\/b><br>Lead Source:<b><\\/b><br>Department:<b><\\/b><br>Description:<b><\\/b><br><br><br>And <b>CustomerPortal Login Details<\\/b> is sent to the EmailID :-<br><br>Thank You<br>Admin"}'),
(6, '12x37', 0, '{"fromEmail":"sampraswong@shinybesthk.com","fromName":"Sampraswong","toEmail":"sampraswong@shinybesthk.com","ccEmail":"","bccEmail":"","subject":"Regarding Contact Assignment","content":"An Contact has been assigned to you on vtigerCRM<br>Details of Contact are :<br><br>Contact Id:<b>CON5<\\/b><br>LastName:<b>Chan<\\/b><br>FirstName:<b>Michael<\\/b><br>Lead Source:<b><\\/b><br>Department:<b><\\/b><br>Description:<b><\\/b><br><br><br>And <b>CustomerPortal Login Details<\\/b> is sent to the EmailID :-<br><br>Thank You<br>Admin"}'),
(5, '13x38', 0, '{"fromEmail":"chrislee@shinybesthk.com","fromName":"chrislee","toEmail":"chrislee@shinybesthk.com","ccEmail":"","bccEmail":"","subject":"Regarding Potential Assignment","content":"An Potential has been assigned to you on vtigerCRM<br>Details of Potential are :<br><br>Potential No:<b>POT8<\\/b><br>Potential Name:<b>McAfee<\\/b><br>Amount:<b>395.000.00<\\/b><br>Expected Close Date:<b>29-07-2016 (dd-mm-yyyy)<\\/b><br>Type:<b>New Business<\\/b><br><br><br>Description :<br><br>Thank You<br>Admin"}'),
(5, '13x39', 0, '{"fromEmail":"sampraswong@shinybesthk.com","fromName":"Sampraswong","toEmail":"sampraswong@shinybesthk.com","ccEmail":"","bccEmail":"","subject":"Regarding Potential Assignment","content":"An Potential has been assigned to you on vtigerCRM<br>Details of Potential are :<br><br>Potential No:<b>POT9<\\/b><br>Potential Name:<b>Cisco Nexus 93120TX Switch<\\/b><br>Amount:<b>0.00<\\/b><br>Expected Close Date:<b>30-09-2016 (dd-mm-yyyy)<\\/b><br>Type:<b><\\/b><br><br><br>Description :<br><br>Thank You<br>Admin"}'),
(5, '13x40', 0, '{"fromEmail":"chrislee@shinybesthk.com","fromName":"chrislee","toEmail":"chrislee@shinybesthk.com","ccEmail":"","bccEmail":"","subject":"Regarding Potential Assignment","content":"An Potential has been assigned to you on vtigerCRM<br>Details of Potential are :<br><br>Potential No:<b>POT10<\\/b><br>Potential Name:<b>F5<\\/b><br>Amount:<b>3.950.00<\\/b><br>Expected Close Date:<b>29-07-2016 (dd-mm-yyyy)<\\/b><br>Type:<b>New Business<\\/b><br><br><br>Description :<br><br>Thank You<br>Admin"}'),
(5, '13x41', 0, '{"fromEmail":"chrislee@shinybesthk.com","fromName":"chrislee","toEmail":"chrislee@shinybesthk.com","ccEmail":"","bccEmail":"","subject":"Regarding Potential Assignment","content":"An Potential has been assigned to you on vtigerCRM<br>Details of Potential are :<br><br>Potential No:<b>POT11<\\/b><br>Potential Name:<b>Peplink<\\/b><br>Amount:<b>4.562.00<\\/b><br>Expected Close Date:<b>29-07-2016 (dd-mm-yyyy)<\\/b><br>Type:<b><\\/b><br><br><br>Description :<br><br>Thank You<br>Admin"}'),
(6, '12x43', 0, '{"fromEmail":"chrislee@shinybesthk.com","fromName":"chrislee","toEmail":"chrislee@shinybesthk.com","ccEmail":"","bccEmail":"","subject":"Regarding Contact Assignment","content":"An Contact has been assigned to you on vtigerCRM<br>Details of Contact are :<br><br>Contact Id:<b>CON6<\\/b><br>LastName:<b>Chan<\\/b><br>FirstName:<b>Gary<\\/b><br>Lead Source:<b><\\/b><br>Department:<b><\\/b><br>Description:<b><\\/b><br><br><br>And <b>CustomerPortal Login Details<\\/b> is sent to the EmailID :-<br><br>Thank You<br>Admin"}'),
(5, '13x45', 0, '{"fromEmail":"sampraswong@shinybesthk.com","fromName":"Sampraswong","toEmail":"sampraswong@shinybesthk.com","ccEmail":"","bccEmail":"","subject":"Regarding Potential Assignment","content":"An Potential has been assigned to you on vtigerCRM<br>Details of Potential are :<br><br>Potential No:<b>POT12<\\/b><br>Potential Name:<b>JEC new office<\\/b><br>Amount:<b>17,000.00<\\/b><br>Expected Close Date:<b>31-08-2016 (dd-mm-yyyy)<\\/b><br>Type:<b><\\/b><br><br><br>Description :install 20 x PCs and software, 50 x Cabling<br><br>Thank You<br>Admin"}'),
(5, '13x46', 0, '{"fromEmail":"chrislee@shinybesthk.com","fromName":"chrislee","toEmail":"chrislee@shinybesthk.com","ccEmail":"","bccEmail":"","subject":"Regarding Potential Assignment","content":"An Potential has been assigned to you on vtigerCRM<br>Details of Potential are :<br><br>Potential No:<b>POT13<\\/b><br>Potential Name:<b>SevOne<\\/b><br>Amount:<b>0.00<\\/b><br>Expected Close Date:<b>31-08-2016 (dd-mm-yyyy)<\\/b><br>Type:<b><\\/b><br><br><br>Description :During the PoC Stage<br><br>Thank You<br>Admin"}'),
(6, '12x49', 0, '{"fromEmail":"sampraswong@shinybesthk.com","fromName":"Sampraswong","toEmail":"sampraswong@shinybesthk.com","ccEmail":"","bccEmail":"","subject":"Regarding Contact Assignment","content":"An Contact has been assigned to you on vtigerCRM<br>Details of Contact are :<br><br>Contact Id:<b>CON7<\\/b><br>LastName:<b>Cheung<\\/b><br>FirstName:<b>Martin<\\/b><br>Lead Source:<b><\\/b><br>Department:<b><\\/b><br>Description:<b><\\/b><br><br><br>And <b>CustomerPortal Login Details<\\/b> is sent to the EmailID :-<br><br>Thank You<br>Admin"}'),
(5, '13x50', 0, '{"fromEmail":"chrislee@shinybesthk.com","fromName":"chrislee","toEmail":"chrislee@shinybesthk.com","ccEmail":"","bccEmail":"","subject":"Regarding Potential Assignment","content":"An Potential has been assigned to you on vtigerCRM<br>Details of Potential are :<br><br>Potential No:<b>POT14<\\/b><br>Potential Name:<b>SevOne<\\/b><br>Amount:<b>0.00<\\/b><br>Expected Close Date:<b>28-10-2016 (dd-mm-yyyy)<\\/b><br>Type:<b>New Business<\\/b><br><br><br>Description :Send the Product information to customer and waiting for the PoC stage<br><br>Thank You<br>Admin"}'),
(6, '12x49', 0, '{"fromEmail":"sampraswong@shinybesthk.com","fromName":"Sampraswong","toEmail":"sampraswong@shinybesthk.com","ccEmail":"","bccEmail":"","subject":"Regarding Contact Assignment","content":"An Contact has been assigned to you on vtigerCRM<br>Details of Contact are :<br><br>Contact Id:<b>CON7<\\/b><br>LastName:<b>Cheung<\\/b><br>FirstName:<b>Martin<\\/b><br>Lead Source:<b><\\/b><br>Department:<b><\\/b><br>Description:<b><\\/b><br><br><br>And <b>CustomerPortal Login Details<\\/b> is sent to the EmailID :-<br><br>Thank You<br>Admin"}'),
(5, '13x52', 0, '{"fromEmail":"sampraswong@shinybesthk.com","fromName":"Sampraswong","toEmail":"sampraswong@shinybesthk.com","ccEmail":"","bccEmail":"","subject":"Regarding Potential Assignment","content":"An Potential has been assigned to you on vtigerCRM<br>Details of Potential are :<br><br>Potential No:<b>POT15<\\/b><br>Potential Name:<b>Swire - SevOne<\\/b><br>Amount:<b>1,100,000.00<\\/b><br>Expected Close Date:<b>31-08-2016 (dd-mm-yyyy)<\\/b><br>Type:<b><\\/b><br><br><br>Description :<br><br>Thank You<br>Admin"}'),
(5, '13x53', 0, '{"fromEmail":"chrislee@shinybesthk.com","fromName":"chrislee","toEmail":"chrislee@shinybesthk.com","ccEmail":"","bccEmail":"","subject":"Regarding Potential Assignment","content":"An Potential has been assigned to you on vtigerCRM<br>Details of Potential are :<br><br>Potential No:<b>POT16<\\/b><br>Potential Name:<b>SevOne<\\/b><br>Amount:<b>0.00<\\/b><br>Expected Close Date:<b>30-09-2016 (dd-mm-yyyy)<\\/b><br>Type:<b>New Business<\\/b><br><br><br>Description :Send the Product information to customer and waiting for PoC.<br><br>Thank You<br>Admin"}'),
(5, '13x54', 0, '{"fromEmail":"chrislee@shinybesthk.com","fromName":"chrislee","toEmail":"chrislee@shinybesthk.com","ccEmail":"","bccEmail":"","subject":"Regarding Potential Assignment","content":"An Potential has been assigned to you on vtigerCRM<br>Details of Potential are :<br><br>Potential No:<b>POT17<\\/b><br>Potential Name:<b>SevOne<\\/b><br>Amount:<b>0.00<\\/b><br>Expected Close Date:<b>30-09-2016 (dd-mm-yyyy)<\\/b><br>Type:<b>New Business<\\/b><br><br><br>Description :During the PoC stage<br><br>Thank You<br>Admin"}'),
(5, '13x56', 0, '{"fromEmail":"sampraswong@shinybesthk.com","fromName":"Sampras Wong","toEmail":"sampraswong@shinybesthk.com","ccEmail":"","bccEmail":"","subject":"Regarding Potential Assignment","content":"An Potential has been assigned to you on vtigerCRM<br>Details of Potential are :<br><br>Potential No:<b>POT18<\\/b><br>Potential Name:<b>Dell PC<\\/b><br>Amount:<b>450,000.00<\\/b><br>Expected Close Date:<b>31-08-2016 (dd-mm-yyyy)<\\/b><br>Type:<b><\\/b><br><br><br>Description :55 x Dell notebook<br><br>Thank You<br>Admin"}'),
(5, '13x57', 0, '{"fromEmail":"sampraswong@shinybesthk.com","fromName":"Sampras Wong","toEmail":"sampraswong@shinybesthk.com","ccEmail":"","bccEmail":"","subject":"Regarding Potential Assignment","content":"An Potential has been assigned to you on vtigerCRM<br>Details of Potential are :<br><br>Potential No:<b>POT19<\\/b><br>Potential Name:<b>IRD - 1600 PCs installation<\\/b><br>Amount:<b>400,000.00<\\/b><br>Expected Close Date:<b>30-11-2016 (dd-mm-yyyy)<\\/b><br>Type:<b><\\/b><br><br><br>Description :<br><br>Thank You<br>Admin"}'),
(6, '12x59', 0, '{"fromEmail":"sampraswong@shinybesthk.com","fromName":"Sampras Wong","toEmail":"sampraswong@shinybesthk.com","ccEmail":"","bccEmail":"","subject":"Regarding Contact Assignment","content":"An Contact has been assigned to you on vtigerCRM<br>Details of Contact are :<br><br>Contact Id:<b>CON8<\\/b><br>LastName:<b>Law<\\/b><br>FirstName:<b>Alan<\\/b><br>Lead Source:<b><\\/b><br>Department:<b><\\/b><br>Description:<b><\\/b><br><br><br>And <b>CustomerPortal Login Details<\\/b> is sent to the EmailID :-<br><br>Thank You<br>Admin"}'),
(5, '13x60', 0, '{"fromEmail":"sampraswong@shinybesthk.com","fromName":"Sampras Wong","toEmail":"sampraswong@shinybesthk.com","ccEmail":"","bccEmail":"","subject":"Regarding Potential Assignment","content":"An Potential has been assigned to you on vtigerCRM<br>Details of Potential are :<br><br>Potential No:<b>POT20<\\/b><br>Potential Name:<b>QingCoud - small cloud for Web<\\/b><br>Amount:<b>2,880.00<\\/b><br>Expected Close Date:<b>20-08-2016 (dd-mm-yyyy)<\\/b><br>Type:<b><\\/b><br><br><br>Description :<br><br>Thank You<br>Admin"}'),
(5, '13x62', 0, '{"fromEmail":"chrislee@shinybesthk.com","fromName":"chrislee","toEmail":"chrislee@shinybesthk.com","ccEmail":"","bccEmail":"","subject":"Regarding Potential Assignment","content":"An Potential has been assigned to you on vtigerCRM<br>Details of Potential are :<br><br>Potential No:<b>POT21<\\/b><br>Potential Name:<b>SevOne<\\/b><br>Amount:<b>0.00<\\/b><br>Expected Close Date:<b>14-10-2016 (dd-mm-yyyy)<\\/b><br>Type:<b>New Business<\\/b><br><br><br>Description :Send the Product information to customer and waiting for PoC.<br><br>Thank You<br>Admin"}'),
(5, '13x64', 0, '{"fromEmail":"sampraswong@shinybesthk.com","fromName":"Sampras Wong","toEmail":"sampraswong@shinybesthk.com","ccEmail":"","bccEmail":"","subject":"Regarding Potential Assignment","content":"An Potential has been assigned to you on vtigerCRM<br>Details of Potential are :<br><br>Potential No:<b>POT22<\\/b><br>Potential Name:<b>QingCoud - ERP<\\/b><br>Amount:<b>96,000.00<\\/b><br>Expected Close Date:<b>30-09-2016 (dd-mm-yyyy)<\\/b><br>Type:<b><\\/b><br><br><br>Description :$8000\\/mth, $96000\\/YR<br \\/>\\n3 x Cloud (Web, App, DB) for KingKee<br><br>Thank You<br>Admin"}'),
(5, '13x65', 0, '{"fromEmail":"chrislee@shinybesthk.com","fromName":"chrislee","toEmail":"chrislee@shinybesthk.com","ccEmail":"","bccEmail":"","subject":"Regarding Potential Assignment","content":"An Potential has been assigned to you on vtigerCRM<br>Details of Potential are :<br><br>Potential No:<b>POT23<\\/b><br>Potential Name:<b>PA Firewall<\\/b><br>Amount:<b>200.000.00<\\/b><br>Expected Close Date:<b>30-09-2016 (dd-mm-yyyy)<\\/b><br>Type:<b>New Business<\\/b><br><br><br>Description :Waiting for customer evaluation of PA Firewall<br><br>Thank You<br>Admin"}'),
(5, '13x67', 0, '{"fromEmail":"chrislee@shinybesthk.com","fromName":"chrislee","toEmail":"chrislee@shinybesthk.com","ccEmail":"","bccEmail":"","subject":"Regarding Potential Assignment","content":"An Potential has been assigned to you on vtigerCRM<br>Details of Potential are :<br><br>Potential No:<b>POT24<\\/b><br>Potential Name:<b>VDI<\\/b><br>Amount:<b>630.000.00<\\/b><br>Expected Close Date:<b>28-10-2016 (dd-mm-yyyy)<\\/b><br>Type:<b>New Business<\\/b><br><br><br>Description :Send the draft Quotation & SOW to customer.<br \\/>\\nWaiting for technical review.<br><br>Thank You<br>Admin"}'),
(5, '13x68', 0, '{"fromEmail":"sampraswong@shinybesthk.com","fromName":"Sampras Wong","toEmail":"sampraswong@shinybesthk.com","ccEmail":"","bccEmail":"","subject":"Regarding Potential Assignment","content":"An Potential has been assigned to you on vtigerCRM<br>Details of Potential are :<br><br>Potential No:<b>POT25<\\/b><br>Potential Name:<b>80 PC clone and 30 AP fireware<\\/b><br>Amount:<b>34,500.00<\\/b><br>Expected Close Date:<b>31-08-2016 (dd-mm-yyyy)<\\/b><br>Type:<b><\\/b><br><br><br>Description :80 PC clone and 30 AP fireware change<br \\/>\\nQuotation sent<br><br>Thank You<br>Admin"}'),
(5, '13x69', 0, '{"fromEmail":"sampraswong@shinybesthk.com","fromName":"Sampras Wong","toEmail":"sampraswong@shinybesthk.com","ccEmail":"","bccEmail":"","subject":"Regarding Potential Assignment","content":"An Potential has been assigned to you on vtigerCRM<br>Details of Potential are :<br><br>Potential No:<b>POT26<\\/b><br>Potential Name:<b>NowTV project - Network and Cabling<\\/b><br>Amount:<b>1,980,000.00<\\/b><br>Expected Close Date:<b>30-09-2016 (dd-mm-yyyy)<\\/b><br>Type:<b><\\/b><br><br><br>Description :$650K Installation NowTV product, boardcast, Data network <br \\/>\\n$330K 1st yr labor onsite support<br \\/>\\n$1M Cabling service<br><br>Thank You<br>Admin"}'),
(5, '13x70', 0, '{"fromEmail":"sampraswong@shinybesthk.com","fromName":"Sampras Wong","toEmail":"sampraswong@shinybesthk.com","ccEmail":"","bccEmail":"","subject":"Regarding Potential Assignment","content":"An Potential has been assigned to you on vtigerCRM<br>Details of Potential are :<br><br>Potential No:<b>POT27<\\/b><br>Potential Name:<b>\\u653f\\u52d9<\\/b><br>Amount:<b>250,000.00<\\/b><br>Expected Close Date:<b>30-09-2016 (dd-mm-yyyy)<\\/b><br>Type:<b><\\/b><br><br><br>Description :installation 200 component to existing server and SAN<br><br>Thank You<br>Admin"}'),
(6, '12x73', 0, '{"fromEmail":"sampraswong@shinybesthk.com","fromName":"Sampras Wong","toEmail":"sampraswong@shinybesthk.com","ccEmail":"","bccEmail":"","subject":"Regarding Contact Assignment","content":"An Contact has been assigned to you on vtigerCRM<br>Details of Contact are :<br><br>Contact Id:<b>CON9<\\/b><br>LastName:<b>Garfield<\\/b><br>FirstName:<b><\\/b><br>Lead Source:<b><\\/b><br>Department:<b><\\/b><br>Description:<b><\\/b><br><br><br>And <b>CustomerPortal Login Details<\\/b> is sent to the EmailID :-<br><br>Thank You<br>Admin"}'),
(5, '13x74', 0, '{"fromEmail":"sampraswong@shinybesthk.com","fromName":"Sampras Wong","toEmail":"sampraswong@shinybesthk.com","ccEmail":"","bccEmail":"","subject":"Regarding Potential Assignment","content":"An Potential has been assigned to you on vtigerCRM<br>Details of Potential are :<br><br>Potential No:<b>POT28<\\/b><br>Potential Name:<b>Server Room<\\/b><br>Amount:<b>400,000.00<\\/b><br>Expected Close Date:<b>30-11-2016 (dd-mm-yyyy)<\\/b><br>Type:<b><\\/b><br><br><br>Description :Innovix seek for re-build server room, main competitor is JOS<br><br>Thank You<br>Admin"}'),
(6, '12x76', 0, '{"fromEmail":"sampraswong@shinybesthk.com","fromName":"Sampras Wong","toEmail":"sampraswong@shinybesthk.com","ccEmail":"","bccEmail":"","subject":"Regarding Contact Assignment","content":"An Contact has been assigned to you on vtigerCRM<br>Details of Contact are :<br><br>Contact Id:<b>CON10<\\/b><br>LastName:<b>Emma<\\/b><br>FirstName:<b><\\/b><br>Lead Source:<b><\\/b><br>Department:<b><\\/b><br>Description:<b><\\/b><br><br><br>And <b>CustomerPortal Login Details<\\/b> is sent to the EmailID :-<br><br>Thank You<br>Admin"}'),
(5, '13x77', 0, '{"fromEmail":"sampraswong@shinybesthk.com","fromName":"Sampras Wong","toEmail":"sampraswong@shinybesthk.com","ccEmail":"","bccEmail":"","subject":"Regarding Potential Assignment","content":"An Potential has been assigned to you on vtigerCRM<br>Details of Potential are :<br><br>Potential No:<b>POT29<\\/b><br>Potential Name:<b>BU - IP Phone project<\\/b><br>Amount:<b>360,000.00<\\/b><br>Expected Close Date:<b>31-08-2016 (dd-mm-yyyy)<\\/b><br>Type:<b><\\/b><br><br><br>Description :28+1 Switch, 5 yr 7x24x4 MA<br><br>Thank You<br>Admin"}'),
(6, '12x79', 0, '{"fromEmail":"sampraswong@shinybesthk.com","fromName":"Sampras Wong","toEmail":"sampraswong@shinybesthk.com","ccEmail":"","bccEmail":"","subject":"Regarding Contact Assignment","content":"An Contact has been assigned to you on vtigerCRM<br>Details of Contact are :<br><br>Contact Id:<b>CON11<\\/b><br>LastName:<b>Terry<\\/b><br>FirstName:<b><\\/b><br>Lead Source:<b><\\/b><br>Department:<b><\\/b><br>Description:<b><\\/b><br><br><br>And <b>CustomerPortal Login Details<\\/b> is sent to the EmailID :-<br><br>Thank You<br>Admin"}'),
(5, '13x80', 0, '{"fromEmail":"sampraswong@shinybesthk.com","fromName":"Sampras Wong","toEmail":"sampraswong@shinybesthk.com","ccEmail":"","bccEmail":"","subject":"Regarding Potential Assignment","content":"An Potential has been assigned to you on vtigerCRM<br>Details of Potential are :<br><br>Potential No:<b>POT30<\\/b><br>Potential Name:<b>Network Revamp<\\/b><br>Amount:<b>70,000.00<\\/b><br>Expected Close Date:<b>31-08-2016 (dd-mm-yyyy)<\\/b><br>Type:<b><\\/b><br><br><br>Description :<br><br>Thank You<br>Admin"}'),
(5, '13x81', 0, '{"fromEmail":"chrislee@shinybesthk.com","fromName":"chrislee","toEmail":"chrislee@shinybesthk.com","ccEmail":"","bccEmail":"","subject":"Regarding Potential Assignment","content":"An Potential has been assigned to you on vtigerCRM<br>Details of Potential are :<br><br>Potential No:<b>POT31<\\/b><br>Potential Name:<b>Wifi deployment<\\/b><br>Amount:<b>0.00<\\/b><br>Expected Close Date:<b>30-09-2016 (dd-mm-yyyy)<\\/b><br>Type:<b>New Business<\\/b><br><br><br>Description :5 x Ruckus R710 AP + 1 x Controller, estimated price at HK$60,000<br><br>Thank You<br>Admin"}'),
(5, '13x82', 0, '{"fromEmail":"chrislee@shinybesthk.com","fromName":"chrislee","toEmail":"chrislee@shinybesthk.com","ccEmail":"","bccEmail":"","subject":"Regarding Potential Assignment","content":"An Potential has been assigned to you on vtigerCRM<br>Details of Potential are :<br><br>Potential No:<b>POT32<\\/b><br>Potential Name:<b>Cabling<\\/b><br>Amount:<b>0.00<\\/b><br>Expected Close Date:<b>30-09-2016 (dd-mm-yyyy)<\\/b><br>Type:<b>Existing Business<\\/b><br><br><br>Description :SOW is under estimating.<br><br>Thank You<br>Admin"}'),
(5, '13x83', 0, '{"fromEmail":"chrislee@shinybesthk.com","fromName":"chrislee","toEmail":"chrislee@shinybesthk.com","ccEmail":"","bccEmail":"","subject":"Regarding Potential Assignment","content":"An Potential has been assigned to you on vtigerCRM<br>Details of Potential are :<br><br>Potential No:<b>POT33<\\/b><br>Potential Name:<b>IP Cam<\\/b><br>Amount:<b>0.00<\\/b><br>Expected Close Date:<b>30-09-2016 (dd-mm-yyyy)<\\/b><br>Type:<b>New Business<\\/b><br><br><br>Description :12 x IP Cam with 1 x NAS for storage, 1 x Cloud Storage for backup.<br><br>Thank You<br>Admin"}'),
(5, '13x84', 0, '{"fromEmail":"inventorsang@gmail.com","fromName":"admin","toEmail":"inventorsang@gmail.com","ccEmail":"","bccEmail":"","subject":"Regarding Potential Assignment","content":"An Potential has been assigned to you on vtigerCRM<br>Details of Potential are :<br><br>Potential No:<b>POT34<\\/b><br>Potential Name:<b>\\u6d4b\\u8bd5<\\/b><br>Amount:<b>100<\\/b><br>Expected Close Date:<b>2016-08-17 (yyyy-mm-dd)<\\/b><br>Type:<b><\\/b><br><br><br>Description :<br><br>Thank You<br>Admin"}'),
(6, '12x86', 0, '{"fromEmail":"kevinmo@shinybesthk.com","fromName":"kevinmo","toEmail":"kevinmo@shinybesthk.com","ccEmail":"","bccEmail":"","subject":"Regarding Contact Assignment","content":"An Contact has been assigned to you on vtigerCRM<br>Details of Contact are :<br><br>Contact Id:<b>CON12<\\/b><br>LastName:<b>Lam<\\/b><br>FirstName:<b>Eddie<\\/b><br>Lead Source:<b><\\/b><br>Department:<b><\\/b><br>Description:<b><\\/b><br><br><br>And <b>CustomerPortal Login Details<\\/b> is sent to the EmailID :-<br><br>Thank You<br>Admin"}'),
(5, '13x88', 0, '{"fromEmail":"kevinmo@shinybesthk.com","fromName":"kevinmo","toEmail":"kevinmo@shinybesthk.com","ccEmail":"","bccEmail":"","subject":"Regarding Potential Assignment","content":"An Potential has been assigned to you on vtigerCRM<br>Details of Potential are :<br><br>Potential No:<b>POT35<\\/b><br>Potential Name:<b>PLDsec<\\/b><br>Amount:<b>350.000.00<\\/b><br>Expected Close Date:<b>30-09-2016 (dd-mm-yyyy)<\\/b><br>Type:<b>New Business<\\/b><br><br><br>Description :<br><br>Thank You<br>Admin"}'),
(6, '12x89', 0, '{"fromEmail":"kevinmo@shinybesthk.com","fromName":"kevinmo","toEmail":"kevinmo@shinybesthk.com","ccEmail":"","bccEmail":"","subject":"Regarding Contact Assignment","content":"An Contact has been assigned to you on vtigerCRM<br>Details of Contact are :<br><br>Contact Id:<b>CON13<\\/b><br>LastName:<b>Lee<\\/b><br>FirstName:<b>Jacky<\\/b><br>Lead Source:<b><\\/b><br>Department:<b><\\/b><br>Description:<b><\\/b><br><br><br>And <b>CustomerPortal Login Details<\\/b> is sent to the EmailID :-<br><br>Thank You<br>Admin"}'),
(5, '13x91', 0, '{"fromEmail":"kevinmo@shinybesthk.com","fromName":"kevinmo","toEmail":"kevinmo@shinybesthk.com","ccEmail":"","bccEmail":"","subject":"Regarding Potential Assignment","content":"An Potential has been assigned to you on vtigerCRM<br>Details of Potential are :<br><br>Potential No:<b>POT36<\\/b><br>Potential Name:<b>CMS FT<\\/b><br>Amount:<b>200.000.00<\\/b><br>Expected Close Date:<b>31-08-2016 (dd-mm-yyyy)<\\/b><br>Type:<b>New Business<\\/b><br><br><br>Description :<br><br>Thank You<br>Admin"}'),
(6, '12x92', 0, '{"fromEmail":"kevinmo@shinybesthk.com","fromName":"kevinmo","toEmail":"kevinmo@shinybesthk.com","ccEmail":"","bccEmail":"","subject":"Regarding Contact Assignment","content":"An Contact has been assigned to you on vtigerCRM<br>Details of Contact are :<br><br>Contact Id:<b>CON14<\\/b><br>LastName:<b>Chiu<\\/b><br>FirstName:<b>Sam<\\/b><br>Lead Source:<b><\\/b><br>Department:<b><\\/b><br>Description:<b><\\/b><br><br><br>And <b>CustomerPortal Login Details<\\/b> is sent to the EmailID :-<br><br>Thank You<br>Admin"}'),
(5, '13x94', 0, '{"fromEmail":"kevinmo@shinybesthk.com","fromName":"kevinmo","toEmail":"kevinmo@shinybesthk.com","ccEmail":"","bccEmail":"","subject":"Regarding Potential Assignment","content":"An Potential has been assigned to you on vtigerCRM<br>Details of Potential are :<br><br>Potential No:<b>POT37<\\/b><br>Potential Name:<b>Galaxy FT<\\/b><br>Amount:<b>220.000.00<\\/b><br>Expected Close Date:<b>30-09-2016 (dd-mm-yyyy)<\\/b><br>Type:<b>New Business<\\/b><br><br><br>Description :<br><br>Thank You<br>Admin"}'),
(6, '12x96', 0, '{"fromEmail":"kevinmo@shinybesthk.com","fromName":"kevinmo","toEmail":"kevinmo@shinybesthk.com","ccEmail":"","bccEmail":"","subject":"Regarding Contact Assignment","content":"An Contact has been assigned to you on vtigerCRM<br>Details of Contact are :<br><br>Contact Id:<b>CON15<\\/b><br>LastName:<b>Cheng<\\/b><br>FirstName:<b>Ivan<\\/b><br>Lead Source:<b><\\/b><br>Department:<b><\\/b><br>Description:<b><\\/b><br><br><br>And <b>CustomerPortal Login Details<\\/b> is sent to the EmailID :-<br><br>Thank You<br>Admin"}'),
(5, '13x97', 0, '{"fromEmail":"kevinmo@shinybesthk.com","fromName":"kevinmo","toEmail":"kevinmo@shinybesthk.com","ccEmail":"","bccEmail":"","subject":"Regarding Potential Assignment","content":"An Potential has been assigned to you on vtigerCRM<br>Details of Potential are :<br><br>Potential No:<b>POT38<\\/b><br>Potential Name:<b>Switch and Server MA<\\/b><br>Amount:<b>200.000.00<\\/b><br>Expected Close Date:<b>31-10-2016 (dd-mm-yyyy)<\\/b><br>Type:<b>New Business<\\/b><br><br><br>Description :<br><br>Thank You<br>Admin"}'),
(6, '12x99', 0, '{"fromEmail":"kevinmo@shinybesthk.com","fromName":"kevinmo","toEmail":"kevinmo@shinybesthk.com","ccEmail":"","bccEmail":"","subject":"Regarding Contact Assignment","content":"An Contact has been assigned to you on vtigerCRM<br>Details of Contact are :<br><br>Contact Id:<b>CON16<\\/b><br>LastName:<b>Lee<\\/b><br>FirstName:<b>Brayant<\\/b><br>Lead Source:<b><\\/b><br>Department:<b><\\/b><br>Description:<b><\\/b><br><br><br>And <b>CustomerPortal Login Details<\\/b> is sent to the EmailID :-<br><br>Thank You<br>Admin"}'),
(5, '13x100', 0, '{"fromEmail":"kevinmo@shinybesthk.com","fromName":"kevinmo","toEmail":"kevinmo@shinybesthk.com","ccEmail":"","bccEmail":"","subject":"Regarding Potential Assignment","content":"An Potential has been assigned to you on vtigerCRM<br>Details of Potential are :<br><br>Potential No:<b>POT39<\\/b><br>Potential Name:<b>Email Archive<\\/b><br>Amount:<b>120.000.00<\\/b><br>Expected Close Date:<b>30-09-2016 (dd-mm-yyyy)<\\/b><br>Type:<b>New Business<\\/b><br><br><br>Description :<br><br>Thank You<br>Admin"}'),
(5, '13x102', 0, '{"fromEmail":"kevinmo@shinybesthk.com","fromName":"kevinmo","toEmail":"kevinmo@shinybesthk.com","ccEmail":"","bccEmail":"","subject":"Regarding Potential Assignment","content":"An Potential has been assigned to you on vtigerCRM<br>Details of Potential are :<br><br>Potential No:<b>POT40<\\/b><br>Potential Name:<b>APT<\\/b><br>Amount:<b>150.000.00<\\/b><br>Expected Close Date:<b>30-09-2016 (dd-mm-yyyy)<\\/b><br>Type:<b><\\/b><br><br><br>Description :<br><br>Thank You<br>Admin"}'),
(6, '12x104', 0, '{"fromEmail":"kevinmo@shinybesthk.com","fromName":"kevinmo","toEmail":"kevinmo@shinybesthk.com","ccEmail":"","bccEmail":"","subject":"Regarding Contact Assignment","content":"An Contact has been assigned to you on vtigerCRM<br>Details of Contact are :<br><br>Contact Id:<b>CON17<\\/b><br>LastName:<b>Ma<\\/b><br>FirstName:<b>Hoi Yin<\\/b><br>Lead Source:<b><\\/b><br>Department:<b><\\/b><br>Description:<b><\\/b><br><br><br>And <b>CustomerPortal Login Details<\\/b> is sent to the EmailID :-<br><br>Thank You<br>Admin"}'),
(5, '13x105', 0, '{"fromEmail":"kevinmo@shinybesthk.com","fromName":"kevinmo","toEmail":"kevinmo@shinybesthk.com","ccEmail":"","bccEmail":"","subject":"Regarding Potential Assignment","content":"An Potential has been assigned to you on vtigerCRM<br>Details of Potential are :<br><br>Potential No:<b>POT41<\\/b><br>Potential Name:<b>SevOne<\\/b><br>Amount:<b>120.000.00<\\/b><br>Expected Close Date:<b>30-09-2016 (dd-mm-yyyy)<\\/b><br>Type:<b>New Business<\\/b><br><br><br>Description :<br><br>Thank You<br>Admin"}'),
(6, '12x107', 0, '{"fromEmail":"kevinmo@shinybesthk.com","fromName":"kevinmo","toEmail":"kevinmo@shinybesthk.com","ccEmail":"","bccEmail":"","subject":"Regarding Contact Assignment","content":"An Contact has been assigned to you on vtigerCRM<br>Details of Contact are :<br><br>Contact Id:<b>CON18<\\/b><br>LastName:<b>Lam<\\/b><br>FirstName:<b>Angus<\\/b><br>Lead Source:<b><\\/b><br>Department:<b><\\/b><br>Description:<b><\\/b><br><br><br>And <b>CustomerPortal Login Details<\\/b> is sent to the EmailID :-<br><br>Thank You<br>Admin"}'),
(6, '12x108', 0, '{"fromEmail":"askalo@shinybesthk.com","fromName":"Askalo","toEmail":"askalo@shinybesthk.com","ccEmail":"","bccEmail":"","subject":"Regarding Contact Assignment","content":"An Contact has been assigned to you on vtigerCRM<br>Details of Contact are :<br><br>Contact Id:<b>CON19<\\/b><br>LastName:<b>Wong<\\/b><br>FirstName:<b>James<\\/b><br>Lead Source:<b><\\/b><br>Department:<b><\\/b><br>Description:<b><\\/b><br><br><br>And <b>CustomerPortal Login Details<\\/b> is sent to the EmailID :-kf1382@gmail.com<br><br>Thank You<br>Admin"}'),
(5, '13x111', 0, '{"fromEmail":"lokong@me.com","fromName":"Kenny","toEmail":"lokong@me.com","ccEmail":"","bccEmail":"","subject":"Regarding Potential Assignment","content":"An Potential has been assigned to you on vtigerCRM<br>Details of Potential are :<br><br>Potential No:<b>POT42<\\/b><br>Potential Name:<b>\\u6d4b\\u8bd5<\\/b><br>Amount:<b>10.000.00<\\/b><br>Expected Close Date:<b>23-08-2016 (dd-mm-yyyy)<\\/b><br>Type:<b>\\u65b0\\u696d\\u52d9<\\/b><br><br><br>Description :<br><br>Thank You<br>Admin"}'),
(5, '13x116', 0, '{"fromEmail":"inventorsang@gmail.com","fromName":"admin","toEmail":"inventorsang@gmail.com","ccEmail":"","bccEmail":"","subject":"Regarding Potential Assignment","content":"An Potential has been assigned to you on vtigerCRM<br>Details of Potential are :<br><br>Potential No:<b>POT43<\\/b><br>Potential Name:<b>test test<\\/b><br>Amount:<b>172,609<\\/b><br>Expected Close Date:<b>2016-08-31 (yyyy-mm-dd)<\\/b><br>Type:<b>\\u65b0\\u696d\\u52d9<\\/b><br><br><br>Description :just  for test<br><br>Thank You<br>Admin"}'),
(5, '13x119', 0, '{"fromEmail":"kevinmo@shinybesthk.com","fromName":"kevinmo","toEmail":"kevinmo@shinybesthk.com","ccEmail":"","bccEmail":"","subject":"Regarding Potential Assignment","content":"An Potential has been assigned to you on vtigerCRM<br>Details of Potential are :<br><br>Potential No:<b>POT44<\\/b><br>Potential Name:<b>STRATUS RENEW<\\/b><br>Amount:<b>20.000.00<\\/b><br>Expected Close Date:<b>31-08-2016 (dd-mm-yyyy)<\\/b><br>Type:<b>New Business<\\/b><br><br><br>Description :<br><br>Thank You<br>Admin"}'),
(5, '13x122', 0, '{"fromEmail":"inventorsang@gmail.com","fromName":"admin","toEmail":"inventorsang@gmail.com","ccEmail":"","bccEmail":"","subject":"Regarding Potential Assignment","content":"An Potential has been assigned to you on vtigerCRM<br>Details of Potential are :<br><br>Potential No:<b>POT45<\\/b><br>Potential Name:<b>test from Toby<\\/b><br>Amount:<b>180,000<\\/b><br>Expected Close Date:<b>2016-08-27 (yyyy-mm-dd)<\\/b><br>Type:<b><\\/b><br><br><br>Description :just for test<br><br>Thank You<br>Admin"}'),
(5, '13x125', 0, '{"fromEmail":"chrislee@shinybesthk.com","fromName":"chrislee","toEmail":"chrislee@shinybesthk.com","ccEmail":"","bccEmail":"","subject":"Regarding Potential Assignment","content":"An Potential has been assigned to you on vtigerCRM<br>Details of Potential are :<br><br>Potential No:<b>POT46<\\/b><br>Potential Name:<b>Cabling<\\/b><br>Amount:<b>1,500.00<\\/b><br>Expected Close Date:<b>25-08-2016 (dd-mm-yyyy)<\\/b><br>Type:<b>New Business<\\/b><br><br><br>Description :Order Closed on 25th August 2016<br><br>Thank You<br>Admin"}'),
(6, '12x126', 0, '{"fromEmail":"kevinmo@shinybesthk.com","fromName":"kevinmo","toEmail":"kevinmo@shinybesthk.com","ccEmail":"","bccEmail":"","subject":"Regarding Contact Assignment","content":"An Contact has been assigned to you on vtigerCRM<br>Details of Contact are :<br><br>Contact Id:<b>CON20<\\/b><br>LastName:<b>Stanley Chan<\\/b><br>FirstName:<b><\\/b><br>Lead Source:<b><\\/b><br>Department:<b><\\/b><br>Description:<b><\\/b><br><br><br>And <b>CustomerPortal Login Details<\\/b> is sent to the EmailID :-<br><br>Thank You<br>Admin"}'),
(5, '13x128', 0, '{"fromEmail":"kevinmo@shinybesthk.com","fromName":"kevinmo","toEmail":"kevinmo@shinybesthk.com","ccEmail":"","bccEmail":"","subject":"Regarding Potential Assignment","content":"An Potential has been assigned to you on vtigerCRM<br>Details of Potential are :<br><br>Potential No:<b>POT47<\\/b><br>Potential Name:<b>v-scan<\\/b><br>Amount:<b>0.00<\\/b><br>Expected Close Date:<b>31-10-2016 (dd-mm-yyyy)<\\/b><br>Type:<b><\\/b><br><br><br>Description :<br><br>Thank You<br>Admin"}'),
(6, '12x129', 0, '{"fromEmail":"kevinmo@shinybesthk.com","fromName":"kevinmo","toEmail":"kevinmo@shinybesthk.com","ccEmail":"","bccEmail":"","subject":"Regarding Contact Assignment","content":"An Contact has been assigned to you on vtigerCRM<br>Details of Contact are :<br><br>Contact Id:<b>CON21<\\/b><br>LastName:<b>Tony Wai<\\/b><br>FirstName:<b><\\/b><br>Lead Source:<b><\\/b><br>Department:<b><\\/b><br>Description:<b><\\/b><br><br><br>And <b>CustomerPortal Login Details<\\/b> is sent to the EmailID :-<br><br>Thank You<br>Admin"}'),
(5, '13x131', 0, '{"fromEmail":"kevinmo@shinybesthk.com","fromName":"kevinmo","toEmail":"kevinmo@shinybesthk.com","ccEmail":"","bccEmail":"","subject":"Regarding Potential Assignment","content":"An Potential has been assigned to you on vtigerCRM<br>Details of Potential are :<br><br>Potential No:<b>POT48<\\/b><br>Potential Name:<b>V-Scan<\\/b><br>Amount:<b>200,000.00<\\/b><br>Expected Close Date:<b>30-09-2016 (dd-mm-yyyy)<\\/b><br>Type:<b><\\/b><br><br><br>Description :<br><br>Thank You<br>Admin"}'),
(5, '13x133', 0, '{"fromEmail":"kevinmo@shinybesthk.com","fromName":"kevinmo","toEmail":"kevinmo@shinybesthk.com","ccEmail":"","bccEmail":"","subject":"Regarding Potential Assignment","content":"An Potential has been assigned to you on vtigerCRM<br>Details of Potential are :<br><br>Potential No:<b>POT49<\\/b><br>Potential Name:<b>V-Scan<\\/b><br>Amount:<b>120,000.00<\\/b><br>Expected Close Date:<b>31-10-2016 (dd-mm-yyyy)<\\/b><br>Type:<b>New Business<\\/b><br><br><br>Description :<br><br>Thank You<br>Admin"}'),
(6, '12x135', 0, '{"fromEmail":"sampraswong@shinybesthk.com","fromName":"Sampras Wong","toEmail":"sampraswong@shinybesthk.com","ccEmail":"","bccEmail":"","subject":"Regarding Contact Assignment","content":"An Contact has been assigned to you on vtigerCRM<br>Details of Contact are :<br><br>Contact Id:<b>CON22<\\/b><br>LastName:<b>Michael<\\/b><br>FirstName:<b>x<\\/b><br>Lead Source:<b><\\/b><br>Department:<b><\\/b><br>Description:<b><\\/b><br><br><br>And <b>CustomerPortal Login Details<\\/b> is sent to the EmailID :-<br><br>Thank You<br>Admin"}'),
(5, '13x136', 0, '{"fromEmail":"sampraswong@shinybesthk.com","fromName":"Sampras Wong","toEmail":"sampraswong@shinybesthk.com","ccEmail":"","bccEmail":"","subject":"Regarding Potential Assignment","content":"An Potential has been assigned to you on vtigerCRM<br>Details of Potential are :<br><br>Potential No:<b>POT50<\\/b><br>Potential Name:<b>IEPL 2M<\\/b><br>Amount:<b>0.00<\\/b><br>Expected Close Date:<b>29-10-2016 (dd-mm-yyyy)<\\/b><br>Type:<b><\\/b><br><br><br>Description :<br><br>Thank You<br>Admin"}'),
(5, '13x137', 0, '{"fromEmail":"kevinmo@shinybesthk.com","fromName":"kevinmo","toEmail":"kevinmo@shinybesthk.com","ccEmail":"","bccEmail":"","subject":"Regarding Potential Assignment","content":"An Potential has been assigned to you on vtigerCRM<br>Details of Potential are :<br><br>Potential No:<b>POT51<\\/b><br>Potential Name:<b>New Server<\\/b><br>Amount:<b>80,000.00<\\/b><br>Expected Close Date:<b>31-10-2016 (dd-mm-yyyy)<\\/b><br>Type:<b>New Business<\\/b><br><br><br>Description :<br><br>Thank You<br>Admin"}'),
(6, '12x139', 0, '{"fromEmail":"kevinmo@shinybesthk.com","fromName":"kevinmo","toEmail":"kevinmo@shinybesthk.com","ccEmail":"","bccEmail":"","subject":"Regarding Contact Assignment","content":"An Contact has been assigned to you on vtigerCRM<br>Details of Contact are :<br><br>Contact Id:<b>CON23<\\/b><br>LastName:<b>Bayert<\\/b><br>FirstName:<b><\\/b><br>Lead Source:<b><\\/b><br>Department:<b><\\/b><br>Description:<b><\\/b><br><br><br>And <b>CustomerPortal Login Details<\\/b> is sent to the EmailID :-<br><br>Thank You<br>Admin"}'),
(5, '13x140', 0, '{"fromEmail":"kevinmo@shinybesthk.com","fromName":"kevinmo","toEmail":"kevinmo@shinybesthk.com","ccEmail":"","bccEmail":"","subject":"Regarding Potential Assignment","content":"An Potential has been assigned to you on vtigerCRM<br>Details of Potential are :<br><br>Potential No:<b>POT52<\\/b><br>Potential Name:<b>Online Storage<\\/b><br>Amount:<b>25,000.00<\\/b><br>Expected Close Date:<b>30-09-2016 (dd-mm-yyyy)<\\/b><br>Type:<b>New Business<\\/b><br><br><br>Description :<br><br>Thank You<br>Admin"}'),
(5, '13x141', 0, '{"fromEmail":"kevinmo@shinybesthk.com","fromName":"kevinmo","toEmail":"kevinmo@shinybesthk.com","ccEmail":"","bccEmail":"","subject":"Regarding Potential Assignment","content":"An Potential has been assigned to you on vtigerCRM<br>Details of Potential are :<br><br>Potential No:<b>POT53<\\/b><br>Potential Name:<b>Procurement system<\\/b><br>Amount:<b>30,000.00<\\/b><br>Expected Close Date:<b>30-11-2016 (dd-mm-yyyy)<\\/b><br>Type:<b>New Business<\\/b><br><br><br>Description :<br><br>Thank You<br>Admin"}'),
(6, '12x142', 0, '{"fromEmail":"kevinmo@shinybesthk.com","fromName":"kevinmo","toEmail":"kevinmo@shinybesthk.com","ccEmail":"","bccEmail":"","subject":"Regarding Contact Assignment","content":"An Contact has been assigned to you on vtigerCRM<br>Details of Contact are :<br><br>Contact Id:<b>CON24<\\/b><br>LastName:<b>Tim<\\/b><br>FirstName:<b><\\/b><br>Lead Source:<b><\\/b><br>Department:<b><\\/b><br>Description:<b><\\/b><br><br><br>And <b>CustomerPortal Login Details<\\/b> is sent to the EmailID :-<br><br>Thank You<br>Admin"}'),
(5, '13x143', 0, '{"fromEmail":"sampraswong@shinybesthk.com","fromName":"Sampras Wong","toEmail":"sampraswong@shinybesthk.com","ccEmail":"","bccEmail":"","subject":"Regarding Potential Assignment","content":"An Potential has been assigned to you on vtigerCRM<br>Details of Potential are :<br><br>Potential No:<b>POT54<\\/b><br>Potential Name:<b>MTR new room \\/ PCCW<\\/b><br>Amount:<b>0.00<\\/b><br>Expected Close Date:<b>30-09-2016 (dd-mm-yyyy)<\\/b><br>Type:<b><\\/b><br><br><br>Description :<br><br>Thank You<br>Admin"}'),
(5, '13x145', 0, '{"fromEmail":"chrislee@shinybesthk.com","fromName":"chrislee","toEmail":"chrislee@shinybesthk.com","ccEmail":"","bccEmail":"","subject":"Regarding Potential Assignment","content":"An Potential has been assigned to you on vtigerCRM<br>Details of Potential are :<br><br>Potential No:<b>POT55<\\/b><br>Potential Name:<b>Man Day<\\/b><br>Amount:<b>12,000.00<\\/b><br>Expected Close Date:<b>15-09-2016 (dd-mm-yyyy)<\\/b><br>Type:<b>New Business<\\/b><br><br><br>Description :Waiting for customer VLAN ID information.<br><br>Thank You<br>Admin"}'),
(5, '13x148', 0, '{"fromEmail":"sampraswong@shinybesthk.com","fromName":"Sampras Wong","toEmail":"sampraswong@shinybesthk.com","ccEmail":"","bccEmail":"","subject":"Regarding Potential Assignment","content":"An Potential has been assigned to you on vtigerCRM<br>Details of Potential are :<br><br>Potential No:<b>POT56<\\/b><br>Potential Name:<b>BOSH x3650M5 server<\\/b><br>Amount:<b>50,000.00<\\/b><br>Expected Close Date:<b>24-09-2016 (dd-mm-yyyy)<\\/b><br>Type:<b><\\/b><br><br><br>Description :1 x3650M5 server<br><br>Thank You<br>Admin"}'),
(5, '13x149', 0, '{"fromEmail":"sampraswong@shinybesthk.com","fromName":"Sampras Wong","toEmail":"sampraswong@shinybesthk.com","ccEmail":"","bccEmail":"","subject":"Regarding Potential Assignment","content":"An Potential has been assigned to you on vtigerCRM<br>Details of Potential are :<br><br>Potential No:<b>POT57<\\/b><br>Potential Name:<b>MaaS - Microware<\\/b><br>Amount:<b>0.00<\\/b><br>Expected Close Date:<b>29-10-2016 (dd-mm-yyyy)<\\/b><br>Type:<b><\\/b><br><br><br>Description :MaaS Service propose to Microware, <br \\/>\\n21 Sept will hold Sale enablement meeting, Order form, deployment form, demo a\\/c template are already.<br \\/>\\nBronze package - $55\\/device\\/mth (around 10% margin)<br \\/>\\nSilver package - $100\\/device\\/mth (around 10% margin)<br \\/>\\nonetime installation - $1500 for 1-20 devices, $5000 for 21-50 devices<br><br>Thank You<br>Admin"}'),
(5, '13x150', 0, '{"fromEmail":"chrislee@shinybesthk.com","fromName":"chrislee","toEmail":"chrislee@shinybesthk.com","ccEmail":"","bccEmail":"","subject":"Regarding Potential Assignment","content":"An Potential has been assigned to you on vtigerCRM<br>Details of Potential are :<br><br>Potential No:<b>POT58<\\/b><br>Potential Name:<b>Man Day<\\/b><br>Amount:<b>12,000.00<\\/b><br>Expected Close Date:<b>30-09-2016 (dd-mm-yyyy)<\\/b><br>Type:<b>New Business<\\/b><br><br><br>Description :Man day for devices relocation and configuration.<br><br>Thank You<br>Admin"}'),
(5, '13x151', 0, '{"fromEmail":"sampraswong@shinybesthk.com","fromName":"Sampras Wong","toEmail":"sampraswong@shinybesthk.com","ccEmail":"","bccEmail":"","subject":"Regarding Potential Assignment","content":"An Potential has been assigned to you on vtigerCRM<br>Details of Potential are :<br><br>Potential No:<b>POT59<\\/b><br>Potential Name:<b>Sun Fook Hong - SevOne<\\/b><br>Amount:<b>100,000.00<\\/b><br>Expected Close Date:<b>29-10-2016 (dd-mm-yyyy)<\\/b><br>Type:<b><\\/b><br><br><br>Description :<br><br>Thank You<br>Admin"}'),
(5, '13x152', 0, '{"fromEmail":"sampraswong@shinybesthk.com","fromName":"Sampras Wong","toEmail":"sampraswong@shinybesthk.com","ccEmail":"","bccEmail":"","subject":"Regarding Potential Assignment","content":"An Potential has been assigned to you on vtigerCRM<br>Details of Potential are :<br><br>Potential No:<b>POT60<\\/b><br>Potential Name:<b>installation - VMware<\\/b><br>Amount:<b>35,000.00<\\/b><br>Expected Close Date:<b>29-10-2016 (dd-mm-yyyy)<\\/b><br>Type:<b><\\/b><br><br><br>Description :Installation 5 x Win 2012R2, 1 x VMware, 2 x SAN (with replication feature)<br><br>Thank You<br>Admin"}'),
(5, '13x153', 0, '{"fromEmail":"sampraswong@shinybesthk.com","fromName":"Sampras Wong","toEmail":"sampraswong@shinybesthk.com","ccEmail":"","bccEmail":"","subject":"Regarding Potential Assignment","content":"An Potential has been assigned to you on vtigerCRM<br>Details of Potential are :<br><br>Potential No:<b>POT61<\\/b><br>Potential Name:<b>SevOne - PCCW<\\/b><br>Amount:<b>200,000.00<\\/b><br>Expected Close Date:<b>29-10-2016 (dd-mm-yyyy)<\\/b><br>Type:<b><\\/b><br><br><br>Description :<br><br>Thank You<br>Admin"}'),
(5, '13x155', 0, '{"fromEmail":"chrislee@shinybesthk.com","fromName":"chrislee","toEmail":"chrislee@shinybesthk.com","ccEmail":"","bccEmail":"","subject":"Regarding Potential Assignment","content":"An Potential has been assigned to you on vtigerCRM<br>Details of Potential are :<br><br>Potential No:<b>POT62<\\/b><br>Potential Name:<b>Network infrastructure project<\\/b><br>Amount:<b>221,541.20<\\/b><br>Expected Close Date:<b>26-09-2016 (dd-mm-yyyy)<\\/b><br>Type:<b><\\/b><br><br><br>Description :TCV = HK$221,541.2, GP around HK$55,000<br><br>Thank You<br>Admin"}'),
(5, '13x156', 0, '{"fromEmail":"kevinmo@shinybesthk.com","fromName":"kevinmo","toEmail":"kevinmo@shinybesthk.com","ccEmail":"","bccEmail":"","subject":"Regarding Potential Assignment","content":"An Potential has been assigned to you on vtigerCRM<br>Details of Potential are :<br><br>Potential No:<b>POT63<\\/b><br>Potential Name:<b>Firewall revamp<\\/b><br>Amount:<b>50,000.00<\\/b><br>Expected Close Date:<b>31-12-2016 (dd-mm-yyyy)<\\/b><br>Type:<b>New Business<\\/b><br><br><br>Description :<br><br>Thank You<br>Admin"}');
INSERT INTO `com_vtiger_workflowtask_queue` (`task_id`, `entity_id`, `do_after`, `task_contents`) VALUES
(6, '12x157', 0, '{"fromEmail":"kevinmo@shinybesthk.com","fromName":"kevinmo","toEmail":"kevinmo@shinybesthk.com","ccEmail":"","bccEmail":"","subject":"Regarding Contact Assignment","content":"An Contact has been assigned to you on vtigerCRM<br>Details of Contact are :<br><br>Contact Id:<b>CON25<\\/b><br>LastName:<b>brian<\\/b><br>FirstName:<b><\\/b><br>Lead Source:<b><\\/b><br>Department:<b><\\/b><br>Description:<b><\\/b><br><br><br>And <b>CustomerPortal Login Details<\\/b> is sent to the EmailID :-<br><br>Thank You<br>Admin"}'),
(6, '12x158', 0, '{"fromEmail":"kevinmo@shinybesthk.com","fromName":"kevinmo","toEmail":"kevinmo@shinybesthk.com","ccEmail":"","bccEmail":"","subject":"Regarding Contact Assignment","content":"An Contact has been assigned to you on vtigerCRM<br>Details of Contact are :<br><br>Contact Id:<b>CON26<\\/b><br>LastName:<b>South West<\\/b><br>FirstName:<b><\\/b><br>Lead Source:<b><\\/b><br>Department:<b><\\/b><br>Description:<b><\\/b><br><br><br>And <b>CustomerPortal Login Details<\\/b> is sent to the EmailID :-<br><br>Thank You<br>Admin"}'),
(5, '13x160', 0, '{"fromEmail":"kevinmo@shinybesthk.com","fromName":"kevinmo","toEmail":"kevinmo@shinybesthk.com","ccEmail":"","bccEmail":"","subject":"Regarding Potential Assignment","content":"An Potential has been assigned to you on vtigerCRM<br>Details of Potential are :<br><br>Potential No:<b>POT64<\\/b><br>Potential Name:<b>V-Scan<\\/b><br>Amount:<b>100,000.00<\\/b><br>Expected Close Date:<b>31-12-2016 (dd-mm-yyyy)<\\/b><br>Type:<b>New Business<\\/b><br><br><br>Description :<br><br>Thank You<br>Admin"}'),
(5, '13x161', 0, '{"fromEmail":"kevinmo@shinybesthk.com","fromName":"kevinmo","toEmail":"kevinmo@shinybesthk.com","ccEmail":"","bccEmail":"","subject":"Regarding Potential Assignment","content":"An Potential has been assigned to you on vtigerCRM<br>Details of Potential are :<br><br>Potential No:<b>POT65<\\/b><br>Potential Name:<b>Express Cluster<\\/b><br>Amount:<b>182,000.00<\\/b><br>Expected Close Date:<b>31-01-2017 (dd-mm-yyyy)<\\/b><br>Type:<b><\\/b><br><br><br>Description :<br><br>Thank You<br>Admin"}'),
(5, '13x162', 0, '{"fromEmail":"sampraswong@shinybesthk.com","fromName":"Sampras Wong","toEmail":"sampraswong@shinybesthk.com","ccEmail":"","bccEmail":"","subject":"Regarding Potential Assignment","content":"An Potential has been assigned to you on vtigerCRM<br>Details of Potential are :<br><br>Potential No:<b>POT66<\\/b><br>Potential Name:<b>partner - ChinaComm<\\/b><br>Amount:<b>0.00<\\/b><br>Expected Close Date:<b>26-11-2016 (dd-mm-yyyy)<\\/b><br>Type:<b><\\/b><br><br><br>Description :reseller SevOne, meeting 17 Oct<br><br>Thank You<br>Admin"}'),
(5, '13x163', 0, '{"fromEmail":"sampraswong@shinybesthk.com","fromName":"Sampras Wong","toEmail":"sampraswong@shinybesthk.com","ccEmail":"","bccEmail":"","subject":"Regarding Potential Assignment","content":"An Potential has been assigned to you on vtigerCRM<br>Details of Potential are :<br><br>Potential No:<b>POT67<\\/b><br>Potential Name:<b>partner - MNT<\\/b><br>Amount:<b>100,000.00<\\/b><br>Expected Close Date:<b>26-11-2016 (dd-mm-yyyy)<\\/b><br>Type:<b><\\/b><br><br><br>Description :interest in one off purchase SevOne and provide proactive MA service to customer<br><br>Thank You<br>Admin"}'),
(5, '13x167', 0, '{"fromEmail":"sampraswong@shinybesthk.com","fromName":"Sampras Wong","toEmail":"sampraswong@shinybesthk.com","ccEmail":"","bccEmail":"","subject":"Regarding Potential Assignment","content":"An Potential has been assigned to you on vtigerCRM<br>Details of Potential are :<br><br>Potential No:<b>POT68<\\/b><br>Potential Name:<b>partner - Super Light<\\/b><br>Amount:<b>0.00<\\/b><br>Expected Close Date:<b>30-11-2016 (dd-mm-yyyy)<\\/b><br>Type:<b><\\/b><br><br><br>Description :interest in reseller SevOne<br><br>Thank You<br>Admin"}'),
(5, '13x169', 0, '{"fromEmail":"chrislee@shinybesthk.com","fromName":"chrislee","toEmail":"chrislee@shinybesthk.com","ccEmail":"","bccEmail":"","subject":"Regarding Potential Assignment","content":"An Potential has been assigned to you on vtigerCRM<br>Details of Potential are :<br><br>Potential No:<b>POT69<\\/b><br>Potential Name:<b>CCTV Project<\\/b><br>Amount:<b>180,000.00<\\/b><br>Expected Close Date:<b>29-10-2016 (dd-mm-yyyy)<\\/b><br>Type:<b>New Business<\\/b><br><br><br>Description :The final Quotation is under preparing and will be sent to customer on 11th or 12th Oct 2016.<br><br>Thank You<br>Admin"}'),
(5, '13x170', 0, '{"fromEmail":"chrislee@shinybesthk.com","fromName":"chrislee","toEmail":"chrislee@shinybesthk.com","ccEmail":"","bccEmail":"","subject":"Regarding Potential Assignment","content":"An Potential has been assigned to you on vtigerCRM<br>Details of Potential are :<br><br>Potential No:<b>POT70<\\/b><br>Potential Name:<b>Cabling<\\/b><br>Amount:<b>80,000.00<\\/b><br>Expected Close Date:<b>29-10-2016 (dd-mm-yyyy)<\\/b><br>Type:<b>New Business<\\/b><br><br><br>Description :The SOW is under estimating and waiting for vendor reply.<br><br>Thank You<br>Admin"}'),
(5, '13x171', 0, '{"fromEmail":"chrislee@shinybesthk.com","fromName":"chrislee","toEmail":"chrislee@shinybesthk.com","ccEmail":"","bccEmail":"","subject":"Regarding Potential Assignment","content":"An Potential has been assigned to you on vtigerCRM<br>Details of Potential are :<br><br>Potential No:<b>POT71<\\/b><br>Potential Name:<b>IP Phone system<\\/b><br>Amount:<b>0.00<\\/b><br>Expected Close Date:<b>29-10-2016 (dd-mm-yyyy)<\\/b><br>Type:<b>New Business<\\/b><br><br><br>Description :The SOW is under estimating and waiting for vendor reply.<br><br>Thank You<br>Admin"}');

-- --------------------------------------------------------

--
-- 表的结构 `com_vtiger_workflowtemplates`
--

CREATE TABLE IF NOT EXISTS `com_vtiger_workflowtemplates` (
  `template_id` int(11) NOT NULL,
  `module_name` varchar(100) DEFAULT NULL,
  `title` varchar(400) DEFAULT NULL,
  `template` text
) ENGINE=InnoDB DEFAULT CHARSET=utf8;

-- --------------------------------------------------------

--
-- 表的结构 `com_vtiger_workflow_activatedonce`
--

CREATE TABLE IF NOT EXISTS `com_vtiger_workflow_activatedonce` (
  `workflow_id` int(11) NOT NULL,
  `entity_id` int(11) NOT NULL
) ENGINE=InnoDB DEFAULT CHARSET=utf8;

-- --------------------------------------------------------

--
-- 表的结构 `com_vtiger_workflow_tasktypes`
--

CREATE TABLE IF NOT EXISTS `com_vtiger_workflow_tasktypes` (
  `id` int(11) NOT NULL,
  `tasktypename` varchar(255) NOT NULL,
  `label` varchar(255) DEFAULT NULL,
  `classname` varchar(255) DEFAULT NULL,
  `classpath` varchar(255) DEFAULT NULL,
  `templatepath` varchar(255) DEFAULT NULL,
  `modules` varchar(500) DEFAULT NULL,
  `sourcemodule` varchar(255) DEFAULT NULL
) ENGINE=InnoDB DEFAULT CHARSET=utf8;

--
-- 转存表中的数据 `com_vtiger_workflow_tasktypes`
--

INSERT INTO `com_vtiger_workflow_tasktypes` (`id`, `tasktypename`, `label`, `classname`, `classpath`, `templatepath`, `modules`, `sourcemodule`) VALUES
(1, 'VTEmailTask', 'Send Mail', 'VTEmailTask', 'modules/com_vtiger_workflow/tasks/VTEmailTask.inc', 'com_vtiger_workflow/taskforms/VTEmailTask.tpl', '{"include":[],"exclude":[]}', ''),
(2, 'VTEntityMethodTask', 'Invoke Custom Function', 'VTEntityMethodTask', 'modules/com_vtiger_workflow/tasks/VTEntityMethodTask.inc', 'com_vtiger_workflow/taskforms/VTEntityMethodTask.tpl', '{"include":[],"exclude":[]}', ''),
(3, 'VTCreateTodoTask', 'Create Todo', 'VTCreateTodoTask', 'modules/com_vtiger_workflow/tasks/VTCreateTodoTask.inc', 'com_vtiger_workflow/taskforms/VTCreateTodoTask.tpl', '{"include":["Leads","Accounts","Potentials","Contacts","HelpDesk","Campaigns","Quotes","PurchaseOrder","SalesOrder","Invoice"],"exclude":["Calendar","FAQ","Events"]}', ''),
(4, 'VTCreateEventTask', 'Create Event', 'VTCreateEventTask', 'modules/com_vtiger_workflow/tasks/VTCreateEventTask.inc', 'com_vtiger_workflow/taskforms/VTCreateEventTask.tpl', '{"include":["Leads","Accounts","Potentials","Contacts","HelpDesk","Campaigns"],"exclude":["Calendar","FAQ","Events"]}', ''),
(5, 'VTUpdateFieldsTask', 'Update Fields', 'VTUpdateFieldsTask', 'modules/com_vtiger_workflow/tasks/VTUpdateFieldsTask.inc', 'com_vtiger_workflow/taskforms/VTUpdateFieldsTask.tpl', '{"include":[],"exclude":[]}', ''),
(6, 'VTCreateEntityTask', 'Create Entity', 'VTCreateEntityTask', 'modules/com_vtiger_workflow/tasks/VTCreateEntityTask.inc', 'com_vtiger_workflow/taskforms/VTCreateEntityTask.tpl', '{"include":[],"exclude":[]}', ''),
(7, 'VTSMSTask', 'SMS Task', 'VTSMSTask', 'modules/com_vtiger_workflow/tasks/VTSMSTask.inc', 'com_vtiger_workflow/taskforms/VTSMSTask.tpl', '{"include":[],"exclude":[]}', 'SMSNotifier');

-- --------------------------------------------------------

--
-- 表的结构 `com_vtiger_workflow_tasktypes_seq`
--

CREATE TABLE IF NOT EXISTS `com_vtiger_workflow_tasktypes_seq` (
  `id` int(11) NOT NULL
) ENGINE=InnoDB DEFAULT CHARSET=utf8;

--
-- 转存表中的数据 `com_vtiger_workflow_tasktypes_seq`
--

INSERT INTO `com_vtiger_workflow_tasktypes_seq` (`id`) VALUES
(7);

-- --------------------------------------------------------

--
-- 表的结构 `vtiger_account`
--

CREATE TABLE IF NOT EXISTS `vtiger_account` (
  `accountid` int(19) NOT NULL DEFAULT '0',
  `account_no` varchar(100) NOT NULL,
  `accountname` varchar(100) NOT NULL,
  `parentid` int(19) DEFAULT '0',
  `account_type` varchar(200) DEFAULT NULL,
  `industry` varchar(200) DEFAULT NULL,
  `annualrevenue` decimal(25,8) DEFAULT NULL,
  `rating` varchar(200) DEFAULT NULL,
  `ownership` varchar(50) DEFAULT NULL,
  `siccode` varchar(50) DEFAULT NULL,
  `tickersymbol` varchar(30) DEFAULT NULL,
  `phone` varchar(30) DEFAULT NULL,
  `otherphone` varchar(30) DEFAULT NULL,
  `email1` varchar(100) DEFAULT NULL,
  `email2` varchar(100) DEFAULT NULL,
  `website` varchar(100) DEFAULT NULL,
  `fax` varchar(30) DEFAULT NULL,
  `employees` int(10) DEFAULT '0',
  `emailoptout` varchar(3) DEFAULT '0',
  `notify_owner` varchar(3) DEFAULT '0',
  `isconvertedfromlead` varchar(3) DEFAULT '0'
) ENGINE=InnoDB DEFAULT CHARSET=utf8;

--
-- 转存表中的数据 `vtiger_account`
--

INSERT INTO `vtiger_account` (`accountid`, `account_no`, `accountname`, `parentid`, `account_type`, `industry`, `annualrevenue`, `rating`, `ownership`, `siccode`, `tickersymbol`, `phone`, `otherphone`, `email1`, `email2`, `website`, `fax`, `employees`, `emailoptout`, `notify_owner`, `isconvertedfromlead`) VALUES
(7, 'ACC1', 'PCCW Solutions Ltd', 0, '', '', '34883.72093023', '', '', '', '', '', '', '', '', '', '', 0, '0', '0', '0'),
(10, 'ACC2', 'Bright Future Pharmaceutical Laboratories Limited', 0, '', '', '0.00000000', '', '', '', '', '26750230', '', '', '', '', '', 0, '0', '0', '0'),
(19, 'ACC3', 'Savills Property Management Ltd', 0, '', '', '0.00000000', '', '', '', '', '25341688', '', '', '', '', '', 0, '0', '0', '0'),
(34, 'ACC4', 'Intertek', 0, '', '', '0.00000000', '', '', '', '', '', '', '', '', '', '', 0, '0', '0', '0'),
(35, 'ACC5', 'Appsicon', 0, '', '', '0.00000000', '', '', '', '', '', '', '', '', '', '', 0, '0', '0', '0'),
(44, 'ACC6', 'City Super Ltd', 0, '', '', '0.00000000', '', '', '', '', '', '', '', '', '', '', 0, '0', '0', '0'),
(47, 'ACC7', 'Microware Ltd', 0, '', '', '0.00000000', '', '', '', '', '', '', '', '', '', '', 0, '0', '0', '0'),
(48, 'ACC8', 'PT Bank', 0, '', '', '0.00000000', '', '', '', '', '', '', '', '', '', '', 0, '0', '0', '0'),
(51, 'ACC9', 'Smart Shirt', 0, '', '', '0.00000000', '', '', '', '', '', '', '', '', '', '', 0, '0', '0', '0'),
(55, 'ACC10', 'Variante Ltd', 0, '', '', '0.00000000', '', '', '', '', '', '', '', '', '', '', 0, '0', '0', '0'),
(58, 'ACC11', 'Motive Power Ltd', 0, '', '', '0.00000000', '', '', '', '', '', '', '', '', '', '', 0, '0', '0', '0'),
(61, 'ACC12', 'Threesixty Sourcing', 0, '', '', '0.00000000', '', '', '', '', '', '', '', '', '', '', 0, '0', '0', '0'),
(63, 'ACC13', 'Marco Polo', 0, '', '', '0.00000000', '', '', '', '', '', '', '', '', '', '', 0, '0', '0', '0'),
(66, 'ACC14', 'AB Concept Ltd', 0, '', '', '0.00000000', '', '', '', '', '', '', '', '', '', '', 0, '0', '0', '0'),
(72, 'ACC15', 'Media World', 0, '', '', '0.00000000', '', '', '', '', '', '', '', '', '', '', 0, '0', '0', '0'),
(75, 'ACC16', 'Tech One', 0, '', '', '0.00000000', '', '', '', '', '', '', '', '', '', '', 0, '0', '0', '0'),
(78, 'ACC17', 'Ovest', 0, '', '', '0.00000000', '', '', '', '', '', '', '', '', '', '', 0, '0', '0', '0'),
(87, 'ACC18', 'kgi', 0, '', '', '0.00000000', '', '', '', '', '', '', '', '', '', '', 0, '0', '0', '0'),
(90, 'ACC19', 'China Merchants Securities', 0, '', '', '0.00000000', '', '', '', '', '', '', '', '', '', '', 0, '0', '0', '0'),
(93, 'ACC20', 'China Galaxy International', 0, '', '', '0.00000000', '', '', '', '', '', '', '', '', '', '', 0, '0', '0', '0'),
(95, 'ACC21', 'Goldenway', 0, '', '', '0.00000000', '', '', '', '', '', '', '', '', '', '', 0, '0', '0', '0'),
(98, 'ACC22', 'BuildKing', 0, '', '', '0.00000000', '', '', '', '', '', '', '', '', '', '', 0, '0', '0', '0'),
(101, 'ACC23', 'Industrial Bank', 0, '', '', '0.00000000', '', '', '', '', '', '', '', '', '', '', 0, '0', '0', '0'),
(103, 'ACC24', 'Rapid Shield', 0, '', '', '0.00000000', '', '', '', '', '', '', '', '', '', '', 0, '0', '0', '0'),
(106, 'ACC25', 'KGI', 0, '', '', '0.00000000', '', '', '', '', '', '', '', '', '', '', 0, '0', '0', '0'),
(109, 'ACC26', 'FB Trading (HK) Limited', 0, '', '', '0.00000000', '', '', '', '', '60557146', '', 'kf1382@gmail.com', '', '', '', 0, '0', '0', '0'),
(127, 'ACC27', 'Fulbright', 0, '', '', '0.00000000', '', '', '', '', '', '', '', '', '', '', 0, '0', '0', '0'),
(130, 'ACC28', 'RHB OSK', 0, '', '', '0.00000000', '', '', '', '', '', '', '', '', '', '', 0, '0', '0', '0'),
(132, 'ACC29', 'GUO YUAN securities', 0, '', '', '0.00000000', '', '', '', '', '', '', '', '', '', '', 0, '0', '0', '0'),
(134, 'ACC30', 'Hoi Meng Group', 0, '', '', '61395.34883721', '', '', '', '', '', '', '', '', '', '', 0, '0', '0', '0'),
(138, 'ACC31', 'IMPERIUM', 0, '', '', '0.00000000', '', '', '', '', '', '', '', '', '', '', 0, '0', '0', '0'),
(154, 'ACC32', 'BC & D International Ltd', 0, '', '', '0.00000000', '', '', '', '', '', '', '', '', '', '', 0, '0', '0', '0'),
(159, 'ACC33', 'South West', 0, '', '', '0.00000000', '', '', '', '', '', '', '', '', '', '', 0, '0', '0', '0'),
(164, 'ACC34', 'Motion Networks Tech', 0, '', '', '0.00000000', '', '', '', '', '', '', '', '', '', '', 0, '0', '0', '0'),
(165, 'ACC35', 'ChinaComm', 0, '', '', '0.00000000', '', '', '', '', '', '', '', '', '', '', 0, '0', '0', '0'),
(166, 'ACC36', 'Super Light', 0, '', '', '0.00000000', '', '', '', '', '', '', '', '', '', '', 0, '0', '0', '0'),
(168, 'ACC37', 'CPC', 0, '', '', '0.00000000', '', '', '', '', '', '', '', '', '', '', 0, '0', '0', '0');

-- --------------------------------------------------------

--
-- 表的结构 `vtiger_accountbillads`
--

CREATE TABLE IF NOT EXISTS `vtiger_accountbillads` (
  `accountaddressid` int(19) NOT NULL DEFAULT '0',
  `bill_city` varchar(30) DEFAULT NULL,
  `bill_code` varchar(30) DEFAULT NULL,
  `bill_country` varchar(30) DEFAULT NULL,
  `bill_state` varchar(30) DEFAULT NULL,
  `bill_street` varchar(250) DEFAULT NULL,
  `bill_pobox` varchar(30) DEFAULT NULL
) ENGINE=InnoDB DEFAULT CHARSET=utf8;

--
-- 转存表中的数据 `vtiger_accountbillads`
--

INSERT INTO `vtiger_accountbillads` (`accountaddressid`, `bill_city`, `bill_code`, `bill_country`, `bill_state`, `bill_street`, `bill_pobox`) VALUES
(7, '', '', '', '', 'Level 2, The Long Beach Commercial Podium, 8 Hoi Fai Road, Kowloon, HK', ''),
(10, '', '', '', '', '38 Wang Lee Street, Yuen Long Industrial Estate, \nBright Future Pharmaceutical Centre, Yuen Long, N.T., Hong Kong', ''),
(19, '', '', '', '', '7/F, Cityplaza One, 1111 King''s Road', ''),
(34, '', '', '', '', '', ''),
(35, '', '', '', '', '', ''),
(44, '', '', '', '', '', ''),
(47, '', '', '', '', '1/F, Century Center, 44-46 Hung To road, Kwun Tong, HK', ''),
(48, '', '', '', '', '', ''),
(51, '', '', '', '', '', ''),
(55, '', '', '', '', '', ''),
(58, '', '', '', '', 'Room D, Block G, 15/K, Phrase 2, Kwai Shing Ind Building, 42-46 Tai Lin Pai RD, Kwai Chung, NT', ''),
(61, '', '', '', '', '', ''),
(63, '', '', '', '', '', ''),
(66, '', '', '', '', '', ''),
(72, '', '', '', '', '', ''),
(75, '', '', '', '', '', ''),
(78, '', '', '', '', '', ''),
(87, '', '', '', '', '', ''),
(90, '', '', '', '', '', ''),
(93, '', '', '', '', '', ''),
(95, '', '', '', '', '', ''),
(98, '', '', '', '', '', ''),
(101, '', '', '', '', '', ''),
(103, '', '', '', '', '', ''),
(106, '', '', '', '', '', ''),
(109, '', '', 'Hong Kong', '', 'Rm 6, 6/F., Sun Fung Ctr.,\n88 Kwok Shui Rd., Kwai Chung, N.T.', ''),
(127, '', '', '', '', '', ''),
(130, '', '', '', '', '', ''),
(132, '', '', '', '', '', ''),
(134, '', '', '', '', '', ''),
(138, '', '', '', '', '', ''),
(154, '', '', '', '', '', ''),
(159, '', '', '', '', '', ''),
(164, '', '', '', '', '', ''),
(165, '', '', '', '', '', ''),
(166, '', '', '', '', '', ''),
(168, '', '', '', '', '', '');

-- --------------------------------------------------------

--
-- 表的结构 `vtiger_accountrating`
--

CREATE TABLE IF NOT EXISTS `vtiger_accountrating` (
  `accountratingid` int(19) NOT NULL,
  `rating` varchar(200) NOT NULL,
  `sortorderid` int(19) NOT NULL DEFAULT '0',
  `presence` int(1) NOT NULL DEFAULT '1'
) ENGINE=InnoDB DEFAULT CHARSET=utf8;

-- --------------------------------------------------------

--
-- 表的结构 `vtiger_accountscf`
--

CREATE TABLE IF NOT EXISTS `vtiger_accountscf` (
  `accountid` int(19) NOT NULL DEFAULT '0'
) ENGINE=InnoDB DEFAULT CHARSET=utf8;

--
-- 转存表中的数据 `vtiger_accountscf`
--

INSERT INTO `vtiger_accountscf` (`accountid`) VALUES
(7),
(10),
(19),
(34),
(35),
(44),
(47),
(48),
(51),
(55),
(58),
(61),
(63),
(66),
(72),
(75),
(78),
(87),
(90),
(93),
(95),
(98),
(101),
(103),
(106),
(109),
(127),
(130),
(132),
(134),
(138),
(154),
(159),
(164),
(165),
(166),
(168);

-- --------------------------------------------------------

--
-- 表的结构 `vtiger_accountshipads`
--

CREATE TABLE IF NOT EXISTS `vtiger_accountshipads` (
  `accountaddressid` int(19) NOT NULL DEFAULT '0',
  `ship_city` varchar(30) DEFAULT NULL,
  `ship_code` varchar(30) DEFAULT NULL,
  `ship_country` varchar(30) DEFAULT NULL,
  `ship_state` varchar(30) DEFAULT NULL,
  `ship_pobox` varchar(30) DEFAULT NULL,
  `ship_street` varchar(250) DEFAULT NULL
) ENGINE=InnoDB DEFAULT CHARSET=utf8;

--
-- 转存表中的数据 `vtiger_accountshipads`
--

INSERT INTO `vtiger_accountshipads` (`accountaddressid`, `ship_city`, `ship_code`, `ship_country`, `ship_state`, `ship_pobox`, `ship_street`) VALUES
(7, '', '', '', '', '', 'Level 2, The Long Beach Commercial Podium, 8 Hoi Fai Road, Kowloon, HK'),
(10, '', '', '', '', '', '38 Wang Lee Street, Yuen Long Industrial Estate, \nBright Future Pharmaceutical Centre, Yuen Long, N.T., Hong Kong'),
(19, '', '', '', '', '', ''),
(34, '', '', '', '', '', ''),
(35, '', '', '', '', '', ''),
(44, '', '', '', '', '', ''),
(47, '', '', '', '', '', '1/F, Century Center, 44-46 Hung To road, Kwun Tong, HK'),
(48, '', '', '', '', '', ''),
(51, '', '', '', '', '', ''),
(55, '', '', '', '', '', ''),
(58, '', '', '', '', '', 'Room D, Block G, 15/K, Phrase 2, Kwai Shing Ind Building, 42-46 Tai Lin Pai RD, Kwai Chung, NT'),
(61, '', '', '', '', '', ''),
(63, '', '', '', '', '', ''),
(66, '', '', '', '', '', ''),
(72, '', '', '', '', '', ''),
(75, '', '', '', '', '', ''),
(78, '', '', '', '', '', ''),
(87, '', '', '', '', '', ''),
(90, '', '', '', '', '', ''),
(93, '', '', '', '', '', ''),
(95, '', '', '', '', '', ''),
(98, '', '', '', '', '', ''),
(101, '', '', '', '', '', ''),
(103, '', '', '', '', '', ''),
(106, '', '', '', '', '', ''),
(109, '', '', '', '', '', ''),
(127, '', '', '', '', '', ''),
(130, '', '', '', '', '', ''),
(132, '', '', '', '', '', ''),
(134, '', '', '', '', '', ''),
(138, '', '', '', '', '', ''),
(154, '', '', '', '', '', ''),
(159, '', '', '', '', '', ''),
(164, '', '', '', '', '', ''),
(165, '', '', '', '', '', ''),
(166, '', '', '', '', '', ''),
(168, '', '', '', '', '', '');

-- --------------------------------------------------------

--
-- 表的结构 `vtiger_accounttype`
--

CREATE TABLE IF NOT EXISTS `vtiger_accounttype` (
  `accounttypeid` int(19) NOT NULL,
  `accounttype` varchar(200) NOT NULL,
  `presence` int(1) NOT NULL DEFAULT '1',
  `picklist_valueid` int(19) NOT NULL DEFAULT '0',
  `sortorderid` int(11) DEFAULT NULL
) ENGINE=InnoDB AUTO_INCREMENT=12 DEFAULT CHARSET=utf8;

--
-- 转存表中的数据 `vtiger_accounttype`
--

INSERT INTO `vtiger_accounttype` (`accounttypeid`, `accounttype`, `presence`, `picklist_valueid`, `sortorderid`) VALUES
(2, 'Analyst', 1, 2, 1),
(3, 'Competitor', 1, 3, 2),
(4, 'Customer', 1, 4, 3),
(5, 'Integrator', 1, 5, 4),
(6, 'Investor', 1, 6, 5),
(7, 'Partner', 1, 7, 6),
(8, 'Press', 1, 8, 7),
(9, 'Prospect', 1, 9, 8),
(10, 'Reseller', 1, 10, 9),
(11, 'Other', 1, 11, 10);

-- --------------------------------------------------------

--
-- 表的结构 `vtiger_accounttype_seq`
--

CREATE TABLE IF NOT EXISTS `vtiger_accounttype_seq` (
  `id` int(11) NOT NULL
) ENGINE=InnoDB DEFAULT CHARSET=utf8;

--
-- 转存表中的数据 `vtiger_accounttype_seq`
--

INSERT INTO `vtiger_accounttype_seq` (`id`) VALUES
(11);

-- --------------------------------------------------------

--
-- 表的结构 `vtiger_actionmapping`
--

CREATE TABLE IF NOT EXISTS `vtiger_actionmapping` (
  `actionid` int(19) NOT NULL,
  `actionname` varchar(200) NOT NULL,
  `securitycheck` int(19) DEFAULT NULL
) ENGINE=InnoDB DEFAULT CHARSET=utf8;

--
-- 转存表中的数据 `vtiger_actionmapping`
--

INSERT INTO `vtiger_actionmapping` (`actionid`, `actionname`, `securitycheck`) VALUES
(0, 'Save', 0),
(0, 'SavePriceBook', 1),
(0, 'SaveVendor', 1),
(1, 'DetailViewAjax', 1),
(1, 'EditView', 0),
(1, 'PriceBookEditView', 1),
(1, 'QuickCreate', 1),
(1, 'VendorEditView', 1),
(2, 'Delete', 0),
(2, 'DeletePriceBook', 1),
(2, 'DeleteVendor', 1),
(3, 'index', 0),
(3, 'Popup', 1),
(4, 'DetailView', 0),
(4, 'PriceBookDetailView', 1),
(4, 'TagCloud', 1),
(4, 'VendorDetailView', 1),
(5, 'Import', 0),
(6, 'Export', 0),
(8, 'Merge', 0),
(9, 'ConvertLead', 0),
(10, 'DuplicatesHandling', 0),
(11, 'ReceiveIncomingCalls', 0),
(12, 'MakeOutgoingCalls', 0),
(13, 'Print', 0);

-- --------------------------------------------------------

--
-- 表的结构 `vtiger_activity`
--

CREATE TABLE IF NOT EXISTS `vtiger_activity` (
  `activityid` int(19) NOT NULL DEFAULT '0',
  `subject` varchar(100) NOT NULL,
  `semodule` varchar(20) DEFAULT NULL,
  `activitytype` varchar(200) NOT NULL,
  `date_start` date NOT NULL,
  `due_date` date DEFAULT NULL,
  `time_start` varchar(50) DEFAULT NULL,
  `time_end` varchar(50) DEFAULT NULL,
  `sendnotification` varchar(3) NOT NULL DEFAULT '0',
  `duration_hours` varchar(200) DEFAULT NULL,
  `duration_minutes` varchar(200) DEFAULT NULL,
  `status` varchar(200) DEFAULT NULL,
  `eventstatus` varchar(200) DEFAULT NULL,
  `priority` varchar(200) DEFAULT NULL,
  `location` varchar(150) DEFAULT NULL,
  `notime` varchar(3) NOT NULL DEFAULT '0',
  `visibility` varchar(50) NOT NULL DEFAULT 'all',
  `recurringtype` varchar(200) DEFAULT NULL
) ENGINE=InnoDB DEFAULT CHARSET=utf8;

--
-- 转存表中的数据 `vtiger_activity`
--

INSERT INTO `vtiger_activity` (`activityid`, `subject`, `semodule`, `activitytype`, `date_start`, `due_date`, `time_start`, `time_end`, `sendnotification`, `duration_hours`, `duration_minutes`, `status`, `eventstatus`, `priority`, `location`, `notime`, `visibility`, `recurringtype`) VALUES
(2, 'asa', NULL, 'Meeting', '2016-07-02', '2016-07-02', '16:00:00', '16:05:00', '0', '0', '5', NULL, 'Not Held', '', '', '0', 'Public', ''),
(3, 'good morning', NULL, 'Task', '2016-07-07', '2016-07-08', '13:00:00', '', '0', '-407701', '0', 'Not Started', '', '', '', '0', 'Private', ''),
(71, 'Digital China meeting', NULL, 'Meeting', '2016-08-11', '2016-08-11', '07:00:00', '09:00:00', '0', '2', '0', NULL, 'Planned', '', '', '0', 'Public', '--None--'),
(172, 'Meeting with smeoa', NULL, 'Call', '2016-10-12', '2016-10-12', '02:00:00', '02:05:00', '0', '0', '5', NULL, 'Planned', '', '', '0', 'Public', ''),
(173, 'TFI Training', NULL, 'Meeting', '2016-10-14', '2016-10-14', '01:30:00', '03:30:00', '0', '2', '0', NULL, 'Planned', '', '', '0', 'Public', '');

-- --------------------------------------------------------

--
-- 表的结构 `vtiger_activitycf`
--

CREATE TABLE IF NOT EXISTS `vtiger_activitycf` (
  `activityid` int(19) NOT NULL DEFAULT '0'
) ENGINE=InnoDB DEFAULT CHARSET=utf8;

--
-- 转存表中的数据 `vtiger_activitycf`
--

INSERT INTO `vtiger_activitycf` (`activityid`) VALUES
(2),
(3),
(71),
(172),
(173);

-- --------------------------------------------------------

--
-- 表的结构 `vtiger_activityproductrel`
--

CREATE TABLE IF NOT EXISTS `vtiger_activityproductrel` (
  `activityid` int(19) NOT NULL DEFAULT '0',
  `productid` int(19) NOT NULL DEFAULT '0'
) ENGINE=InnoDB DEFAULT CHARSET=utf8;

-- --------------------------------------------------------

--
-- 表的结构 `vtiger_activitytype`
--

CREATE TABLE IF NOT EXISTS `vtiger_activitytype` (
  `activitytypeid` int(19) NOT NULL,
  `activitytype` varchar(200) NOT NULL,
  `presence` int(1) NOT NULL DEFAULT '1',
  `picklist_valueid` int(19) NOT NULL DEFAULT '0',
  `sortorderid` int(11) DEFAULT NULL
) ENGINE=InnoDB AUTO_INCREMENT=4 DEFAULT CHARSET=utf8;

--
-- 转存表中的数据 `vtiger_activitytype`
--

INSERT INTO `vtiger_activitytype` (`activitytypeid`, `activitytype`, `presence`, `picklist_valueid`, `sortorderid`) VALUES
(1, 'Call', 0, 12, 0),
(2, 'Meeting', 0, 13, 1),
(3, 'Mobile Call', 0, 295, 1);

-- --------------------------------------------------------

--
-- 表的结构 `vtiger_activitytype_seq`
--

CREATE TABLE IF NOT EXISTS `vtiger_activitytype_seq` (
  `id` int(11) NOT NULL
) ENGINE=InnoDB DEFAULT CHARSET=utf8;

--
-- 转存表中的数据 `vtiger_activitytype_seq`
--

INSERT INTO `vtiger_activitytype_seq` (`id`) VALUES
(3);

-- --------------------------------------------------------

--
-- 表的结构 `vtiger_activity_reminder`
--

CREATE TABLE IF NOT EXISTS `vtiger_activity_reminder` (
  `activity_id` int(11) NOT NULL,
  `reminder_time` int(11) NOT NULL,
  `reminder_sent` int(2) NOT NULL,
  `recurringid` int(19) NOT NULL
) ENGINE=InnoDB DEFAULT CHARSET=utf8;

-- --------------------------------------------------------

--
-- 表的结构 `vtiger_activity_reminder_popup`
--

CREATE TABLE IF NOT EXISTS `vtiger_activity_reminder_popup` (
  `reminderid` int(19) NOT NULL,
  `semodule` varchar(100) NOT NULL,
  `recordid` int(19) NOT NULL,
  `date_start` date NOT NULL,
  `time_start` varchar(100) NOT NULL,
  `status` int(2) NOT NULL
) ENGINE=InnoDB AUTO_INCREMENT=6 DEFAULT CHARSET=utf8;

--
-- 转存表中的数据 `vtiger_activity_reminder_popup`
--

INSERT INTO `vtiger_activity_reminder_popup` (`reminderid`, `semodule`, `recordid`, `date_start`, `time_start`, `status`) VALUES
(1, 'Calendar', 2, '2016-07-02', '16:00:00', 0),
(2, 'Calendar', 3, '2016-07-07', '13:00:00', 1),
(3, 'Events', 71, '2016-08-11', '07:00:00', 0),
(4, 'Calendar', 172, '2016-10-12', '02:00:00', 0),
(5, 'Calendar', 173, '2016-10-14', '01:30:00', 0);

-- --------------------------------------------------------

--
-- 表的结构 `vtiger_activity_view`
--

CREATE TABLE IF NOT EXISTS `vtiger_activity_view` (
  `activity_viewid` int(19) NOT NULL,
  `activity_view` varchar(200) NOT NULL,
  `sortorderid` int(19) NOT NULL DEFAULT '0',
  `presence` int(1) NOT NULL DEFAULT '1'
) ENGINE=InnoDB AUTO_INCREMENT=5 DEFAULT CHARSET=utf8;

--
-- 转存表中的数据 `vtiger_activity_view`
--

INSERT INTO `vtiger_activity_view` (`activity_viewid`, `activity_view`, `sortorderid`, `presence`) VALUES
(1, 'Today', 0, 1),
(2, 'This Week', 1, 1),
(3, 'This Month', 2, 1),
(4, 'This Year', 3, 1);

-- --------------------------------------------------------

--
-- 表的结构 `vtiger_activity_view_seq`
--

CREATE TABLE IF NOT EXISTS `vtiger_activity_view_seq` (
  `id` int(11) NOT NULL
) ENGINE=InnoDB DEFAULT CHARSET=utf8;

--
-- 转存表中的数据 `vtiger_activity_view_seq`
--

INSERT INTO `vtiger_activity_view_seq` (`id`) VALUES
(4);

-- --------------------------------------------------------

--
-- 表的结构 `vtiger_announcement`
--

CREATE TABLE IF NOT EXISTS `vtiger_announcement` (
  `creatorid` int(19) NOT NULL,
  `announcement` text,
  `title` varchar(255) DEFAULT NULL,
  `time` timestamp NOT NULL DEFAULT CURRENT_TIMESTAMP ON UPDATE CURRENT_TIMESTAMP
) ENGINE=InnoDB DEFAULT CHARSET=utf8;

-- --------------------------------------------------------

--
-- 表的结构 `vtiger_assets`
--

CREATE TABLE IF NOT EXISTS `vtiger_assets` (
  `assetsid` int(11) NOT NULL,
  `asset_no` varchar(30) NOT NULL,
  `account` int(19) DEFAULT NULL,
  `product` int(19) NOT NULL,
  `serialnumber` varchar(200) DEFAULT NULL,
  `datesold` date DEFAULT NULL,
  `dateinservice` date DEFAULT NULL,
  `assetstatus` varchar(200) DEFAULT 'In Service',
  `tagnumber` varchar(300) DEFAULT NULL,
  `invoiceid` int(19) DEFAULT NULL,
  `shippingmethod` varchar(200) DEFAULT NULL,
  `shippingtrackingnumber` varchar(200) DEFAULT NULL,
  `assetname` varchar(100) DEFAULT NULL,
  `contact` int(19) DEFAULT NULL
) ENGINE=InnoDB DEFAULT CHARSET=utf8;

-- --------------------------------------------------------

--
-- 表的结构 `vtiger_assetscf`
--

CREATE TABLE IF NOT EXISTS `vtiger_assetscf` (
  `assetsid` int(19) NOT NULL
) ENGINE=InnoDB DEFAULT CHARSET=utf8;

-- --------------------------------------------------------

--
-- 表的结构 `vtiger_assetstatus`
--

CREATE TABLE IF NOT EXISTS `vtiger_assetstatus` (
  `assetstatusid` int(11) NOT NULL,
  `assetstatus` varchar(200) NOT NULL,
  `presence` int(1) NOT NULL DEFAULT '1',
  `picklist_valueid` int(11) NOT NULL DEFAULT '0',
  `sortorderid` int(11) DEFAULT '0'
) ENGINE=InnoDB AUTO_INCREMENT=3 DEFAULT CHARSET=utf8;

--
-- 转存表中的数据 `vtiger_assetstatus`
--

INSERT INTO `vtiger_assetstatus` (`assetstatusid`, `assetstatus`, `presence`, `picklist_valueid`, `sortorderid`) VALUES
(1, 'In Service', 1, 286, 1),
(2, 'Out-of-service', 1, 287, 2);

-- --------------------------------------------------------

--
-- 表的结构 `vtiger_assetstatus_seq`
--

CREATE TABLE IF NOT EXISTS `vtiger_assetstatus_seq` (
  `id` int(11) NOT NULL
) ENGINE=InnoDB DEFAULT CHARSET=utf8;

--
-- 转存表中的数据 `vtiger_assetstatus_seq`
--

INSERT INTO `vtiger_assetstatus_seq` (`id`) VALUES
(2);

-- --------------------------------------------------------

--
-- 表的结构 `vtiger_asterisk`
--

CREATE TABLE IF NOT EXISTS `vtiger_asterisk` (
  `server` varchar(30) DEFAULT NULL,
  `port` varchar(30) DEFAULT NULL,
  `username` varchar(50) DEFAULT NULL,
  `password` varchar(50) DEFAULT NULL,
  `version` varchar(50) DEFAULT NULL
) ENGINE=InnoDB DEFAULT CHARSET=utf8;

-- --------------------------------------------------------

--
-- 表的结构 `vtiger_asteriskextensions`
--

CREATE TABLE IF NOT EXISTS `vtiger_asteriskextensions` (
  `userid` int(11) DEFAULT NULL,
  `asterisk_extension` varchar(50) DEFAULT NULL,
  `use_asterisk` varchar(3) DEFAULT NULL
) ENGINE=InnoDB DEFAULT CHARSET=utf8;

--
-- 转存表中的数据 `vtiger_asteriskextensions`
--

INSERT INTO `vtiger_asteriskextensions` (`userid`, `asterisk_extension`, `use_asterisk`) VALUES
(1, NULL, NULL),
(5, NULL, NULL),
(6, NULL, NULL),
(7, NULL, NULL),
(8, NULL, NULL),
(9, NULL, NULL),
(11, NULL, NULL),
(12, NULL, NULL),
(13, NULL, NULL),
(15, NULL, NULL),
(16, NULL, NULL),
(17, NULL, NULL),
(18, NULL, NULL),
(19, NULL, NULL);

-- --------------------------------------------------------

--
-- 表的结构 `vtiger_asteriskincomingcalls`
--

CREATE TABLE IF NOT EXISTS `vtiger_asteriskincomingcalls` (
  `from_number` varchar(50) DEFAULT NULL,
  `from_name` varchar(50) DEFAULT NULL,
  `to_number` varchar(50) DEFAULT NULL,
  `callertype` varchar(30) DEFAULT NULL,
  `flag` int(19) DEFAULT NULL,
  `timer` int(19) DEFAULT NULL,
  `refuid` varchar(255) DEFAULT NULL
) ENGINE=InnoDB DEFAULT CHARSET=utf8;

-- --------------------------------------------------------

--
-- 表的结构 `vtiger_asteriskincomingevents`
--

CREATE TABLE IF NOT EXISTS `vtiger_asteriskincomingevents` (
  `uid` varchar(255) NOT NULL,
  `channel` varchar(100) DEFAULT NULL,
  `from_number` bigint(20) DEFAULT NULL,
  `from_name` varchar(100) DEFAULT NULL,
  `to_number` bigint(20) DEFAULT NULL,
  `callertype` varchar(100) DEFAULT NULL,
  `timer` int(20) DEFAULT NULL,
  `flag` varchar(3) DEFAULT NULL,
  `pbxrecordid` int(19) DEFAULT NULL,
  `relcrmid` int(19) DEFAULT NULL
) ENGINE=InnoDB DEFAULT CHARSET=utf8;

-- --------------------------------------------------------

--
-- 表的结构 `vtiger_attachments`
--

CREATE TABLE IF NOT EXISTS `vtiger_attachments` (
  `attachmentsid` int(19) NOT NULL,
  `name` varchar(255) NOT NULL,
  `description` text,
  `type` varchar(100) DEFAULT NULL,
  `path` text,
  `subject` varchar(255) DEFAULT NULL
) ENGINE=InnoDB DEFAULT CHARSET=utf8;

-- --------------------------------------------------------

--
-- 表的结构 `vtiger_attachmentsfolder`
--

CREATE TABLE IF NOT EXISTS `vtiger_attachmentsfolder` (
  `folderid` int(19) NOT NULL,
  `foldername` varchar(200) NOT NULL,
  `description` varchar(250) DEFAULT NULL,
  `createdby` int(19) NOT NULL,
  `sequence` int(19) DEFAULT NULL
) ENGINE=InnoDB AUTO_INCREMENT=2 DEFAULT CHARSET=utf8;

--
-- 转存表中的数据 `vtiger_attachmentsfolder`
--

INSERT INTO `vtiger_attachmentsfolder` (`folderid`, `foldername`, `description`, `createdby`, `sequence`) VALUES
(1, 'Default', 'This is a Default Folder', 1, 1);

-- --------------------------------------------------------

--
-- 表的结构 `vtiger_attachmentsfolder_seq`
--

CREATE TABLE IF NOT EXISTS `vtiger_attachmentsfolder_seq` (
  `id` int(11) NOT NULL
) ENGINE=InnoDB DEFAULT CHARSET=utf8;

--
-- 转存表中的数据 `vtiger_attachmentsfolder_seq`
--

INSERT INTO `vtiger_attachmentsfolder_seq` (`id`) VALUES
(1);

-- --------------------------------------------------------

--
-- 表的结构 `vtiger_audit_trial`
--

CREATE TABLE IF NOT EXISTS `vtiger_audit_trial` (
  `auditid` int(19) NOT NULL,
  `userid` int(19) DEFAULT NULL,
  `module` varchar(255) DEFAULT NULL,
  `action` varchar(255) DEFAULT NULL,
  `recordid` varchar(20) DEFAULT NULL,
  `actiondate` datetime DEFAULT NULL
) ENGINE=InnoDB DEFAULT CHARSET=utf8;

-- --------------------------------------------------------

--
-- 表的结构 `vtiger_blocks`
--

CREATE TABLE IF NOT EXISTS `vtiger_blocks` (
  `blockid` int(19) NOT NULL,
  `tabid` int(19) NOT NULL,
  `blocklabel` varchar(100) NOT NULL,
  `sequence` int(10) DEFAULT NULL,
  `show_title` int(2) DEFAULT NULL,
  `visible` int(2) NOT NULL DEFAULT '0',
  `create_view` int(2) NOT NULL DEFAULT '0',
  `edit_view` int(2) NOT NULL DEFAULT '0',
  `detail_view` int(2) NOT NULL DEFAULT '0',
  `display_status` int(1) NOT NULL DEFAULT '1',
  `iscustom` int(1) NOT NULL DEFAULT '0'
) ENGINE=InnoDB DEFAULT CHARSET=utf8;

--
-- 转存表中的数据 `vtiger_blocks`
--

INSERT INTO `vtiger_blocks` (`blockid`, `tabid`, `blocklabel`, `sequence`, `show_title`, `visible`, `create_view`, `edit_view`, `detail_view`, `display_status`, `iscustom`) VALUES
(1, 2, 'LBL_OPPORTUNITY_INFORMATION', 1, 0, 0, 0, 0, 0, 1, 0),
(2, 2, 'LBL_CUSTOM_INFORMATION', 2, 0, 0, 0, 0, 0, 1, 0),
(3, 2, 'LBL_DESCRIPTION_INFORMATION', 3, 0, 0, 0, 0, 0, 1, 0),
(4, 4, 'LBL_CONTACT_INFORMATION', 1, 0, 0, 0, 0, 0, 1, 0),
(5, 4, 'LBL_CUSTOM_INFORMATION', 2, 0, 0, 0, 0, 0, 1, 0),
(6, 4, 'LBL_CUSTOMER_PORTAL_INFORMATION', 3, 0, 0, 0, 0, 0, 1, 0),
(7, 4, 'LBL_ADDRESS_INFORMATION', 4, 0, 0, 0, 0, 0, 1, 0),
(8, 4, 'LBL_DESCRIPTION_INFORMATION', 5, 0, 0, 0, 0, 0, 1, 0),
(9, 6, 'LBL_ACCOUNT_INFORMATION', 1, 0, 0, 0, 0, 0, 1, 0),
(10, 6, 'LBL_CUSTOM_INFORMATION', 2, 0, 0, 0, 0, 0, 1, 0),
(11, 6, 'LBL_ADDRESS_INFORMATION', 3, 0, 0, 0, 0, 0, 1, 0),
(12, 6, 'LBL_DESCRIPTION_INFORMATION', 4, 0, 0, 0, 0, 0, 1, 0),
(13, 7, 'LBL_LEAD_INFORMATION', 1, 0, 0, 0, 0, 0, 1, 0),
(14, 7, 'LBL_CUSTOM_INFORMATION', 2, 0, 0, 0, 0, 0, 1, 0),
(15, 7, 'LBL_ADDRESS_INFORMATION', 3, 0, 0, 0, 0, 0, 1, 0),
(16, 7, 'LBL_DESCRIPTION_INFORMATION', 4, 0, 0, 0, 0, 0, 1, 0),
(17, 8, 'LBL_NOTE_INFORMATION', 1, 0, 0, 0, 0, 0, 1, 0),
(18, 8, 'LBL_FILE_INFORMATION', 3, 1, 0, 0, 0, 0, 1, 0),
(19, 9, 'LBL_TASK_INFORMATION', 1, 0, 0, 0, 0, 0, 1, 0),
(20, 9, 'LBL_DESCRIPTION_INFORMATION', 2, 1, 0, 0, 0, 0, 1, 0),
(21, 10, 'LBL_EMAIL_INFORMATION', 1, 0, 0, 0, 0, 0, 1, 0),
(22, 10, 'Emails_Block1', 2, 1, 0, 0, 0, 0, 1, 0),
(23, 10, 'Emails_Block2', 3, 1, 0, 0, 0, 0, 1, 0),
(24, 10, 'Emails_Block3', 4, 1, 0, 0, 0, 0, 1, 0),
(25, 13, 'LBL_TICKET_INFORMATION', 1, 0, 0, 0, 0, 0, 1, 0),
(26, 13, '', 2, 1, 0, 0, 0, 0, 1, 0),
(27, 13, 'LBL_CUSTOM_INFORMATION', 3, 0, 0, 0, 0, 0, 1, 0),
(28, 13, 'LBL_DESCRIPTION_INFORMATION', 4, 0, 0, 0, 0, 0, 1, 0),
(29, 13, 'LBL_TICKET_RESOLUTION', 5, 0, 0, 1, 0, 0, 1, 0),
(30, 13, 'LBL_COMMENTS', 6, 0, 0, 1, 0, 0, 1, 0),
(31, 14, 'LBL_PRODUCT_INFORMATION', 1, 0, 0, 0, 0, 0, 1, 0),
(32, 14, 'LBL_PRICING_INFORMATION', 2, 0, 0, 0, 0, 0, 1, 0),
(33, 14, 'LBL_STOCK_INFORMATION', 3, 0, 0, 0, 0, 0, 1, 0),
(34, 14, 'LBL_CUSTOM_INFORMATION', 4, 0, 0, 0, 0, 0, 1, 0),
(35, 14, 'LBL_IMAGE_INFORMATION', 5, 0, 0, 0, 0, 0, 1, 0),
(36, 14, 'LBL_DESCRIPTION_INFORMATION', 6, 0, 0, 0, 0, 0, 1, 0),
(37, 15, 'LBL_FAQ_INFORMATION', 1, 0, 0, 0, 0, 0, 1, 0),
(38, 15, 'LBL_COMMENT_INFORMATION', 4, 0, 0, 1, 0, 0, 1, 0),
(39, 16, 'LBL_EVENT_INFORMATION', 1, 0, 0, 0, 0, 0, 1, 0),
(40, 16, 'LBL_REMINDER_INFORMATION', 2, 0, 0, 0, 0, 0, 1, 0),
(41, 16, 'LBL_DESCRIPTION_INFORMATION', 5, 0, 0, 0, 0, 0, 1, 0),
(42, 18, 'LBL_VENDOR_INFORMATION', 1, 0, 0, 0, 0, 0, 1, 0),
(43, 18, 'LBL_CUSTOM_INFORMATION', 2, 0, 0, 0, 0, 0, 1, 0),
(44, 18, 'LBL_VENDOR_ADDRESS_INFORMATION', 3, 0, 0, 0, 0, 0, 1, 0),
(45, 18, 'LBL_DESCRIPTION_INFORMATION', 4, 0, 0, 0, 0, 0, 1, 0),
(46, 19, 'LBL_PRICEBOOK_INFORMATION', 1, 0, 0, 0, 0, 0, 1, 0),
(47, 19, 'LBL_CUSTOM_INFORMATION', 2, 0, 0, 0, 0, 0, 1, 0),
(48, 19, 'LBL_DESCRIPTION_INFORMATION', 3, 0, 0, 0, 0, 0, 1, 0),
(49, 20, 'LBL_QUOTE_INFORMATION', 1, 0, 0, 0, 0, 0, 1, 0),
(50, 20, 'LBL_CUSTOM_INFORMATION', 2, 0, 0, 0, 0, 0, 1, 0),
(51, 20, 'LBL_ADDRESS_INFORMATION', 3, 0, 0, 0, 0, 0, 1, 0),
(52, 20, 'LBL_RELATED_PRODUCTS', 4, 0, 0, 0, 0, 0, 1, 0),
(53, 20, 'LBL_TERMS_INFORMATION', 5, 0, 0, 0, 0, 0, 1, 0),
(54, 20, 'LBL_DESCRIPTION_INFORMATION', 6, 0, 0, 0, 0, 0, 1, 0),
(55, 21, 'LBL_PO_INFORMATION', 1, 0, 0, 0, 0, 0, 1, 0),
(56, 21, 'LBL_CUSTOM_INFORMATION', 2, 0, 0, 0, 0, 0, 1, 0),
(57, 21, 'LBL_ADDRESS_INFORMATION', 3, 0, 0, 0, 0, 0, 1, 0),
(58, 21, 'LBL_RELATED_PRODUCTS', 4, 0, 0, 0, 0, 0, 1, 0),
(59, 21, 'LBL_TERMS_INFORMATION', 5, 0, 0, 0, 0, 0, 1, 0),
(60, 21, 'LBL_DESCRIPTION_INFORMATION', 6, 0, 0, 0, 0, 0, 1, 0),
(61, 22, 'LBL_SO_INFORMATION', 1, 0, 0, 0, 0, 0, 1, 0),
(62, 22, 'LBL_CUSTOM_INFORMATION', 3, 0, 0, 0, 0, 0, 1, 0),
(63, 22, 'LBL_ADDRESS_INFORMATION', 4, 0, 0, 0, 0, 0, 1, 0),
(64, 22, 'LBL_RELATED_PRODUCTS', 5, 0, 0, 0, 0, 0, 1, 0),
(65, 22, 'LBL_TERMS_INFORMATION', 6, 0, 0, 0, 0, 0, 1, 0),
(66, 22, 'LBL_DESCRIPTION_INFORMATION', 7, 0, 0, 0, 0, 0, 1, 0),
(67, 23, 'LBL_INVOICE_INFORMATION', 1, 0, 0, 0, 0, 0, 1, 0),
(68, 23, 'LBL_CUSTOM_INFORMATION', 2, 0, 0, 0, 0, 0, 1, 0),
(69, 23, 'LBL_ADDRESS_INFORMATION', 3, 0, 0, 0, 0, 0, 1, 0),
(70, 23, 'LBL_RELATED_PRODUCTS', 4, 0, 0, 0, 0, 0, 1, 0),
(71, 23, 'LBL_TERMS_INFORMATION', 5, 0, 0, 0, 0, 0, 1, 0),
(72, 23, 'LBL_DESCRIPTION_INFORMATION', 6, 0, 0, 0, 0, 0, 1, 0),
(73, 4, 'LBL_IMAGE_INFORMATION', 6, 0, 0, 0, 0, 0, 1, 0),
(74, 26, 'LBL_CAMPAIGN_INFORMATION', 1, 0, 0, 0, 0, 0, 1, 0),
(75, 26, 'LBL_CUSTOM_INFORMATION', 2, 0, 0, 0, 0, 0, 1, 0),
(76, 26, 'LBL_EXPECTATIONS_AND_ACTUALS', 3, 0, 0, 0, 0, 0, 1, 0),
(77, 29, 'LBL_USERLOGIN_ROLE', 1, 0, 0, 0, 0, 0, 1, 0),
(78, 29, 'LBL_CURRENCY_CONFIGURATION', 3, 0, 0, 0, 0, 0, 1, 0),
(79, 29, 'LBL_MORE_INFORMATION', 4, 0, 0, 0, 0, 0, 1, 0),
(80, 29, 'LBL_ADDRESS_INFORMATION', 5, 0, 0, 0, 0, 0, 1, 0),
(81, 26, 'LBL_DESCRIPTION_INFORMATION', 4, 0, 0, 0, 0, 0, 1, 0),
(82, 29, 'LBL_USER_IMAGE_INFORMATION', 5, 0, 0, 0, 0, 0, 1, 0),
(83, 29, 'LBL_USER_ADV_OPTIONS', 6, 0, 0, 0, 0, 0, 1, 0),
(84, 8, 'LBL_DESCRIPTION', 2, 0, 0, 0, 0, 0, 1, 0),
(85, 22, 'Recurring Invoice Information', 2, 0, 0, 0, 0, 0, 1, 0),
(86, 9, 'LBL_CUSTOM_INFORMATION', 3, 0, 0, 0, 0, 0, 1, 0),
(87, 16, 'LBL_CUSTOM_INFORMATION', 6, 0, 0, 0, 0, 0, 1, 0),
(88, 30, 'LBL_SERVICE_INFORMATION', 1, 0, 0, 0, 0, 0, 1, 0),
(89, 30, 'LBL_PRICING_INFORMATION', 2, 0, 0, 0, 0, 0, 1, 0),
(90, 30, 'LBL_CUSTOM_INFORMATION', 3, 0, 0, 0, 0, 0, 1, 0),
(91, 30, 'LBL_DESCRIPTION_INFORMATION', 4, 0, 0, 0, 0, 0, 1, 0),
(92, 33, 'LBL_SERVICE_CONTRACT_INFORMATION', 1, 0, 0, 0, 0, 0, 1, 0),
(93, 33, 'LBL_CUSTOM_INFORMATION', 2, 0, 0, 0, 0, 0, 1, 0),
(94, 35, 'LBL_PBXMANAGER_INFORMATION', 1, 0, 0, 0, 0, 0, 1, 0),
(95, 39, 'LBL_SMSNOTIFIER_INFORMATION', 1, 0, 0, 0, 0, 0, 1, 0),
(96, 39, 'LBL_CUSTOM_INFORMATION', 2, 0, 0, 0, 0, 0, 1, 0),
(97, 39, 'StatusInformation', 3, 0, 0, 0, 0, 0, 1, 0),
(98, 42, 'LBL_MODCOMMENTS_INFORMATION', 1, 0, 0, 0, 0, 0, 1, 0),
(99, 42, 'LBL_OTHER_INFORMATION', 2, 0, 0, 0, 0, 0, 1, 0),
(100, 42, 'LBL_CUSTOM_INFORMATION', 3, 0, 0, 0, 0, 0, 1, 0),
(101, 44, 'LBL_PROJECT_MILESTONE_INFORMATION', 1, 0, 0, 0, 0, 0, 1, 0),
(102, 44, 'LBL_CUSTOM_INFORMATION', 2, 0, 0, 0, 0, 0, 1, 0),
(103, 44, 'LBL_DESCRIPTION_INFORMATION', 3, 0, 0, 0, 0, 0, 1, 0),
(104, 45, 'LBL_PROJECT_TASK_INFORMATION', 1, 0, 0, 0, 0, 0, 1, 0),
(105, 45, 'LBL_CUSTOM_INFORMATION', 2, 0, 0, 0, 0, 0, 1, 0),
(106, 45, 'LBL_DESCRIPTION_INFORMATION', 3, 0, 0, 0, 0, 0, 1, 0),
(107, 46, 'LBL_PROJECT_INFORMATION', 1, 0, 0, 0, 0, 0, 1, 0),
(108, 46, 'LBL_CUSTOM_INFORMATION', 2, 0, 0, 0, 0, 0, 1, 0),
(109, 46, 'LBL_DESCRIPTION_INFORMATION', 3, 0, 0, 0, 0, 0, 1, 0),
(110, 47, 'LBL_ASSET_INFORMATION', 1, 0, 0, 0, 0, 0, 1, 0),
(111, 47, 'LBL_CUSTOM_INFORMATION', 2, 0, 0, 0, 0, 0, 1, 0),
(112, 47, 'LBL_DESCRIPTION_INFORMATION', 3, 0, 0, 0, 0, 0, 1, 0),
(113, 23, 'LBL_ITEM_DETAILS', 5, 0, 0, 0, 0, 0, 1, 0),
(114, 22, 'LBL_ITEM_DETAILS', 5, 0, 0, 0, 0, 0, 1, 0),
(115, 21, 'LBL_ITEM_DETAILS', 5, 0, 0, 0, 0, 0, 1, 0),
(116, 20, 'LBL_ITEM_DETAILS', 5, 0, 0, 0, 0, 0, 1, 0),
(117, 16, 'LBL_RECURRENCE_INFORMATION', 3, 0, 0, 0, 0, 0, 1, 0),
(118, 29, 'LBL_CALENDAR_SETTINGS', 2, 0, 0, 0, 0, 0, 1, 0),
(119, 16, 'LBL_RELATED_TO', 4, 0, 0, 0, 0, 0, 1, 0);

-- --------------------------------------------------------

--
-- 表的结构 `vtiger_blocks_seq`
--

CREATE TABLE IF NOT EXISTS `vtiger_blocks_seq` (
  `id` int(11) NOT NULL
) ENGINE=InnoDB DEFAULT CHARSET=utf8;

--
-- 转存表中的数据 `vtiger_blocks_seq`
--

INSERT INTO `vtiger_blocks_seq` (`id`) VALUES
(119);

-- --------------------------------------------------------

--
-- 表的结构 `vtiger_calendarsharedtype`
--

CREATE TABLE IF NOT EXISTS `vtiger_calendarsharedtype` (
  `calendarsharedtypeid` int(11) NOT NULL,
  `calendarsharedtype` varchar(200) NOT NULL,
  `sortorderid` int(11) DEFAULT NULL,
  `presence` int(11) NOT NULL DEFAULT '1'
) ENGINE=InnoDB AUTO_INCREMENT=4 DEFAULT CHARSET=utf8;

--
-- 转存表中的数据 `vtiger_calendarsharedtype`
--

INSERT INTO `vtiger_calendarsharedtype` (`calendarsharedtypeid`, `calendarsharedtype`, `sortorderid`, `presence`) VALUES
(1, 'public', 1, 1),
(2, 'private', 2, 1),
(3, 'seletedusers', 3, 1);

-- --------------------------------------------------------

--
-- 表的结构 `vtiger_calendarsharedtype_seq`
--

CREATE TABLE IF NOT EXISTS `vtiger_calendarsharedtype_seq` (
  `id` int(11) NOT NULL
) ENGINE=InnoDB DEFAULT CHARSET=utf8;

--
-- 转存表中的数据 `vtiger_calendarsharedtype_seq`
--

INSERT INTO `vtiger_calendarsharedtype_seq` (`id`) VALUES
(3);

-- --------------------------------------------------------

--
-- 表的结构 `vtiger_calendar_default_activitytypes`
--

CREATE TABLE IF NOT EXISTS `vtiger_calendar_default_activitytypes` (
  `id` int(19) NOT NULL,
  `module` varchar(50) DEFAULT NULL,
  `fieldname` varchar(50) DEFAULT NULL,
  `defaultcolor` varchar(50) DEFAULT NULL
) ENGINE=InnoDB DEFAULT CHARSET=utf8;

--
-- 转存表中的数据 `vtiger_calendar_default_activitytypes`
--

INSERT INTO `vtiger_calendar_default_activitytypes` (`id`, `module`, `fieldname`, `defaultcolor`) VALUES
(1, 'Events', 'Events', '#17309A'),
(2, 'Calendar', 'Tasks', '#3A87AD'),
(3, 'Potentials', 'Potentials', '#AA6705'),
(4, 'Contacts', 'support_end_date', '#953B39'),
(5, 'Contacts', 'birthday', '#545252'),
(6, 'Invoice', 'Invoice', '#87865D'),
(7, 'Project', 'Project', '#C71585'),
(8, 'ProjectTask', 'Project Task', '#006400');

-- --------------------------------------------------------

--
-- 表的结构 `vtiger_calendar_default_activitytypes_seq`
--

CREATE TABLE IF NOT EXISTS `vtiger_calendar_default_activitytypes_seq` (
  `id` int(11) NOT NULL
) ENGINE=InnoDB DEFAULT CHARSET=utf8;

--
-- 转存表中的数据 `vtiger_calendar_default_activitytypes_seq`
--

INSERT INTO `vtiger_calendar_default_activitytypes_seq` (`id`) VALUES
(8);

-- --------------------------------------------------------

--
-- 表的结构 `vtiger_calendar_user_activitytypes`
--

CREATE TABLE IF NOT EXISTS `vtiger_calendar_user_activitytypes` (
  `id` int(19) NOT NULL,
  `defaultid` int(19) DEFAULT NULL,
  `userid` int(19) DEFAULT NULL,
  `color` varchar(50) DEFAULT NULL,
  `visible` int(19) DEFAULT '1'
) ENGINE=InnoDB DEFAULT CHARSET=utf8;

--
-- 转存表中的数据 `vtiger_calendar_user_activitytypes`
--

INSERT INTO `vtiger_calendar_user_activitytypes` (`id`, `defaultid`, `userid`, `color`, `visible`) VALUES
(1, 1, 1, '#17309A', 1),
(2, 2, 1, '#3A87AD', 1),
(3, 3, 1, '#AA6705', 1),
(4, 4, 1, '#953B39', 1),
(5, 5, 1, '#545252', 1),
(6, 6, 1, '#87865D', 1),
(7, 7, 1, '#C71585', 1),
(8, 8, 1, '#006400', 1),
(9, 1, 5, '#17309A', 1),
(10, 2, 5, '#3A87AD', 1),
(11, 3, 5, '#AA6705', 1),
(12, 4, 5, '#953B39', 1),
(13, 5, 5, '#545252', 1),
(14, 6, 5, '#87865D', 1),
(15, 7, 5, '#C71585', 1),
(16, 8, 5, '#006400', 1),
(17, 1, 6, '#17309A', 1),
(18, 2, 6, '#3A87AD', 1),
(19, 3, 6, '#AA6705', 1),
(20, 4, 6, '#953B39', 1),
(21, 5, 6, '#545252', 1),
(22, 6, 6, '#87865D', 1),
(23, 7, 6, '#C71585', 1),
(24, 8, 6, '#006400', 1),
(25, 1, 7, '#17309A', 1),
(26, 2, 7, '#3A87AD', 1),
(27, 3, 7, '#AA6705', 1),
(28, 4, 7, '#953B39', 1),
(29, 5, 7, '#545252', 1),
(30, 6, 7, '#87865D', 1),
(31, 7, 7, '#C71585', 1),
(32, 8, 7, '#006400', 1),
(33, 1, 8, '#17309A', 1),
(34, 2, 8, '#3A87AD', 1),
(35, 3, 8, '#AA6705', 1),
(36, 4, 8, '#953B39', 1),
(37, 5, 8, '#545252', 1),
(38, 6, 8, '#87865D', 1),
(39, 7, 8, '#C71585', 1),
(40, 8, 8, '#006400', 1),
(41, 1, 9, '#17309A', 1),
(42, 2, 9, '#3A87AD', 1),
(43, 3, 9, '#AA6705', 1),
(44, 4, 9, '#953B39', 1),
(45, 5, 9, '#545252', 1),
(46, 6, 9, '#87865D', 1),
(47, 7, 9, '#C71585', 1),
(48, 8, 9, '#006400', 1),
(49, 1, 11, '#17309A', 1),
(50, 2, 11, '#3A87AD', 1),
(51, 3, 11, '#AA6705', 1),
(52, 4, 11, '#953B39', 1),
(53, 5, 11, '#545252', 1),
(54, 6, 11, '#87865D', 1),
(55, 7, 11, '#C71585', 1),
(56, 8, 11, '#006400', 1),
(57, 1, 12, '#17309A', 1),
(58, 2, 12, '#3A87AD', 1),
(59, 3, 12, '#AA6705', 1),
(60, 4, 12, '#953B39', 1),
(61, 5, 12, '#545252', 1),
(62, 6, 12, '#87865D', 1),
(63, 7, 12, '#C71585', 1),
(64, 8, 12, '#006400', 1),
(65, 1, 13, '#17309A', 1),
(66, 2, 13, '#3A87AD', 1),
(67, 3, 13, '#AA6705', 1),
(68, 4, 13, '#953B39', 1),
(69, 5, 13, '#545252', 1),
(70, 6, 13, '#87865D', 1),
(71, 7, 13, '#C71585', 1),
(72, 8, 13, '#006400', 1),
(73, 1, 15, '#17309A', 1),
(74, 2, 15, '#3A87AD', 1),
(75, 3, 15, '#AA6705', 1),
(76, 4, 15, '#953B39', 1),
(77, 5, 15, '#545252', 1),
(78, 6, 15, '#87865D', 1),
(79, 7, 15, '#C71585', 1),
(80, 8, 15, '#006400', 1),
(81, 1, 16, '#17309A', 1),
(82, 2, 16, '#3A87AD', 1),
(83, 3, 16, '#AA6705', 1),
(84, 4, 16, '#953B39', 1),
(85, 5, 16, '#545252', 1),
(86, 6, 16, '#87865D', 1),
(87, 7, 16, '#C71585', 1),
(88, 8, 16, '#006400', 1),
(89, 1, 17, '#17309A', 1),
(90, 2, 17, '#3A87AD', 1),
(91, 3, 17, '#AA6705', 1),
(92, 4, 17, '#953B39', 1),
(93, 5, 17, '#545252', 1),
(94, 6, 17, '#87865D', 1),
(95, 7, 17, '#C71585', 1),
(96, 8, 17, '#006400', 1),
(97, 1, 18, '#17309A', 1),
(98, 2, 18, '#3A87AD', 1),
(99, 3, 18, '#AA6705', 1),
(100, 4, 18, '#953B39', 1),
(101, 5, 18, '#545252', 1),
(102, 6, 18, '#87865D', 1),
(103, 7, 18, '#C71585', 1),
(104, 8, 18, '#006400', 1),
(105, 1, 19, '#17309A', 1),
(106, 2, 19, '#3A87AD', 1),
(107, 3, 19, '#AA6705', 1),
(108, 4, 19, '#953B39', 1),
(109, 5, 19, '#545252', 1),
(110, 6, 19, '#87865D', 1),
(111, 7, 19, '#C71585', 1),
(112, 8, 19, '#006400', 1);

-- --------------------------------------------------------

--
-- 表的结构 `vtiger_calendar_user_activitytypes_seq`
--

CREATE TABLE IF NOT EXISTS `vtiger_calendar_user_activitytypes_seq` (
  `id` int(11) NOT NULL
) ENGINE=InnoDB DEFAULT CHARSET=utf8;

--
-- 转存表中的数据 `vtiger_calendar_user_activitytypes_seq`
--

INSERT INTO `vtiger_calendar_user_activitytypes_seq` (`id`) VALUES
(112);

-- --------------------------------------------------------

--
-- 表的结构 `vtiger_callduration`
--

CREATE TABLE IF NOT EXISTS `vtiger_callduration` (
  `calldurationid` int(11) NOT NULL,
  `callduration` varchar(200) NOT NULL,
  `sortorderid` int(11) DEFAULT NULL,
  `presence` int(11) NOT NULL DEFAULT '1'
) ENGINE=InnoDB AUTO_INCREMENT=6 DEFAULT CHARSET=utf8;

--
-- 转存表中的数据 `vtiger_callduration`
--

INSERT INTO `vtiger_callduration` (`calldurationid`, `callduration`, `sortorderid`, `presence`) VALUES
(1, '5', 1, 1),
(2, '10', 2, 1),
(3, '30', 3, 1),
(4, '60', 4, 1),
(5, '120', 5, 1);

-- --------------------------------------------------------

--
-- 表的结构 `vtiger_callduration_seq`
--

CREATE TABLE IF NOT EXISTS `vtiger_callduration_seq` (
  `id` int(11) NOT NULL
) ENGINE=InnoDB DEFAULT CHARSET=utf8;

--
-- 转存表中的数据 `vtiger_callduration_seq`
--

INSERT INTO `vtiger_callduration_seq` (`id`) VALUES
(5);

-- --------------------------------------------------------

--
-- 表的结构 `vtiger_campaign`
--

CREATE TABLE IF NOT EXISTS `vtiger_campaign` (
  `campaign_no` varchar(100) NOT NULL,
  `campaignname` varchar(255) DEFAULT NULL,
  `campaigntype` varchar(200) DEFAULT NULL,
  `campaignstatus` varchar(200) DEFAULT NULL,
  `expectedrevenue` decimal(25,8) DEFAULT NULL,
  `budgetcost` decimal(25,8) DEFAULT NULL,
  `actualcost` decimal(25,8) DEFAULT NULL,
  `expectedresponse` varchar(200) DEFAULT NULL,
  `numsent` decimal(11,0) DEFAULT NULL,
  `product_id` int(19) DEFAULT NULL,
  `sponsor` varchar(255) DEFAULT NULL,
  `targetaudience` varchar(255) DEFAULT NULL,
  `targetsize` int(19) DEFAULT NULL,
  `expectedresponsecount` int(19) DEFAULT NULL,
  `expectedsalescount` int(19) DEFAULT NULL,
  `expectedroi` decimal(25,8) DEFAULT NULL,
  `actualresponsecount` int(19) DEFAULT NULL,
  `actualsalescount` int(19) DEFAULT NULL,
  `actualroi` decimal(25,8) DEFAULT NULL,
  `campaignid` int(19) NOT NULL,
  `closingdate` date DEFAULT NULL
) ENGINE=InnoDB DEFAULT CHARSET=utf8;

-- --------------------------------------------------------

--
-- 表的结构 `vtiger_campaignaccountrel`
--

CREATE TABLE IF NOT EXISTS `vtiger_campaignaccountrel` (
  `campaignid` int(19) DEFAULT NULL,
  `accountid` int(19) DEFAULT NULL,
  `campaignrelstatusid` int(19) DEFAULT NULL
) ENGINE=InnoDB DEFAULT CHARSET=utf8;

-- --------------------------------------------------------

--
-- 表的结构 `vtiger_campaigncontrel`
--

CREATE TABLE IF NOT EXISTS `vtiger_campaigncontrel` (
  `campaignid` int(19) NOT NULL DEFAULT '0',
  `contactid` int(19) NOT NULL DEFAULT '0',
  `campaignrelstatusid` int(19) NOT NULL DEFAULT '0'
) ENGINE=InnoDB DEFAULT CHARSET=utf8;

-- --------------------------------------------------------

--
-- 表的结构 `vtiger_campaignleadrel`
--

CREATE TABLE IF NOT EXISTS `vtiger_campaignleadrel` (
  `campaignid` int(19) NOT NULL DEFAULT '0',
  `leadid` int(19) NOT NULL DEFAULT '0',
  `campaignrelstatusid` int(19) NOT NULL DEFAULT '0'
) ENGINE=InnoDB DEFAULT CHARSET=utf8;

-- --------------------------------------------------------

--
-- 表的结构 `vtiger_campaignrelstatus`
--

CREATE TABLE IF NOT EXISTS `vtiger_campaignrelstatus` (
  `campaignrelstatusid` int(19) DEFAULT NULL,
  `campaignrelstatus` varchar(256) DEFAULT NULL,
  `sortorderid` int(19) DEFAULT NULL,
  `presence` int(19) DEFAULT NULL
) ENGINE=InnoDB DEFAULT CHARSET=utf8;

--
-- 转存表中的数据 `vtiger_campaignrelstatus`
--

INSERT INTO `vtiger_campaignrelstatus` (`campaignrelstatusid`, `campaignrelstatus`, `sortorderid`, `presence`) VALUES
(2, 'Contacted - Successful', 1, 1),
(3, 'Contacted - Unsuccessful', 2, 1),
(4, 'Contacted - Never Contact Again', 3, 1);

-- --------------------------------------------------------

--
-- 表的结构 `vtiger_campaignrelstatus_seq`
--

CREATE TABLE IF NOT EXISTS `vtiger_campaignrelstatus_seq` (
  `id` int(11) NOT NULL
) ENGINE=InnoDB DEFAULT CHARSET=utf8;

--
-- 转存表中的数据 `vtiger_campaignrelstatus_seq`
--

INSERT INTO `vtiger_campaignrelstatus_seq` (`id`) VALUES
(4);

-- --------------------------------------------------------

--
-- 表的结构 `vtiger_campaignscf`
--

CREATE TABLE IF NOT EXISTS `vtiger_campaignscf` (
  `campaignid` int(19) NOT NULL DEFAULT '0'
) ENGINE=InnoDB DEFAULT CHARSET=utf8;

-- --------------------------------------------------------

--
-- 表的结构 `vtiger_campaignstatus`
--

CREATE TABLE IF NOT EXISTS `vtiger_campaignstatus` (
  `campaignstatusid` int(19) NOT NULL,
  `campaignstatus` varchar(200) NOT NULL,
  `presence` int(1) NOT NULL DEFAULT '1',
  `picklist_valueid` int(19) NOT NULL DEFAULT '0',
  `sortorderid` int(11) DEFAULT NULL
) ENGINE=InnoDB AUTO_INCREMENT=7 DEFAULT CHARSET=utf8;

--
-- 转存表中的数据 `vtiger_campaignstatus`
--

INSERT INTO `vtiger_campaignstatus` (`campaignstatusid`, `campaignstatus`, `presence`, `picklist_valueid`, `sortorderid`) VALUES
(2, 'Planning', 1, 15, 1),
(3, 'Active', 1, 16, 2),
(4, 'Inactive', 1, 17, 3),
(5, 'Completed', 1, 18, 4),
(6, 'Cancelled', 1, 19, 5);

-- --------------------------------------------------------

--
-- 表的结构 `vtiger_campaignstatus_seq`
--

CREATE TABLE IF NOT EXISTS `vtiger_campaignstatus_seq` (
  `id` int(11) NOT NULL
) ENGINE=InnoDB DEFAULT CHARSET=utf8;

--
-- 转存表中的数据 `vtiger_campaignstatus_seq`
--

INSERT INTO `vtiger_campaignstatus_seq` (`id`) VALUES
(6);

-- --------------------------------------------------------

--
-- 表的结构 `vtiger_campaigntype`
--

CREATE TABLE IF NOT EXISTS `vtiger_campaigntype` (
  `campaigntypeid` int(19) NOT NULL,
  `campaigntype` varchar(200) NOT NULL,
  `presence` int(1) NOT NULL DEFAULT '1',
  `picklist_valueid` int(19) NOT NULL DEFAULT '0',
  `sortorderid` int(11) DEFAULT NULL
) ENGINE=InnoDB AUTO_INCREMENT=14 DEFAULT CHARSET=utf8;

--
-- 转存表中的数据 `vtiger_campaigntype`
--

INSERT INTO `vtiger_campaigntype` (`campaigntypeid`, `campaigntype`, `presence`, `picklist_valueid`, `sortorderid`) VALUES
(2, 'Conference', 1, 21, 1),
(3, 'Webinar', 1, 22, 2),
(4, 'Trade Show', 1, 23, 3),
(5, 'Public Relations', 1, 24, 4),
(6, 'Partners', 1, 25, 5),
(7, 'Referral Program', 1, 26, 6),
(8, 'Advertisement', 1, 27, 7),
(9, 'Banner Ads', 1, 28, 8),
(10, 'Direct Mail', 1, 29, 9),
(11, 'Email', 1, 30, 10),
(12, 'Telemarketing', 1, 31, 11),
(13, 'Others', 1, 32, 12);

-- --------------------------------------------------------

--
-- 表的结构 `vtiger_campaigntype_seq`
--

CREATE TABLE IF NOT EXISTS `vtiger_campaigntype_seq` (
  `id` int(11) NOT NULL
) ENGINE=InnoDB DEFAULT CHARSET=utf8;

--
-- 转存表中的数据 `vtiger_campaigntype_seq`
--

INSERT INTO `vtiger_campaigntype_seq` (`id`) VALUES
(13);

-- --------------------------------------------------------

--
-- 表的结构 `vtiger_carrier`
--

CREATE TABLE IF NOT EXISTS `vtiger_carrier` (
  `carrierid` int(19) NOT NULL,
  `carrier` varchar(200) NOT NULL,
  `presence` int(1) NOT NULL DEFAULT '1',
  `picklist_valueid` int(19) NOT NULL DEFAULT '0',
  `sortorderid` int(11) DEFAULT NULL
) ENGINE=InnoDB AUTO_INCREMENT=6 DEFAULT CHARSET=utf8;

--
-- 转存表中的数据 `vtiger_carrier`
--

INSERT INTO `vtiger_carrier` (`carrierid`, `carrier`, `presence`, `picklist_valueid`, `sortorderid`) VALUES
(1, 'FedEx', 1, 33, 0),
(2, 'UPS', 1, 34, 1),
(3, 'USPS', 1, 35, 2),
(4, 'DHL', 1, 36, 3),
(5, 'BlueDart', 1, 37, 4);

-- --------------------------------------------------------

--
-- 表的结构 `vtiger_carrier_seq`
--

CREATE TABLE IF NOT EXISTS `vtiger_carrier_seq` (
  `id` int(11) NOT NULL
) ENGINE=InnoDB DEFAULT CHARSET=utf8;

--
-- 转存表中的数据 `vtiger_carrier_seq`
--

INSERT INTO `vtiger_carrier_seq` (`id`) VALUES
(5);

-- --------------------------------------------------------

--
-- 表的结构 `vtiger_cntactivityrel`
--

CREATE TABLE IF NOT EXISTS `vtiger_cntactivityrel` (
  `contactid` int(19) NOT NULL DEFAULT '0',
  `activityid` int(19) NOT NULL DEFAULT '0'
) ENGINE=InnoDB DEFAULT CHARSET=utf8;

-- --------------------------------------------------------

--
-- 表的结构 `vtiger_contactaddress`
--

CREATE TABLE IF NOT EXISTS `vtiger_contactaddress` (
  `contactaddressid` int(19) NOT NULL DEFAULT '0',
  `mailingcity` varchar(40) DEFAULT NULL,
  `mailingstreet` varchar(250) DEFAULT NULL,
  `mailingcountry` varchar(40) DEFAULT NULL,
  `othercountry` varchar(30) DEFAULT NULL,
  `mailingstate` varchar(30) DEFAULT NULL,
  `mailingpobox` varchar(30) DEFAULT NULL,
  `othercity` varchar(40) DEFAULT NULL,
  `otherstate` varchar(50) DEFAULT NULL,
  `mailingzip` varchar(30) DEFAULT NULL,
  `otherzip` varchar(30) DEFAULT NULL,
  `otherstreet` varchar(250) DEFAULT NULL,
  `otherpobox` varchar(30) DEFAULT NULL
) ENGINE=InnoDB DEFAULT CHARSET=utf8;

--
-- 转存表中的数据 `vtiger_contactaddress`
--

INSERT INTO `vtiger_contactaddress` (`contactaddressid`, `mailingcity`, `mailingstreet`, `mailingcountry`, `othercountry`, `mailingstate`, `mailingpobox`, `othercity`, `otherstate`, `mailingzip`, `otherzip`, `otherstreet`, `otherpobox`) VALUES
(6, '', '', '', '', '', '', '', '', '', '', '', ''),
(11, '', '38 Wang Lee Street, Yuen Long Industrial Estate, \nBright Future Pharmaceutical Centre, Yuen Long, N.T., Hong Kong', '', '', '', '', '', '', '', '', '38 Wang Lee Street, Yuen Long Industrial Estate, \nBright Future Pharmaceutical Centre, Yuen Long, N.T., Hong Kong', ''),
(18, '', '7/F, Cityplaza One, 1111 King''s Road', '', '', '', '', '', '', '', '', '', ''),
(36, '', '2/F, Garment Centre', '', '', '', '', '', '', '', '', '', ''),
(37, '', '', '', '', '', '', '', '', '', '', '', ''),
(43, '', '', '', '', '', '', '', '', '', '', '', ''),
(49, '', '1/F, Century Center, 44-46 Hung To road, Kwun Tong, HK', '', '', '', '', '', '', '', '', '1/F, Century Center, 44-46 Hung To road, Kwun Tong, HK', ''),
(59, '', 'Room D, Block G, 15/K, Phrase 2, Kwai Shing Ind Building, 42-46 Tai Lin Pai RD, Kwai Chung, NT', '', '', '', '', '', '', '', '', 'Room D, Block G, 15/K, Phrase 2, Kwai Shing Ind Building, 42-46 Tai Lin Pai RD, Kwai Chung, NT', ''),
(73, '', '', '', '', '', '', '', '', '', '', '', ''),
(76, '', '', '', '', '', '', '', '', '', '', '', ''),
(79, '', '', '', '', '', '', '', '', '', '', '', ''),
(86, '', '', '', '', '', '', '', '', '', '', '', ''),
(89, '', '', '', '', '', '', '', '', '', '', '', ''),
(92, '', '', '', '', '', '', '', '', '', '', '', ''),
(96, '', '', '', '', '', '', '', '', '', '', '', ''),
(99, '', '', '', '', '', '', '', '', '', '', '', ''),
(104, '', '', '', '', '', '', '', '', '', '', '', ''),
(107, '', '', '', '', '', '', '', '', '', '', '', ''),
(108, '', '', '', '', '', '', '', '', '', '', '', ''),
(126, '', '', '', '', '', '', '', '', '', '', '', ''),
(129, '', '', '', '', '', '', '', '', '', '', '', ''),
(135, '', '', '', '', '', '', '', '', '', '', '', ''),
(139, '', '', '', '', '', '', '', '', '', '', '', ''),
(142, '', '', '', '', '', '', '', '', '', '', '', ''),
(157, '', '', '', '', '', '', '', '', '', '', '', ''),
(158, '', '', '', '', '', '', '', '', '', '', '', '');

-- --------------------------------------------------------

--
-- 表的结构 `vtiger_contactdetails`
--

CREATE TABLE IF NOT EXISTS `vtiger_contactdetails` (
  `contactid` int(19) NOT NULL DEFAULT '0',
  `contact_no` varchar(100) NOT NULL,
  `accountid` int(19) DEFAULT NULL,
  `salutation` varchar(200) DEFAULT NULL,
  `firstname` varchar(40) DEFAULT NULL,
  `lastname` varchar(80) NOT NULL,
  `email` varchar(100) DEFAULT NULL,
  `phone` varchar(50) DEFAULT NULL,
  `mobile` varchar(50) DEFAULT NULL,
  `title` varchar(50) DEFAULT NULL,
  `department` varchar(30) DEFAULT NULL,
  `fax` varchar(50) DEFAULT NULL,
  `reportsto` varchar(30) DEFAULT NULL,
  `training` varchar(50) DEFAULT NULL,
  `usertype` varchar(50) DEFAULT NULL,
  `contacttype` varchar(50) DEFAULT NULL,
  `otheremail` varchar(100) DEFAULT NULL,
  `secondaryemail` varchar(100) DEFAULT NULL,
  `donotcall` varchar(3) DEFAULT NULL,
  `emailoptout` varchar(3) DEFAULT '0',
  `imagename` varchar(150) DEFAULT NULL,
  `reference` varchar(3) DEFAULT NULL,
  `notify_owner` varchar(3) DEFAULT '0',
  `isconvertedfromlead` varchar(3) DEFAULT '0'
) ENGINE=InnoDB DEFAULT CHARSET=utf8;

--
-- 转存表中的数据 `vtiger_contactdetails`
--

INSERT INTO `vtiger_contactdetails` (`contactid`, `contact_no`, `accountid`, `salutation`, `firstname`, `lastname`, `email`, `phone`, `mobile`, `title`, `department`, `fax`, `reportsto`, `training`, `usertype`, `contacttype`, `otheremail`, `secondaryemail`, `donotcall`, `emailoptout`, `imagename`, `reference`, `notify_owner`, `isconvertedfromlead`) VALUES
(6, 'CON1', 7, 'Mr.', 'Roland', 'Yiu', 'Roland.YL.Yiu@pccw.com', '', '6380 5688', '', '', '', '0', NULL, NULL, NULL, NULL, '', '0', '0', '', '0', '0', '0'),
(11, 'CON2', 10, 'Ms.', 'Cherry', 'Cho', 'cherry.cho@brightfuture.com.hk', '22112441', '', '', '', '', '0', NULL, NULL, NULL, NULL, '', '0', '0', '', '0', '0', '0'),
(18, 'CON3', 19, 'Mr.', 'Ivan', 'Wan', '', '25341688', '', '', '', '', '0', NULL, NULL, NULL, NULL, '', '0', '0', '', '0', '0', '0'),
(36, 'CON4', 34, 'Mr.', 'Samson', 'Cheng', '', '', '', '', '', '', '0', NULL, NULL, NULL, NULL, '', '0', '0', '', '0', '0', '0'),
(37, 'CON5', 35, '', 'Michael', 'Chan', '', '', '', '', '', '', '0', NULL, NULL, NULL, NULL, '', '0', '0', '', '0', '0', '0'),
(43, 'CON6', 0, '', 'Gary', 'Chan', '', '', '', '', '', '', '0', NULL, NULL, NULL, NULL, '', '0', '0', '', '0', '0', '0'),
(49, 'CON7', 47, '', 'Martin', 'Cheung', '', '', '', '', '', '', '0', NULL, NULL, NULL, NULL, '', '0', '0', '', '0', '0', '0'),
(59, 'CON8', 58, '', 'Alan', 'Law', '', '', '', '', '', '', '0', NULL, NULL, NULL, NULL, '', '0', '0', '', '0', '0', '0'),
(73, 'CON9', 72, '', '', 'Garfield', '', '', '', '', '', '', '0', NULL, NULL, NULL, NULL, '', '0', '0', '', '0', '0', '0'),
(76, 'CON10', 75, '', '', 'Emma', '', '', '', '', '', '', '0', NULL, NULL, NULL, NULL, '', '0', '0', '', '0', '0', '0'),
(79, 'CON11', 78, '', '', 'Terry', '', '', '', '', '', '', '0', NULL, NULL, NULL, NULL, '', '0', '0', '', '0', '0', '0'),
(86, 'CON12', 0, '', 'Eddie', 'Lam', '', '', '', '', '', '', '0', NULL, NULL, NULL, NULL, '', '0', '0', '', '0', '0', '0'),
(89, 'CON13', 0, '', 'Jacky', 'Lee', '', '', '', '', '', '', '0', NULL, NULL, NULL, NULL, '', '0', '0', '', '0', '0', '0'),
(92, 'CON14', 0, '', 'Sam', 'Chiu', '', '', '', '', '', '', '0', NULL, NULL, NULL, NULL, '', '0', '0', '', '0', '0', '0'),
(96, 'CON15', 0, '', 'Ivan', 'Cheng', '', '', '', '', '', '', '0', NULL, NULL, NULL, NULL, '', '0', '0', '', '0', '0', '0'),
(99, 'CON16', 0, '', 'Brayant', 'Lee', '', '', '', '', '', '', '0', NULL, NULL, NULL, NULL, '', '0', '0', '', '0', '0', '0'),
(104, 'CON17', 0, '', 'Hoi Yin', 'Ma', '', '', '', '', '', '', '0', NULL, NULL, NULL, NULL, '', '0', '0', '', '0', '0', '0'),
(107, 'CON18', 0, '', 'Angus', 'Lam', '', '', '', '', '', '', '0', NULL, NULL, NULL, NULL, '', '0', '0', '', '0', '0', '0'),
(108, 'CON19', 0, '', 'James', 'Wong', 'kf1382@gmail.com', '60557146', '', '', '', '', '0', NULL, NULL, NULL, NULL, '', '0', '0', '', '0', '0', '0'),
(126, 'CON20', 0, '', '', 'Stanley Chan', '', '', '', '', '', '', '0', NULL, NULL, NULL, NULL, '', '0', '0', '', '0', '0', '0'),
(129, 'CON21', 0, '', '', 'Tony Wai', '', '', '', '', '', '', '0', NULL, NULL, NULL, NULL, '', '0', '0', '', '0', '0', '0'),
(135, 'CON22', 134, '', 'x', 'Michael', '', '', '', '', '', '', '0', NULL, NULL, NULL, NULL, '', '0', '0', '', '0', '0', '0'),
(139, 'CON23', 0, '', '', 'Bayert', '', '', '', '', '', '', '0', NULL, NULL, NULL, NULL, '', '0', '0', '', '0', '0', '0'),
(142, 'CON24', 0, '', '', 'Tim', '', '', '', '', '', '', '0', NULL, NULL, NULL, NULL, '', '0', '0', '', '0', '0', '0'),
(157, 'CON25', 0, '', '', 'brian', '', '', '', '', '', '', '0', NULL, NULL, NULL, NULL, '', '0', '0', '', '0', '0', '0'),
(158, 'CON26', 0, '', '', 'South West', '', '', '', '', '', '', '0', NULL, NULL, NULL, NULL, '', '0', '0', '', '0', '0', '0');

-- --------------------------------------------------------

--
-- 表的结构 `vtiger_contactscf`
--

CREATE TABLE IF NOT EXISTS `vtiger_contactscf` (
  `contactid` int(19) NOT NULL DEFAULT '0'
) ENGINE=InnoDB DEFAULT CHARSET=utf8;

--
-- 转存表中的数据 `vtiger_contactscf`
--

INSERT INTO `vtiger_contactscf` (`contactid`) VALUES
(6),
(11),
(18),
(36),
(37),
(43),
(49),
(59),
(73),
(76),
(79),
(86),
(89),
(92),
(96),
(99),
(104),
(107),
(108),
(126),
(129),
(135),
(139),
(142),
(157),
(158);

-- --------------------------------------------------------

--
-- 表的结构 `vtiger_contactsubdetails`
--

CREATE TABLE IF NOT EXISTS `vtiger_contactsubdetails` (
  `contactsubscriptionid` int(19) NOT NULL DEFAULT '0',
  `homephone` varchar(50) DEFAULT NULL,
  `otherphone` varchar(50) DEFAULT NULL,
  `assistant` varchar(30) DEFAULT NULL,
  `assistantphone` varchar(50) DEFAULT NULL,
  `birthday` date DEFAULT NULL,
  `laststayintouchrequest` int(30) DEFAULT '0',
  `laststayintouchsavedate` int(19) DEFAULT '0',
  `leadsource` varchar(200) DEFAULT NULL
) ENGINE=InnoDB DEFAULT CHARSET=utf8;

--
-- 转存表中的数据 `vtiger_contactsubdetails`
--

INSERT INTO `vtiger_contactsubdetails` (`contactsubscriptionid`, `homephone`, `otherphone`, `assistant`, `assistantphone`, `birthday`, `laststayintouchrequest`, `laststayintouchsavedate`, `leadsource`) VALUES
(6, '', '', '', '', NULL, 0, 0, ''),
(11, '', '', '', '', NULL, 0, 0, 'Existing Customer'),
(18, '', '', '', '', NULL, 0, 0, 'Existing Customer'),
(36, '', '', '', '', NULL, 0, 0, ''),
(37, '', '', '', '', NULL, 0, 0, ''),
(43, '', '', '', '', NULL, 0, 0, ''),
(49, '', '', '', '', NULL, 0, 0, ''),
(59, '', '', '', '', NULL, 0, 0, ''),
(73, '', '', '', '', NULL, 0, 0, ''),
(76, '', '', '', '', NULL, 0, 0, ''),
(79, '', '', '', '', NULL, 0, 0, ''),
(86, '', '', '', '', NULL, 0, 0, ''),
(89, '', '', '', '', NULL, 0, 0, ''),
(92, '', '', '', '', NULL, 0, 0, ''),
(96, '', '', '', '', NULL, 0, 0, ''),
(99, '', '', '', '', NULL, 0, 0, ''),
(104, '', '', '', '', NULL, 0, 0, ''),
(107, '', '', '', '', NULL, 0, 0, ''),
(108, '', '', '', '', NULL, 0, 0, ''),
(126, '', '', '', '', NULL, 0, 0, ''),
(129, '', '', '', '', NULL, 0, 0, ''),
(135, '', '', '', '', NULL, 0, 0, ''),
(139, '', '', '', '', NULL, 0, 0, ''),
(142, '', '', '', '', NULL, 0, 0, ''),
(157, '', '', '', '', NULL, 0, 0, ''),
(158, '', '', '', '', NULL, 0, 0, '');

-- --------------------------------------------------------

--
-- 表的结构 `vtiger_contpotentialrel`
--

CREATE TABLE IF NOT EXISTS `vtiger_contpotentialrel` (
  `contactid` int(19) NOT NULL DEFAULT '0',
  `potentialid` int(19) NOT NULL DEFAULT '0'
) ENGINE=InnoDB DEFAULT CHARSET=utf8;

-- --------------------------------------------------------

--
-- 表的结构 `vtiger_contract_priority`
--

CREATE TABLE IF NOT EXISTS `vtiger_contract_priority` (
  `contract_priorityid` int(11) NOT NULL,
  `contract_priority` varchar(200) NOT NULL,
  `presence` int(1) NOT NULL DEFAULT '1',
  `picklist_valueid` int(11) NOT NULL DEFAULT '0',
  `sortorderid` int(11) DEFAULT '0'
) ENGINE=InnoDB AUTO_INCREMENT=4 DEFAULT CHARSET=utf8;

--
-- 转存表中的数据 `vtiger_contract_priority`
--

INSERT INTO `vtiger_contract_priority` (`contract_priorityid`, `contract_priority`, `presence`, `picklist_valueid`, `sortorderid`) VALUES
(1, 'Low', 1, 229, 1),
(2, 'Normal', 1, 230, 2),
(3, 'High', 1, 231, 3);

-- --------------------------------------------------------

--
-- 表的结构 `vtiger_contract_priority_seq`
--

CREATE TABLE IF NOT EXISTS `vtiger_contract_priority_seq` (
  `id` int(11) NOT NULL
) ENGINE=InnoDB DEFAULT CHARSET=utf8;

--
-- 转存表中的数据 `vtiger_contract_priority_seq`
--

INSERT INTO `vtiger_contract_priority_seq` (`id`) VALUES
(3);

-- --------------------------------------------------------

--
-- 表的结构 `vtiger_contract_status`
--

CREATE TABLE IF NOT EXISTS `vtiger_contract_status` (
  `contract_statusid` int(11) NOT NULL,
  `contract_status` varchar(200) NOT NULL,
  `presence` int(1) NOT NULL DEFAULT '1',
  `picklist_valueid` int(11) NOT NULL DEFAULT '0',
  `sortorderid` int(11) DEFAULT '0'
) ENGINE=InnoDB AUTO_INCREMENT=7 DEFAULT CHARSET=utf8;

--
-- 转存表中的数据 `vtiger_contract_status`
--

INSERT INTO `vtiger_contract_status` (`contract_statusid`, `contract_status`, `presence`, `picklist_valueid`, `sortorderid`) VALUES
(1, 'Undefined', 1, 223, 1),
(2, 'In Planning', 1, 224, 2),
(3, 'In Progress', 1, 225, 3),
(4, 'On Hold', 1, 226, 4),
(5, 'Complete', 0, 227, 5),
(6, 'Archived', 1, 228, 6);

-- --------------------------------------------------------

--
-- 表的结构 `vtiger_contract_status_seq`
--

CREATE TABLE IF NOT EXISTS `vtiger_contract_status_seq` (
  `id` int(11) NOT NULL
) ENGINE=InnoDB DEFAULT CHARSET=utf8;

--
-- 转存表中的数据 `vtiger_contract_status_seq`
--

INSERT INTO `vtiger_contract_status_seq` (`id`) VALUES
(6);

-- --------------------------------------------------------

--
-- 表的结构 `vtiger_contract_type`
--

CREATE TABLE IF NOT EXISTS `vtiger_contract_type` (
  `contract_typeid` int(11) NOT NULL,
  `contract_type` varchar(200) NOT NULL,
  `presence` int(1) NOT NULL DEFAULT '1',
  `picklist_valueid` int(11) NOT NULL DEFAULT '0',
  `sortorderid` int(11) DEFAULT '0'
) ENGINE=InnoDB AUTO_INCREMENT=4 DEFAULT CHARSET=utf8;

--
-- 转存表中的数据 `vtiger_contract_type`
--

INSERT INTO `vtiger_contract_type` (`contract_typeid`, `contract_type`, `presence`, `picklist_valueid`, `sortorderid`) VALUES
(1, 'Support', 1, 232, 1),
(2, 'Services', 1, 233, 2),
(3, 'Administrative', 1, 234, 3);

-- --------------------------------------------------------

--
-- 表的结构 `vtiger_contract_type_seq`
--

CREATE TABLE IF NOT EXISTS `vtiger_contract_type_seq` (
  `id` int(11) NOT NULL
) ENGINE=InnoDB DEFAULT CHARSET=utf8;

--
-- 转存表中的数据 `vtiger_contract_type_seq`
--

INSERT INTO `vtiger_contract_type_seq` (`id`) VALUES
(3);

-- --------------------------------------------------------

--
-- 表的结构 `vtiger_convertleadmapping`
--

CREATE TABLE IF NOT EXISTS `vtiger_convertleadmapping` (
  `cfmid` int(19) NOT NULL,
  `leadfid` int(19) NOT NULL,
  `accountfid` int(19) DEFAULT NULL,
  `contactfid` int(19) DEFAULT NULL,
  `potentialfid` int(19) DEFAULT NULL,
  `editable` int(19) DEFAULT '1'
) ENGINE=InnoDB AUTO_INCREMENT=32 DEFAULT CHARSET=utf8;

--
-- 转存表中的数据 `vtiger_convertleadmapping`
--

INSERT INTO `vtiger_convertleadmapping` (`cfmid`, `leadfid`, `accountfid`, `contactfid`, `potentialfid`, `editable`) VALUES
(1, 43, 1, 0, 110, 0),
(2, 49, 14, 0, 0, 1),
(3, 40, 3, 69, 0, NULL),
(4, 0, 0, 0, 0, NULL),
(5, 44, 5, 77, 0, 1),
(6, 52, 13, 0, 0, 1),
(7, 46, 9, 80, 0, 0),
(8, 48, 4, 0, 0, 1),
(9, 61, 26, 98, 0, 1),
(10, 60, 30, 0, 0, 1),
(11, 62, 32, 104, 0, 1),
(12, 63, 28, 100, 0, 1),
(13, 59, 24, 96, 0, 1),
(14, 64, 34, 106, 0, 1),
(15, 61, 27, 0, 0, 1),
(16, 60, 31, 0, 0, 1),
(17, 62, 33, 0, 0, 1),
(18, 63, 29, 0, 0, 1),
(19, 59, 25, 0, 0, 1),
(20, 64, 35, 0, 0, 1),
(21, 65, 36, 109, 125, 1),
(22, 37, 0, 66, 0, 1),
(23, 38, 0, 67, 0, 0),
(24, 41, 0, 70, 0, 0),
(25, 42, 0, 71, 0, 1),
(26, 45, 0, 76, 0, 1),
(27, 55, 0, 83, 0, 1),
(28, 47, 0, 74, 117, 1),
(29, 50, 0, 0, 0, 1),
(30, 53, 10, 0, 0, 1),
(31, 51, 17, 0, 0, 1);

-- --------------------------------------------------------

--
-- 表的结构 `vtiger_crmentity`
--

CREATE TABLE IF NOT EXISTS `vtiger_crmentity` (
  `crmid` int(19) NOT NULL,
  `smcreatorid` int(19) NOT NULL DEFAULT '0',
  `smownerid` int(19) NOT NULL DEFAULT '0',
  `modifiedby` int(19) NOT NULL DEFAULT '0',
  `setype` varchar(30) NOT NULL,
  `description` text,
  `createdtime` datetime NOT NULL,
  `modifiedtime` datetime NOT NULL,
  `viewedtime` datetime DEFAULT NULL,
  `status` varchar(50) DEFAULT NULL,
  `version` int(19) NOT NULL DEFAULT '0',
  `presence` int(1) DEFAULT '1',
  `deleted` int(1) NOT NULL DEFAULT '0',
  `label` varchar(255) DEFAULT NULL
) ENGINE=InnoDB DEFAULT CHARSET=utf8;

--
-- 转存表中的数据 `vtiger_crmentity`
--

INSERT INTO `vtiger_crmentity` (`crmid`, `smcreatorid`, `smownerid`, `modifiedby`, `setype`, `description`, `createdtime`, `modifiedtime`, `viewedtime`, `status`, `version`, `presence`, `deleted`, `label`) VALUES
(2, 1, 1, 1, 'Calendar', '', '2016-07-06 13:47:37', '2016-07-06 14:46:39', NULL, NULL, 0, 1, 1, 'asa'),
(3, 1, 1, 1, 'Calendar', '', '2016-07-06 14:42:05', '2016-07-06 14:42:05', NULL, NULL, 0, 1, 0, 'good morning'),
(4, 6, 6, 7, 'Products', '', '2016-07-07 09:52:54', '2016-07-29 03:00:56', NULL, NULL, 0, 1, 0, 'Professional service'),
(5, 6, 8, 6, 'Services', '', '2016-07-07 10:20:21', '2016-07-07 10:20:21', NULL, NULL, 0, 1, 0, 'Man Day'),
(6, 7, 7, 7, 'Contacts', '', '2016-07-11 09:15:47', '2016-07-11 09:16:42', NULL, NULL, 0, 1, 0, 'Roland Yiu'),
(7, 7, 7, 7, 'Accounts', 'New MTR education room - installation service for 10 PC, 10 AP, 2 switches, 1 rack, 20 cabling', '2016-07-11 09:16:11', '2016-09-06 03:17:35', NULL, NULL, 0, 1, 0, 'PCCW Solutions Ltd'),
(8, 7, 7, 7, 'Potentials', '$4400/mth, $52800/Year\n3 x HK Cloud service, need Windows OS and SQL Std server', '2016-07-11 09:19:17', '2016-09-27 02:10:15', NULL, NULL, 0, 1, 0, 'Qing Cloud - ZeedAsia'),
(9, 7, 7, 7, 'Products', '', '2016-07-11 09:42:48', '2016-08-01 08:02:26', NULL, NULL, 0, 1, 0, 'QingCloud'),
(10, 7, 7, 7, 'Accounts', '', '2016-07-29 02:45:42', '2016-07-29 02:45:42', NULL, NULL, 0, 1, 0, 'Bright Future Pharmaceutical Laboratories Limited'),
(11, 7, 7, 7, 'Contacts', '', '2016-07-29 02:46:38', '2016-07-29 02:46:38', NULL, NULL, 0, 1, 0, 'Cherry Cho'),
(12, 7, 7, 7, 'Potentials', '', '2016-07-29 02:47:29', '2016-08-02 07:34:18', NULL, NULL, 0, 1, 0, 'Hydraulic Test for FM200'),
(13, 7, 7, 7, 'Products', 'To perform the FM200 Gas cylinder hydraulic test		\nScope of service :		\nDisconnect the gas cylinder		\nDeliver to the factory		\nPerform the FM200 gas cylinder hydraulic test		\nReplace the o-ring		\nRefill the FM200 gas (<20%)		\nDeliver to the client location		\nRe-connect the gas cylinder		\nPerform the system check with present of FS251 form', '2016-07-29 02:49:20', '2016-07-29 03:10:18', NULL, NULL, 0, 1, 0, 'Hydraulic Test for FM200'),
(14, 7, 7, 7, 'Quotes', '', '2016-07-29 02:51:11', '2016-07-29 02:52:32', NULL, NULL, 0, 1, 0, 'Quotation of Hydraulic Test FM200'),
(15, 7, 7, 7, 'SalesOrder', '', '2016-07-29 02:54:16', '2016-07-29 02:56:12', NULL, NULL, 0, 1, 0, 'Quotation of Hydraulic Test FM200'),
(16, 7, 7, 7, 'Potentials', 'Firewall relocation', '2016-07-29 03:03:07', '2016-08-02 07:33:40', NULL, NULL, 0, 1, 0, 'BOSG/PCCW professional service'),
(17, 7, 7, 7, 'Quotes', '', '2016-07-29 03:04:14', '2016-07-29 03:05:33', NULL, NULL, 0, 1, 0, 'quotation of BOSG professional service'),
(18, 8, 8, 8, 'Contacts', '', '2016-08-01 07:31:14', '2016-08-01 07:35:34', NULL, NULL, 0, 1, 0, 'Ivan Wan'),
(19, 8, 8, 8, 'Accounts', '', '2016-08-01 07:34:21', '2016-08-01 07:34:21', NULL, NULL, 0, 1, 0, 'Savills Property Management Ltd'),
(20, 8, 8, 8, 'Vendors', '', '2016-08-01 07:50:36', '2016-08-01 07:50:36', NULL, NULL, 0, 1, 0, 'One Solution'),
(21, 8, 8, 8, 'Products', 'Out-source Man Power', '2016-08-01 07:51:21', '2016-08-01 08:01:21', NULL, NULL, 0, 1, 0, 'Professional Service'),
(22, 8, 8, 8, 'Vendors', '', '2016-08-01 07:52:41', '2016-08-01 07:52:41', NULL, NULL, 0, 1, 0, 'Shiny Best (In-House)'),
(23, 8, 8, 6, 'Products', 'In-House Man Power', '2016-08-01 07:53:17', '2016-09-12 04:47:01', NULL, NULL, 0, 1, 0, 'Professional Service'),
(24, 8, 8, 8, 'Potentials', 'Close on 11th May 2016', '2016-08-01 07:55:29', '2016-08-01 08:03:32', NULL, NULL, 0, 1, 0, 'Professional Service'),
(25, 8, 8, 8, 'Potentials', 'Close on 22nd June 2016', '2016-08-01 07:57:09', '2016-08-01 08:03:48', NULL, NULL, 0, 1, 0, 'Professional Service'),
(26, 8, 8, 8, 'Vendors', '', '2016-08-01 08:06:11', '2016-08-01 08:06:11', NULL, NULL, 0, 1, 0, 'B&DATA'),
(27, 8, 8, 8, 'Vendors', '', '2016-08-01 08:06:33', '2016-08-01 08:06:33', NULL, NULL, 0, 1, 0, 'B & DATA'),
(28, 8, 8, 8, 'Vendors', '', '2016-08-01 08:06:47', '2016-08-01 08:06:47', NULL, NULL, 0, 1, 0, 'B and Data'),
(29, 8, 8, 8, 'Products', 'Back to back product from B&DATA', '2016-08-01 08:07:43', '2016-08-01 08:07:43', NULL, NULL, 0, 1, 0, 'McAfee IPS'),
(30, 7, 7, 7, 'Potentials', 'For HK - 2 x F5 and 3 x Lenovo Server\nFor SG - 1 x F5 and 2 x Lenovo Server', '2016-08-01 08:08:11', '2016-08-01 08:19:39', NULL, NULL, 0, 1, 0, 'BOSG/PCCW Server and F5 Project'),
(31, 8, 8, 8, 'Products', 'Back to back product from B&DATA', '2016-08-01 08:09:08', '2016-08-01 08:24:22', NULL, NULL, 0, 1, 0, 'F5'),
(32, 8, 8, 8, 'Products', 'Back to Back product from B&DATA', '2016-08-01 08:10:54', '2016-08-01 08:10:54', NULL, NULL, 0, 1, 0, 'Peplink'),
(33, 7, 7, 7, 'Potentials', '$70000/mth, $840000K/Yr, 3 years contract.\nDR solution for 79 VMware, need support Veeam backup software', '2016-08-01 08:11:02', '2016-09-13 02:20:30', NULL, NULL, 0, 1, 0, 'QingCloud - DR solution for 88 VMware'),
(34, 8, 8, 8, 'Accounts', '', '2016-08-01 08:12:47', '2016-08-01 08:12:47', NULL, NULL, 0, 1, 0, 'Intertek'),
(35, 7, 7, 7, 'Accounts', '', '2016-08-01 08:13:25', '2016-08-01 08:13:25', NULL, NULL, 0, 1, 0, 'Appsicon'),
(36, 8, 8, 8, 'Contacts', '', '2016-08-01 08:13:44', '2016-08-01 08:13:44', NULL, NULL, 0, 1, 0, 'Samson Cheng'),
(37, 7, 7, 7, 'Contacts', '', '2016-08-01 08:13:56', '2016-08-01 08:13:56', NULL, NULL, 0, 1, 0, 'Michael Chan'),
(38, 8, 8, 8, 'Potentials', '', '2016-08-01 08:14:54', '2016-08-01 08:27:30', NULL, NULL, 0, 1, 0, 'McAfee'),
(39, 7, 7, 7, 'Potentials', 'Network revam, Cisco Nexus 93120TX Switch', '2016-08-01 08:15:01', '2016-08-03 04:12:17', NULL, NULL, 0, 1, 0, 'Cisco Nexus 93120TX Switch'),
(40, 8, 8, 8, 'Potentials', '', '2016-08-01 08:17:14', '2016-08-01 08:27:06', NULL, NULL, 0, 1, 0, 'F5'),
(41, 8, 8, 8, 'Potentials', '', '2016-08-01 08:18:58', '2016-08-01 08:27:58', NULL, NULL, 0, 1, 0, 'Peplink'),
(42, 8, 8, 8, 'Products', '', '2016-08-02 07:36:38', '2016-08-02 07:36:38', NULL, NULL, 0, 1, 0, 'SevOne'),
(43, 8, 8, 8, 'Contacts', '', '2016-08-02 07:37:16', '2016-08-02 07:37:16', NULL, NULL, 0, 1, 0, 'Gary Chan'),
(44, 8, 8, 8, 'Accounts', '', '2016-08-02 07:37:34', '2016-08-02 07:37:34', NULL, NULL, 0, 1, 0, 'City Super Ltd'),
(45, 7, 7, 7, 'Potentials', 'install 20 x PCs and software, 50 x Cabling', '2016-08-02 07:38:13', '2016-08-23 02:18:48', NULL, NULL, 0, 1, 0, 'JEC new office'),
(46, 8, 8, 8, 'Potentials', 'During the PoC Stage', '2016-08-02 07:38:35', '2016-08-02 07:39:03', NULL, NULL, 0, 1, 0, 'SevOne'),
(47, 7, 7, 7, 'Accounts', '', '2016-08-02 07:39:02', '2016-08-02 07:40:43', NULL, NULL, 0, 1, 0, 'Microware Ltd'),
(48, 8, 8, 15, 'Accounts', 'Expected mid of September 2016 closing', '2016-08-02 07:39:48', '2016-09-06 03:18:35', NULL, NULL, 0, 1, 0, 'PT Bank'),
(49, 7, 7, 7, 'Contacts', '', '2016-08-02 07:40:27', '2016-08-02 07:41:06', NULL, NULL, 0, 1, 0, 'Martin Cheung'),
(50, 8, 8, 8, 'Potentials', 'Send the Product information to customer and waiting for the PoC stage', '2016-08-02 07:40:44', '2016-08-02 07:40:44', NULL, NULL, 0, 1, 0, 'SevOne'),
(51, 8, 8, 8, 'Accounts', '', '2016-08-02 07:41:12', '2016-08-02 07:41:12', NULL, NULL, 0, 1, 0, 'Smart Shirt'),
(52, 7, 7, 7, 'Potentials', 'Total 11800 Objects, Semi Final POC, will propose CIO for purchase within Aug.', '2016-08-02 07:42:08', '2016-08-23 02:17:52', NULL, NULL, 0, 1, 0, 'Swire - SevOne'),
(53, 8, 8, 8, 'Potentials', 'Send the Product information to customer and waiting for PoC.', '2016-08-02 07:42:10', '2016-08-02 07:42:10', NULL, NULL, 0, 1, 0, 'SevOne'),
(54, 8, 8, 8, 'Potentials', 'During the PoC stage', '2016-08-02 07:43:25', '2016-08-02 07:43:25', NULL, NULL, 0, 1, 0, 'SevOne'),
(55, 7, 7, 7, 'Accounts', '', '2016-08-02 07:46:12', '2016-08-02 07:46:12', NULL, NULL, 0, 1, 0, 'Variante Ltd'),
(56, 7, 7, 7, 'Potentials', '55 x Dell notebook', '2016-08-02 07:47:01', '2016-10-04 01:44:58', NULL, NULL, 0, 1, 0, 'Dell PC'),
(57, 7, 7, 7, 'Potentials', 'Tender issued, tender close at 01 Nov.\nneed go throw tender and quote the actual price', '2016-08-02 07:47:54', '2016-09-20 04:58:28', NULL, NULL, 0, 1, 0, 'IRD - 1600 PCs installation'),
(58, 7, 7, 7, 'Accounts', '', '2016-08-02 07:49:29', '2016-08-02 07:49:29', NULL, NULL, 0, 1, 0, 'Motive Power Ltd'),
(59, 7, 7, 7, 'Contacts', '', '2016-08-02 07:49:53', '2016-08-02 07:49:53', NULL, NULL, 0, 1, 0, 'Alan Law'),
(60, 7, 7, 7, 'Potentials', 'order will sign shortly.\nICP applying', '2016-08-02 07:50:38', '2016-08-17 07:13:47', NULL, NULL, 0, 1, 0, 'QingCoud - small cloud for Web'),
(61, 8, 8, 15, 'Accounts', 'customer wants to migrate existing MS to office 365 and no schedule (Meeting 24/8/2016)', '2016-08-02 07:51:00', '2016-08-24 03:32:50', NULL, NULL, 0, 1, 0, 'Threesixty Sourcing'),
(62, 8, 8, 8, 'Potentials', 'Send the Product information to customer and waiting for PoC.', '2016-08-02 07:51:36', '2016-08-02 07:51:36', NULL, NULL, 0, 1, 0, 'SevOne'),
(63, 8, 8, 8, 'Accounts', '', '2016-08-02 07:52:04', '2016-08-02 07:52:04', NULL, NULL, 0, 1, 0, 'Marco Polo'),
(64, 7, 7, 7, 'Potentials', '$8000/mth, $96000/YR\n3 x Cloud (Web, App, DB) for KingKee', '2016-08-02 07:52:30', '2016-08-03 03:46:42', NULL, NULL, 0, 1, 0, 'QingCoud - ERP'),
(65, 8, 8, 8, 'Potentials', 'Waiting for customer evaluation of PA Firewall', '2016-08-02 07:53:41', '2016-08-02 07:53:41', NULL, NULL, 0, 1, 0, 'PA Firewall'),
(66, 8, 8, 8, 'Accounts', '', '2016-08-02 07:54:32', '2016-08-02 07:54:32', NULL, NULL, 0, 1, 0, 'AB Concept Ltd'),
(67, 8, 8, 8, 'Potentials', 'Send the draft Quotation & SOW to customer.\nWaiting for technical review.', '2016-08-02 07:55:52', '2016-08-02 07:55:53', NULL, NULL, 0, 1, 0, 'VDI'),
(68, 7, 7, 7, 'Potentials', '80 PC clone and 30 AP fireware change\nQuotation sent', '2016-08-04 09:59:25', '2016-08-23 02:18:32', NULL, NULL, 0, 1, 0, '80 PC clone and 30 AP fireware'),
(69, 7, 7, 7, 'Potentials', '$650K Installation NowTV product, boardcast, Data network \n$330K 1st yr labor onsite support\n$1M Cabling service\nHuawei Products quoted\naround Mid of September Tender Award', '2016-08-04 10:03:11', '2016-09-20 06:25:20', NULL, NULL, 0, 1, 0, 'NowTV project - Network and Cabling'),
(70, 7, 7, 7, 'Potentials', 'installation 200 component to existing server and SAN', '2016-08-09 07:56:32', '2016-08-31 04:39:33', NULL, NULL, 0, 1, 0, '政務'),
(71, 18, 18, 18, 'Calendar', '', '2016-08-10 03:26:54', '2016-08-10 03:32:00', NULL, NULL, 0, 1, 0, 'Digital China meeting'),
(72, 7, 7, 7, 'Accounts', '', '2016-08-15 01:49:02', '2016-08-15 01:49:02', NULL, NULL, 0, 1, 0, 'Media World'),
(73, 7, 7, 7, 'Contacts', '', '2016-08-15 01:49:58', '2016-08-15 01:49:58', NULL, NULL, 0, 1, 0, ' Garfield'),
(74, 7, 7, 7, 'Potentials', 'Innovix seek for re-build server room, main competitor is JOS', '2016-08-15 01:51:39', '2016-08-31 04:41:26', NULL, NULL, 0, 1, 0, 'Server Room'),
(75, 7, 7, 7, 'Accounts', '', '2016-08-15 01:53:56', '2016-08-15 01:53:56', NULL, NULL, 0, 1, 0, 'Tech One'),
(76, 7, 7, 7, 'Contacts', '', '2016-08-15 01:54:13', '2016-08-15 01:54:13', NULL, NULL, 0, 1, 0, ' Emma'),
(77, 7, 7, 7, 'Potentials', 'Will win within Aug\nHuawei 28+1 Switch, 5 yr 7x24x4 MA and expected project closing Early of September', '2016-08-15 01:55:09', '2016-10-11 02:18:38', NULL, NULL, 0, 1, 0, 'BU - IP Phone project'),
(78, 7, 7, 15, 'Accounts', 'Ovest is Business Centre Service provider. 9 months later will be stopped IP phone service. Now Internet service has been stopped. The owner(何鴻燊太太) prefer pure rental business.The property management is 第一太平戴維斯 - Savills.', '2016-08-15 06:38:26', '2016-08-16 02:14:14', NULL, NULL, 0, 1, 0, 'Ovest'),
(79, 7, 7, 7, 'Contacts', '', '2016-08-15 06:38:50', '2016-08-15 06:38:50', NULL, NULL, 0, 1, 0, ' Terry'),
(80, 7, 7, 7, 'Potentials', 'Won, GP 45000\n\nOvest is Business Centre Service provider. 9 months later will be stopped IP phone service. Now Internet service has been stopped. The owner(何鴻燊太太) prefer pure rental business.The property management is 第一太平戴維斯 - Savills.\nProject: network revamp, 6 x switches, 20 tokens', '2016-08-15 06:39:52', '2016-10-04 01:44:39', NULL, NULL, 0, 1, 0, 'Network Revamp'),
(81, 8, 8, 8, 'Potentials', '5 x Ruckus R710 AP + 1 x Controller, estimated price at HK$60,000', '2016-08-15 07:59:20', '2016-08-15 07:59:20', NULL, NULL, 0, 1, 0, 'Wifi deployment'),
(82, 8, 8, 8, 'Potentials', 'SOW is under estimating.', '2016-08-15 08:00:23', '2016-10-04 02:24:14', NULL, NULL, 0, 1, 0, 'Cabling'),
(83, 8, 8, 8, 'Potentials', '12 x IP Cam with 1 x NAS for storage, 1 x Cloud Storage for backup.', '2016-08-15 08:01:42', '2016-08-15 08:01:43', NULL, NULL, 0, 1, 0, 'IP Cam'),
(84, 1, 1, 1, 'Potentials', '', '2016-08-16 14:44:59', '2016-08-16 16:10:47', NULL, NULL, 0, 1, 0, '测试'),
(85, 16, 16, 16, 'Leads', '', '2016-08-17 01:40:49', '2016-08-17 01:40:49', NULL, NULL, 0, 1, 0, 'Eddie Lam'),
(86, 16, 16, 16, 'Contacts', '', '2016-08-17 01:42:50', '2016-08-17 01:42:50', NULL, NULL, 0, 1, 0, 'Eddie Lam'),
(87, 16, 16, 16, 'Accounts', '', '2016-08-17 01:42:58', '2016-08-17 01:42:58', NULL, NULL, 0, 1, 0, 'kgi'),
(88, 16, 16, 15, 'Potentials', 'Pldsec 堡壘機Password management Project Sizing HK$350,000 and Expected GPHK$150,000, competitor Cyber ARK and pricing is 5 times higher than Pldsec 堡壘機 project closing within September 2016 and order received within October 2016', '2016-08-17 01:43:50', '2016-08-23 02:49:05', NULL, NULL, 0, 1, 0, 'PLDsec'),
(89, 16, 16, 16, 'Contacts', '', '2016-08-17 01:45:13', '2016-08-17 01:45:13', NULL, NULL, 0, 1, 0, 'Jacky Lee'),
(90, 16, 16, 15, 'Accounts', 'NEC FT Server,  project Schedule end of September 2016', '2016-08-17 01:45:28', '2016-09-06 02:47:25', NULL, NULL, 0, 1, 0, 'China Merchants Securities'),
(91, 16, 16, 16, 'Potentials', '', '2016-08-17 01:50:25', '2016-08-23 02:24:29', NULL, NULL, 0, 1, 0, 'CMS FT'),
(92, 16, 16, 16, 'Contacts', '', '2016-08-17 01:51:31', '2016-08-17 01:51:31', NULL, NULL, 0, 1, 0, 'Sam Chiu'),
(93, 16, 16, 15, 'Accounts', 'Issue RFQ end of September 2016', '2016-08-17 01:51:54', '2016-09-06 02:35:39', NULL, NULL, 0, 1, 0, 'China Galaxy International'),
(94, 16, 16, 15, 'Potentials', 'NEC FT x 2 Project Sizing HK$400,000 x 1, 250,000 x 1 = Total HK$650,000 and Expected  GPHK$140,000', '2016-08-17 01:52:52', '2016-09-13 01:38:34', NULL, NULL, 0, 1, 0, 'Galaxy FT'),
(95, 16, 16, 15, 'Accounts', 'DELL Severs (not yet quote) will quote this week (23rd August 2016) & CISCO Switches 80 units (selling price HK$1,200 and cost HK$800 (MA renew project GP HK$32,000) Deadline November 2016', '2016-08-17 01:58:45', '2016-08-23 02:39:40', NULL, NULL, 0, 1, 0, 'Goldenway'),
(96, 16, 16, 16, 'Contacts', '', '2016-08-17 01:59:01', '2016-08-17 01:59:01', NULL, NULL, 0, 1, 0, 'Ivan Cheng'),
(97, 16, 16, 16, 'Potentials', 'DELL, IBM  and HP MA maintenance project sizing HK$550,000 and expected GPHK$120,000', '2016-08-17 01:59:44', '2016-08-23 02:24:57', NULL, NULL, 0, 1, 0, 'Switch and Server MA'),
(98, 16, 16, 15, 'Accounts', 'Demo at 13th September 2016\nDeadline: project closing at 30 September 2016', '2016-08-17 02:12:22', '2016-09-06 02:33:50', NULL, NULL, 0, 1, 0, 'BuildKing'),
(99, 16, 16, 16, 'Contacts', '', '2016-08-17 02:12:50', '2016-08-17 02:12:50', NULL, NULL, 0, 1, 0, 'Brayant Lee'),
(100, 16, 16, 15, 'Potentials', 'comvalut email arching demo setting project sizing HK$350,000 and expected GPHK$150,000. Case registered from mid of May 2016. 23rd August 2016 considering to change the solutions', '2016-08-17 02:13:30', '2016-08-23 02:32:21', NULL, NULL, 0, 1, 0, 'Email Archive'),
(101, 16, 16, 15, 'Accounts', 'PA x 2 and PA APT schedule end of Sept 2016 & early of Oct 2016', '2016-08-17 02:14:59', '2016-09-06 02:32:41', NULL, NULL, 0, 1, 0, 'Industrial Bank'),
(102, 16, 16, 15, 'Potentials', 'End User Hing Yip Bank, Project Size HK$500,000 expected GPHK$150,000, Palo alto Advance Presistant Theat, competitor MicroView, ASL. Project will be  expected to close within 30th September 2016', '2016-08-17 02:18:08', '2016-08-23 02:43:06', NULL, NULL, 0, 1, 0, 'APT'),
(103, 16, 16, 15, 'Accounts', 'Rapid Shield SevOne Products GP HK$120,000', '2016-08-17 02:31:12', '2016-08-23 02:14:28', NULL, NULL, 0, 1, 0, 'Rapid Shield'),
(104, 16, 16, 16, 'Contacts', '', '2016-08-17 02:32:05', '2016-08-17 02:32:05', NULL, NULL, 0, 1, 0, 'Hoi Yin Ma'),
(105, 16, 16, 16, 'Potentials', 'No Competitor, project sizing HK$350,000 and expected GPHK$120,000 SevOne monitoring tool 23 August 2016 meeting. Final Decision on 26th August 2016', '2016-08-17 02:32:09', '2016-09-27 02:24:34', NULL, NULL, 0, 1, 1, 'SevOne'),
(106, 16, 16, 15, 'Accounts', 'Password management and section recording. Project schedule Expected 2017', '2016-08-17 02:36:01', '2016-09-06 02:29:22', NULL, NULL, 0, 1, 0, 'KGI'),
(107, 16, 16, 16, 'Contacts', '', '2016-08-17 02:37:46', '2016-08-17 02:37:46', NULL, NULL, 0, 1, 0, 'Angus Lam'),
(108, 19, 1, 19, 'Contacts', '', '2016-08-22 04:55:53', '2016-08-22 04:55:53', NULL, NULL, 0, 1, 0, 'James Wong'),
(109, 19, 1, 19, 'Accounts', '', '2016-08-22 05:01:04', '2016-08-22 05:14:52', NULL, NULL, 0, 1, 0, 'FB Trading (HK) Limited'),
(110, 19, 19, 19, 'Products', 'Cloud Endpoint Protection Std (10-24 user) - 36 months\nSubscription License\nIncludes : Antimalware, Live Protect, Web Security, multiple platform support\n(Windows/Mac), Sophos Anti-Virus for vShield (for Windows, Desktop Guest VMs); Windows only : Host intrusion Prevention(HIPS)', '2016-08-22 05:12:47', '2016-08-22 05:12:47', NULL, NULL, 0, 1, 0, 'Cloud Endpoint LIC'),
(111, 5, 5, 5, 'Potentials', '', '2016-08-22 12:31:16', '2016-08-22 12:33:15', NULL, NULL, 0, 1, 0, '测试'),
(112, 5, 5, 5, 'ModComments', NULL, '2016-08-22 12:35:07', '2016-08-22 12:35:07', NULL, NULL, 0, 1, 0, 'toby test '),
(113, 5, 5, 5, 'ModComments', NULL, '2016-08-22 12:36:56', '2016-08-22 12:36:56', NULL, NULL, 0, 1, 0, 'toby test '),
(114, 5, 5, 5, 'ModComments', NULL, '2016-08-22 12:38:12', '2016-08-22 12:38:12', NULL, NULL, 0, 1, 0, 'toby test '),
(115, 5, 5, 5, 'ModComments', NULL, '2016-08-22 12:42:18', '2016-08-22 12:42:18', NULL, NULL, 0, 1, 0, 'toby test again '),
(116, 1, 1, 1, 'Potentials', 'just  for test', '2016-08-22 13:08:46', '2016-08-22 13:08:46', NULL, NULL, 0, 1, 0, 'test test'),
(117, 1, 1, 1, 'ModComments', NULL, '2016-08-22 13:16:33', '2016-08-22 13:16:33', NULL, NULL, 0, 1, 0, 'test toby '),
(118, 1, 1, 1, 'ModComments', NULL, '2016-08-22 13:16:42', '2016-08-22 13:16:42', NULL, NULL, 0, 1, 0, 'test test test again '),
(119, 16, 16, 16, 'Potentials', '', '2016-08-23 01:49:24', '2016-09-27 02:09:06', NULL, NULL, 0, 1, 0, 'STRATUS RENEW'),
(120, 1, 1, 1, 'ModComments', NULL, '2016-08-23 02:14:00', '2016-08-23 02:14:00', NULL, NULL, 0, 1, 0, 'toby test '),
(121, 1, 1, 1, 'ModComments', NULL, '2016-08-23 02:15:24', '2016-08-23 02:15:24', NULL, NULL, 0, 1, 0, 'toby '),
(122, 5, 1, 5, 'Potentials', 'just for test', '2016-08-23 02:17:17', '2016-08-23 02:17:17', NULL, NULL, 0, 1, 0, 'test from Toby'),
(123, 16, 16, 16, 'ModComments', NULL, '2016-08-23 02:18:57', '2016-08-23 02:18:57', NULL, NULL, 0, 1, 0, 'toby'),
(124, 16, 16, 16, 'ModComments', NULL, '2016-08-23 02:21:13', '2016-08-23 02:21:13', NULL, NULL, 0, 1, 0, 'test toby'),
(125, 8, 8, 8, 'Potentials', 'Order Closed on 25th August 2016', '2016-08-26 07:57:32', '2016-08-26 07:57:32', NULL, NULL, 0, 1, 0, 'Cabling'),
(126, 16, 16, 16, 'Contacts', '', '2016-09-01 00:58:58', '2016-09-01 00:58:58', NULL, NULL, 0, 1, 0, ' Stanley Chan'),
(127, 16, 16, 15, 'Accounts', 'SevOne products, Schedule - Oct 2016 Issue PO', '2016-09-01 00:59:19', '2016-09-06 02:24:47', NULL, NULL, 0, 1, 0, 'Fulbright'),
(128, 16, 16, 16, 'Potentials', '', '2016-09-01 01:00:28', '2016-09-01 01:09:09', NULL, NULL, 0, 1, 0, 'Log management'),
(129, 16, 16, 16, 'Contacts', '', '2016-09-01 01:04:59', '2016-09-01 01:04:59', NULL, NULL, 0, 1, 0, ' Tony Wai'),
(130, 16, 16, 15, 'Accounts', 'vulnerability Scan project schedule: testing on Oct and award at Dec 2016', '2016-09-01 01:05:50', '2016-09-06 02:21:49', NULL, NULL, 0, 1, 0, 'RHB OSK'),
(131, 16, 16, 16, 'Potentials', '', '2016-09-01 01:07:13', '2016-09-01 01:12:11', NULL, NULL, 0, 1, 0, 'V-Scan'),
(132, 16, 16, 15, 'Accounts', 'vulnerability scan: Project schedule- Dec 2016 implementation', '2016-09-01 01:11:09', '2016-09-06 02:22:53', NULL, NULL, 0, 1, 0, 'GUO YUAN securities'),
(133, 16, 16, 16, 'Potentials', '', '2016-09-01 01:11:30', '2016-09-06 02:39:00', NULL, NULL, 0, 1, 0, 'V-Scan'),
(134, 7, 7, 7, 'Accounts', '', '2016-09-02 08:38:16', '2016-09-06 03:16:58', NULL, NULL, 0, 1, 0, 'Hoi Meng Group'),
(135, 7, 7, 7, 'Contacts', '', '2016-09-02 08:38:53', '2016-09-02 08:38:53', NULL, NULL, 0, 1, 0, 'x Michael'),
(136, 7, 7, 7, 'Potentials', 'Customer deploying ERP and POS system, target testing CC service in the mid of Ocb\n\nReferred by Arcon system, They handle VC solution, we handle bandwidth.\nPropose phrase 1 subscrpt 2M bandwidth for VC and Data. Phrase will increase bandwidth for shop POS and File server and via HK for internet use.', '2016-09-02 08:39:20', '2016-10-04 01:55:23', NULL, NULL, 0, 1, 0, 'Cross Connect 2M'),
(137, 16, 16, 16, 'Potentials', '', '2016-09-06 01:33:44', '2016-09-06 01:45:44', NULL, NULL, 0, 1, 0, 'New Server'),
(138, 16, 16, 16, 'Accounts', '', '2016-09-06 01:39:26', '2016-09-06 01:39:26', NULL, NULL, 0, 1, 0, 'IMPERIUM'),
(139, 16, 16, 16, 'Contacts', '', '2016-09-06 01:41:40', '2016-09-06 01:41:40', NULL, NULL, 0, 1, 0, ' Bayert'),
(140, 16, 16, 16, 'Potentials', '', '2016-09-06 01:42:06', '2016-09-06 01:45:13', NULL, NULL, 0, 1, 0, 'Online Storage'),
(141, 16, 16, 15, 'Potentials', 'project expected to close at 31 Dec 2016', '2016-09-06 01:44:50', '2016-09-06 02:17:49', NULL, NULL, 0, 1, 0, 'Procurement system'),
(142, 16, 16, 16, 'Contacts', '', '2016-09-06 02:38:53', '2016-09-06 02:38:53', NULL, NULL, 0, 1, 0, ' Tim'),
(143, 7, 7, 7, 'Potentials', '', '2016-09-06 02:42:38', '2016-10-04 02:34:25', NULL, NULL, 0, 1, 0, 'MTR new room / PCCW'),
(144, 7, 7, 7, 'ModComments', NULL, '2016-09-06 02:47:23', '2016-09-06 02:47:23', NULL, NULL, 0, 1, 0, 'New MTR education room - installation service for 10 PC, 10 AP, 2 switches, 1 rack, 20 cabling'),
(145, 8, 8, 8, 'Potentials', 'Waiting for customer VLAN ID information.', '2016-09-06 03:07:03', '2016-10-04 02:23:13', NULL, NULL, 0, 1, 0, 'Man Day'),
(146, 6, 6, 6, 'Invoice', '', '2016-09-12 02:50:54', '2016-09-12 03:08:52', NULL, NULL, 0, 1, 0, 'Savills-service-inv'),
(147, 6, 6, 6, 'Invoice', '', '2016-09-12 03:06:05', '2016-09-12 03:07:06', NULL, NULL, 0, 1, 0, 'Savills-service-inv160705002'),
(148, 7, 7, 7, 'Potentials', 'Case Won:  1 x3650M5 server, GP $5832 + installation $1000', '2016-09-12 07:00:35', '2016-09-20 04:57:24', NULL, NULL, 0, 1, 0, 'BOSH x3650M5 server'),
(149, 7, 7, 7, 'Potentials', 'MaaS Service propose to Microware, \n21 Sept will hold Sale enablement meeting, Order form, deployment form, demo a/c template are already.\nBronze package - $55/device/mth (around 10% margin)\nSilver package - $100/device/mth (around 10% margin)\nonetime installation - $1500 for 1-20 devices, $5000 for 21-50 devices', '2016-09-20 05:05:00', '2016-09-20 05:05:01', NULL, NULL, 0, 1, 0, 'MaaS - Microware'),
(150, 8, 8, 8, 'Potentials', 'Man day for devices configuration.', '2016-09-20 06:26:57', '2016-10-04 02:22:56', NULL, NULL, 0, 1, 0, 'Man Day'),
(151, 7, 7, 7, 'Potentials', 'SevOne for 15 Server and 6 x Switch+ firewall', '2016-09-27 02:07:32', '2016-09-27 03:35:52', NULL, NULL, 0, 1, 0, 'Sun Fook Hong - SevOne'),
(152, 7, 7, 7, 'Potentials', 'Installation 5 x Win 2012R2, 1 x VMware, 2 x SAN (with replication feature)', '2016-09-27 02:09:12', '2016-09-27 02:09:13', NULL, NULL, 0, 1, 0, 'installation - VMware'),
(153, 7, 7, 7, 'Potentials', 'Monitoring around 2500 x IP Phone, Sun Hung Kei', '2016-09-27 03:25:12', '2016-09-27 03:29:15', NULL, NULL, 0, 1, 0, 'SevOne - PCCW'),
(154, 8, 8, 8, 'Accounts', '', '2016-09-27 03:34:26', '2016-09-27 03:34:26', NULL, NULL, 0, 1, 0, 'BC & D International Ltd'),
(155, 8, 8, 8, 'Potentials', 'TCV = HK$221,541.2, GP around HK$55,000', '2016-09-27 03:36:26', '2016-09-27 03:37:03', NULL, NULL, 0, 1, 0, 'Network infrastructure project'),
(156, 16, 16, 16, 'Potentials', '', '2016-10-04 01:38:06', '2016-10-04 01:38:07', NULL, NULL, 0, 1, 0, 'Firewall revamp'),
(157, 16, 16, 16, 'Contacts', '', '2016-10-04 01:39:03', '2016-10-04 01:39:03', NULL, NULL, 0, 1, 0, ' brian'),
(158, 16, 16, 16, 'Contacts', '', '2016-10-04 01:39:22', '2016-10-04 01:39:22', NULL, NULL, 0, 1, 0, ' South West'),
(159, 16, 16, 16, 'Accounts', '', '2016-10-04 01:41:01', '2016-10-04 01:41:01', NULL, NULL, 0, 1, 0, 'South West'),
(160, 16, 16, 16, 'Potentials', '', '2016-10-04 01:41:06', '2016-10-04 01:41:06', NULL, NULL, 0, 1, 0, 'V-Scan'),
(161, 16, 16, 16, 'Potentials', '', '2016-10-04 01:42:23', '2016-10-04 01:44:40', NULL, NULL, 0, 1, 0, 'Express Cluster'),
(162, 7, 7, 7, 'Potentials', 'reseller SevOne, meeting 17 Oct', '2016-10-11 02:12:11', '2016-10-11 02:15:32', NULL, NULL, 0, 1, 0, 'partner - ChinaComm'),
(163, 7, 7, 7, 'Potentials', 'interest in one off purchase SevOne and provide proactive MA service to customer', '2016-10-11 02:13:28', '2016-10-11 02:14:11', NULL, NULL, 0, 1, 0, 'partner - MNT'),
(164, 7, 7, 7, 'Accounts', '', '2016-10-11 02:13:56', '2016-10-11 02:13:56', NULL, NULL, 0, 1, 0, 'Motion Networks Tech'),
(165, 7, 7, 7, 'Accounts', '', '2016-10-11 02:14:29', '2016-10-11 02:14:29', NULL, NULL, 0, 1, 0, 'ChinaComm'),
(166, 7, 7, 7, 'Accounts', '', '2016-10-11 02:14:43', '2016-10-11 02:14:43', NULL, NULL, 0, 1, 0, 'Super Light'),
(167, 7, 7, 7, 'Potentials', 'interest in reseller SevOne', '2016-10-11 02:15:19', '2016-10-11 02:15:19', NULL, NULL, 0, 1, 0, 'partner - Super Light'),
(168, 8, 8, 8, 'Accounts', '', '2016-10-11 02:35:50', '2016-10-11 02:35:50', NULL, NULL, 0, 1, 0, 'CPC'),
(169, 8, 8, 8, 'Potentials', 'The final Quotation is under preparing and will be sent to customer on 11th or 12th Oct 2016.', '2016-10-11 02:37:18', '2016-10-11 02:37:18', NULL, NULL, 0, 1, 0, 'CCTV Project'),
(170, 8, 8, 8, 'Potentials', 'The SOW is under estimating and waiting for vendor reply.', '2016-10-11 02:38:22', '2016-10-11 02:38:22', NULL, NULL, 0, 1, 0, 'Cabling'),
(171, 8, 8, 8, 'Potentials', 'The SOW is under estimating and waiting for vendor reply.', '2016-10-11 02:39:21', '2016-10-11 02:39:21', NULL, NULL, 0, 1, 0, 'IP Phone system'),
(172, 6, 6, 6, 'Calendar', '', '2016-10-12 01:47:45', '2016-10-12 01:47:45', NULL, NULL, 0, 1, 0, 'Meeting with smeoa'),
(173, 6, 5, 6, 'Calendar', '', '2016-10-12 01:49:15', '2016-10-12 01:49:15', NULL, NULL, 0, 1, 0, 'TFI Training');

-- --------------------------------------------------------

--
-- 表的结构 `vtiger_crmentityrel`
--

CREATE TABLE IF NOT EXISTS `vtiger_crmentityrel` (
  `crmid` int(11) NOT NULL,
  `module` varchar(100) NOT NULL,
  `relcrmid` int(11) NOT NULL,
  `relmodule` varchar(100) NOT NULL
) ENGINE=InnoDB DEFAULT CHARSET=utf8;

--
-- 转存表中的数据 `vtiger_crmentityrel`
--

INSERT INTO `vtiger_crmentityrel` (`crmid`, `module`, `relcrmid`, `relmodule`) VALUES
(12, 'Potentials', 14, 'Quotes'),
(16, 'Potentials', 17, 'Quotes');

-- --------------------------------------------------------

--
-- 表的结构 `vtiger_crmentity_seq`
--

CREATE TABLE IF NOT EXISTS `vtiger_crmentity_seq` (
  `id` int(11) NOT NULL
) ENGINE=InnoDB DEFAULT CHARSET=utf8;

--
-- 转存表中的数据 `vtiger_crmentity_seq`
--

INSERT INTO `vtiger_crmentity_seq` (`id`) VALUES
(173);

-- --------------------------------------------------------

--
-- 表的结构 `vtiger_crmsetup`
--

CREATE TABLE IF NOT EXISTS `vtiger_crmsetup` (
  `userid` int(11) DEFAULT NULL,
  `setup_status` int(2) DEFAULT NULL
) ENGINE=InnoDB DEFAULT CHARSET=utf8;

--
-- 转存表中的数据 `vtiger_crmsetup`
--

INSERT INTO `vtiger_crmsetup` (`userid`, `setup_status`) VALUES
(1, 1),
(5, 1),
(6, 1),
(7, 1),
(13, 1),
(8, 1),
(15, 1),
(16, 1),
(9, 1),
(18, 1),
(19, 1);

-- --------------------------------------------------------

--
-- 表的结构 `vtiger_cron_task`
--

CREATE TABLE IF NOT EXISTS `vtiger_cron_task` (
  `id` int(11) NOT NULL,
  `name` varchar(100) DEFAULT NULL,
  `handler_file` varchar(100) DEFAULT NULL,
  `frequency` int(11) DEFAULT NULL,
  `laststart` int(11) unsigned DEFAULT NULL,
  `lastend` int(11) unsigned DEFAULT NULL,
  `status` int(11) DEFAULT NULL,
  `module` varchar(100) DEFAULT NULL,
  `sequence` int(11) DEFAULT NULL,
  `description` text
) ENGINE=InnoDB AUTO_INCREMENT=8 DEFAULT CHARSET=utf8;

--
-- 转存表中的数据 `vtiger_cron_task`
--

INSERT INTO `vtiger_cron_task` (`id`, `name`, `handler_file`, `frequency`, `laststart`, `lastend`, `status`, `module`, `sequence`, `description`) VALUES
(1, 'Workflow', 'cron/modules/com_vtiger_workflow/com_vtiger_workflow.service', 900, NULL, NULL, 1, 'com_vtiger_workflow', 1, 'Recommended frequency for Workflow is 15 mins'),
(2, 'RecurringInvoice', 'cron/modules/SalesOrder/RecurringInvoice.service', 43200, NULL, NULL, 1, 'SalesOrder', 2, 'Recommended frequency for RecurringInvoice is 12 hours'),
(3, 'SendReminder', 'cron/SendReminder.service', 900, NULL, NULL, 1, 'Calendar', 3, 'Recommended frequency for SendReminder is 15 mins'),
(5, 'MailScanner', 'cron/MailScanner.service', 900, NULL, NULL, 1, 'Settings', 5, 'Recommended frequency for MailScanner is 15 mins'),
(6, 'Scheduled Import', 'cron/modules/Import/ScheduledImport.service', 900, NULL, NULL, 0, 'Import', 6, 'Recommended frequency for MailScanner is 15 mins'),
(7, 'ScheduleReports', 'cron/modules/Reports/ScheduleReports.service', 900, NULL, NULL, 1, 'Reports', 7, 'Recommended frequency for ScheduleReports is 15 mins');

-- --------------------------------------------------------

--
-- 表的结构 `vtiger_currencies`
--

CREATE TABLE IF NOT EXISTS `vtiger_currencies` (
  `currencyid` int(19) NOT NULL,
  `currency_name` varchar(200) DEFAULT NULL,
  `currency_code` varchar(50) DEFAULT NULL,
  `currency_symbol` varchar(11) DEFAULT NULL
) ENGINE=InnoDB AUTO_INCREMENT=139 DEFAULT CHARSET=utf8;

--
-- 转存表中的数据 `vtiger_currencies`
--

INSERT INTO `vtiger_currencies` (`currencyid`, `currency_name`, `currency_code`, `currency_symbol`) VALUES
(1, 'Albania, Leke', 'ALL', 'Lek'),
(2, 'Argentina, Pesos', 'ARS', '$'),
(3, 'Aruba, Guilders', 'AWG', 'ƒ'),
(4, 'Australia, Dollars', 'AUD', '$'),
(5, 'Azerbaijan, New Manats', 'AZN', 'ман'),
(6, 'Bahamas, Dollars', 'BSD', '$'),
(7, 'Bahrain, Dinar', 'BHD', 'BD'),
(8, 'Barbados, Dollars', 'BBD', '$'),
(9, 'Belarus, Rubles', 'BYR', 'p.'),
(10, 'Belize, Dollars', 'BZD', 'BZ$'),
(11, 'Bermuda, Dollars', 'BMD', '$'),
(12, 'Bolivia, Bolivianos', 'BOB', '$b'),
(13, 'China, Yuan Renminbi', 'CNY', '¥'),
(14, 'Convertible Marka', 'BAM', 'KM'),
(15, 'Botswana, Pulas', 'BWP', 'P'),
(16, 'Bulgaria, Leva', 'BGN', 'лв'),
(17, 'Brazil, Reais', 'BRL', 'R$'),
(18, 'Great Britain Pounds', 'GBP', '£'),
(19, 'Brunei Darussalam, Dollars', 'BND', '$'),
(20, 'Canada, Dollars', 'CAD', '$'),
(21, 'Cayman Islands, Dollars', 'KYD', '$'),
(22, 'Chile, Pesos', 'CLP', '$'),
(23, 'Colombia, Pesos', 'COP', '$'),
(24, 'Costa Rica, Colón', 'CRC', '₡'),
(25, 'Croatia, Kuna', 'HRK', 'kn'),
(26, 'Cuba, Pesos', 'CUP', '₱'),
(27, 'Czech Republic, Koruny', 'CZK', 'Kč'),
(28, 'Cyprus, Pounds', 'CYP', '£'),
(29, 'Denmark, Kroner', 'DKK', 'kr'),
(30, 'Dominican Republic, Pesos', 'DOP', 'RD$'),
(31, 'East Caribbean, Dollars', 'XCD', '$'),
(32, 'Egypt, Pounds', 'EGP', '£'),
(33, 'El Salvador, Colón', 'SVC', '₡'),
(34, 'England, Pounds', 'GBP', '£'),
(35, 'Estonia, Krooni', 'EEK', 'kr'),
(36, 'Euro', 'EUR', '€'),
(37, 'Falkland Islands, Pounds', 'FKP', '£'),
(38, 'Fiji, Dollars', 'FJD', '$'),
(39, 'Ghana, Cedis', 'GHC', '¢'),
(40, 'Gibraltar, Pounds', 'GIP', '£'),
(41, 'Guatemala, Quetzales', 'GTQ', 'Q'),
(42, 'Guernsey, Pounds', 'GGP', '£'),
(43, 'Guyana, Dollars', 'GYD', '$'),
(44, 'Honduras, Lempiras', 'HNL', 'L'),
(45, 'Hong Kong, Dollars', 'HKD', 'HK$'),
(46, 'Hungary, Forint', 'HUF', 'Ft'),
(47, 'Iceland, Krona', 'ISK', 'kr'),
(48, 'India, Rupees', 'INR', '₹'),
(49, 'Indonesia, Rupiahs', 'IDR', 'Rp'),
(50, 'Iran, Rials', 'IRR', '﷼'),
(51, 'Isle of Man, Pounds', 'IMP', '£'),
(52, 'Israel, New Shekels', 'ILS', '₪'),
(53, 'Jamaica, Dollars', 'JMD', 'J$'),
(54, 'Japan, Yen', 'JPY', '¥'),
(55, 'Jersey, Pounds', 'JEP', '£'),
(56, 'Jordan, Dinar', 'JOD', 'JOD'),
(57, 'Kazakhstan, Tenge', 'KZT', '〒'),
(58, 'Kenya, Shilling', 'KES', 'KES'),
(59, 'Korea (North), Won', 'KPW', '₩'),
(60, 'Korea (South), Won', 'KRW', '₩'),
(61, 'Kuwait, Dinar', 'KWD', 'KWD'),
(62, 'Kyrgyzstan, Soms', 'KGS', 'лв'),
(63, 'Laos, Kips', 'LAK', '₭'),
(64, 'Latvia, Lati', 'LVL', 'Ls'),
(65, 'Lebanon, Pounds', 'LBP', '£'),
(66, 'Liberia, Dollars', 'LRD', '$'),
(67, 'Switzerland Francs', 'CHF', 'CHF'),
(68, 'Lithuania, Litai', 'LTL', 'Lt'),
(69, 'MADAGASCAR, Malagasy Ariary', 'MGA', 'MGA'),
(70, 'Macedonia, Denars', 'MKD', 'ден'),
(71, 'Malaysia, Ringgits', 'MYR', 'RM'),
(72, 'Malta, Liri', 'MTL', '₤'),
(73, 'Mauritius, Rupees', 'MUR', '₨'),
(74, 'Mexico, Pesos', 'MXN', '$'),
(75, 'Mongolia, Tugriks', 'MNT', '₮'),
(76, 'Mozambique, Meticais', 'MZN', 'MT'),
(77, 'Namibia, Dollars', 'NAD', '$'),
(78, 'Nepal, Rupees', 'NPR', '₨'),
(79, 'Netherlands Antilles, Guilders', 'ANG', 'ƒ'),
(80, 'New Zealand, Dollars', 'NZD', '$'),
(81, 'Nicaragua, Cordobas', 'NIO', 'C$'),
(82, 'Nigeria, Nairas', 'NGN', '₦'),
(83, 'North Korea, Won', 'KPW', '₩'),
(84, 'Norway, Krone', 'NOK', 'kr'),
(85, 'Oman, Rials', 'OMR', '﷼'),
(86, 'Pakistan, Rupees', 'PKR', '₨'),
(87, 'Panama, Balboa', 'PAB', 'B/.'),
(88, 'Paraguay, Guarani', 'PYG', 'Gs'),
(89, 'Peru, Nuevos Soles', 'PEN', 'S/.'),
(90, 'Philippines, Pesos', 'PHP', 'Php'),
(91, 'Poland, Zlotych', 'PLN', 'zł'),
(92, 'Qatar, Rials', 'QAR', '﷼'),
(93, 'Romania, New Lei', 'RON', 'lei'),
(94, 'Russia, Rubles', 'RUB', 'руб'),
(95, 'Saint Helena, Pounds', 'SHP', '£'),
(96, 'Saudi Arabia, Riyals', 'SAR', '﷼'),
(97, 'Serbia, Dinars', 'RSD', 'Дин.'),
(98, 'Seychelles, Rupees', 'SCR', '₨'),
(99, 'Singapore, Dollars', 'SGD', '$'),
(100, 'Solomon Islands, Dollars', 'SBD', '$'),
(101, 'Somalia, Shillings', 'SOS', 'S'),
(102, 'South Africa, Rand', 'ZAR', 'R'),
(103, 'South Korea, Won', 'KRW', '₩'),
(104, 'Sri Lanka, Rupees', 'LKR', '₨'),
(105, 'Sweden, Kronor', 'SEK', 'kr'),
(106, 'Switzerland, Francs', 'CHF', 'CHF'),
(107, 'Suriname, Dollars', 'SRD', '$'),
(108, 'Syria, Pounds', 'SYP', '£'),
(109, 'Taiwan, New Dollars', 'TWD', 'NT$'),
(110, 'Thailand, Baht', 'THB', '฿'),
(111, 'Trinidad and Tobago, Dollars', 'TTD', 'TT$'),
(112, 'Turkey, New Lira', 'TRY', 'YTL'),
(113, 'Turkey, Liras', 'TRL', '₤'),
(114, 'Tuvalu, Dollars', 'TVD', '$'),
(115, 'Ukraine, Hryvnia', 'UAH', '₴'),
(116, 'United Arab Emirates, Dirham', 'AED', 'AED'),
(117, 'United Kingdom, Pounds', 'GBP', '£'),
(118, 'United Republic of Tanzania, Shilling', 'TZS', 'TZS'),
(119, 'USA, Dollars', 'USD', '$'),
(120, 'Uruguay, Pesos', 'UYU', '$U'),
(121, 'Uzbekistan, Sums', 'UZS', 'лв'),
(122, 'Venezuela, Bolivares Fuertes', 'VEF', 'Bs'),
(123, 'Vietnam, Dong', 'VND', '₫'),
(124, 'Zambia, Kwacha', 'ZMK', 'ZMK'),
(125, 'Yemen, Rials', 'YER', '﷼'),
(126, 'Zimbabwe Dollars', 'ZWD', 'Z$'),
(127, 'Malawi, Kwacha', 'MWK', 'MK'),
(128, 'Tunisian, Dinar', 'TD', 'TD'),
(129, 'Moroccan, Dirham', 'MAD', 'DH'),
(130, 'Iraqi Dinar', 'IQD', 'ID'),
(131, 'Maldivian Ruffiya', 'MVR', 'MVR'),
(132, 'Ugandan Shilling', 'UGX', 'Sh'),
(133, 'Sudanese Pound', 'SDG', '£'),
(134, 'CFA Franc BCEAO', 'XOF', 'CFA'),
(135, 'CFA Franc BEAC', 'XAF', 'CFA'),
(136, 'Haiti, Gourde', 'HTG', 'G'),
(137, 'Libya, Dinar', 'LYD', 'LYD'),
(138, 'CFP Franc', 'XPF', 'F');

-- --------------------------------------------------------

--
-- 表的结构 `vtiger_currencies_seq`
--

CREATE TABLE IF NOT EXISTS `vtiger_currencies_seq` (
  `id` int(11) NOT NULL
) ENGINE=InnoDB DEFAULT CHARSET=utf8;

--
-- 转存表中的数据 `vtiger_currencies_seq`
--

INSERT INTO `vtiger_currencies_seq` (`id`) VALUES
(138);

-- --------------------------------------------------------

--
-- 表的结构 `vtiger_currency`
--

CREATE TABLE IF NOT EXISTS `vtiger_currency` (
  `currencyid` int(19) NOT NULL,
  `currency` varchar(200) NOT NULL,
  `sortorderid` int(19) NOT NULL DEFAULT '0',
  `presence` int(1) NOT NULL DEFAULT '1'
) ENGINE=InnoDB DEFAULT CHARSET=utf8;

-- --------------------------------------------------------

--
-- 表的结构 `vtiger_currency_decimal_separator`
--

CREATE TABLE IF NOT EXISTS `vtiger_currency_decimal_separator` (
  `currency_decimal_separatorid` int(19) NOT NULL,
  `currency_decimal_separator` varchar(2) NOT NULL,
  `sortorderid` int(19) NOT NULL DEFAULT '0',
  `presence` int(1) NOT NULL DEFAULT '1'
) ENGINE=InnoDB AUTO_INCREMENT=6 DEFAULT CHARSET=utf8;

--
-- 转存表中的数据 `vtiger_currency_decimal_separator`
--

INSERT INTO `vtiger_currency_decimal_separator` (`currency_decimal_separatorid`, `currency_decimal_separator`, `sortorderid`, `presence`) VALUES
(1, '.', 0, 1),
(2, ',', 1, 1),
(3, '''', 2, 1),
(4, ' ', 3, 1),
(5, '$', 4, 1);

-- --------------------------------------------------------

--
-- 表的结构 `vtiger_currency_decimal_separator_seq`
--

CREATE TABLE IF NOT EXISTS `vtiger_currency_decimal_separator_seq` (
  `id` int(11) NOT NULL
) ENGINE=InnoDB DEFAULT CHARSET=utf8;

--
-- 转存表中的数据 `vtiger_currency_decimal_separator_seq`
--

INSERT INTO `vtiger_currency_decimal_separator_seq` (`id`) VALUES
(5);

-- --------------------------------------------------------

--
-- 表的结构 `vtiger_currency_grouping_pattern`
--

CREATE TABLE IF NOT EXISTS `vtiger_currency_grouping_pattern` (
  `currency_grouping_patternid` int(19) NOT NULL,
  `currency_grouping_pattern` varchar(200) NOT NULL,
  `sortorderid` int(19) NOT NULL DEFAULT '0',
  `presence` int(1) NOT NULL DEFAULT '1'
) ENGINE=InnoDB AUTO_INCREMENT=5 DEFAULT CHARSET=utf8;

--
-- 转存表中的数据 `vtiger_currency_grouping_pattern`
--

INSERT INTO `vtiger_currency_grouping_pattern` (`currency_grouping_patternid`, `currency_grouping_pattern`, `sortorderid`, `presence`) VALUES
(1, '123,456,789', 0, 1),
(2, '123456789', 1, 1),
(3, '123456,789', 2, 1),
(4, '12,34,56,789', 3, 1);

-- --------------------------------------------------------

--
-- 表的结构 `vtiger_currency_grouping_pattern_seq`
--

CREATE TABLE IF NOT EXISTS `vtiger_currency_grouping_pattern_seq` (
  `id` int(11) NOT NULL
) ENGINE=InnoDB DEFAULT CHARSET=utf8;

--
-- 转存表中的数据 `vtiger_currency_grouping_pattern_seq`
--

INSERT INTO `vtiger_currency_grouping_pattern_seq` (`id`) VALUES
(4);

-- --------------------------------------------------------

--
-- 表的结构 `vtiger_currency_grouping_separator`
--

CREATE TABLE IF NOT EXISTS `vtiger_currency_grouping_separator` (
  `currency_grouping_separatorid` int(19) NOT NULL,
  `currency_grouping_separator` varchar(2) NOT NULL,
  `sortorderid` int(19) NOT NULL DEFAULT '0',
  `presence` int(1) NOT NULL DEFAULT '1'
) ENGINE=InnoDB AUTO_INCREMENT=6 DEFAULT CHARSET=utf8;

--
-- 转存表中的数据 `vtiger_currency_grouping_separator`
--

INSERT INTO `vtiger_currency_grouping_separator` (`currency_grouping_separatorid`, `currency_grouping_separator`, `sortorderid`, `presence`) VALUES
(1, '.', 0, 1),
(2, ',', 1, 1),
(3, '''', 2, 1),
(4, ' ', 3, 1),
(5, '$', 4, 1);

-- --------------------------------------------------------

--
-- 表的结构 `vtiger_currency_grouping_separator_seq`
--

CREATE TABLE IF NOT EXISTS `vtiger_currency_grouping_separator_seq` (
  `id` int(11) NOT NULL
) ENGINE=InnoDB DEFAULT CHARSET=utf8;

--
-- 转存表中的数据 `vtiger_currency_grouping_separator_seq`
--

INSERT INTO `vtiger_currency_grouping_separator_seq` (`id`) VALUES
(5);

-- --------------------------------------------------------

--
-- 表的结构 `vtiger_currency_info`
--

CREATE TABLE IF NOT EXISTS `vtiger_currency_info` (
  `id` int(11) NOT NULL,
  `currency_name` varchar(100) DEFAULT NULL,
  `currency_code` varchar(100) DEFAULT NULL,
  `currency_symbol` varchar(30) DEFAULT NULL,
  `conversion_rate` decimal(12,5) DEFAULT NULL,
  `currency_status` varchar(25) DEFAULT NULL,
  `defaultid` varchar(10) NOT NULL DEFAULT '0',
  `deleted` int(1) NOT NULL DEFAULT '0'
) ENGINE=InnoDB AUTO_INCREMENT=3 DEFAULT CHARSET=utf8;

--
-- 转存表中的数据 `vtiger_currency_info`
--

INSERT INTO `vtiger_currency_info` (`id`, `currency_name`, `currency_code`, `currency_symbol`, `conversion_rate`, `currency_status`, `defaultid`, `deleted`) VALUES
(1, 'China, Yuan Renminbi', 'CNY', '¥', '1.00000', 'Active', '-11', 0),
(2, 'Hong Kong, Dollars', 'HKD', 'HK$', '0.86000', 'Active', '0', 0);

-- --------------------------------------------------------

--
-- 表的结构 `vtiger_currency_info_seq`
--

CREATE TABLE IF NOT EXISTS `vtiger_currency_info_seq` (
  `id` int(11) NOT NULL
) ENGINE=InnoDB DEFAULT CHARSET=utf8;

--
-- 转存表中的数据 `vtiger_currency_info_seq`
--

INSERT INTO `vtiger_currency_info_seq` (`id`) VALUES
(2);

-- --------------------------------------------------------

--
-- 表的结构 `vtiger_currency_symbol_placement`
--

CREATE TABLE IF NOT EXISTS `vtiger_currency_symbol_placement` (
  `currency_symbol_placementid` int(19) NOT NULL,
  `currency_symbol_placement` varchar(30) NOT NULL,
  `sortorderid` int(19) NOT NULL DEFAULT '0',
  `presence` int(1) NOT NULL DEFAULT '1'
) ENGINE=InnoDB AUTO_INCREMENT=3 DEFAULT CHARSET=utf8;

--
-- 转存表中的数据 `vtiger_currency_symbol_placement`
--

INSERT INTO `vtiger_currency_symbol_placement` (`currency_symbol_placementid`, `currency_symbol_placement`, `sortorderid`, `presence`) VALUES
(1, '$1.0', 0, 1),
(2, '1.0$', 1, 1);

-- --------------------------------------------------------

--
-- 表的结构 `vtiger_currency_symbol_placement_seq`
--

CREATE TABLE IF NOT EXISTS `vtiger_currency_symbol_placement_seq` (
  `id` int(11) NOT NULL
) ENGINE=InnoDB DEFAULT CHARSET=utf8;

--
-- 转存表中的数据 `vtiger_currency_symbol_placement_seq`
--

INSERT INTO `vtiger_currency_symbol_placement_seq` (`id`) VALUES
(2);

-- --------------------------------------------------------

--
-- 表的结构 `vtiger_customaction`
--

CREATE TABLE IF NOT EXISTS `vtiger_customaction` (
  `cvid` int(19) NOT NULL,
  `subject` varchar(250) NOT NULL,
  `module` varchar(50) NOT NULL,
  `content` text
) ENGINE=InnoDB DEFAULT CHARSET=utf8;

-- --------------------------------------------------------

--
-- 表的结构 `vtiger_customerdetails`
--

CREATE TABLE IF NOT EXISTS `vtiger_customerdetails` (
  `customerid` int(19) NOT NULL,
  `portal` varchar(3) DEFAULT NULL,
  `support_start_date` date DEFAULT NULL,
  `support_end_date` date DEFAULT NULL
) ENGINE=InnoDB DEFAULT CHARSET=utf8;

--
-- 转存表中的数据 `vtiger_customerdetails`
--

INSERT INTO `vtiger_customerdetails` (`customerid`, `portal`, `support_start_date`, `support_end_date`) VALUES
(6, '0', '2016-07-11', '2017-07-11'),
(11, '0', '2016-07-29', '2017-07-29'),
(18, '0', '2016-08-01', '2017-08-01'),
(36, '0', '2016-07-25', '2017-07-29'),
(37, '0', '2016-08-01', '2017-08-01'),
(43, '0', '2016-08-02', '2017-08-02'),
(49, '0', '2016-08-02', '2017-08-02'),
(59, '0', '2016-08-02', '2017-08-02'),
(73, '0', '2016-08-15', '2017-08-15'),
(76, '0', '2016-08-15', '2017-08-15'),
(79, '0', '2016-08-15', '2017-08-15'),
(86, '0', '2016-08-17', '2017-08-17'),
(89, '0', '2016-08-17', '2017-08-17'),
(92, '0', '2016-08-17', '2017-08-17'),
(96, '0', '2016-08-17', '2017-08-17'),
(99, '0', '2016-08-17', '2017-08-17'),
(104, '0', '2016-08-17', '2017-08-17'),
(107, '0', '2016-08-17', '2017-08-17'),
(108, '0', '2016-08-22', '2017-08-22'),
(126, '0', '2016-09-01', '2017-09-01'),
(129, '0', '2016-09-01', '2017-09-01'),
(135, '0', '2016-09-02', '2017-09-02'),
(139, '0', '2016-09-06', '2017-09-06'),
(142, '0', '2016-09-06', '2017-09-06'),
(157, '0', '2016-10-04', '2017-10-04'),
(158, '0', '2016-10-04', '2017-10-04');

-- --------------------------------------------------------

--
-- 表的结构 `vtiger_customerportal_fields`
--

CREATE TABLE IF NOT EXISTS `vtiger_customerportal_fields` (
  `tabid` int(19) NOT NULL,
  `fieldid` int(19) DEFAULT NULL,
  `visible` int(1) DEFAULT NULL
) ENGINE=InnoDB DEFAULT CHARSET=utf8;

-- --------------------------------------------------------

--
-- 表的结构 `vtiger_customerportal_prefs`
--

CREATE TABLE IF NOT EXISTS `vtiger_customerportal_prefs` (
  `tabid` int(19) NOT NULL,
  `prefkey` varchar(100) NOT NULL,
  `prefvalue` int(20) DEFAULT NULL
) ENGINE=InnoDB DEFAULT CHARSET=utf8;

--
-- 转存表中的数据 `vtiger_customerportal_prefs`
--

INSERT INTO `vtiger_customerportal_prefs` (`tabid`, `prefkey`, `prefvalue`) VALUES
(0, 'defaultassignee', 1),
(0, 'userid', 1),
(4, 'showrelatedinfo', 1),
(6, 'showrelatedinfo', 1),
(8, 'showrelatedinfo', 1),
(13, 'showrelatedinfo', 1),
(14, 'showrelatedinfo', 1),
(15, 'showrelatedinfo', 1),
(20, 'showrelatedinfo', 1),
(23, 'showrelatedinfo', 1),
(30, 'showrelatedinfo', 1),
(44, 'showrelatedinfo', 1),
(45, 'showrelatedinfo', 1),
(46, 'showrelatedinfo', 1),
(47, 'showrelatedinfo', 1);

-- --------------------------------------------------------

--
-- 表的结构 `vtiger_customerportal_tabs`
--

CREATE TABLE IF NOT EXISTS `vtiger_customerportal_tabs` (
  `tabid` int(19) NOT NULL,
  `visible` int(1) DEFAULT '1',
  `sequence` int(1) DEFAULT NULL
) ENGINE=InnoDB DEFAULT CHARSET=utf8;

--
-- 转存表中的数据 `vtiger_customerportal_tabs`
--

INSERT INTO `vtiger_customerportal_tabs` (`tabid`, `visible`, `sequence`) VALUES
(4, 1, 9),
(6, 1, 10),
(8, 1, 8),
(13, 1, 2),
(14, 1, 6),
(15, 1, 3),
(20, 1, 5),
(23, 1, 4),
(30, 1, 7),
(44, 1, 11),
(45, 1, 12),
(46, 1, 13),
(47, 1, 14);

-- --------------------------------------------------------

--
-- 表的结构 `vtiger_customview`
--

CREATE TABLE IF NOT EXISTS `vtiger_customview` (
  `cvid` int(19) NOT NULL,
  `viewname` varchar(100) NOT NULL,
  `setdefault` int(1) DEFAULT '0',
  `setmetrics` int(1) DEFAULT '0',
  `entitytype` varchar(25) NOT NULL,
  `status` int(1) DEFAULT '1',
  `userid` int(19) DEFAULT '1'
) ENGINE=InnoDB DEFAULT CHARSET=utf8;

--
-- 转存表中的数据 `vtiger_customview`
--

INSERT INTO `vtiger_customview` (`cvid`, `viewname`, `setdefault`, `setmetrics`, `entitytype`, `status`, `userid`) VALUES
(1, 'All', 1, 0, 'Leads', 0, 1),
(2, 'Hot Leads', 0, 1, 'Leads', 3, 1),
(3, 'This Month Leads', 0, 0, 'Leads', 3, 1),
(4, 'All', 1, 0, 'Accounts', 0, 1),
(5, 'Prospect Accounts', 0, 1, 'Accounts', 3, 1),
(6, 'New This Week', 0, 0, 'Accounts', 3, 1),
(7, 'All', 1, 0, 'Contacts', 0, 1),
(8, 'Contacts Address', 0, 0, 'Contacts', 3, 1),
(9, 'Todays Birthday', 0, 0, 'Contacts', 3, 1),
(10, 'All', 1, 0, 'Potentials', 0, 1),
(11, 'Potentials Won', 0, 1, 'Potentials', 3, 1),
(12, 'Prospecting', 0, 0, 'Potentials', 3, 1),
(13, 'All', 1, 0, 'HelpDesk', 0, 1),
(14, 'Open Tickets', 0, 1, 'HelpDesk', 3, 1),
(15, 'High Prioriy Tickets', 0, 0, 'HelpDesk', 3, 1),
(16, 'All', 1, 0, 'Quotes', 0, 1),
(17, 'Open Quotes', 0, 1, 'Quotes', 3, 1),
(18, 'Rejected Quotes', 0, 0, 'Quotes', 3, 1),
(19, 'All', 1, 0, 'Calendar', 0, 1),
(20, 'All', 1, 0, 'Emails', 0, 1),
(21, 'All', 1, 0, 'Invoice', 0, 1),
(22, 'All', 1, 0, 'Documents', 0, 1),
(23, 'All', 1, 0, 'PriceBooks', 0, 1),
(24, 'All', 1, 0, 'Products', 0, 1),
(25, 'All', 1, 0, 'PurchaseOrder', 0, 1),
(26, 'All', 1, 0, 'SalesOrder', 0, 1),
(27, 'All', 1, 0, 'Vendors', 0, 1),
(28, 'All', 1, 0, 'Faq', 0, 1),
(29, 'All', 1, 0, 'Campaigns', 0, 1),
(30, 'All', 1, 0, 'Webmails', 0, 1),
(31, 'Drafted FAQ', 0, 0, 'Faq', 3, 1),
(32, 'Published FAQ', 0, 0, 'Faq', 3, 1),
(33, 'Open Purchase Orders', 0, 0, 'PurchaseOrder', 3, 1),
(34, 'Received Purchase Orders', 0, 0, 'PurchaseOrder', 3, 1),
(35, 'Open Invoices', 0, 0, 'Invoice', 3, 1),
(36, 'Paid Invoices', 0, 0, 'Invoice', 3, 1),
(37, 'Pending Sales Orders', 0, 0, 'SalesOrder', 3, 1),
(38, 'All', 1, 0, 'Services', 0, 1),
(39, 'All', 1, 0, 'ServiceContracts', 0, 1),
(40, 'All', 1, 0, 'PBXManager', 0, 1),
(41, 'All', 0, 0, 'SMSNotifier', 0, 1),
(42, 'All', 0, 0, 'ModComments', 0, 1),
(46, 'All', 1, 0, 'Assets', 0, 1),
(47, 'All', 1, 0, 'ProjectMilestone', 0, 1),
(48, 'All', 1, 0, 'ProjectTask', 0, 1),
(49, 'All', 1, 0, 'Project', 0, 1),
(51, 'Sampras', 0, 0, 'Potentials', 1, 7),
(53, 'Chris', 0, 0, 'Potentials', 1, 8);

-- --------------------------------------------------------

--
-- 表的结构 `vtiger_customview_seq`
--

CREATE TABLE IF NOT EXISTS `vtiger_customview_seq` (
  `id` int(11) NOT NULL
) ENGINE=InnoDB DEFAULT CHARSET=utf8;

--
-- 转存表中的数据 `vtiger_customview_seq`
--

INSERT INTO `vtiger_customview_seq` (`id`) VALUES
(53);

-- --------------------------------------------------------

--
-- 表的结构 `vtiger_cvadvfilter`
--

CREATE TABLE IF NOT EXISTS `vtiger_cvadvfilter` (
  `cvid` int(19) NOT NULL,
  `columnindex` int(11) NOT NULL,
  `columnname` varchar(250) DEFAULT '',
  `comparator` varchar(20) DEFAULT NULL,
  `value` varchar(512) DEFAULT NULL,
  `groupid` int(11) DEFAULT '1',
  `column_condition` varchar(255) DEFAULT 'and'
) ENGINE=InnoDB DEFAULT CHARSET=utf8;

--
-- 转存表中的数据 `vtiger_cvadvfilter`
--

INSERT INTO `vtiger_cvadvfilter` (`cvid`, `columnindex`, `columnname`, `comparator`, `value`, `groupid`, `column_condition`) VALUES
(2, 0, 'vtiger_leaddetails:leadstatus:leadstatus:Leads_Lead_Status:V', 'e', 'Hot', 1, 'and'),
(5, 0, 'vtiger_account:account_type:accounttype:Accounts_Type:V', 'e', 'Prospect', 1, 'and'),
(11, 0, 'vtiger_potential:sales_stage:sales_stage:Potentials_Sales_Stage:V', 'e', 'Closed Won', 1, 'and'),
(12, 0, 'vtiger_potential:sales_stage:sales_stage:Potentials_Sales_Stage:V', 'e', 'Prospecting', 1, 'and'),
(14, 0, 'vtiger_troubletickets:status:ticketstatus:HelpDesk_Status:V', 'n', 'Closed', 1, 'and'),
(15, 0, 'vtiger_troubletickets:priority:ticketpriorities:HelpDesk_Priority:V', 'e', 'High', 1, 'and'),
(17, 0, 'vtiger_quotes:quotestage:quotestage:Quotes_Quote_Stage:V', 'n', 'Accepted', 1, 'and'),
(17, 1, 'vtiger_quotes:quotestage:quotestage:Quotes_Quote_Stage:V', 'n', 'Rejected', 1, 'and'),
(18, 0, 'vtiger_quotes:quotestage:quotestage:Quotes_Quote_Stage:V', 'e', 'Rejected', 1, 'and'),
(31, 0, 'vtiger_faq:status:faqstatus:Faq_Status:V', 'e', 'Draft', 1, 'and'),
(32, 0, 'vtiger_faq:status:faqstatus:Faq_Status:V', 'e', 'Published', 1, 'and'),
(33, 0, 'vtiger_purchaseorder:postatus:postatus:PurchaseOrder_Status:V', 'e', 'Created, Approved, Delivered', 1, 'and'),
(34, 0, 'vtiger_purchaseorder:postatus:postatus:PurchaseOrder_Status:V', 'e', 'Received Shipment', 1, 'and'),
(35, 0, 'vtiger_invoice:invoicestatus:invoicestatus:Invoice_Status:V', 'e', 'Created, Approved, Sent', 1, 'and'),
(36, 0, 'vtiger_invoice:invoicestatus:invoicestatus:Invoice_Status:V', 'e', 'Paid', 1, 'and'),
(37, 0, 'vtiger_salesorder:sostatus:sostatus:SalesOrder_Status:V', 'e', 'Created, Approved', 1, 'and'),
(51, 0, 'vtiger_potential:sales_stage:sales_stage:Potentials_Sales_Stage:V', 'n', 'Closed Won,Closed Lost', 1, ''),
(51, 1, 'vtiger_crmentity:smownerid:assigned_user_id:Potentials_Assigned_To:V', 'e', 'Sampras 黃嘉健', 2, ''),
(53, 0, 'vtiger_crmentity:smownerid:assigned_user_id:Potentials_Assigned_To:V', 'e', 'Chris 李飛龍', 1, '');

-- --------------------------------------------------------

--
-- 表的结构 `vtiger_cvadvfilter_grouping`
--

CREATE TABLE IF NOT EXISTS `vtiger_cvadvfilter_grouping` (
  `groupid` int(11) NOT NULL,
  `cvid` int(19) NOT NULL,
  `group_condition` varchar(255) DEFAULT NULL,
  `condition_expression` text
) ENGINE=InnoDB DEFAULT CHARSET=utf8;

--
-- 转存表中的数据 `vtiger_cvadvfilter_grouping`
--

INSERT INTO `vtiger_cvadvfilter_grouping` (`groupid`, `cvid`, `group_condition`, `condition_expression`) VALUES
(1, 2, '', ''),
(1, 5, '', ''),
(1, 11, '', ''),
(1, 12, '', ''),
(1, 14, '', ''),
(1, 15, '', ''),
(1, 17, '', ''),
(1, 18, '', ''),
(1, 31, '', ''),
(1, 32, '', ''),
(1, 33, '', ''),
(1, 34, '', ''),
(1, 35, '', ''),
(1, 36, '', ''),
(1, 37, '', ''),
(1, 51, 'and', ' 0 '),
(1, 53, 'and', ' 0 '),
(2, 51, NULL, ' 1 ');

-- --------------------------------------------------------

--
-- 表的结构 `vtiger_cvcolumnlist`
--

CREATE TABLE IF NOT EXISTS `vtiger_cvcolumnlist` (
  `cvid` int(19) NOT NULL,
  `columnindex` int(11) NOT NULL,
  `columnname` varchar(250) DEFAULT ''
) ENGINE=InnoDB DEFAULT CHARSET=utf8;

--
-- 转存表中的数据 `vtiger_cvcolumnlist`
--

INSERT INTO `vtiger_cvcolumnlist` (`cvid`, `columnindex`, `columnname`) VALUES
(1, 1, 'vtiger_leaddetails:firstname:firstname:Leads_First_Name:V'),
(1, 2, 'vtiger_leaddetails:lastname:lastname:Leads_Last_Name:V'),
(1, 3, 'vtiger_leaddetails:company:company:Leads_Company:V'),
(1, 4, 'vtiger_leadaddress:phone:phone:Leads_Phone:V'),
(1, 5, 'vtiger_leadsubdetails:website:website:Leads_Website:V'),
(1, 6, 'vtiger_leaddetails:email:email:Leads_Email:V'),
(1, 7, 'vtiger_crmentity:smownerid:assigned_user_id:Leads_Assigned_To:V'),
(2, 0, 'vtiger_leaddetails:firstname:firstname:Leads_First_Name:V'),
(2, 1, 'vtiger_leaddetails:lastname:lastname:Leads_Last_Name:V'),
(2, 2, 'vtiger_leaddetails:company:company:Leads_Company:V'),
(2, 3, 'vtiger_leaddetails:leadsource:leadsource:Leads_Lead_Source:V'),
(2, 4, 'vtiger_leadsubdetails:website:website:Leads_Website:V'),
(2, 5, 'vtiger_leaddetails:email:email:Leads_Email:V'),
(3, 0, 'vtiger_leaddetails:firstname:firstname:Leads_First_Name:V'),
(3, 1, 'vtiger_leaddetails:lastname:lastname:Leads_Last_Name:V'),
(3, 2, 'vtiger_leaddetails:company:company:Leads_Company:V'),
(3, 3, 'vtiger_leaddetails:leadsource:leadsource:Leads_Lead_Source:V'),
(3, 4, 'vtiger_leadsubdetails:website:website:Leads_Website:V'),
(3, 5, 'vtiger_leaddetails:email:email:Leads_Email:V'),
(4, 1, 'vtiger_account:accountname:accountname:Accounts_Account_Name:V'),
(4, 2, 'vtiger_accountbillads:bill_city:bill_city:Accounts_City:V'),
(4, 3, 'vtiger_account:website:website:Accounts_Website:V'),
(4, 4, 'vtiger_account:phone:phone:Accounts_Phone:V'),
(4, 5, 'vtiger_crmentity:smownerid:assigned_user_id:Accounts_Assigned_To:V'),
(5, 0, 'vtiger_account:accountname:accountname:Accounts_Account_Name:V'),
(5, 1, 'vtiger_account:phone:phone:Accounts_Phone:V'),
(5, 2, 'vtiger_account:website:website:Accounts_Website:V'),
(5, 3, 'vtiger_account:rating:rating:Accounts_Rating:V'),
(5, 4, 'vtiger_crmentity:smownerid:assigned_user_id:Accounts_Assigned_To:V'),
(6, 0, 'vtiger_account:accountname:accountname:Accounts_Account_Name:V'),
(6, 1, 'vtiger_account:phone:phone:Accounts_Phone:V'),
(6, 2, 'vtiger_account:website:website:Accounts_Website:V'),
(6, 3, 'vtiger_accountbillads:bill_city:bill_city:Accounts_City:V'),
(6, 4, 'vtiger_crmentity:smownerid:assigned_user_id:Accounts_Assigned_To:V'),
(7, 1, 'vtiger_contactdetails:firstname:firstname:Contacts_First_Name:V'),
(7, 2, 'vtiger_contactdetails:lastname:lastname:Contacts_Last_Name:V'),
(7, 3, 'vtiger_contactdetails:title:title:Contacts_Title:V'),
(7, 4, 'vtiger_contactdetails:accountid:account_id:Contacts_Account_Name:V'),
(7, 5, 'vtiger_contactdetails:email:email:Contacts_Email:V'),
(7, 6, 'vtiger_contactdetails:phone:phone:Contacts_Office_Phone:V'),
(7, 7, 'vtiger_crmentity:smownerid:assigned_user_id:Contacts_Assigned_To:V'),
(8, 0, 'vtiger_contactdetails:firstname:firstname:Contacts_First_Name:V'),
(8, 1, 'vtiger_contactdetails:lastname:lastname:Contacts_Last_Name:V'),
(8, 2, 'vtiger_contactaddress:mailingstreet:mailingstreet:Contacts_Mailing_Street:V'),
(8, 3, 'vtiger_contactaddress:mailingcity:mailingcity:Contacts_Mailing_City:V'),
(8, 4, 'vtiger_contactaddress:mailingstate:mailingstate:Contacts_Mailing_State:V'),
(8, 5, 'vtiger_contactaddress:mailingzip:mailingzip:Contacts_Mailing_Zip:V'),
(8, 6, 'vtiger_contactaddress:mailingcountry:mailingcountry:Contacts_Mailing_Country:V'),
(9, 0, 'vtiger_contactdetails:firstname:firstname:Contacts_First_Name:V'),
(9, 1, 'vtiger_contactdetails:lastname:lastname:Contacts_Last_Name:V'),
(9, 2, 'vtiger_contactdetails:title:title:Contacts_Title:V'),
(9, 3, 'vtiger_contactdetails:accountid:account_id:Contacts_Account_Name:V'),
(9, 4, 'vtiger_contactdetails:email:email:Contacts_Email:V'),
(9, 5, 'vtiger_contactsubdetails:otherphone:otherphone:Contacts_Other_Phone:V'),
(9, 6, 'vtiger_crmentity:smownerid:assigned_user_id:Contacts_Assigned_To:V'),
(10, 1, 'vtiger_potential:potentialname:potentialname:Potentials_Potential_Name:V'),
(10, 2, 'vtiger_potential:related_to:related_to:Potentials_Related_To:V'),
(10, 3, 'vtiger_potential:sales_stage:sales_stage:Potentials_Sales_Stage:V'),
(10, 4, 'vtiger_potential:leadsource:leadsource:Potentials_Lead_Source:V'),
(10, 5, 'vtiger_potential:closingdate:closingdate:Potentials_Expected_Close_Date:D'),
(10, 6, 'vtiger_potential:amount:amount:Potentials_Amount:N'),
(10, 7, 'vtiger_crmentity:smownerid:assigned_user_id:Potentials_Assigned_To:V'),
(10, 8, 'vtiger_potential:contact_id:contact_id:Potentials_Contact_Name:V'),
(11, 0, 'vtiger_potential:potentialname:potentialname:Potentials_Potential_Name:V'),
(11, 1, 'vtiger_potential:related_to:related_to:Potentials_Related_To:V'),
(11, 2, 'vtiger_potential:amount:amount:Potentials_Amount:N'),
(11, 3, 'vtiger_potential:closingdate:closingdate:Potentials_Expected_Close_Date:D'),
(11, 4, 'vtiger_crmentity:smownerid:assigned_user_id:Potentials_Assigned_To:V'),
(11, 5, 'vtiger_potential:contact_id:contact_id:Potentials_Contact_Name:V'),
(12, 0, 'vtiger_potential:potentialname:potentialname:Potentials_Potential_Name:V'),
(12, 1, 'vtiger_potential:related_to:related_to:Potentials_Related_To:V'),
(12, 2, 'vtiger_potential:amount:amount:Potentials_Amount:N'),
(12, 3, 'vtiger_potential:leadsource:leadsource:Potentials_Lead_Source:V'),
(12, 4, 'vtiger_potential:closingdate:closingdate:Potentials_Expected_Close_Date:D'),
(12, 5, 'vtiger_crmentity:smownerid:assigned_user_id:Potentials_Assigned_To:V'),
(12, 6, 'vtiger_potential:contact_id:contact_id:Potentials_Contact_Name:V'),
(13, 1, 'vtiger_troubletickets:title:ticket_title:HelpDesk_Title:V'),
(13, 2, 'vtiger_troubletickets:parent_id:parent_id:HelpDesk_Related_To:V'),
(13, 3, 'vtiger_troubletickets:status:ticketstatus:HelpDesk_Status:V'),
(13, 4, 'vtiger_troubletickets:priority:ticketpriorities:HelpDesk_Priority:V'),
(13, 5, 'vtiger_crmentity:smownerid:assigned_user_id:HelpDesk_Assigned_To:V'),
(13, 6, 'vtiger_troubletickets:contact_id:contact_id:HelpDesk_Contact_Name:V'),
(14, 0, 'vtiger_troubletickets:title:ticket_title:HelpDesk_Title:V'),
(14, 1, 'vtiger_troubletickets:parent_id:parent_id:HelpDesk_Related_To:V'),
(14, 2, 'vtiger_troubletickets:priority:ticketpriorities:HelpDesk_Priority:V'),
(14, 3, 'vtiger_troubletickets:product_id:product_id:HelpDesk_Product_Name:V'),
(14, 4, 'vtiger_crmentity:smownerid:assigned_user_id:HelpDesk_Assigned_To:V'),
(14, 5, 'vtiger_troubletickets:contact_id:contact_id:HelpDesk_Contact_Name:V'),
(15, 0, 'vtiger_troubletickets:title:ticket_title:HelpDesk_Title:V'),
(15, 1, 'vtiger_troubletickets:parent_id:parent_id:HelpDesk_Related_To:V'),
(15, 2, 'vtiger_troubletickets:status:ticketstatus:HelpDesk_Status:V'),
(15, 3, 'vtiger_troubletickets:product_id:product_id:HelpDesk_Product_Name:V'),
(15, 4, 'vtiger_crmentity:smownerid:assigned_user_id:HelpDesk_Assigned_To:V'),
(15, 5, 'vtiger_troubletickets:contact_id:contact_id:HelpDesk_Contact_Name:V'),
(16, 1, 'vtiger_quotes:subject:subject:Quotes_Subject:V'),
(16, 2, 'vtiger_quotes:quotestage:quotestage:Quotes_Quote_Stage:V'),
(16, 3, 'vtiger_quotes:potentialid:potential_id:Quotes_Potential_Name:V'),
(16, 4, 'vtiger_quotes:accountid:account_id:Quotes_Account_Name:V'),
(16, 5, 'vtiger_quotes:total:hdnGrandTotal:Quotes_Total:V'),
(16, 6, 'vtiger_crmentity:smownerid:assigned_user_id:Quotes_Assigned_To:V'),
(17, 0, 'vtiger_quotes:subject:subject:Quotes_Subject:V'),
(17, 1, 'vtiger_quotes:quotestage:quotestage:Quotes_Quote_Stage:V'),
(17, 2, 'vtiger_quotes:potentialid:potential_id:Quotes_Potential_Name:V'),
(17, 3, 'vtiger_quotes:accountid:account_id:Quotes_Account_Name:V'),
(17, 4, 'vtiger_quotes:validtill:validtill:Quotes_Valid_Till:D'),
(17, 5, 'vtiger_crmentity:smownerid:assigned_user_id:Quotes_Assigned_To:V'),
(18, 0, 'vtiger_quotes:subject:subject:Quotes_Subject:V'),
(18, 1, 'vtiger_quotes:potentialid:potential_id:Quotes_Potential_Name:V'),
(18, 2, 'vtiger_quotes:accountid:account_id:Quotes_Account_Name:V'),
(18, 3, 'vtiger_quotes:validtill:validtill:Quotes_Valid_Till:D'),
(18, 4, 'vtiger_crmentity:smownerid:assigned_user_id:Quotes_Assigned_To:V'),
(19, 0, 'vtiger_activity:status:taskstatus:Calendar_Status:V'),
(19, 1, 'vtiger_activity:activitytype:activitytype:Calendar_Type:V'),
(19, 2, 'vtiger_activity:subject:subject:Calendar_Subject:V'),
(19, 3, 'vtiger_seactivityrel:crmid:parent_id:Calendar_Related_to:V'),
(19, 4, 'vtiger_activity:date_start:date_start:Calendar_Start_Date:D'),
(19, 5, 'vtiger_activity:due_date:due_date:Calendar_End_Date:D'),
(19, 6, 'vtiger_crmentity:smownerid:assigned_user_id:Calendar_Assigned_To:V'),
(20, 0, 'vtiger_activity:subject:subject:Emails_Subject:V'),
(20, 1, 'vtiger_emaildetails:to_email:saved_toid:Emails_To:V'),
(20, 2, 'vtiger_activity:date_start:date_start:Emails_Date_Sent:D'),
(21, 1, 'vtiger_invoice:subject:subject:Invoice_Subject:V'),
(21, 2, 'vtiger_invoice:salesorderid:salesorder_id:Invoice_Sales_Order:V'),
(21, 3, 'vtiger_invoice:invoicestatus:invoicestatus:Invoice_Status:V'),
(21, 4, 'vtiger_invoice:total:hdnGrandTotal:Invoice_Total:V'),
(21, 5, 'vtiger_crmentity:smownerid:assigned_user_id:Invoice_Assigned_To:V'),
(22, 1, 'vtiger_notes:title:notes_title:Notes_Title:V'),
(22, 2, 'vtiger_notes:filename:filename:Notes_File:V'),
(22, 3, 'vtiger_crmentity:modifiedtime:modifiedtime:Notes_Modified_Time:DT'),
(22, 4, 'vtiger_crmentity:smownerid:assigned_user_id:Notes_Assigned_To:V'),
(23, 1, 'vtiger_pricebook:bookname:bookname:PriceBooks_Price_Book_Name:V'),
(23, 2, 'vtiger_pricebook:active:active:PriceBooks_Active:V'),
(23, 3, 'vtiger_pricebook:currency_id:currency_id:PriceBooks_Currency:V'),
(24, 1, 'vtiger_products:productname:productname:Products_Product_Name:V'),
(24, 2, 'vtiger_products:productcode:productcode:Products_Part_Number:V'),
(24, 3, 'vtiger_products:commissionrate:commissionrate:Products_Commission_Rate:V'),
(24, 4, 'vtiger_products:qtyinstock:qtyinstock:Products_Quantity_In_Stock:V'),
(24, 5, 'vtiger_products:qty_per_unit:qty_per_unit:Products_Qty/Unit:V'),
(24, 6, 'vtiger_products:unit_price:unit_price:Products_Unit_Price:V'),
(25, 1, 'vtiger_purchaseorder:subject:subject:PurchaseOrder_Subject:V'),
(25, 2, 'vtiger_purchaseorder:vendorid:vendor_id:PurchaseOrder_Vendor_Name:V'),
(25, 3, 'vtiger_purchaseorder:tracking_no:tracking_no:PurchaseOrder_Tracking_Number:V'),
(25, 4, 'vtiger_purchaseorder:total:hdnGrandTotal:PurchaseOrder_Total:V'),
(25, 5, 'vtiger_crmentity:smownerid:assigned_user_id:PurchaseOrder_Assigned_To:V'),
(26, 1, 'vtiger_salesorder:subject:subject:SalesOrder_Subject:V'),
(26, 2, 'vtiger_salesorder:accountid:account_id:SalesOrder_Account_Name:V'),
(26, 3, 'vtiger_salesorder:quoteid:quote_id:SalesOrder_Quote_Name:V'),
(26, 4, 'vtiger_salesorder:total:hdnGrandTotal:SalesOrder_Total:V'),
(26, 5, 'vtiger_crmentity:smownerid:assigned_user_id:SalesOrder_Assigned_To:V'),
(27, 1, 'vtiger_vendor:vendorname:vendorname:Vendors_Vendor_Name:V'),
(27, 2, 'vtiger_vendor:phone:phone:Vendors_Phone:V'),
(27, 3, 'vtiger_vendor:email:email:Vendors_Email:V'),
(27, 4, 'vtiger_vendor:category:category:Vendors_Category:V'),
(27, 5, 'vtiger_crmentity:smownerid:assigned_user_id:Vendors_Assigned_To:V'),
(28, 1, 'vtiger_faq:question:question:Faq_Question:V'),
(28, 2, 'vtiger_faq:category:faqcategories:Faq_Category:V'),
(28, 3, 'vtiger_faq:product_id:product_id:Faq_Product_Name:V'),
(28, 4, 'vtiger_crmentity:createdtime:createdtime:Faq_Created_Time:DT'),
(28, 5, 'vtiger_crmentity:modifiedtime:modifiedtime:Faq_Modified_Time:DT'),
(29, 1, 'vtiger_campaign:campaignname:campaignname:Campaigns_Campaign_Name:V'),
(29, 2, 'vtiger_campaign:campaigntype:campaigntype:Campaigns_Campaign_Type:N'),
(29, 3, 'vtiger_campaign:campaignstatus:campaignstatus:Campaigns_Campaign_Status:N'),
(29, 4, 'vtiger_campaign:expectedrevenue:expectedrevenue:Campaigns_Expected_Revenue:V'),
(29, 5, 'vtiger_campaign:closingdate:closingdate:Campaigns_Expected_Close_Date:D'),
(29, 6, 'vtiger_crmentity:smownerid:assigned_user_id:Campaigns_Assigned_To:V'),
(30, 0, 'subject:subject:subject:Subject:V'),
(30, 1, 'from:fromname:fromname:From:N'),
(30, 2, 'to:tpname:toname:To:N'),
(30, 3, 'body:body:body:Body:V'),
(31, 0, 'vtiger_faq:question:question:Faq_Question:V'),
(31, 1, 'vtiger_faq:status:faqstatus:Faq_Status:V'),
(31, 2, 'vtiger_faq:product_id:product_id:Faq_Product_Name:V'),
(31, 3, 'vtiger_faq:category:faqcategories:Faq_Category:V'),
(31, 4, 'vtiger_crmentity:createdtime:createdtime:Faq_Created_Time:DT'),
(32, 0, 'vtiger_faq:question:question:Faq_Question:V'),
(32, 1, 'vtiger_faq:answer:faq_answer:Faq_Answer:V'),
(32, 2, 'vtiger_faq:status:faqstatus:Faq_Status:V'),
(32, 3, 'vtiger_faq:product_id:product_id:Faq_Product_Name:V'),
(32, 4, 'vtiger_faq:category:faqcategories:Faq_Category:V'),
(32, 5, 'vtiger_crmentity:createdtime:createdtime:Faq_Created_Time:DT'),
(33, 0, 'vtiger_purchaseorder:subject:subject:PurchaseOrder_Subject:V'),
(33, 1, 'vtiger_purchaseorder:postatus:postatus:PurchaseOrder_Status:V'),
(33, 2, 'vtiger_purchaseorder:vendorid:vendor_id:PurchaseOrder_Vendor_Name:V'),
(33, 3, 'vtiger_crmentity:smownerid:assigned_user_id:PurchaseOrder_Assigned_To:V'),
(33, 4, 'vtiger_purchaseorder:duedate:duedate:PurchaseOrder_Due_Date:V'),
(34, 0, 'vtiger_purchaseorder:subject:subject:PurchaseOrder_Subject:V'),
(34, 1, 'vtiger_purchaseorder:vendorid:vendor_id:PurchaseOrder_Vendor_Name:V'),
(34, 2, 'vtiger_crmentity:smownerid:assigned_user_id:PurchaseOrder_Assigned_To:V'),
(34, 3, 'vtiger_purchaseorder:postatus:postatus:PurchaseOrder_Status:V'),
(34, 4, 'vtiger_purchaseorder:carrier:carrier:PurchaseOrder_Carrier:V'),
(34, 5, 'vtiger_poshipads:ship_street:ship_street:PurchaseOrder_Shipping_Address:V'),
(35, 0, 'vtiger_invoice:invoice_no:invoice_no:Invoice_Invoice_No:V'),
(35, 1, 'vtiger_invoice:subject:subject:Invoice_Subject:V'),
(35, 2, 'vtiger_invoice:accountid:account_id:Invoice_Account_Name:V'),
(35, 3, 'vtiger_invoice:salesorderid:salesorder_id:Invoice_Sales_Order:V'),
(35, 4, 'vtiger_invoice:invoicestatus:invoicestatus:Invoice_Status:V'),
(35, 5, 'vtiger_crmentity:smownerid:assigned_user_id:Invoice_Assigned_To:V'),
(35, 6, 'vtiger_crmentity:createdtime:createdtime:Invoice_Created_Time:DT'),
(36, 0, 'vtiger_invoice:invoice_no:invoice_no:Invoice_Invoice_No:V'),
(36, 1, 'vtiger_invoice:subject:subject:Invoice_Subject:V'),
(36, 2, 'vtiger_invoice:accountid:account_id:Invoice_Account_Name:V'),
(36, 3, 'vtiger_invoice:salesorderid:salesorder_id:Invoice_Sales_Order:V'),
(36, 4, 'vtiger_invoice:invoicestatus:invoicestatus:Invoice_Status:V'),
(36, 5, 'vtiger_invoiceshipads:ship_street:ship_street:Invoice_Shipping_Address:V'),
(36, 6, 'vtiger_crmentity:smownerid:assigned_user_id:Invoice_Assigned_To:V'),
(37, 0, 'vtiger_salesorder:subject:subject:SalesOrder_Subject:V'),
(37, 1, 'vtiger_salesorder:accountid:account_id:SalesOrder_Account_Name:V'),
(37, 2, 'vtiger_salesorder:sostatus:sostatus:SalesOrder_Status:V'),
(37, 3, 'vtiger_crmentity:smownerid:assigned_user_id:SalesOrder_Assigned_To:V'),
(37, 4, 'vtiger_soshipads:ship_street:ship_street:SalesOrder_Shipping_Address:V'),
(37, 5, 'vtiger_salesorder:carrier:carrier:SalesOrder_Carrier:V'),
(38, 1, 'vtiger_service:servicename:servicename:Services_Service_Name:V'),
(38, 2, 'vtiger_service:service_usageunit:service_usageunit:Services_Usage_Unit:V'),
(38, 3, 'vtiger_service:unit_price:unit_price:Services_Price:N'),
(38, 4, 'vtiger_service:qty_per_unit:qty_per_unit:Services_No_of_Units:N'),
(38, 5, 'vtiger_service:servicecategory:servicecategory:Services_Service_Category:V'),
(38, 6, 'vtiger_crmentity:smownerid:assigned_user_id:Services_Owner:I'),
(39, 1, 'vtiger_servicecontracts:subject:subject:ServiceContracts_Subject:V'),
(39, 2, 'vtiger_servicecontracts:sc_related_to:sc_related_to:ServiceContracts_Related_to:V'),
(39, 3, 'vtiger_crmentity:smownerid:assigned_user_id:ServiceContracts_Assigned_To:V'),
(39, 4, 'vtiger_servicecontracts:start_date:start_date:ServiceContracts_Start_Date:D'),
(39, 5, 'vtiger_servicecontracts:due_date:due_date:ServiceContracts_Due_date:D'),
(39, 7, 'vtiger_servicecontracts:progress:progress:ServiceContracts_Progress:N'),
(39, 8, 'vtiger_servicecontracts:contract_status:contract_status:ServiceContracts_Status:V'),
(40, 0, 'vtiger_pbxmanager:callstatus:callstatus:PBXManager_Call_Status:V'),
(40, 1, 'vtiger_pbxmanager:customernumber:customernumber:PBXManager_Customer_Number:V'),
(40, 2, 'vtiger_pbxmanager:customer:customer:PBXManager_Customer:V'),
(40, 3, 'vtiger_pbxmanager:user:user:PBXManager_User:V'),
(40, 4, 'vtiger_pbxmanager:recordingurl:recordingurl:PBXManager_Recording_URL:V'),
(40, 5, 'vtiger_pbxmanager:totalduration:totalduration:PBXManager_Total_Duration:I'),
(40, 6, 'vtiger_pbxmanager:starttime:starttime:PBXManager_Start_Time:DT'),
(41, 0, 'vtiger_smsnotifier:message:message:SMSNotifier_message:V'),
(41, 2, 'vtiger_crmentity:smownerid:assigned_user_id:SMSNotifier_Assigned_To:V'),
(41, 3, 'vtiger_crmentity:createdtime:createdtime:SMSNotifier_Created_Time:DT'),
(41, 4, 'vtiger_crmentity:modifiedtime:modifiedtime:SMSNotifier_Modified_Time:DT'),
(42, 0, 'vtiger_modcomments:commentcontent:commentcontent:ModComments_Comment:V'),
(42, 1, 'vtiger_modcomments:related_to:related_to:ModComments_Related_To:V'),
(42, 2, 'vtiger_crmentity:modifiedtime:modifiedtime:ModComments_Modified_Time:DT'),
(42, 3, 'vtiger_crmentity:smownerid:assigned_user_id:ModComments_Assigned_To:V'),
(46, 1, 'vtiger_assets:assetname:assetname:Assets_Asset_Name:V'),
(46, 2, 'vtiger_assets:account:account:Assets_Customer_Name:V'),
(46, 3, 'vtiger_assets:product:product:Assets_Product_Name:V'),
(47, 0, 'vtiger_projectmilestone:projectmilestonename:projectmilestonename:ProjectMilestone_Project_Milestone_Name:V'),
(47, 1, 'vtiger_projectmilestone:projectmilestonedate:projectmilestonedate:ProjectMilestone_Milestone_Date:D'),
(47, 3, 'vtiger_crmentity:description:description:ProjectMilestone_description:V'),
(47, 4, 'vtiger_crmentity:createdtime:createdtime:ProjectMilestone_Created_Time:T'),
(47, 5, 'vtiger_crmentity:modifiedtime:modifiedtime:ProjectMilestone_Modified_Time:T'),
(48, 2, 'vtiger_projecttask:projecttaskname:projecttaskname:ProjectTask_Project_Task_Name:V'),
(48, 3, 'vtiger_projecttask:projectid:projectid:ProjectTask_Related_to:V'),
(48, 4, 'vtiger_projecttask:projecttaskpriority:projecttaskpriority:ProjectTask_Priority:V'),
(48, 5, 'vtiger_projecttask:projecttaskprogress:projecttaskprogress:ProjectTask_Progress:V'),
(48, 6, 'vtiger_projecttask:projecttaskhours:projecttaskhours:ProjectTask_Worked_Hours:V'),
(48, 7, 'vtiger_projecttask:startdate:startdate:ProjectTask_Start_Date:D'),
(48, 8, 'vtiger_projecttask:enddate:enddate:ProjectTask_End_Date:D'),
(48, 9, 'vtiger_crmentity:smownerid:assigned_user_id:ProjectTask_Assigned_To:V'),
(49, 0, 'vtiger_project:projectname:projectname:Project_Project_Name:V'),
(49, 1, 'vtiger_project:linktoaccountscontacts:linktoaccountscontacts:Project_Related_to:V'),
(49, 2, 'vtiger_project:startdate:startdate:Project_Start_Date:D'),
(49, 3, 'vtiger_project:targetenddate:targetenddate:Project_Target_End_Date:D'),
(49, 4, 'vtiger_project:actualenddate:actualenddate:Project_Actual_End_Date:D'),
(49, 5, 'vtiger_project:targetbudget:targetbudget:Project_Target_Budget:V'),
(49, 6, 'vtiger_project:progress:progress:Project_Progress:V'),
(49, 7, 'vtiger_project:projectstatus:projectstatus:Project_Status:V'),
(49, 8, 'vtiger_crmentity:smownerid:assigned_user_id:Project_Assigned_To:V'),
(51, 0, 'vtiger_potential:potentialname:potentialname:Potentials_Potential_Name:V'),
(51, 1, 'vtiger_potential:related_to:related_to:Potentials_Related_To:V'),
(51, 2, 'vtiger_crmentity:description:description:Potentials_Description:V'),
(51, 3, 'vtiger_potential:amount:amount:Potentials_Amount:N'),
(51, 4, 'vtiger_potential:closingdate:closingdate:Potentials_Expected_Close_Date:D'),
(51, 5, 'vtiger_potential:sales_stage:sales_stage:Potentials_Sales_Stage:V'),
(51, 6, 'vtiger_potential:probability:probability:Potentials_Probability:N'),
(51, 7, 'vtiger_crmentity:smownerid:assigned_user_id:Potentials_Assigned_To:V'),
(51, 8, 'vtiger_potential:potentialtype:opportunity_type:Potentials_Type:V'),
(53, 0, 'vtiger_potential:potentialname:potentialname:Potentials_Potential_Name:V'),
(53, 1, 'vtiger_potential:related_to:related_to:Potentials_Related_To:V'),
(53, 2, 'vtiger_crmentity:description:description:Potentials_Description:V'),
(53, 3, 'vtiger_potential:amount:amount:Potentials_Amount:N'),
(53, 4, 'vtiger_potential:probability:probability:Potentials_Probability:N'),
(53, 5, 'vtiger_potential:sales_stage:sales_stage:Potentials_Sales_Stage:V'),
(53, 6, 'vtiger_crmentity:smownerid:assigned_user_id:Potentials_Assigned_To:V');

-- --------------------------------------------------------

--
-- 表的结构 `vtiger_cvstdfilter`
--

CREATE TABLE IF NOT EXISTS `vtiger_cvstdfilter` (
  `cvid` int(19) NOT NULL,
  `columnname` varchar(250) DEFAULT '',
  `stdfilter` varchar(250) DEFAULT '',
  `startdate` date DEFAULT NULL,
  `enddate` date DEFAULT NULL
) ENGINE=InnoDB DEFAULT CHARSET=utf8;

--
-- 转存表中的数据 `vtiger_cvstdfilter`
--

INSERT INTO `vtiger_cvstdfilter` (`cvid`, `columnname`, `stdfilter`, `startdate`, `enddate`) VALUES
(3, 'vtiger_crmentity:modifiedtime:modifiedtime:Leads_Modified_Time', 'thismonth', '2005-06-01', '2005-06-30'),
(6, 'vtiger_crmentity:createdtime:createdtime:Accounts_Created_Time', 'thisweek', '2005-06-19', '2005-06-25'),
(9, 'vtiger_contactsubdetails:birthday:birthday:Contacts_Birthdate', 'today', '2005-06-25', '2005-06-25');

-- --------------------------------------------------------

--
-- 表的结构 `vtiger_datashare_grp2grp`
--

CREATE TABLE IF NOT EXISTS `vtiger_datashare_grp2grp` (
  `shareid` int(19) NOT NULL,
  `share_groupid` int(19) DEFAULT NULL,
  `to_groupid` int(19) DEFAULT NULL,
  `permission` int(19) DEFAULT NULL
) ENGINE=InnoDB DEFAULT CHARSET=utf8;

--
-- 转存表中的数据 `vtiger_datashare_grp2grp`
--

INSERT INTO `vtiger_datashare_grp2grp` (`shareid`, `share_groupid`, `to_groupid`, `permission`) VALUES
(8, 10, 10, 0),
(9, 14, 14, 0),
(12, 10, 10, 0),
(13, 14, 14, 0),
(15, 10, 10, 0),
(16, 14, 14, 0),
(18, 10, 10, 0),
(19, 14, 14, 0);

-- --------------------------------------------------------

--
-- 表的结构 `vtiger_datashare_grp2role`
--

CREATE TABLE IF NOT EXISTS `vtiger_datashare_grp2role` (
  `shareid` int(19) NOT NULL,
  `share_groupid` int(19) DEFAULT NULL,
  `to_roleid` varchar(255) DEFAULT NULL,
  `permission` int(19) DEFAULT NULL
) ENGINE=InnoDB DEFAULT CHARSET=utf8;

--
-- 转存表中的数据 `vtiger_datashare_grp2role`
--

INSERT INTO `vtiger_datashare_grp2role` (`shareid`, `share_groupid`, `to_roleid`, `permission`) VALUES
(6, 2, 'H2', 1),
(7, 2, 'H2', 0),
(14, 2, 'H2', 0),
(17, 2, 'H2', 0),
(20, 10, 'H3', 0),
(21, 14, 'H6', 0);

-- --------------------------------------------------------

--
-- 表的结构 `vtiger_datashare_grp2rs`
--

CREATE TABLE IF NOT EXISTS `vtiger_datashare_grp2rs` (
  `shareid` int(19) NOT NULL,
  `share_groupid` int(19) DEFAULT NULL,
  `to_roleandsubid` varchar(255) DEFAULT NULL,
  `permission` int(19) DEFAULT NULL
) ENGINE=InnoDB DEFAULT CHARSET=utf8;

--
-- 转存表中的数据 `vtiger_datashare_grp2rs`
--

INSERT INTO `vtiger_datashare_grp2rs` (`shareid`, `share_groupid`, `to_roleandsubid`, `permission`) VALUES
(24, 2, 'H2', 0);

-- --------------------------------------------------------

--
-- 表的结构 `vtiger_datashare_module_rel`
--

CREATE TABLE IF NOT EXISTS `vtiger_datashare_module_rel` (
  `shareid` int(19) NOT NULL,
  `tabid` int(19) NOT NULL,
  `relationtype` varchar(200) DEFAULT NULL
) ENGINE=InnoDB DEFAULT CHARSET=utf8;

--
-- 转存表中的数据 `vtiger_datashare_module_rel`
--

INSERT INTO `vtiger_datashare_module_rel` (`shareid`, `tabid`, `relationtype`) VALUES
(3, 6, 'ROLE::ROLE'),
(6, 6, 'GRP::ROLE'),
(7, 21, 'GRP::ROLE'),
(8, 7, 'GRP::GRP'),
(9, 7, 'GRP::GRP'),
(12, 20, 'GRP::GRP'),
(13, 20, 'GRP::GRP'),
(14, 20, 'GRP::ROLE'),
(15, 21, 'GRP::GRP'),
(16, 21, 'GRP::GRP'),
(17, 22, 'GRP::ROLE'),
(18, 22, 'GRP::GRP'),
(19, 22, 'GRP::GRP'),
(20, 14, 'GRP::ROLE'),
(21, 14, 'GRP::ROLE'),
(22, 2, 'ROLE::ROLE'),
(23, 2, 'ROLE::ROLE'),
(24, 7, 'GRP::RS');

-- --------------------------------------------------------

--
-- 表的结构 `vtiger_datashare_module_rel_seq`
--

CREATE TABLE IF NOT EXISTS `vtiger_datashare_module_rel_seq` (
  `id` int(11) NOT NULL
) ENGINE=InnoDB DEFAULT CHARSET=utf8;

--
-- 转存表中的数据 `vtiger_datashare_module_rel_seq`
--

INSERT INTO `vtiger_datashare_module_rel_seq` (`id`) VALUES
(24);

-- --------------------------------------------------------

--
-- 表的结构 `vtiger_datashare_relatedmodules`
--

CREATE TABLE IF NOT EXISTS `vtiger_datashare_relatedmodules` (
  `datashare_relatedmodule_id` int(19) NOT NULL,
  `tabid` int(19) DEFAULT NULL,
  `relatedto_tabid` int(19) DEFAULT NULL
) ENGINE=InnoDB DEFAULT CHARSET=utf8;

--
-- 转存表中的数据 `vtiger_datashare_relatedmodules`
--

INSERT INTO `vtiger_datashare_relatedmodules` (`datashare_relatedmodule_id`, `tabid`, `relatedto_tabid`) VALUES
(1, 6, 2),
(2, 6, 13),
(3, 6, 20),
(4, 6, 22),
(5, 6, 23),
(6, 2, 20),
(7, 2, 22),
(8, 20, 22),
(9, 22, 23);

-- --------------------------------------------------------

--
-- 表的结构 `vtiger_datashare_relatedmodules_seq`
--

CREATE TABLE IF NOT EXISTS `vtiger_datashare_relatedmodules_seq` (
  `id` int(11) NOT NULL
) ENGINE=InnoDB DEFAULT CHARSET=utf8;

--
-- 转存表中的数据 `vtiger_datashare_relatedmodules_seq`
--

INSERT INTO `vtiger_datashare_relatedmodules_seq` (`id`) VALUES
(9);

-- --------------------------------------------------------

--
-- 表的结构 `vtiger_datashare_relatedmodule_permission`
--

CREATE TABLE IF NOT EXISTS `vtiger_datashare_relatedmodule_permission` (
  `shareid` int(19) NOT NULL,
  `datashare_relatedmodule_id` int(19) NOT NULL,
  `permission` int(19) DEFAULT NULL
) ENGINE=InnoDB DEFAULT CHARSET=utf8;

-- --------------------------------------------------------

--
-- 表的结构 `vtiger_datashare_role2group`
--

CREATE TABLE IF NOT EXISTS `vtiger_datashare_role2group` (
  `shareid` int(19) NOT NULL,
  `share_roleid` varchar(255) DEFAULT NULL,
  `to_groupid` int(19) DEFAULT NULL,
  `permission` int(19) DEFAULT NULL
) ENGINE=InnoDB DEFAULT CHARSET=utf8;

-- --------------------------------------------------------

--
-- 表的结构 `vtiger_datashare_role2role`
--

CREATE TABLE IF NOT EXISTS `vtiger_datashare_role2role` (
  `shareid` int(19) NOT NULL,
  `share_roleid` varchar(255) DEFAULT NULL,
  `to_roleid` varchar(255) DEFAULT NULL,
  `permission` int(19) DEFAULT NULL
) ENGINE=InnoDB DEFAULT CHARSET=utf8;

--
-- 转存表中的数据 `vtiger_datashare_role2role`
--

INSERT INTO `vtiger_datashare_role2role` (`shareid`, `share_roleid`, `to_roleid`, `permission`) VALUES
(3, 'H4', 'H3', 0),
(22, 'H4', 'H3', 0),
(23, 'H8', 'H3', 0);

-- --------------------------------------------------------

--
-- 表的结构 `vtiger_datashare_role2rs`
--

CREATE TABLE IF NOT EXISTS `vtiger_datashare_role2rs` (
  `shareid` int(19) NOT NULL,
  `share_roleid` varchar(255) DEFAULT NULL,
  `to_roleandsubid` varchar(255) DEFAULT NULL,
  `permission` int(19) DEFAULT NULL
) ENGINE=InnoDB DEFAULT CHARSET=utf8;

-- --------------------------------------------------------

--
-- 表的结构 `vtiger_datashare_rs2grp`
--

CREATE TABLE IF NOT EXISTS `vtiger_datashare_rs2grp` (
  `shareid` int(19) NOT NULL,
  `share_roleandsubid` varchar(255) DEFAULT NULL,
  `to_groupid` int(19) DEFAULT NULL,
  `permission` int(19) DEFAULT NULL
) ENGINE=InnoDB DEFAULT CHARSET=utf8;

-- --------------------------------------------------------

--
-- 表的结构 `vtiger_datashare_rs2role`
--

CREATE TABLE IF NOT EXISTS `vtiger_datashare_rs2role` (
  `shareid` int(19) NOT NULL,
  `share_roleandsubid` varchar(255) DEFAULT NULL,
  `to_roleid` varchar(255) DEFAULT NULL,
  `permission` int(19) DEFAULT NULL
) ENGINE=InnoDB DEFAULT CHARSET=utf8;

-- --------------------------------------------------------

--
-- 表的结构 `vtiger_datashare_rs2rs`
--

CREATE TABLE IF NOT EXISTS `vtiger_datashare_rs2rs` (
  `shareid` int(19) NOT NULL,
  `share_roleandsubid` varchar(255) DEFAULT NULL,
  `to_roleandsubid` varchar(255) DEFAULT NULL,
  `permission` int(19) DEFAULT NULL
) ENGINE=InnoDB DEFAULT CHARSET=utf8;

-- --------------------------------------------------------

--
-- 表的结构 `vtiger_date_format`
--

CREATE TABLE IF NOT EXISTS `vtiger_date_format` (
  `date_formatid` int(19) NOT NULL,
  `date_format` varchar(200) NOT NULL,
  `sortorderid` int(19) NOT NULL DEFAULT '0',
  `presence` int(1) NOT NULL DEFAULT '1'
) ENGINE=InnoDB AUTO_INCREMENT=4 DEFAULT CHARSET=utf8;

--
-- 转存表中的数据 `vtiger_date_format`
--

INSERT INTO `vtiger_date_format` (`date_formatid`, `date_format`, `sortorderid`, `presence`) VALUES
(1, 'dd-mm-yyyy', 0, 1),
(2, 'mm-dd-yyyy', 1, 1),
(3, 'yyyy-mm-dd', 2, 1);

-- --------------------------------------------------------

--
-- 表的结构 `vtiger_date_format_seq`
--

CREATE TABLE IF NOT EXISTS `vtiger_date_format_seq` (
  `id` int(11) NOT NULL
) ENGINE=InnoDB DEFAULT CHARSET=utf8;

--
-- 转存表中的数据 `vtiger_date_format_seq`
--

INSERT INTO `vtiger_date_format_seq` (`id`) VALUES
(3);

-- --------------------------------------------------------

--
-- 表的结构 `vtiger_dayoftheweek`
--

CREATE TABLE IF NOT EXISTS `vtiger_dayoftheweek` (
  `dayoftheweekid` int(11) NOT NULL,
  `dayoftheweek` varchar(200) NOT NULL,
  `sortorderid` int(11) DEFAULT NULL,
  `presence` int(11) NOT NULL DEFAULT '1'
) ENGINE=InnoDB AUTO_INCREMENT=8 DEFAULT CHARSET=utf8;

--
-- 转存表中的数据 `vtiger_dayoftheweek`
--

INSERT INTO `vtiger_dayoftheweek` (`dayoftheweekid`, `dayoftheweek`, `sortorderid`, `presence`) VALUES
(1, 'Sunday', 1, 1),
(2, 'Monday', 2, 1),
(3, 'Tuesday', 3, 1),
(4, 'Wednesday', 4, 1),
(5, 'Thursday', 5, 1),
(6, 'Friday', 6, 1),
(7, 'Saturday', 7, 1);

-- --------------------------------------------------------

--
-- 表的结构 `vtiger_dayoftheweek_seq`
--

CREATE TABLE IF NOT EXISTS `vtiger_dayoftheweek_seq` (
  `id` int(11) NOT NULL
) ENGINE=InnoDB DEFAULT CHARSET=utf8;

--
-- 转存表中的数据 `vtiger_dayoftheweek_seq`
--

INSERT INTO `vtiger_dayoftheweek_seq` (`id`) VALUES
(7);

-- --------------------------------------------------------

--
-- 表的结构 `vtiger_defaultactivitytype`
--

CREATE TABLE IF NOT EXISTS `vtiger_defaultactivitytype` (
  `defaultactivitytypeid` int(11) NOT NULL,
  `defaultactivitytype` varchar(200) NOT NULL,
  `presence` int(1) NOT NULL DEFAULT '1',
  `picklist_valueid` int(11) NOT NULL DEFAULT '0',
  `sortorderid` int(11) DEFAULT '0'
) ENGINE=InnoDB AUTO_INCREMENT=3 DEFAULT CHARSET=utf8;

--
-- 转存表中的数据 `vtiger_defaultactivitytype`
--

INSERT INTO `vtiger_defaultactivitytype` (`defaultactivitytypeid`, `defaultactivitytype`, `presence`, `picklist_valueid`, `sortorderid`) VALUES
(1, 'Call', 1, 299, 1),
(2, 'Meeting', 1, 300, 2);

-- --------------------------------------------------------

--
-- 表的结构 `vtiger_defaultactivitytype_seq`
--

CREATE TABLE IF NOT EXISTS `vtiger_defaultactivitytype_seq` (
  `id` int(11) NOT NULL
) ENGINE=InnoDB DEFAULT CHARSET=utf8;

--
-- 转存表中的数据 `vtiger_defaultactivitytype_seq`
--

INSERT INTO `vtiger_defaultactivitytype_seq` (`id`) VALUES
(2);

-- --------------------------------------------------------

--
-- 表的结构 `vtiger_defaultcv`
--

CREATE TABLE IF NOT EXISTS `vtiger_defaultcv` (
  `tabid` int(19) NOT NULL,
  `defaultviewname` varchar(50) NOT NULL,
  `query` text
) ENGINE=InnoDB DEFAULT CHARSET=utf8;

-- --------------------------------------------------------

--
-- 表的结构 `vtiger_defaulteventstatus`
--

CREATE TABLE IF NOT EXISTS `vtiger_defaulteventstatus` (
  `defaulteventstatusid` int(11) NOT NULL,
  `defaulteventstatus` varchar(200) NOT NULL,
  `presence` int(1) NOT NULL DEFAULT '1',
  `picklist_valueid` int(11) NOT NULL DEFAULT '0',
  `sortorderid` int(11) DEFAULT '0'
) ENGINE=InnoDB AUTO_INCREMENT=4 DEFAULT CHARSET=utf8;

--
-- 转存表中的数据 `vtiger_defaulteventstatus`
--

INSERT INTO `vtiger_defaulteventstatus` (`defaulteventstatusid`, `defaulteventstatus`, `presence`, `picklist_valueid`, `sortorderid`) VALUES
(1, 'Planned', 1, 296, 1),
(2, 'Held', 1, 297, 2),
(3, 'Not Held', 1, 298, 3);

-- --------------------------------------------------------

--
-- 表的结构 `vtiger_defaulteventstatus_seq`
--

CREATE TABLE IF NOT EXISTS `vtiger_defaulteventstatus_seq` (
  `id` int(11) NOT NULL
) ENGINE=InnoDB DEFAULT CHARSET=utf8;

--
-- 转存表中的数据 `vtiger_defaulteventstatus_seq`
--

INSERT INTO `vtiger_defaulteventstatus_seq` (`id`) VALUES
(3);

-- --------------------------------------------------------

--
-- 表的结构 `vtiger_default_record_view`
--

CREATE TABLE IF NOT EXISTS `vtiger_default_record_view` (
  `default_record_viewid` int(11) NOT NULL,
  `default_record_view` varchar(200) NOT NULL,
  `sortorderid` int(11) DEFAULT NULL,
  `presence` int(11) NOT NULL DEFAULT '1'
) ENGINE=InnoDB AUTO_INCREMENT=3 DEFAULT CHARSET=utf8;

--
-- 转存表中的数据 `vtiger_default_record_view`
--

INSERT INTO `vtiger_default_record_view` (`default_record_viewid`, `default_record_view`, `sortorderid`, `presence`) VALUES
(1, 'Summary', 1, 1),
(2, 'Detail', 2, 1);

-- --------------------------------------------------------

--
-- 表的结构 `vtiger_default_record_view_seq`
--

CREATE TABLE IF NOT EXISTS `vtiger_default_record_view_seq` (
  `id` int(11) NOT NULL
) ENGINE=InnoDB DEFAULT CHARSET=utf8;

--
-- 转存表中的数据 `vtiger_default_record_view_seq`
--

INSERT INTO `vtiger_default_record_view_seq` (`id`) VALUES
(2);

-- --------------------------------------------------------

--
-- 表的结构 `vtiger_def_org_field`
--

CREATE TABLE IF NOT EXISTS `vtiger_def_org_field` (
  `tabid` int(10) DEFAULT NULL,
  `fieldid` int(19) NOT NULL,
  `visible` int(19) DEFAULT NULL,
  `readonly` int(19) DEFAULT NULL
) ENGINE=InnoDB DEFAULT CHARSET=utf8;

--
-- 转存表中的数据 `vtiger_def_org_field`
--

INSERT INTO `vtiger_def_org_field` (`tabid`, `fieldid`, `visible`, `readonly`) VALUES
(6, 1, 0, 0),
(6, 2, 0, 0),
(6, 3, 0, 0),
(6, 4, 0, 0),
(6, 5, 0, 0),
(6, 6, 0, 0),
(6, 7, 0, 0),
(6, 8, 0, 0),
(6, 9, 0, 0),
(6, 10, 0, 0),
(6, 11, 0, 0),
(6, 12, 0, 0),
(6, 13, 0, 0),
(6, 14, 0, 0),
(6, 15, 0, 0),
(6, 16, 0, 0),
(6, 17, 0, 0),
(6, 18, 0, 0),
(6, 19, 0, 0),
(6, 20, 0, 0),
(6, 21, 0, 0),
(6, 22, 0, 0),
(6, 23, 0, 0),
(6, 24, 0, 0),
(6, 25, 0, 0),
(6, 26, 0, 0),
(6, 27, 0, 0),
(6, 28, 0, 0),
(6, 29, 0, 0),
(6, 30, 0, 0),
(6, 31, 0, 0),
(6, 32, 0, 0),
(6, 33, 0, 0),
(6, 34, 0, 0),
(6, 35, 0, 0),
(6, 36, 0, 0),
(7, 37, 0, 0),
(7, 38, 0, 0),
(7, 39, 0, 0),
(7, 40, 0, 0),
(7, 41, 0, 0),
(7, 42, 0, 0),
(7, 43, 0, 0),
(7, 44, 0, 0),
(7, 45, 0, 0),
(7, 46, 0, 0),
(7, 47, 0, 0),
(7, 48, 0, 0),
(7, 49, 0, 0),
(7, 50, 0, 0),
(7, 51, 0, 0),
(7, 52, 0, 0),
(7, 53, 0, 0),
(7, 54, 0, 0),
(7, 55, 0, 0),
(7, 56, 0, 0),
(7, 57, 0, 0),
(7, 58, 0, 0),
(7, 59, 0, 0),
(7, 60, 0, 0),
(7, 61, 0, 0),
(7, 62, 0, 0),
(7, 63, 0, 0),
(7, 64, 0, 0),
(7, 65, 0, 0),
(4, 66, 0, 0),
(4, 67, 0, 0),
(4, 68, 0, 0),
(4, 69, 0, 0),
(4, 70, 0, 0),
(4, 71, 0, 0),
(4, 72, 0, 0),
(4, 73, 0, 0),
(4, 74, 0, 0),
(4, 75, 0, 0),
(4, 76, 0, 0),
(4, 77, 0, 0),
(4, 78, 0, 0),
(4, 79, 0, 0),
(4, 80, 0, 0),
(4, 81, 0, 0),
(4, 82, 0, 0),
(4, 83, 0, 0),
(4, 84, 0, 0),
(4, 85, 0, 0),
(4, 86, 0, 0),
(4, 87, 0, 0),
(4, 88, 0, 0),
(4, 89, 0, 0),
(4, 90, 0, 0),
(4, 91, 0, 0),
(4, 92, 0, 0),
(4, 93, 0, 0),
(4, 94, 0, 0),
(4, 95, 0, 0),
(4, 96, 0, 0),
(4, 97, 0, 0),
(4, 98, 0, 0),
(4, 99, 0, 0),
(4, 100, 0, 0),
(4, 101, 0, 0),
(4, 102, 0, 0),
(4, 103, 0, 0),
(4, 104, 0, 0),
(4, 105, 0, 0),
(4, 106, 0, 0),
(4, 107, 0, 0),
(4, 108, 0, 0),
(4, 109, 0, 0),
(2, 110, 0, 0),
(2, 111, 0, 0),
(2, 112, 0, 0),
(2, 113, 0, 0),
(2, 114, 0, 0),
(2, 115, 0, 0),
(2, 116, 0, 0),
(2, 117, 0, 0),
(2, 118, 0, 0),
(2, 119, 0, 0),
(2, 120, 0, 0),
(2, 121, 0, 0),
(2, 122, 0, 0),
(2, 123, 0, 0),
(2, 124, 0, 0),
(2, 125, 0, 0),
(26, 126, 0, 0),
(26, 127, 0, 0),
(26, 128, 0, 0),
(26, 129, 0, 0),
(26, 130, 0, 0),
(26, 131, 0, 0),
(26, 132, 0, 0),
(26, 133, 0, 0),
(26, 134, 0, 0),
(26, 135, 0, 0),
(26, 136, 0, 0),
(26, 137, 0, 0),
(26, 138, 0, 0),
(26, 139, 0, 0),
(26, 140, 0, 0),
(26, 141, 0, 0),
(26, 142, 0, 0),
(26, 143, 0, 0),
(26, 144, 0, 0),
(26, 145, 0, 0),
(26, 146, 0, 0),
(26, 147, 0, 0),
(26, 148, 0, 0),
(26, 149, 0, 0),
(26, 150, 0, 0),
(4, 151, 0, 0),
(6, 152, 0, 0),
(7, 153, 0, 0),
(26, 154, 0, 0),
(13, 155, 0, 0),
(13, 156, 0, 0),
(13, 157, 0, 0),
(13, 158, 0, 0),
(13, 159, 0, 0),
(13, 160, 0, 0),
(13, 161, 0, 0),
(13, 162, 0, 0),
(13, 163, 0, 0),
(13, 164, 0, 0),
(13, 165, 0, 0),
(13, 166, 0, 0),
(13, 167, 0, 0),
(13, 168, 0, 0),
(13, 169, 0, 0),
(13, 170, 0, 0),
(13, 171, 0, 0),
(13, 172, 0, 0),
(14, 173, 0, 0),
(14, 174, 0, 0),
(14, 175, 0, 0),
(14, 176, 0, 0),
(14, 177, 0, 0),
(14, 178, 0, 0),
(14, 179, 0, 0),
(14, 180, 0, 0),
(14, 181, 0, 0),
(14, 182, 0, 0),
(14, 183, 0, 0),
(14, 184, 0, 0),
(14, 185, 0, 0),
(14, 186, 0, 0),
(14, 187, 0, 0),
(14, 188, 0, 0),
(14, 189, 0, 0),
(14, 190, 0, 0),
(14, 191, 0, 0),
(14, 192, 0, 0),
(14, 193, 0, 0),
(14, 194, 0, 0),
(14, 195, 0, 0),
(14, 196, 0, 0),
(14, 197, 0, 0),
(14, 198, 0, 0),
(14, 199, 0, 0),
(14, 200, 0, 0),
(14, 201, 0, 0),
(14, 202, 0, 0),
(14, 203, 0, 0),
(8, 204, 0, 0),
(8, 205, 0, 0),
(8, 206, 0, 0),
(8, 207, 0, 0),
(8, 208, 0, 0),
(8, 209, 0, 0),
(8, 210, 0, 0),
(8, 211, 0, 0),
(8, 212, 0, 0),
(8, 213, 0, 0),
(8, 214, 0, 0),
(8, 215, 0, 0),
(8, 216, 0, 0),
(8, 217, 0, 0),
(8, 218, 0, 0),
(10, 219, 0, 0),
(10, 220, 0, 0),
(10, 221, 0, 0),
(10, 222, 0, 0),
(10, 223, 0, 0),
(10, 224, 0, 0),
(10, 225, 0, 0),
(10, 226, 0, 0),
(10, 227, 0, 0),
(10, 228, 0, 0),
(10, 229, 0, 0),
(10, 230, 0, 0),
(9, 231, 0, 0),
(9, 232, 0, 0),
(9, 233, 0, 0),
(9, 234, 0, 0),
(9, 235, 0, 0),
(9, 236, 0, 0),
(9, 237, 0, 0),
(9, 238, 0, 0),
(9, 239, 0, 0),
(9, 240, 0, 0),
(9, 241, 0, 0),
(9, 242, 0, 0),
(9, 243, 0, 0),
(9, 244, 0, 0),
(9, 245, 0, 0),
(9, 246, 0, 0),
(9, 247, 0, 0),
(9, 248, 0, 0),
(9, 249, 0, 0),
(9, 250, 0, 0),
(9, 251, 0, 0),
(9, 252, 0, 0),
(9, 253, 0, 0),
(9, 254, 0, 0),
(16, 255, 0, 0),
(16, 256, 0, 0),
(16, 257, 0, 0),
(16, 258, 0, 0),
(16, 259, 0, 0),
(16, 260, 0, 0),
(16, 261, 0, 0),
(16, 262, 0, 0),
(16, 263, 0, 0),
(16, 264, 0, 0),
(16, 265, 0, 0),
(16, 266, 0, 0),
(16, 267, 0, 0),
(16, 268, 0, 0),
(16, 269, 0, 0),
(16, 270, 0, 0),
(16, 271, 0, 0),
(16, 272, 0, 0),
(16, 273, 0, 0),
(16, 274, 0, 0),
(16, 275, 0, 0),
(16, 276, 0, 0),
(16, 277, 0, 0),
(15, 278, 0, 0),
(15, 279, 0, 0),
(15, 280, 0, 0),
(15, 281, 0, 0),
(15, 282, 0, 0),
(15, 283, 0, 0),
(15, 284, 0, 0),
(15, 285, 0, 0),
(15, 286, 0, 0),
(15, 287, 0, 0),
(18, 288, 0, 0),
(18, 289, 0, 0),
(18, 290, 0, 0),
(18, 291, 0, 0),
(18, 292, 0, 0),
(18, 293, 0, 0),
(18, 294, 0, 0),
(18, 295, 0, 0),
(18, 296, 0, 0),
(18, 297, 0, 0),
(18, 298, 0, 0),
(18, 299, 0, 0),
(18, 300, 0, 0),
(18, 301, 0, 0),
(18, 302, 0, 0),
(18, 303, 0, 0),
(18, 304, 0, 0),
(19, 305, 0, 0),
(19, 306, 0, 0),
(19, 307, 0, 0),
(19, 308, 0, 0),
(19, 309, 0, 0),
(19, 310, 0, 0),
(19, 311, 0, 0),
(19, 312, 0, 0),
(20, 313, 0, 0),
(20, 314, 0, 0),
(20, 315, 0, 0),
(20, 316, 0, 0),
(20, 317, 0, 0),
(20, 318, 0, 0),
(20, 319, 0, 0),
(20, 320, 0, 0),
(20, 321, 0, 0),
(20, 322, 0, 0),
(20, 323, 0, 0),
(20, 324, 0, 0),
(20, 325, 0, 0),
(20, 326, 0, 0),
(20, 327, 0, 0),
(20, 328, 0, 0),
(20, 329, 0, 0),
(20, 330, 0, 0),
(20, 331, 0, 0),
(20, 332, 0, 0),
(20, 333, 0, 0),
(20, 334, 0, 0),
(20, 335, 0, 0),
(20, 336, 0, 0),
(20, 337, 0, 0),
(20, 338, 0, 0),
(20, 339, 0, 0),
(20, 340, 0, 0),
(20, 341, 0, 0),
(20, 342, 0, 0),
(20, 343, 0, 0),
(20, 344, 0, 0),
(20, 345, 0, 0),
(20, 346, 0, 0),
(20, 347, 0, 0),
(20, 348, 0, 0),
(20, 349, 0, 0),
(21, 350, 0, 0),
(21, 351, 0, 0),
(21, 352, 0, 0),
(21, 353, 0, 0),
(21, 354, 0, 0),
(21, 355, 0, 0),
(21, 356, 0, 0),
(21, 357, 0, 0),
(21, 358, 0, 0),
(21, 359, 0, 0),
(21, 360, 0, 0),
(21, 361, 0, 0),
(21, 362, 0, 0),
(21, 363, 0, 0),
(21, 364, 0, 0),
(21, 365, 0, 0),
(21, 366, 0, 0),
(21, 367, 0, 0),
(21, 368, 0, 0),
(21, 369, 0, 0),
(21, 370, 0, 0),
(21, 371, 0, 0),
(21, 372, 0, 0),
(21, 373, 0, 0),
(21, 374, 0, 0),
(21, 375, 0, 0),
(21, 376, 0, 0),
(21, 377, 0, 0),
(21, 378, 0, 0),
(21, 379, 0, 0),
(21, 380, 0, 0),
(21, 381, 0, 0),
(21, 382, 0, 0),
(21, 383, 0, 0),
(21, 384, 0, 0),
(21, 385, 0, 0),
(21, 386, 0, 0),
(21, 387, 0, 0),
(22, 388, 0, 0),
(22, 389, 0, 0),
(22, 390, 0, 0),
(22, 391, 0, 0),
(22, 392, 0, 0),
(22, 393, 0, 0),
(22, 394, 0, 0),
(22, 395, 0, 0),
(22, 396, 0, 0),
(22, 397, 0, 0),
(22, 398, 0, 0),
(22, 399, 0, 0),
(22, 400, 0, 0),
(22, 401, 0, 0),
(22, 402, 0, 0),
(22, 403, 0, 0),
(22, 404, 0, 0),
(22, 405, 0, 0),
(22, 406, 0, 0),
(22, 407, 0, 0),
(22, 408, 0, 0),
(22, 409, 0, 0),
(22, 410, 0, 0),
(22, 411, 0, 0),
(22, 412, 0, 0),
(22, 413, 0, 0),
(22, 414, 0, 0),
(22, 415, 0, 0),
(22, 416, 0, 0),
(22, 417, 0, 0),
(22, 418, 0, 0),
(22, 419, 0, 0),
(22, 420, 0, 0),
(22, 421, 0, 0),
(22, 422, 0, 0),
(22, 423, 0, 0),
(22, 424, 0, 0),
(22, 425, 0, 0),
(22, 426, 0, 0),
(22, 427, 0, 0),
(22, 428, 0, 0),
(22, 429, 0, 0),
(22, 430, 0, 0),
(22, 431, 0, 0),
(22, 432, 0, 0),
(22, 433, 0, 0),
(22, 434, 0, 0),
(23, 435, 0, 0),
(23, 436, 0, 0),
(23, 437, 0, 0),
(23, 438, 0, 0),
(23, 439, 0, 0),
(23, 440, 0, 0),
(23, 441, 0, 0),
(23, 442, 0, 0),
(23, 443, 0, 0),
(23, 444, 0, 0),
(23, 445, 0, 0),
(23, 446, 0, 0),
(23, 447, 0, 0),
(23, 448, 0, 0),
(23, 449, 0, 0),
(23, 450, 0, 0),
(23, 451, 0, 0),
(23, 452, 0, 0),
(23, 453, 0, 0),
(23, 454, 0, 0),
(23, 455, 0, 0),
(23, 456, 0, 0),
(23, 457, 0, 0),
(23, 458, 0, 0),
(23, 459, 0, 0),
(23, 460, 0, 0),
(23, 461, 0, 0),
(23, 462, 0, 0),
(23, 463, 0, 0),
(23, 464, 0, 0),
(23, 465, 0, 0),
(23, 466, 0, 0),
(23, 467, 0, 0),
(23, 468, 0, 0),
(23, 469, 0, 0),
(23, 470, 0, 0),
(23, 471, 0, 0),
(23, 472, 0, 0),
(23, 473, 0, 0),
(29, 474, 0, 0),
(29, 478, 0, 0),
(29, 479, 0, 0),
(29, 481, 0, 0),
(29, 488, 0, 0),
(29, 489, 0, 0),
(29, 490, 0, 0),
(29, 491, 0, 0),
(29, 493, 0, 0),
(29, 494, 0, 0),
(29, 495, 0, 0),
(29, 496, 0, 0),
(29, 497, 0, 0),
(29, 502, 0, 0),
(29, 503, 0, 0),
(29, 504, 0, 0),
(29, 505, 0, 0),
(29, 513, 0, 0),
(10, 518, 0, 0),
(10, 519, 0, 0),
(10, 520, 0, 0),
(10, 521, 0, 0),
(10, 522, 0, 0),
(10, 523, 0, 0),
(30, 524, 0, 0),
(30, 525, 0, 0),
(30, 526, 0, 0),
(30, 527, 0, 0),
(30, 528, 0, 0),
(30, 529, 0, 0),
(30, 530, 0, 0),
(30, 531, 0, 0),
(30, 532, 0, 0),
(30, 533, 0, 0),
(30, 534, 0, 0),
(30, 535, 0, 0),
(30, 536, 0, 0),
(30, 537, 0, 0),
(30, 538, 0, 0),
(30, 539, 0, 0),
(30, 540, 0, 0),
(30, 541, 0, 0),
(30, 542, 0, 0),
(33, 543, 0, 0),
(33, 544, 0, 0),
(33, 545, 0, 0),
(33, 546, 0, 0),
(33, 547, 0, 0),
(33, 548, 0, 0),
(33, 549, 0, 0),
(33, 550, 0, 0),
(33, 551, 0, 0),
(33, 552, 0, 0),
(33, 553, 0, 0),
(33, 554, 0, 0),
(33, 555, 0, 0),
(33, 556, 0, 0),
(33, 557, 0, 0),
(33, 558, 0, 0),
(33, 559, 0, 0),
(33, 560, 0, 0),
(33, 561, 0, 0),
(35, 562, 0, 0),
(35, 563, 0, 0),
(35, 564, 0, 0),
(35, 565, 0, 0),
(35, 566, 0, 0),
(35, 567, 0, 0),
(35, 568, 0, 0),
(35, 569, 0, 0),
(35, 570, 0, 0),
(35, 571, 0, 0),
(35, 572, 0, 0),
(35, 573, 0, 0),
(35, 574, 0, 0),
(35, 575, 0, 0),
(35, 576, 0, 0),
(35, 577, 0, 0),
(29, 578, 0, 0),
(39, 579, 0, 0),
(39, 580, 0, 0),
(39, 581, 0, 0),
(39, 582, 0, 0),
(39, 583, 0, 0),
(42, 584, 0, 0),
(42, 585, 0, 0),
(42, 586, 0, 0),
(42, 587, 0, 0),
(42, 588, 0, 0),
(42, 589, 0, 0),
(42, 590, 0, 0),
(44, 591, 0, 0),
(44, 592, 0, 0),
(44, 593, 0, 0),
(44, 594, 0, 0),
(44, 595, 0, 0),
(44, 596, 0, 0),
(44, 597, 0, 0),
(44, 598, 0, 0),
(44, 599, 0, 0),
(44, 600, 0, 0),
(45, 601, 0, 0),
(45, 602, 0, 0),
(45, 603, 0, 0),
(45, 604, 0, 0),
(45, 605, 0, 0),
(45, 606, 0, 0),
(45, 607, 0, 0),
(45, 608, 0, 0),
(45, 609, 0, 0),
(45, 610, 0, 0),
(45, 611, 0, 0),
(45, 612, 0, 0),
(45, 613, 0, 0),
(45, 614, 0, 0),
(45, 615, 0, 0),
(46, 616, 0, 0),
(46, 617, 0, 0),
(46, 618, 0, 0),
(46, 619, 0, 0),
(46, 620, 0, 0),
(46, 621, 0, 0),
(46, 622, 0, 0),
(46, 623, 0, 0),
(46, 624, 0, 0),
(46, 625, 0, 0),
(46, 626, 0, 0),
(46, 627, 0, 0),
(46, 628, 0, 0),
(46, 629, 0, 0),
(46, 630, 0, 0),
(46, 631, 0, 0),
(46, 632, 0, 0),
(47, 633, 0, 0),
(47, 634, 0, 0),
(47, 635, 0, 0),
(47, 636, 0, 0),
(47, 637, 0, 0),
(47, 638, 0, 0),
(47, 639, 0, 0),
(47, 640, 0, 0),
(47, 641, 0, 0),
(47, 642, 0, 0),
(47, 643, 0, 0),
(47, 644, 0, 0),
(47, 645, 0, 0),
(47, 646, 0, 0),
(47, 647, 0, 0),
(47, 648, 0, 0),
(47, 649, 0, 0),
(47, 650, 0, 0),
(2, 651, 0, 0),
(29, 652, 0, 0),
(23, 653, 0, 0),
(23, 654, 0, 0),
(23, 655, 0, 0),
(23, 656, 0, 0),
(23, 657, 0, 0),
(23, 658, 0, 0),
(23, 659, 0, 0),
(23, 660, 0, 0),
(23, 661, 0, 0),
(22, 662, 0, 0),
(22, 663, 0, 0),
(22, 664, 0, 0),
(22, 665, 0, 0),
(22, 666, 0, 0),
(22, 667, 0, 0),
(22, 668, 0, 0),
(22, 669, 0, 0),
(22, 670, 0, 0),
(21, 671, 0, 0),
(21, 672, 0, 0),
(21, 673, 0, 0),
(21, 674, 0, 0),
(21, 675, 0, 0),
(21, 676, 0, 0),
(21, 677, 0, 0),
(21, 678, 0, 0),
(21, 679, 0, 0),
(20, 680, 0, 0),
(20, 681, 0, 0),
(20, 682, 0, 0),
(20, 683, 0, 0),
(20, 684, 0, 0),
(20, 685, 0, 0),
(20, 686, 0, 0),
(20, 687, 0, 0),
(20, 688, 0, 0),
(29, 689, 0, 0),
(45, 690, 0, 0),
(42, 691, 0, 0),
(29, 692, 0, 0),
(29, 693, 0, 0),
(29, 694, 0, 0),
(23, 695, 0, 0),
(22, 696, 0, 0),
(21, 697, 0, 0),
(20, 698, 0, 0),
(29, 699, 0, 0),
(6, 700, 0, 0),
(4, 701, 0, 0),
(2, 702, 0, 0),
(29, 703, 0, 0),
(23, 704, 0, 0),
(23, 705, 0, 0),
(21, 706, 0, 0),
(21, 707, 0, 0),
(18, 708, 0, 0),
(7, 709, 0, 0),
(42, 710, 0, 0),
(42, 711, 0, 0),
(23, 712, 0, 0),
(20, 713, 0, 0),
(21, 714, 0, 0),
(22, 715, 0, 0),
(29, 716, 0, 0),
(2, 717, 0, 0),
(13, 718, 0, 0),
(29, 719, 0, 0),
(13, 720, 0, 0),
(29, 721, 0, 0),
(29, 722, 0, 0),
(29, 723, 0, 0),
(9, 729, 0, 0),
(29, 750, 0, 0);

-- --------------------------------------------------------

--
-- 表的结构 `vtiger_def_org_share`
--

CREATE TABLE IF NOT EXISTS `vtiger_def_org_share` (
  `ruleid` int(11) NOT NULL,
  `tabid` int(11) NOT NULL,
  `permission` int(19) DEFAULT NULL,
  `editstatus` int(19) DEFAULT NULL
) ENGINE=InnoDB AUTO_INCREMENT=26 DEFAULT CHARSET=utf8;

--
-- 转存表中的数据 `vtiger_def_org_share`
--

INSERT INTO `vtiger_def_org_share` (`ruleid`, `tabid`, `permission`, `editstatus`) VALUES
(1, 2, 3, 0),
(2, 4, 3, 2),
(3, 6, 3, 0),
(4, 7, 3, 0),
(5, 9, 3, 1),
(6, 13, 3, 0),
(7, 16, 3, 2),
(8, 20, 3, 0),
(9, 21, 3, 0),
(10, 22, 3, 0),
(11, 23, 3, 0),
(12, 26, 2, 0),
(13, 8, 2, 0),
(14, 14, 2, 0),
(15, 30, 2, 0),
(16, 33, 2, 0),
(17, 35, 3, 0),
(18, 39, 2, 0),
(19, 42, 2, 0),
(20, 44, 2, 0),
(21, 45, 2, 0),
(22, 46, 2, 0),
(23, 47, 2, 0),
(24, 18, 2, 0),
(25, 10, 2, 0);

-- --------------------------------------------------------

--
-- 表的结构 `vtiger_def_org_share_seq`
--

CREATE TABLE IF NOT EXISTS `vtiger_def_org_share_seq` (
  `id` int(11) NOT NULL
) ENGINE=InnoDB DEFAULT CHARSET=utf8;

--
-- 转存表中的数据 `vtiger_def_org_share_seq`
--

INSERT INTO `vtiger_def_org_share_seq` (`id`) VALUES
(25);

-- --------------------------------------------------------

--
-- 表的结构 `vtiger_durationhrs`
--

CREATE TABLE IF NOT EXISTS `vtiger_durationhrs` (
  `hrsid` int(19) NOT NULL,
  `hrs` varchar(50) DEFAULT NULL,
  `sortorderid` int(19) NOT NULL DEFAULT '0',
  `presence` int(1) NOT NULL DEFAULT '1'
) ENGINE=InnoDB DEFAULT CHARSET=utf8;

-- --------------------------------------------------------

--
-- 表的结构 `vtiger_durationmins`
--

CREATE TABLE IF NOT EXISTS `vtiger_durationmins` (
  `minsid` int(19) NOT NULL,
  `mins` varchar(50) DEFAULT NULL,
  `sortorderid` int(19) NOT NULL DEFAULT '0',
  `presence` int(1) NOT NULL DEFAULT '1'
) ENGINE=InnoDB DEFAULT CHARSET=utf8;

-- --------------------------------------------------------

--
-- 表的结构 `vtiger_duration_minutes`
--

CREATE TABLE IF NOT EXISTS `vtiger_duration_minutes` (
  `minutesid` int(19) NOT NULL,
  `duration_minutes` varchar(200) NOT NULL,
  `sortorderid` int(19) NOT NULL DEFAULT '0',
  `presence` int(1) NOT NULL DEFAULT '1'
) ENGINE=InnoDB AUTO_INCREMENT=5 DEFAULT CHARSET=utf8;

--
-- 转存表中的数据 `vtiger_duration_minutes`
--

INSERT INTO `vtiger_duration_minutes` (`minutesid`, `duration_minutes`, `sortorderid`, `presence`) VALUES
(1, '00', 0, 1),
(2, '15', 1, 1),
(3, '30', 2, 1),
(4, '45', 3, 1);

-- --------------------------------------------------------

--
-- 表的结构 `vtiger_duration_minutes_seq`
--

CREATE TABLE IF NOT EXISTS `vtiger_duration_minutes_seq` (
  `id` int(11) NOT NULL
) ENGINE=InnoDB DEFAULT CHARSET=utf8;

--
-- 转存表中的数据 `vtiger_duration_minutes_seq`
--

INSERT INTO `vtiger_duration_minutes_seq` (`id`) VALUES
(4);

-- --------------------------------------------------------

--
-- 表的结构 `vtiger_emaildetails`
--

CREATE TABLE IF NOT EXISTS `vtiger_emaildetails` (
  `emailid` int(19) NOT NULL,
  `from_email` varchar(50) NOT NULL DEFAULT '',
  `to_email` text,
  `cc_email` text,
  `bcc_email` text,
  `assigned_user_email` varchar(50) NOT NULL DEFAULT '',
  `idlists` text,
  `email_flag` varchar(50) NOT NULL DEFAULT ''
) ENGINE=InnoDB DEFAULT CHARSET=utf8;

-- --------------------------------------------------------

--
-- 表的结构 `vtiger_emailtemplates`
--

CREATE TABLE IF NOT EXISTS `vtiger_emailtemplates` (
  `foldername` varchar(100) DEFAULT NULL,
  `templatename` varchar(100) DEFAULT NULL,
  `subject` varchar(100) DEFAULT NULL,
  `description` text,
  `body` text,
  `deleted` int(1) NOT NULL DEFAULT '0',
  `templateid` int(19) NOT NULL
) ENGINE=InnoDB AUTO_INCREMENT=13 DEFAULT CHARSET=utf8;

--
-- 转存表中的数据 `vtiger_emailtemplates`
--

INSERT INTO `vtiger_emailtemplates` (`foldername`, `templatename`, `subject`, `description`, `body`, `deleted`, `templateid`) VALUES
('Public', 'Announcement for Release', 'Announcement for Release', 'Announcement of a release', 'Hello!   <br />\n	<br />\n	On behalf of the vtiger team,  I am pleased to announce the release of vtiger crm4.2 . This is a feature packed release including the mass email template handling, custom view feature, vtiger_reports feature and a host of other utilities. vtiger runs on all platforms.    <br />\n        <br />\n	Notable Features of vtiger are :   <br />\n	<br />\n	-Email Client Integration    <br />\n	-Trouble Ticket Integration   <br />\n	-Invoice Management Integration   <br />\n	-Reports Integration   <br />\n	-Portal Integration   <br />\n	-Enhanced Word Plugin Support   <br />\n	-Custom View Integration   <br />\n	<br />\n	Known Issues:   <br />\n	-ABCD   <br />\n	-EFGH   <br />\n	-IJKL   <br />\n	-MNOP   <br />\n	-QRST', 0, 1),
('Public', 'Pending Invoices', 'Invoices Pending', 'Payment Due', 'name <br />\nstreet, <br />\ncity, <br />\nstate, <br />\n zip) <br />\n  <br />\n Dear <br />\n <br />\n Please check the following invoices that are yet to be paid by you: <br />\n <br />\n No. Date      Amount <br />\n 1   1/1/01    $4000 <br />\n 2   2/2//01   $5000 <br />\n 3   3/3/01    $10000 <br />\n 4   7/4/01    $23560 <br />\n <br />\n Kindly let us know if there are any issues that you feel are pending to be discussed. <br />\n We will be more than happy to give you a call. <br />\n We would like to continue our business with you.', 0, 2),
('Public', 'Acceptance Proposal', 'Acceptance Proposal', 'Acceptance of Proposal', ' Dear <br />\n <br />\nYour proposal on the project XYZW has been reviewed by us <br />\nand is acceptable in its entirety. <br />\n <br />\nWe are eagerly looking forward to this project <br />\nand are pleased about having the opportunity to work <br />\ntogether. We look forward to a long standing relationship <br />\nwith your esteemed firm. <br />\n<br />\nI would like to take this opportunity to invite you <br />\nto a game of golf on Wednesday morning 9am at the <br />\nCuff Links Ground. We will be waiting for you in the <br />\nExecutive Lounge. <br />\n<br />\nLooking forward to seeing you there.', 0, 3),
('Public', 'Goods received acknowledgement', 'Goods received acknowledgement', 'Acknowledged Receipt of Goods', ' The undersigned hereby acknowledges receipt and delivery of the goods. <br />\nThe undersigned will release the payment subject to the goods being discovered not satisfactory. <br />\n<br />\nSigned under seal this <date>', 0, 4),
('Public', 'Accept Order', 'Accept Order', 'Acknowledgement/Acceptance of Order', ' Dear <br />\n         We are in receipt of your order as contained in the <br />\n   purchase order form.We consider this to be final and binding on both sides. <br />\nIf there be any exceptions noted, we shall consider them <br />\nonly if the objection is received within ten days of receipt of <br />\nthis notice. <br />\n <br />\nThank you for your patronage.', 0, 5),
('Public', 'Address Change', 'Change of Address', 'Address Change', 'Dear <br />\n <br />\nWe are relocating our office to <br />\n11111,XYZDEF Cross, <br />\nUVWWX Circle <br />\nThe telephone number for this new location is (101) 1212-1328. <br />\n<br />\nOur Manufacturing Division will continue operations <br />\nat 3250 Lovedale Square Avenue, in Frankfurt. <br />\n<br />\nWe hope to keep in touch with you all. <br />\nPlease update your addressbooks.', 0, 6),
('Public', 'Follow Up', 'Follow Up', 'Follow Up of meeting', 'Dear <br />\n<br />\nThank you for extending us the opportunity to meet with <br />\nyou and members of your staff. <br />\n<br />\nI know that John Doe serviced your account <br />\nfor many years and made many friends at your firm. He has personally <br />\ndiscussed with me the deep relationship that he had with your firm. <br />\nWhile his presence will be missed, I can promise that we will <br />\ncontinue to provide the fine service that was accorded by <br />\nJohn to your firm. <br />\n<br />\nI was genuinely touched to receive such fine hospitality. <br />\n<br />\nThank you once again.', 0, 7),
('Public', 'Target Crossed!', 'Target Crossed!', 'Fantastic Sales Spree!', 'Congratulations! <br />\n<br />\nThe numbers are in and I am proud to inform you that our <br />\ntotal sales for the previous quarter <br />\namounts to $100,000,00.00!. This is the first time <br />\nwe have exceeded the target by almost 30%. <br />\nWe have also beat the previous quarter record by a <br />\nwhopping 75%! <br />\n<br />\nLet us meet at Smoking Joe for a drink in the evening! <br />\n\nC you all there guys!', 0, 8),
('Public', 'Thanks Note', 'Thanks Note', 'Note of thanks', 'Dear <br />\n<br />\nThank you for your confidence in our ability to serve you. <br />\nWe are glad to be given the chance to serve you.I look <br />\nforward to establishing a long term partnership with you. <br />\nConsider me as a friend. <br />\nShould any need arise,please do give us a call.', 0, 9),
('Public', 'Customer Login Details', 'Customer Portal Login Details', 'Send Portal login details to customer', '<table width="700" cellspacing="0" cellpadding="0" border="0" align="center" style="font-family: Arial,Helvetica,sans-serif; font-size: 12px; font-weight: normal; text-decoration: none; background-color: rgb(122, 122, 254);">\n        <tr>\n            <td> </td>\n            <td> </td>\n            <td> </td>\n        </tr>\n        <tr>\n            <td> </td>\n            <td> </td>\n            <td> </td>\n        </tr>\n        <tr>\n            <td> </td>\n            <td> </td>\n            <td> </td>\n        </tr>\n        <tr>\n            <td width="50"> </td>\n            <td>\n            <table width="100%" cellspacing="0" cellpadding="0" border="0">\n                    <tr>\n                        <td>\n                        <table width="100%" cellspacing="0" cellpadding="0" border="0" style="background-color: rgb(27, 77, 140); font-family: Arial,Helvetica,sans-serif; font-size: 14px; color: rgb(255, 255, 255); font-weight: normal; line-height: 25px;">\n                                <tr>\n                                    <td align="center" rowspan="4">$logo$</td>\n                                    <td align="center"> </td>\n                                </tr>\n                                <tr>\n                                    <td align="left" style="background-color: rgb(27, 77, 140); font-family: Arial,Helvetica,sans-serif; font-size: 24px; color: rgb(255, 255, 255); font-weight: bolder; line-height: 35px;">vtiger CRM<br /> </td>\n                                </tr>\n                                <tr>\n                                    <td align="right" style="padding-right: 100px;">The honest Open Source CRM </td>\n                                </tr>\n                                <tr>\n                                    <td> </td>\n                                </tr>\n                        </table>\n                        </td>\n                    </tr>\n                    <tr>\n                        <td>\n                        <table width="100%" cellspacing="0" cellpadding="0" border="0" style="font-family: Arial,Helvetica,sans-serif; font-size: 12px; font-weight: normal; color: rgb(0, 0, 0); background-color: rgb(255, 255, 255);">\n                                <tr>\n                                    <td valign="top">\n                                    <table width="100%" cellspacing="0" cellpadding="5" border="0">\n                                            <tr>\n                                                <td align="right" style="font-family: Arial,Helvetica,sans-serif; font-size: 12px; font-weight: bolder; text-decoration: none; color: rgb(66, 66, 253);"> </td>\n                                            </tr>\n                                            <tr>\n                                                <td> </td>\n                                            </tr>\n                                            <tr>\n                                                <td style="font-family: Arial,Helvetica,sans-serif; font-size: 14px; color: rgb(22, 72, 134); font-weight: bolder; line-height: 15px;">Dear $contact_name$, </td>\n                                            </tr>\n                                            <tr>\n                                                <td style="font-family: Arial,Helvetica,sans-serif; font-size: 12px; color: rgb(0, 0, 0); font-weight: normal; text-align: justify; line-height: 20px;"> Thank you very much for subscribing to the vtiger CRM - annual support service.<br />Here is your self service portal login details:</td>\n                                            </tr>\n                                            <tr>\n                                                <td align="center">\n                                                <table width="75%" cellspacing="0" cellpadding="10" border="0" style="border: 2px solid rgb(180, 180, 179); background-color: rgb(226, 226, 225); font-family: Arial,Helvetica,sans-serif; font-size: 12px; color: rgb(0, 0, 0); font-weight: normal;">\n                                                        <tr>\n                                                            <td><br />User ID     : <font color="#990000"><strong> $login_name$</strong></font> </td>\n                                                        </tr>\n                                                        <tr>\n                                                            <td>Password: <font color="#990000"><strong> $password$</strong></font> </td>\n                                                        </tr>\n                                                        <tr>\n                                                            <td align="center"> <strong>  $URL$<br /> </strong> </td>\n                                                        </tr>\n                                                </table>\n                                                </td>\n                                            </tr>\n                                            <tr>\n                                                <td style="font-family: Arial,Helvetica,sans-serif; font-size: 12px; color: rgb(0, 0, 0); font-weight: normal; text-align: justify; line-height: 20px;"><strong>NOTE:</strong> We suggest you to change your password after logging in first time. <br /><br /> <strong><u>Help Documentation</u></strong><br />  <br /> After logging in to vtiger Self-service Portal first time, you can access the vtiger CRM documents from the <strong>Documents</strong> tab. Following documents are available for your reference:<br />\n                                                <ul>\n                                                    <li>Installation Manual (Windows &amp; Linux OS)<br /> </li>\n                                                    <li>User &amp; Administrator Manual<br /> </li>\n                                                    <li>vtiger Customer Portal - User Manual<br /> </li>\n                                                    <li>vtiger Outlook Plugin - User Manual<br /> </li>\n                                                    <li>vtiger Office Plug-in - User Manual<br /> </li>\n                                                    <li>vtiger Thunderbird Extension - User Manual<br /> </li>\n                                                    <li>vtiger Web Forms - User Manual<br /> </li>\n                                                    <li>vtiger Firefox Tool bar - User Manual<br /> </li>\n                                                </ul>\n                                                <br />  <br /> <strong><u>Knowledge Base</u></strong><br /> <br /> Periodically we update frequently asked question based on our customer experiences. You can access the latest articles from the <strong>FAQ</strong> tab.<br /> <br /> <strong><u>vtiger CRM - Details</u></strong><br /> <br /> Kindly let us know your current vtiger CRM version and system specification so that we can provide you necessary guidelines to enhance your vtiger CRM system performance. Based on your system specification we alert you about the latest security &amp; upgrade patches.<br />  <br />			 Thank you once again and wish you a wonderful experience with vtiger CRM.<br /> </td>\n                                            </tr>\n                                            <tr>\n                                                <td align="right"><strong style="padding: 2px; font-family: Arial,Helvetica,sans-serif; font-size: 12px; color: rgb(0, 0, 0); font-weight: bold;"><br /><br />Best Regards</strong></td>\n                                            </tr>\n                                            <tr>\n                                                <td align="right" style="font-family: Arial,Helvetica,sans-serif; font-size: 12px; color: rgb(0, 0, 0); font-weight: normal; line-height: 20px;">$support_team$ </td>\n                                            </tr>\n                                            <tr>\n                                                <td align="right"><a style="font-family: Arial,Helvetica,sans-serif; font-size: 12px; font-weight: bolder; text-decoration: none; color: rgb(66, 66, 253);" href="http://www.vtiger.com">www.vtiger.com</a></td>\n                                            </tr>\n                                            <tr>\n                                                <td> </td>\n                                            </tr>\n                                    </table>\n                                    </td>\n                                    <td width="1%" valign="top"> </td>\n                                </tr>\n                        </table>\n                        </td>\n                    </tr>\n                    <tr>\n                        <td>\n                        <table width="100%" cellspacing="0" cellpadding="5" border="0" style="font-family: Arial,Helvetica,sans-serif; font-size: 12px; color: rgb(255, 255, 255); font-weight: normal; line-height: 15px; background-color: rgb(51, 51, 51);">\n                                <tr>\n                                    <td align="center">Shree Narayana Complex, No 11 Sarathy Nagar, Vijaya Nagar , Velachery, Chennai - 600 042 India </td>\n                                </tr>\n                                <tr>\n                                    <td align="center">Telephone No: +91 - 44 - 4202 - 1990     Toll Free No: +1 877 788 4437</td>\n                                </tr>\n                                <tr>\n                                    <td align="center">Email Id: <a style="font-family: Arial,Helvetica,sans-serif; font-size: 12px; font-weight: bolder; text-decoration: none; color: rgb(255, 255, 255);" href="mailto:support@vtiger.com">support@vtiger.com</a></td>\n                                </tr>\n                        </table>\n                        </td>\n                    </tr>\n            </table>\n            </td>\n            <td width="50"> </td>\n        </tr>\n        <tr>\n            <td> </td>\n            <td> </td>\n            <td> </td>\n        </tr>\n        <tr>\n            <td> </td>\n            <td> </td>\n            <td> </td>\n        </tr>\n        <tr>\n            <td> </td>\n            <td> </td>\n            <td> </td>\n        </tr>\n</table>', 0, 10),
('Public', 'Support end notification before a week', 'SmartSymbolCRM Support Notification', 'Send Notification mail to customer before a week of support end date', '<table width="700" cellspacing="0" cellpadding="0" border="0" align="center" style="font-family: Arial,Helvetica,sans-serif; font-size: 12px; font-weight: normal; text-decoration: none; background-color: rgb(122, 122, 254);">\n        <tr>\n            <td> </td>\n            <td> </td>\n            <td> </td>\n        </tr>\n        <tr>\n            <td> </td>\n            <td> </td>\n            <td> </td>\n        </tr>\n        <tr>\n            <td> </td>\n            <td> </td>\n            <td> </td>\n        </tr>\n        <tr>\n            <td width="50"> </td>\n            <td>\n            <table width="100%" cellspacing="0" cellpadding="0" border="0">\n                    <tr>\n                        <td>\n                        <table width="100%" cellspacing="0" cellpadding="0" border="0" style="background-color: rgb(27, 77, 140); font-family: Arial,Helvetica,sans-serif; font-size: 14px; color: rgb(255, 255, 255); font-weight: normal; line-height: 25px;">\n                                <tr>\n                                    <td align="center" rowspan="4">$logo$</td>\n                                    <td align="center"> </td>\n                                </tr>\n                                <tr>\n                                    <td align="left" style="background-color: rgb(27, 77, 140); font-family: Arial,Helvetica,sans-serif; font-size: 24px; color: rgb(255, 255, 255); font-weight: bolder; line-height: 35px;">vtiger CRM </td>\n                                </tr>\n                                <tr>\n                                    <td align="right" style="padding-right: 100px;">The honest Open Source CRM </td>\n                                </tr>\n                                <tr>\n                                    <td> </td>\n                                </tr>\n                        </table>\n                        </td>\n                    </tr>\n                    <tr>\n                        <td>\n                        <table width="100%" cellspacing="0" cellpadding="0" border="0" style="font-family: Arial,Helvetica,sans-serif; font-size: 12px; font-weight: normal; color: rgb(0, 0, 0); background-color: rgb(255, 255, 255);">\n                                <tr>\n                                    <td valign="top">\n                                    <table width="100%" cellspacing="0" cellpadding="5" border="0">\n                                            <tr>\n                                                <td align="right" style="font-family: Arial,Helvetica,sans-serif; font-size: 12px; font-weight: bolder; text-decoration: none; color: rgb(66, 66, 253);"> </td>\n                                            </tr>\n                                            <tr>\n                                                <td> </td>\n                                            </tr>\n                                            <tr>\n                                                <td style="font-family: Arial,Helvetica,sans-serif; font-size: 14px; color: rgb(22, 72, 134); font-weight: bolder; line-height: 15px;">Dear $contacts-lastname$, </td>\n                                            </tr>\n                                            <tr>\n                                                <td style="font-family: Arial,Helvetica,sans-serif; font-size: 12px; color: rgb(0, 0, 0); font-weight: normal; text-align: justify; line-height: 20px;">This is just a notification mail regarding your support end.<br /><span style="font-weight: bold;">Priority:</span> Urgent<br />Your Support is going to expire on next week<br />Please contact support@vtiger.com.<br /><br /><br /></td>\n                                            </tr>\n                                            <tr>\n                                                <td align="center"><br /></td>\n                                            </tr>\n                                            <tr>\n                                                <td align="right"><strong style="padding: 2px; font-family: Arial,Helvetica,sans-serif; font-size: 12px; color: rgb(0, 0, 0); font-weight: bold;"><br /><br />Sincerly</strong></td>\n                                            </tr>\n                                            <tr>\n                                                <td align="right" style="font-family: Arial,Helvetica,sans-serif; font-size: 12px; color: rgb(0, 0, 0); font-weight: normal; line-height: 20px;">Support Team </td>\n                                            </tr>\n                                            <tr>\n                                                <td align="right"><a style="font-family: Arial,Helvetica,sans-serif; font-size: 12px; font-weight: bolder; text-decoration: none; color: rgb(66, 66, 253);" href="http://www.vtiger.com">www.vtiger.com</a></td>\n                                            </tr>\n                                            <tr>\n                                                <td> </td>\n                                            </tr>\n                                    </table>\n                                    </td>\n                                    <td width="1%" valign="top"> </td>\n                                </tr>\n                        </table>\n                        </td>\n                    </tr>\n                    <tr>\n                        <td>\n                        <table width="100%" cellspacing="0" cellpadding="5" border="0" style="font-family: Arial,Helvetica,sans-serif; font-size: 12px; color: rgb(255, 255, 255); font-weight: normal; line-height: 15px; background-color: rgb(51, 51, 51);">\n                                <tr>\n                                    <td align="center">Shree Narayana Complex, No 11 Sarathy Nagar, Vijaya Nagar , Velachery, Chennai - 600 042 India </td>\n                                </tr>\n                                <tr>\n                                    <td align="center">Telephone No: +91 - 44 - 4202 - 1990     Toll Free No: +1 877 788 4437</td>\n                                </tr>\n                                <tr>\n                                    <td align="center">Email Id: <a style="font-family: Arial,Helvetica,sans-serif; font-size: 12px; font-weight: bolder; text-decoration: none; color: rgb(255, 255, 255);" href="mailto:info@vtiger.com">info@vtiger.com</a></td>\n                                </tr>\n                        </table>\n                        </td>\n                    </tr>\n            </table>\n            </td>\n            <td width="50"> </td>\n        </tr>\n        <tr>\n            <td> </td>\n            <td> </td>\n            <td> </td>\n        </tr>\n        <tr>\n            <td> </td>\n            <td> </td>\n            <td> </td>\n        </tr>\n        <tr>\n            <td> </td>\n            <td> </td>\n            <td> </td>\n        </tr>\n</table>', 0, 11),
('Public', 'Support end notification before a month', 'SmartSymbolCRM Support Notification', 'Send Notification mail to customer before a month of support end date', '<table width="700" cellspacing="0" cellpadding="0" border="0" align="center" style="font-family: Arial,Helvetica,sans-serif; font-size: 12px; font-weight: normal; text-decoration: none; background-color: rgb(122, 122, 254);">\n        <tr>\n            <td> </td>\n            <td> </td>\n            <td> </td>\n        </tr>\n        <tr>\n            <td> </td>\n            <td> </td>\n            <td> </td>\n        </tr>\n        <tr>\n            <td> </td>\n            <td> </td>\n            <td> </td>\n        </tr>\n        <tr>\n            <td width="50"> </td>\n            <td>\n            <table width="100%" cellspacing="0" cellpadding="0" border="0">\n                    <tr>\n                        <td>\n                        <table width="100%" cellspacing="0" cellpadding="0" border="0" style="background-color: rgb(27, 77, 140); font-family: Arial,Helvetica,sans-serif; font-size: 14px; color: rgb(255, 255, 255); font-weight: normal; line-height: 25px;">\n                                <tr>\n                                    <td align="center" rowspan="4">$logo$</td>\n                                    <td align="center"> </td>\n                                </tr>\n                                <tr>\n                                    <td align="left" style="background-color: rgb(27, 77, 140); font-family: Arial,Helvetica,sans-serif; font-size: 24px; color: rgb(255, 255, 255); font-weight: bolder; line-height: 35px;">vtiger CRM </td>\n                                </tr>\n                                <tr>\n                                    <td align="right" style="padding-right: 100px;">The honest Open Source CRM </td>\n                                </tr>\n                                <tr>\n                                    <td> </td>\n                                </tr>\n                        </table>\n                        </td>\n                    </tr>\n                    <tr>\n                        <td>\n                        <table width="100%" cellspacing="0" cellpadding="0" border="0" style="font-family: Arial,Helvetica,sans-serif; font-size: 12px; font-weight: normal; color: rgb(0, 0, 0); background-color: rgb(255, 255, 255);">\n                                <tr>\n                                    <td valign="top">\n                                    <table width="100%" cellspacing="0" cellpadding="5" border="0">\n                                            <tr>\n                                                <td align="right" style="font-family: Arial,Helvetica,sans-serif; font-size: 12px; font-weight: bolder; text-decoration: none; color: rgb(66, 66, 253);"> </td>\n                                            </tr>\n                                            <tr>\n                                                <td> </td>\n                                            </tr>\n                                            <tr>\n                                                <td style="font-family: Arial,Helvetica,sans-serif; font-size: 14px; color: rgb(22, 72, 134); font-weight: bolder; line-height: 15px;">Dear $contacts-lastname$, </td>\n                                            </tr>\n                                            <tr>\n                                                <td style="font-family: Arial,Helvetica,sans-serif; font-size: 12px; color: rgb(0, 0, 0); font-weight: normal; text-align: justify; line-height: 20px;">This is just a notification mail regarding your support end.<br /><span style="font-weight: bold;">Priority:</span> Normal<br />Your Support is going to expire on next month.<br />Please contact support@vtiger.com<br /><br /><br /></td>\n                                            </tr>\n                                            <tr>\n                                                <td align="center"><br /></td>\n                                            </tr>\n                                            <tr>\n                                                <td align="right"><strong style="padding: 2px; font-family: Arial,Helvetica,sans-serif; font-size: 12px; color: rgb(0, 0, 0); font-weight: bold;"><br /><br />Sincerly</strong></td>\n                                            </tr>\n                                            <tr>\n                                                <td align="right" style="font-family: Arial,Helvetica,sans-serif; font-size: 12px; color: rgb(0, 0, 0); font-weight: normal; line-height: 20px;">Support Team </td>\n                                            </tr>\n                                            <tr>\n                                                <td align="right"><a href="http://www.vtiger.com" style="font-family: Arial,Helvetica,sans-serif; font-size: 12px; font-weight: bolder; text-decoration: none; color: rgb(66, 66, 253);">www.vtiger.com</a></td>\n                                            </tr>\n                                            <tr>\n                                                <td> </td>\n                                            </tr>\n                                    </table>\n                                    </td>\n                                    <td width="1%" valign="top"> </td>\n                                </tr>\n                        </table>\n                        </td>\n                    </tr>\n                    <tr>\n                        <td>\n                        <table width="100%" cellspacing="0" cellpadding="5" border="0" style="font-family: Arial,Helvetica,sans-serif; font-size: 12px; color: rgb(255, 255, 255); font-weight: normal; line-height: 15px; background-color: rgb(51, 51, 51);">\n                                <tr>\n                                    <td align="center">Shree Narayana Complex, No 11 Sarathy Nagar, Vijaya Nagar , Velachery, Chennai - 600 042 India </td>\n                                </tr>\n                                <tr>\n                                    <td align="center">Telephone No: +91 - 44 - 4202 - 1990     Toll Free No: +1 877 788 4437</td>\n                                </tr>\n                                <tr>\n                                    <td align="center">Email Id: <a href="mailto:info@vtiger.com" style="font-family: Arial,Helvetica,sans-serif; font-size: 12px; font-weight: bolder; text-decoration: none; color: rgb(255, 255, 255);">info@vtiger.com</a></td>\n                                </tr>\n                        </table>\n                        </td>\n                    </tr>\n            </table>\n            </td>\n            <td width="50"> </td>\n        </tr>\n        <tr>\n            <td> </td>\n            <td> </td>\n            <td> </td>\n        </tr>\n        <tr>\n            <td> </td>\n            <td> </td>\n            <td> </td>\n        </tr>\n        <tr>\n            <td> </td>\n            <td> </td>\n            <td> </td>\n        </tr>\n</table>', 0, 12);

-- --------------------------------------------------------

--
-- 表的结构 `vtiger_emailtemplates_seq`
--

CREATE TABLE IF NOT EXISTS `vtiger_emailtemplates_seq` (
  `id` int(11) NOT NULL
) ENGINE=InnoDB DEFAULT CHARSET=utf8;

--
-- 转存表中的数据 `vtiger_emailtemplates_seq`
--

INSERT INTO `vtiger_emailtemplates_seq` (`id`) VALUES
(13);

-- --------------------------------------------------------

--
-- 表的结构 `vtiger_email_access`
--

CREATE TABLE IF NOT EXISTS `vtiger_email_access` (
  `crmid` int(11) DEFAULT NULL,
  `mailid` int(11) DEFAULT NULL,
  `accessdate` date DEFAULT NULL,
  `accesstime` datetime DEFAULT NULL
) ENGINE=InnoDB DEFAULT CHARSET=utf8;

-- --------------------------------------------------------

--
-- 表的结构 `vtiger_email_track`
--

CREATE TABLE IF NOT EXISTS `vtiger_email_track` (
  `crmid` int(11) DEFAULT NULL,
  `mailid` int(11) DEFAULT NULL,
  `access_count` int(11) DEFAULT NULL
) ENGINE=InnoDB DEFAULT CHARSET=utf8;

-- --------------------------------------------------------

--
-- 表的结构 `vtiger_entityname`
--

CREATE TABLE IF NOT EXISTS `vtiger_entityname` (
  `tabid` int(19) NOT NULL DEFAULT '0',
  `modulename` varchar(50) NOT NULL,
  `tablename` varchar(100) NOT NULL,
  `fieldname` varchar(150) NOT NULL,
  `entityidfield` varchar(150) NOT NULL,
  `entityidcolumn` varchar(150) NOT NULL
) ENGINE=InnoDB DEFAULT CHARSET=utf8;

--
-- 转存表中的数据 `vtiger_entityname`
--

INSERT INTO `vtiger_entityname` (`tabid`, `modulename`, `tablename`, `fieldname`, `entityidfield`, `entityidcolumn`) VALUES
(2, 'Potentials', 'vtiger_potential', 'potentialname', 'potentialid', 'potential_id'),
(4, 'Contacts', 'vtiger_contactdetails', 'firstname,lastname', 'contactid', 'contact_id'),
(6, 'Accounts', 'vtiger_account', 'accountname', 'accountid', 'account_id'),
(7, 'Leads', 'vtiger_leaddetails', 'firstname,lastname', 'leadid', 'leadid'),
(8, 'Documents', 'vtiger_notes', 'title', 'notesid', 'notesid'),
(9, 'Calendar', 'vtiger_activity', 'subject', 'activityid', 'activityid'),
(10, 'Emails', 'vtiger_activity', 'subject', 'activityid', 'activityid'),
(13, 'HelpDesk', 'vtiger_troubletickets', 'title', 'ticketid', 'ticketid'),
(14, 'Products', 'vtiger_products', 'productname', 'productid', 'product_id'),
(15, 'Faq', 'vtiger_faq', 'question', 'id', 'id'),
(18, 'Vendors', 'vtiger_vendor', 'vendorname', 'vendorid', 'vendor_id'),
(19, 'PriceBooks', 'vtiger_pricebook', 'bookname', 'pricebookid', 'pricebookid'),
(20, 'Quotes', 'vtiger_quotes', 'subject', 'quoteid', 'quote_id'),
(21, 'PurchaseOrder', 'vtiger_purchaseorder', 'subject', 'purchaseorderid', 'purchaseorderid'),
(22, 'SalesOrder', 'vtiger_salesorder', 'subject', 'salesorderid', 'salesorder_id'),
(23, 'Invoice', 'vtiger_invoice', 'subject', 'invoiceid', 'invoiceid'),
(26, 'Campaigns', 'vtiger_campaign', 'campaignname', 'campaignid', 'campaignid'),
(29, 'Users', 'vtiger_users', 'first_name,last_name', 'id', 'id'),
(30, 'Services', 'vtiger_service', 'servicename', 'serviceid', 'serviceid'),
(33, 'ServiceContracts', 'vtiger_servicecontracts', 'subject', 'servicecontractsid', 'servicecontractsid'),
(35, 'PBXManager', 'vtiger_pbxmanager', 'customernumber', 'pbxmanagerid', 'pbxmanagerid'),
(39, 'SMSNotifier', 'vtiger_smsnotifier', 'message', 'smsnotifierid', 'smsnotifierid'),
(42, 'ModComments', 'vtiger_modcomments', 'commentcontent', 'modcommentsid', 'modcommentsid'),
(44, 'ProjectMilestone', 'vtiger_projectmilestone', 'projectmilestonename', 'projectmilestoneid', 'projectmilestoneid'),
(45, 'ProjectTask', 'vtiger_projecttask', 'projecttaskname', 'projecttaskid', 'projecttaskid'),
(46, 'Project', 'vtiger_project', 'projectname', 'projectid', 'projectid'),
(47, 'Assets', 'vtiger_assets', 'assetname', 'assetsid', 'assetsid');

-- --------------------------------------------------------

--
-- 表的结构 `vtiger_eventhandlers`
--

CREATE TABLE IF NOT EXISTS `vtiger_eventhandlers` (
  `eventhandler_id` int(11) NOT NULL,
  `event_name` varchar(100) NOT NULL,
  `handler_path` varchar(400) NOT NULL,
  `handler_class` varchar(100) NOT NULL,
  `cond` text,
  `is_active` int(1) NOT NULL,
  `dependent_on` varchar(255) DEFAULT '[]'
) ENGINE=InnoDB AUTO_INCREMENT=24 DEFAULT CHARSET=utf8;

--
-- 转存表中的数据 `vtiger_eventhandlers`
--

INSERT INTO `vtiger_eventhandlers` (`eventhandler_id`, `event_name`, `handler_path`, `handler_class`, `cond`, `is_active`, `dependent_on`) VALUES
(1, 'vtiger.entity.aftersave', 'modules/SalesOrder/RecurringInvoiceHandler.php', 'RecurringInvoiceHandler', '', 1, '[]'),
(2, 'vtiger.entity.beforesave', 'data/VTEntityDelta.php', 'VTEntityDelta', '', 1, '[]'),
(3, 'vtiger.entity.aftersave', 'data/VTEntityDelta.php', 'VTEntityDelta', '', 1, '[]'),
(4, 'vtiger.entity.aftersave', 'modules/com_vtiger_workflow/VTEventHandler.inc', 'VTWorkflowEventHandler', '', 1, '["VTEntityDelta"]'),
(5, 'vtiger.entity.afterrestore', 'modules/com_vtiger_workflow/VTEventHandler.inc', 'VTWorkflowEventHandler', '', 1, '[]'),
(6, 'vtiger.entity.aftersave.final', 'modules/HelpDesk/HelpDeskHandler.php', 'HelpDeskHandler', '', 1, '[]'),
(7, 'vtiger.entity.aftersave.final', 'modules/ModTracker/ModTrackerHandler.php', 'ModTrackerHandler', '', 1, '[]'),
(8, 'vtiger.entity.beforedelete', 'modules/ModTracker/ModTrackerHandler.php', 'ModTrackerHandler', '', 1, '[]'),
(9, 'vtiger.entity.afterrestore', 'modules/ModTracker/ModTrackerHandler.php', 'ModTrackerHandler', '', 1, '[]'),
(10, 'vtiger.entity.beforesave', 'modules/ServiceContracts/ServiceContractsHandler.php', 'ServiceContractsHandler', '', 1, '[]'),
(11, 'vtiger.entity.aftersave', 'modules/ServiceContracts/ServiceContractsHandler.php', 'ServiceContractsHandler', '', 1, '[]'),
(12, 'vtiger.entity.aftersave', 'modules/PBXManager/PBXManagerHandler.php', 'PBXManagerHandler', '', 1, '["VTEntityDelta"]'),
(13, 'vtiger.entity.afterdelete', 'modules/PBXManager/PBXManagerHandler.php', 'PBXManagerHandler', '', 1, '[]'),
(14, 'vtiger.entity.afterrestore', 'modules/PBXManager/PBXManagerHandler.php', 'PBXManagerHandler', '', 1, '[]'),
(15, 'vtiger.batchevent.save', 'modules/PBXManager/PBXManagerHandler.php', 'PBXManagerBatchHandler', '', 1, '[]'),
(16, 'vtiger.batchevent.delete', 'modules/PBXManager/PBXManagerHandler.php', 'PBXManagerBatchHandler', '', 1, '[]'),
(17, 'vtiger.entity.aftersave', 'modules/WSAPP/WorkFlowHandlers/WSAPPAssignToTracker.php', 'WSAPPAssignToTracker', '', 1, '["VTEntityDelta"]'),
(18, 'vtiger.entity.aftersave', 'modules/Vtiger/handlers/RecordLabelUpdater.php', 'Vtiger_RecordLabelUpdater_Handler', '', 1, '[]'),
(19, 'vtiger.entity.aftersave', 'modules/Invoice/InvoiceHandler.php', 'InvoiceHandler', '', 1, '[]'),
(20, 'vtiger.entity.aftersave', 'modules/PurchaseOrder/PurchaseOrderHandler.php', 'PurchaseOrderHandler', '', 1, '[]'),
(21, 'vtiger.entity.aftersave', 'modules/ModComments/ModCommentsHandler.php', 'ModCommentsHandler', '', 1, '[]'),
(22, 'vtiger.picklist.afterrename', 'modules/Settings/Picklist/handlers/PickListHandler.php', 'PickListHandler', '', 1, '[]'),
(23, 'vtiger.picklist.afterdelete', 'modules/Settings/Picklist/handlers/PickListHandler.php', 'PickListHandler', '', 1, '[]');

-- --------------------------------------------------------

--
-- 表的结构 `vtiger_eventhandlers_seq`
--

CREATE TABLE IF NOT EXISTS `vtiger_eventhandlers_seq` (
  `id` int(11) NOT NULL
) ENGINE=InnoDB DEFAULT CHARSET=utf8;

--
-- 转存表中的数据 `vtiger_eventhandlers_seq`
--

INSERT INTO `vtiger_eventhandlers_seq` (`id`) VALUES
(23);

-- --------------------------------------------------------

--
-- 表的结构 `vtiger_eventhandler_module`
--

CREATE TABLE IF NOT EXISTS `vtiger_eventhandler_module` (
  `eventhandler_module_id` int(11) NOT NULL,
  `module_name` varchar(100) DEFAULT NULL,
  `handler_class` varchar(100) DEFAULT NULL
) ENGINE=InnoDB AUTO_INCREMENT=6 DEFAULT CHARSET=utf8;

--
-- 转存表中的数据 `vtiger_eventhandler_module`
--

INSERT INTO `vtiger_eventhandler_module` (`eventhandler_module_id`, `module_name`, `handler_class`) VALUES
(1, 'ModTracker', 'ModTrackerHandler'),
(2, 'ServiceContracts', 'ServiceContractsHandler'),
(3, 'Home', 'Vtiger_RecordLabelUpdater_Handler'),
(4, 'Invoice', 'InvoiceHandler'),
(5, 'PurchaseOrder', 'PurchaseOrderHandler');

-- --------------------------------------------------------

--
-- 表的结构 `vtiger_eventhandler_module_seq`
--

CREATE TABLE IF NOT EXISTS `vtiger_eventhandler_module_seq` (
  `id` int(11) NOT NULL
) ENGINE=InnoDB DEFAULT CHARSET=utf8;

--
-- 转存表中的数据 `vtiger_eventhandler_module_seq`
--

INSERT INTO `vtiger_eventhandler_module_seq` (`id`) VALUES
(5);

-- --------------------------------------------------------

--
-- 表的结构 `vtiger_eventstatus`
--

CREATE TABLE IF NOT EXISTS `vtiger_eventstatus` (
  `eventstatusid` int(19) NOT NULL,
  `eventstatus` varchar(200) NOT NULL,
  `presence` int(1) NOT NULL DEFAULT '1',
  `picklist_valueid` int(19) NOT NULL DEFAULT '0',
  `sortorderid` int(11) DEFAULT NULL
) ENGINE=InnoDB AUTO_INCREMENT=4 DEFAULT CHARSET=utf8;

--
-- 转存表中的数据 `vtiger_eventstatus`
--

INSERT INTO `vtiger_eventstatus` (`eventstatusid`, `eventstatus`, `presence`, `picklist_valueid`, `sortorderid`) VALUES
(1, 'Planned', 0, 38, 0),
(2, 'Held', 0, 39, 1),
(3, 'Not Held', 0, 40, 2);

-- --------------------------------------------------------

--
-- 表的结构 `vtiger_eventstatus_seq`
--

CREATE TABLE IF NOT EXISTS `vtiger_eventstatus_seq` (
  `id` int(11) NOT NULL
) ENGINE=InnoDB DEFAULT CHARSET=utf8;

--
-- 转存表中的数据 `vtiger_eventstatus_seq`
--

INSERT INTO `vtiger_eventstatus_seq` (`id`) VALUES
(3);

-- --------------------------------------------------------

--
-- 表的结构 `vtiger_expectedresponse`
--

CREATE TABLE IF NOT EXISTS `vtiger_expectedresponse` (
  `expectedresponseid` int(19) NOT NULL,
  `expectedresponse` varchar(200) NOT NULL,
  `presence` int(1) NOT NULL DEFAULT '1',
  `picklist_valueid` int(19) NOT NULL DEFAULT '0',
  `sortorderid` int(11) DEFAULT NULL
) ENGINE=InnoDB AUTO_INCREMENT=6 DEFAULT CHARSET=utf8;

--
-- 转存表中的数据 `vtiger_expectedresponse`
--

INSERT INTO `vtiger_expectedresponse` (`expectedresponseid`, `expectedresponse`, `presence`, `picklist_valueid`, `sortorderid`) VALUES
(2, 'Excellent', 1, 42, 1),
(3, 'Good', 1, 43, 2),
(4, 'Average', 1, 44, 3),
(5, 'Poor', 1, 45, 4);

-- --------------------------------------------------------

--
-- 表的结构 `vtiger_expectedresponse_seq`
--

CREATE TABLE IF NOT EXISTS `vtiger_expectedresponse_seq` (
  `id` int(11) NOT NULL
) ENGINE=InnoDB DEFAULT CHARSET=utf8;

--
-- 转存表中的数据 `vtiger_expectedresponse_seq`
--

INSERT INTO `vtiger_expectedresponse_seq` (`id`) VALUES
(5);

-- --------------------------------------------------------

--
-- 表的结构 `vtiger_extnstore_users`
--

CREATE TABLE IF NOT EXISTS `vtiger_extnstore_users` (
  `id` int(11) NOT NULL,
  `username` varchar(50) DEFAULT NULL,
  `password` varchar(75) DEFAULT NULL,
  `instanceurl` varchar(255) DEFAULT NULL,
  `createdon` datetime DEFAULT NULL,
  `deleted` int(1) NOT NULL DEFAULT '0'
) ENGINE=InnoDB AUTO_INCREMENT=3 DEFAULT CHARSET=utf8;

--
-- 转存表中的数据 `vtiger_extnstore_users`
--

INSERT INTO `vtiger_extnstore_users` (`id`, `username`, `password`, `instanceurl`, `createdon`, `deleted`) VALUES
(2, '1292237044@qq.com', 'e10adc3949ba59abbe56e057f20f883e', NULL, '2016-07-02 15:56:56', 0);

-- --------------------------------------------------------

--
-- 表的结构 `vtiger_faq`
--

CREATE TABLE IF NOT EXISTS `vtiger_faq` (
  `id` int(11) NOT NULL,
  `faq_no` varchar(100) NOT NULL,
  `product_id` varchar(100) DEFAULT NULL,
  `question` text,
  `answer` text,
  `category` varchar(200) NOT NULL,
  `status` varchar(200) NOT NULL
) ENGINE=InnoDB DEFAULT CHARSET=utf8;

-- --------------------------------------------------------

--
-- 表的结构 `vtiger_faqcategories`
--

CREATE TABLE IF NOT EXISTS `vtiger_faqcategories` (
  `faqcategories_id` int(19) NOT NULL,
  `faqcategories` varchar(200) DEFAULT NULL,
  `presence` int(1) NOT NULL DEFAULT '1',
  `picklist_valueid` int(19) NOT NULL DEFAULT '0',
  `sortorderid` int(11) DEFAULT NULL
) ENGINE=InnoDB AUTO_INCREMENT=2 DEFAULT CHARSET=utf8;

--
-- 转存表中的数据 `vtiger_faqcategories`
--

INSERT INTO `vtiger_faqcategories` (`faqcategories_id`, `faqcategories`, `presence`, `picklist_valueid`, `sortorderid`) VALUES
(1, 'General', 1, 46, 0);

-- --------------------------------------------------------

--
-- 表的结构 `vtiger_faqcategories_seq`
--

CREATE TABLE IF NOT EXISTS `vtiger_faqcategories_seq` (
  `id` int(11) NOT NULL
) ENGINE=InnoDB DEFAULT CHARSET=utf8;

--
-- 转存表中的数据 `vtiger_faqcategories_seq`
--

INSERT INTO `vtiger_faqcategories_seq` (`id`) VALUES
(1);

-- --------------------------------------------------------

--
-- 表的结构 `vtiger_faqcf`
--

CREATE TABLE IF NOT EXISTS `vtiger_faqcf` (
  `faqid` int(19) NOT NULL DEFAULT '0'
) ENGINE=InnoDB DEFAULT CHARSET=utf8;

-- --------------------------------------------------------

--
-- 表的结构 `vtiger_faqcomments`
--

CREATE TABLE IF NOT EXISTS `vtiger_faqcomments` (
  `commentid` int(19) NOT NULL,
  `faqid` int(19) DEFAULT NULL,
  `comments` text,
  `createdtime` datetime NOT NULL
) ENGINE=InnoDB DEFAULT CHARSET=utf8;

-- --------------------------------------------------------

--
-- 表的结构 `vtiger_faqstatus`
--

CREATE TABLE IF NOT EXISTS `vtiger_faqstatus` (
  `faqstatus_id` int(19) NOT NULL,
  `faqstatus` varchar(200) DEFAULT NULL,
  `presence` int(1) NOT NULL DEFAULT '1',
  `picklist_valueid` int(19) NOT NULL DEFAULT '0',
  `sortorderid` int(11) DEFAULT NULL
) ENGINE=InnoDB AUTO_INCREMENT=5 DEFAULT CHARSET=utf8;

--
-- 转存表中的数据 `vtiger_faqstatus`
--

INSERT INTO `vtiger_faqstatus` (`faqstatus_id`, `faqstatus`, `presence`, `picklist_valueid`, `sortorderid`) VALUES
(1, 'Draft', 0, 47, 0),
(2, 'Reviewed', 0, 48, 1),
(3, 'Published', 0, 49, 2),
(4, 'Obsolete', 0, 50, 3);

-- --------------------------------------------------------

--
-- 表的结构 `vtiger_faqstatus_seq`
--

CREATE TABLE IF NOT EXISTS `vtiger_faqstatus_seq` (
  `id` int(11) NOT NULL
) ENGINE=InnoDB DEFAULT CHARSET=utf8;

--
-- 转存表中的数据 `vtiger_faqstatus_seq`
--

INSERT INTO `vtiger_faqstatus_seq` (`id`) VALUES
(4);

-- --------------------------------------------------------

--
-- 表的结构 `vtiger_feedback`
--

CREATE TABLE IF NOT EXISTS `vtiger_feedback` (
  `userid` int(19) DEFAULT NULL,
  `dontshow` varchar(19) DEFAULT 'false'
) ENGINE=InnoDB DEFAULT CHARSET=utf8;

-- --------------------------------------------------------

--
-- 表的结构 `vtiger_field`
--

CREATE TABLE IF NOT EXISTS `vtiger_field` (
  `tabid` int(19) NOT NULL,
  `fieldid` int(19) NOT NULL,
  `columnname` varchar(30) NOT NULL,
  `tablename` varchar(50) NOT NULL,
  `generatedtype` int(19) NOT NULL DEFAULT '0',
  `uitype` varchar(30) NOT NULL,
  `fieldname` varchar(50) NOT NULL,
  `fieldlabel` varchar(50) NOT NULL,
  `readonly` int(1) NOT NULL,
  `presence` int(19) NOT NULL DEFAULT '1',
  `defaultvalue` text,
  `maximumlength` int(19) DEFAULT NULL,
  `sequence` int(19) DEFAULT NULL,
  `block` int(19) DEFAULT NULL,
  `displaytype` int(19) DEFAULT NULL,
  `typeofdata` varchar(100) DEFAULT NULL,
  `quickcreate` int(10) NOT NULL DEFAULT '1',
  `quickcreatesequence` int(19) DEFAULT NULL,
  `info_type` varchar(20) DEFAULT NULL,
  `masseditable` int(10) NOT NULL DEFAULT '1',
  `helpinfo` text,
  `summaryfield` int(10) NOT NULL DEFAULT '0'
) ENGINE=InnoDB AUTO_INCREMENT=751 DEFAULT CHARSET=utf8;

--
-- 转存表中的数据 `vtiger_field`
--

INSERT INTO `vtiger_field` (`tabid`, `fieldid`, `columnname`, `tablename`, `generatedtype`, `uitype`, `fieldname`, `fieldlabel`, `readonly`, `presence`, `defaultvalue`, `maximumlength`, `sequence`, `block`, `displaytype`, `typeofdata`, `quickcreate`, `quickcreatesequence`, `info_type`, `masseditable`, `helpinfo`, `summaryfield`) VALUES
(6, 1, 'accountname', 'vtiger_account', 1, '2', 'accountname', 'Account Name', 1, 0, '', 100, 1, 9, 1, 'V~M', 0, 1, 'BAS', 1, NULL, 1),
(6, 2, 'account_no', 'vtiger_account', 1, '4', 'account_no', 'Account No', 1, 0, '', 100, 2, 9, 1, 'V~O', 3, NULL, 'BAS', 0, NULL, 0),
(6, 3, 'phone', 'vtiger_account', 1, '11', 'phone', 'Phone', 1, 2, '', 100, 4, 9, 1, 'V~O', 2, 2, 'BAS', 1, NULL, 1),
(6, 4, 'website', 'vtiger_account', 1, '17', 'website', 'Website', 1, 2, '', 100, 3, 9, 1, 'V~O', 2, 3, 'BAS', 1, NULL, 1),
(6, 5, 'fax', 'vtiger_account', 1, '11', 'fax', 'Fax', 1, 2, '', 100, 6, 9, 1, 'V~O', 1, NULL, 'BAS', 1, NULL, 0),
(6, 6, 'tickersymbol', 'vtiger_account', 1, '1', 'tickersymbol', 'Ticker Symbol', 1, 2, '', 100, 5, 9, 1, 'V~O', 1, NULL, 'BAS', 1, NULL, 0),
(6, 7, 'otherphone', 'vtiger_account', 1, '11', 'otherphone', 'Other Phone', 1, 2, '', 100, 8, 9, 1, 'V~O', 1, NULL, 'ADV', 1, NULL, 0),
(6, 8, 'parentid', 'vtiger_account', 1, '51', 'account_id', 'Member Of', 1, 2, '', 100, 7, 9, 1, 'I~O', 1, NULL, 'BAS', 0, NULL, 0),
(6, 9, 'email1', 'vtiger_account', 1, '13', 'email1', 'Email', 1, 2, '', 100, 10, 9, 1, 'E~O', 1, NULL, 'BAS', 1, NULL, 1),
(6, 10, 'employees', 'vtiger_account', 1, '7', 'employees', 'Employees', 1, 2, '', 100, 9, 9, 1, 'I~O', 1, NULL, 'ADV', 1, NULL, 0),
(6, 11, 'email2', 'vtiger_account', 1, '13', 'email2', 'Other Email', 1, 2, '', 100, 11, 9, 1, 'E~O', 1, NULL, 'ADV', 1, NULL, 0),
(6, 12, 'ownership', 'vtiger_account', 1, '1', 'ownership', 'Ownership', 1, 2, '', 100, 12, 9, 1, 'V~O', 1, NULL, 'ADV', 1, NULL, 0),
(6, 13, 'rating', 'vtiger_account', 1, '15', 'rating', 'Rating', 1, 2, '', 100, 14, 9, 1, 'V~O', 1, NULL, 'ADV', 1, NULL, 0),
(6, 14, 'industry', 'vtiger_account', 1, '15', 'industry', 'industry', 1, 2, '', 100, 13, 9, 1, 'V~O', 1, NULL, 'ADV', 1, NULL, 0),
(6, 15, 'siccode', 'vtiger_account', 1, '1', 'siccode', 'SIC Code', 1, 2, '', 100, 16, 9, 1, 'V~O', 1, NULL, 'ADV', 1, NULL, 0),
(6, 16, 'account_type', 'vtiger_account', 1, '15', 'accounttype', 'Type', 1, 2, '', 100, 15, 9, 1, 'V~O', 1, NULL, 'ADV', 1, NULL, 0),
(6, 17, 'annualrevenue', 'vtiger_account', 1, '71', 'annual_revenue', 'Annual Revenue', 1, 2, '', 100, 18, 9, 1, 'N~O', 1, NULL, 'ADV', 1, NULL, 0),
(6, 18, 'emailoptout', 'vtiger_account', 1, '56', 'emailoptout', 'Email Opt Out', 1, 2, '', 100, 17, 9, 1, 'C~O', 1, NULL, 'ADV', 1, NULL, 0),
(6, 19, 'notify_owner', 'vtiger_account', 1, '56', 'notify_owner', 'Notify Owner', 1, 2, '', 10, 20, 9, 1, 'C~O', 1, NULL, 'ADV', 1, NULL, 0),
(6, 20, 'smownerid', 'vtiger_crmentity', 1, '53', 'assigned_user_id', 'Assigned To', 1, 0, '', 100, 19, 9, 1, 'V~M', 0, 4, 'BAS', 1, NULL, 1),
(6, 21, 'createdtime', 'vtiger_crmentity', 1, '70', 'createdtime', 'Created Time', 1, 0, '', 100, 22, 9, 2, 'DT~O', 3, NULL, 'BAS', 0, NULL, 0),
(6, 22, 'modifiedtime', 'vtiger_crmentity', 1, '70', 'modifiedtime', 'Modified Time', 1, 0, '', 100, 21, 9, 2, 'DT~O', 3, NULL, 'BAS', 0, NULL, 0),
(6, 23, 'modifiedby', 'vtiger_crmentity', 1, '52', 'modifiedby', 'Last Modified By', 1, 0, '', 100, 23, 9, 3, 'V~O', 3, NULL, 'BAS', 0, NULL, 0),
(6, 24, 'bill_street', 'vtiger_accountbillads', 1, '21', 'bill_street', 'Billing Address', 1, 2, '', 100, 1, 11, 1, 'V~O', 1, NULL, 'BAS', 1, NULL, 0),
(6, 25, 'ship_street', 'vtiger_accountshipads', 1, '21', 'ship_street', 'Shipping Address', 1, 2, '', 100, 2, 11, 1, 'V~O', 1, NULL, 'BAS', 1, NULL, 0),
(6, 26, 'bill_city', 'vtiger_accountbillads', 1, '1', 'bill_city', 'Billing City', 1, 2, '', 100, 5, 11, 1, 'V~O', 1, NULL, 'BAS', 1, NULL, 1),
(6, 27, 'ship_city', 'vtiger_accountshipads', 1, '1', 'ship_city', 'Shipping City', 1, 2, '', 100, 6, 11, 1, 'V~O', 1, NULL, 'BAS', 1, NULL, 0),
(6, 28, 'bill_state', 'vtiger_accountbillads', 1, '1', 'bill_state', 'Billing State', 1, 2, '', 100, 7, 11, 1, 'V~O', 1, NULL, 'BAS', 1, NULL, 0),
(6, 29, 'ship_state', 'vtiger_accountshipads', 1, '1', 'ship_state', 'Shipping State', 1, 2, '', 100, 8, 11, 1, 'V~O', 1, NULL, 'BAS', 1, NULL, 0),
(6, 30, 'bill_code', 'vtiger_accountbillads', 1, '1', 'bill_code', 'Billing Code', 1, 2, '', 100, 9, 11, 1, 'V~O', 1, NULL, 'BAS', 1, NULL, 0),
(6, 31, 'ship_code', 'vtiger_accountshipads', 1, '1', 'ship_code', 'Shipping Code', 1, 2, '', 100, 10, 11, 1, 'V~O', 1, NULL, 'BAS', 1, NULL, 0),
(6, 32, 'bill_country', 'vtiger_accountbillads', 1, '1', 'bill_country', 'Billing Country', 1, 2, '', 100, 11, 11, 1, 'V~O', 1, NULL, 'BAS', 1, NULL, 1),
(6, 33, 'ship_country', 'vtiger_accountshipads', 1, '1', 'ship_country', 'Shipping Country', 1, 2, '', 100, 12, 11, 1, 'V~O', 1, NULL, 'BAS', 1, NULL, 0),
(6, 34, 'bill_pobox', 'vtiger_accountbillads', 1, '1', 'bill_pobox', 'Billing Po Box', 1, 2, '', 100, 3, 11, 1, 'V~O', 1, NULL, 'BAS', 1, NULL, 0),
(6, 35, 'ship_pobox', 'vtiger_accountshipads', 1, '1', 'ship_pobox', 'Shipping Po Box', 1, 2, '', 100, 4, 11, 1, 'V~O', 1, NULL, 'BAS', 1, NULL, 0),
(6, 36, 'description', 'vtiger_crmentity', 1, '19', 'description', 'Description', 1, 2, '', 100, 1, 12, 1, 'V~O', 1, NULL, 'BAS', 1, NULL, 0),
(7, 37, 'salutation', 'vtiger_leaddetails', 1, '55', 'salutationtype', 'Salutation', 1, 0, '', 100, 1, 13, 3, 'V~O', 1, NULL, 'BAS', 1, NULL, 0),
(7, 38, 'firstname', 'vtiger_leaddetails', 1, '55', 'firstname', 'First Name', 1, 0, '', 100, 2, 13, 1, 'V~O', 2, 1, 'BAS', 1, NULL, 1),
(7, 39, 'lead_no', 'vtiger_leaddetails', 1, '4', 'lead_no', 'Lead No', 1, 0, '', 100, 3, 13, 1, 'V~O', 3, NULL, 'BAS', 0, NULL, 0),
(7, 40, 'phone', 'vtiger_leadaddress', 1, '11', 'phone', 'Phone', 1, 2, '', 100, 5, 13, 1, 'V~O', 2, 4, 'BAS', 1, NULL, 1),
(7, 41, 'lastname', 'vtiger_leaddetails', 1, '255', 'lastname', 'Last Name', 1, 0, '', 100, 4, 13, 1, 'V~M', 0, 2, 'BAS', 1, NULL, 1),
(7, 42, 'mobile', 'vtiger_leadaddress', 1, '11', 'mobile', 'Mobile', 1, 2, '', 100, 7, 13, 1, 'V~O', 1, NULL, 'BAS', 1, NULL, 0),
(7, 43, 'company', 'vtiger_leaddetails', 1, '2', 'company', 'Company', 1, 2, '', 100, 6, 13, 1, 'V~O', 2, 3, 'BAS', 1, NULL, 1),
(7, 44, 'fax', 'vtiger_leadaddress', 1, '11', 'fax', 'Fax', 1, 2, '', 100, 9, 13, 1, 'V~O', 1, NULL, 'BAS', 1, NULL, 0),
(7, 45, 'designation', 'vtiger_leaddetails', 1, '1', 'designation', 'Designation', 1, 2, '', 100, 8, 13, 1, 'V~O', 1, NULL, 'BAS', 1, NULL, 0),
(7, 46, 'email', 'vtiger_leaddetails', 1, '13', 'email', 'Email', 1, 2, '', 100, 11, 13, 1, 'E~O', 2, 5, 'BAS', 1, NULL, 1),
(7, 47, 'leadsource', 'vtiger_leaddetails', 1, '15', 'leadsource', 'Lead Source', 1, 2, '', 100, 10, 13, 1, 'V~O', 1, NULL, 'BAS', 1, NULL, 1),
(7, 48, 'website', 'vtiger_leadsubdetails', 1, '17', 'website', 'Website', 1, 2, '', 100, 13, 13, 1, 'V~O', 1, NULL, 'ADV', 1, NULL, 1),
(7, 49, 'industry', 'vtiger_leaddetails', 1, '15', 'industry', 'Industry', 1, 2, '', 100, 12, 13, 1, 'V~O', 1, NULL, 'ADV', 1, NULL, 0),
(7, 50, 'leadstatus', 'vtiger_leaddetails', 1, '15', 'leadstatus', 'Lead Status', 1, 2, '', 100, 15, 13, 1, 'V~O', 1, NULL, 'BAS', 1, NULL, 0),
(7, 51, 'annualrevenue', 'vtiger_leaddetails', 1, '71', 'annualrevenue', 'Annual Revenue', 1, 2, '', 100, 14, 13, 1, 'N~O', 1, NULL, 'ADV', 1, NULL, 0),
(7, 52, 'rating', 'vtiger_leaddetails', 1, '15', 'rating', 'Rating', 1, 2, '', 100, 17, 13, 1, 'V~O', 1, NULL, 'ADV', 1, NULL, 0),
(7, 53, 'noofemployees', 'vtiger_leaddetails', 1, '1', 'noofemployees', 'No Of Employees', 1, 2, '', 100, 16, 13, 1, 'I~O', 1, NULL, 'ADV', 1, NULL, 0),
(7, 54, 'smownerid', 'vtiger_crmentity', 1, '53', 'assigned_user_id', 'Assigned To', 1, 0, '', 100, 19, 13, 1, 'V~M', 0, 6, 'BAS', 1, NULL, 1),
(7, 55, 'secondaryemail', 'vtiger_leaddetails', 1, '13', 'secondaryemail', 'Secondary Email', 1, 2, '', 100, 18, 13, 1, 'E~O', 1, NULL, 'ADV', 1, NULL, 0),
(7, 56, 'createdtime', 'vtiger_crmentity', 1, '70', 'createdtime', 'Created Time', 1, 0, '', 100, 21, 13, 2, 'DT~O', 3, NULL, 'BAS', 0, NULL, 0),
(7, 57, 'modifiedtime', 'vtiger_crmentity', 1, '70', 'modifiedtime', 'Modified Time', 1, 0, '', 100, 20, 13, 2, 'DT~O', 3, NULL, 'BAS', 0, NULL, 0),
(7, 58, 'modifiedby', 'vtiger_crmentity', 1, '52', 'modifiedby', 'Last Modified By', 1, 0, '', 100, 23, 13, 3, 'V~O', 3, NULL, 'BAS', 0, NULL, 0),
(7, 59, 'lane', 'vtiger_leadaddress', 1, '21', 'lane', 'Street', 1, 2, '', 100, 1, 15, 1, 'V~O', 1, NULL, 'BAS', 1, NULL, 0),
(7, 60, 'code', 'vtiger_leadaddress', 1, '1', 'code', 'Postal Code', 1, 2, '', 100, 3, 15, 1, 'V~O', 1, NULL, 'BAS', 1, NULL, 0),
(7, 61, 'city', 'vtiger_leadaddress', 1, '1', 'city', 'City', 1, 2, '', 100, 4, 15, 1, 'V~O', 1, NULL, 'BAS', 1, NULL, 1),
(7, 62, 'country', 'vtiger_leadaddress', 1, '1', 'country', 'Country', 1, 2, '', 100, 5, 15, 1, 'V~O', 1, NULL, 'BAS', 1, NULL, 1),
(7, 63, 'state', 'vtiger_leadaddress', 1, '1', 'state', 'State', 1, 2, '', 100, 6, 15, 1, 'V~O', 1, NULL, 'BAS', 1, NULL, 0),
(7, 64, 'pobox', 'vtiger_leadaddress', 1, '1', 'pobox', 'Po Box', 1, 2, '', 100, 2, 15, 1, 'V~O', 1, NULL, 'BAS', 1, NULL, 0),
(7, 65, 'description', 'vtiger_crmentity', 1, '19', 'description', 'Description', 1, 2, '', 100, 1, 16, 1, 'V~O', 1, NULL, 'BAS', 1, NULL, 0),
(4, 66, 'salutation', 'vtiger_contactdetails', 1, '55', 'salutationtype', 'Salutation', 1, 0, '', 100, 1, 4, 3, 'V~O', 1, NULL, 'BAS', 1, NULL, 0),
(4, 67, 'firstname', 'vtiger_contactdetails', 1, '55', 'firstname', 'First Name', 1, 0, '', 100, 2, 4, 1, 'V~O', 2, 1, 'BAS', 1, NULL, 1),
(4, 68, 'contact_no', 'vtiger_contactdetails', 1, '4', 'contact_no', 'Contact Id', 1, 0, '', 100, 3, 4, 1, 'V~O', 3, NULL, 'BAS', 0, NULL, 0),
(4, 69, 'phone', 'vtiger_contactdetails', 1, '11', 'phone', 'Office Phone', 1, 2, '', 100, 5, 4, 1, 'V~O', 2, 4, 'BAS', 1, NULL, 1),
(4, 70, 'lastname', 'vtiger_contactdetails', 1, '255', 'lastname', 'Last Name', 1, 0, '', 100, 4, 4, 1, 'V~M', 0, 2, 'BAS', 1, NULL, 1),
(4, 71, 'mobile', 'vtiger_contactdetails', 1, '11', 'mobile', 'Mobile', 1, 2, '', 100, 7, 4, 1, 'V~O', 1, NULL, 'BAS', 1, NULL, 0),
(4, 72, 'accountid', 'vtiger_contactdetails', 1, '51', 'account_id', 'Account Name', 1, 0, '', 100, 6, 4, 1, 'I~O', 2, 3, 'BAS', 1, NULL, 1),
(4, 73, 'homephone', 'vtiger_contactsubdetails', 1, '11', 'homephone', 'Home Phone', 1, 2, '', 100, 9, 4, 1, 'V~O', 1, NULL, 'ADV', 1, NULL, 0),
(4, 74, 'leadsource', 'vtiger_contactsubdetails', 1, '15', 'leadsource', 'Lead Source', 1, 2, '', 100, 8, 4, 1, 'V~O', 1, NULL, 'BAS', 1, NULL, 0),
(4, 75, 'otherphone', 'vtiger_contactsubdetails', 1, '11', 'otherphone', 'Other Phone', 1, 2, '', 100, 11, 4, 1, 'V~O', 1, NULL, 'ADV', 1, NULL, 0),
(4, 76, 'title', 'vtiger_contactdetails', 1, '1', 'title', 'Title', 1, 2, '', 100, 10, 4, 1, 'V~O', 1, NULL, 'BAS', 1, NULL, 1),
(4, 77, 'fax', 'vtiger_contactdetails', 1, '11', 'fax', 'Fax', 1, 2, '', 100, 13, 4, 1, 'V~O', 1, NULL, 'BAS', 1, NULL, 0),
(4, 78, 'department', 'vtiger_contactdetails', 1, '1', 'department', 'Department', 1, 2, '', 100, 12, 4, 1, 'V~O', 1, NULL, 'ADV', 1, NULL, 0),
(4, 79, 'birthday', 'vtiger_contactsubdetails', 1, '5', 'birthday', 'Birthdate', 1, 2, '', 100, 16, 4, 1, 'D~O', 1, NULL, 'ADV', 1, NULL, 0),
(4, 80, 'email', 'vtiger_contactdetails', 1, '13', 'email', 'Email', 1, 2, '', 100, 15, 4, 1, 'E~O', 2, 5, 'BAS', 1, NULL, 1),
(4, 81, 'reportsto', 'vtiger_contactdetails', 1, '57', 'contact_id', 'Reports To', 1, 2, '', 100, 18, 4, 1, 'V~O', 1, NULL, 'ADV', 0, NULL, 0),
(4, 82, 'assistant', 'vtiger_contactsubdetails', 1, '1', 'assistant', 'Assistant', 1, 2, '', 100, 17, 4, 1, 'V~O', 1, NULL, 'ADV', 1, NULL, 0),
(4, 83, 'secondaryemail', 'vtiger_contactdetails', 1, '13', 'secondaryemail', 'Secondary Email', 1, 2, '', 100, 20, 4, 1, 'E~O', 1, NULL, 'ADV', 1, NULL, 0),
(4, 84, 'assistantphone', 'vtiger_contactsubdetails', 1, '11', 'assistantphone', 'Assistant Phone', 1, 2, '', 100, 19, 4, 1, 'V~O', 1, NULL, 'ADV', 1, NULL, 0),
(4, 85, 'donotcall', 'vtiger_contactdetails', 1, '56', 'donotcall', 'Do Not Call', 1, 2, '', 100, 22, 4, 1, 'C~O', 1, NULL, 'ADV', 1, NULL, 0),
(4, 86, 'emailoptout', 'vtiger_contactdetails', 1, '56', 'emailoptout', 'Email Opt Out', 1, 2, '', 100, 21, 4, 1, 'C~O', 1, NULL, 'ADV', 1, NULL, 0),
(4, 87, 'smownerid', 'vtiger_crmentity', 1, '53', 'assigned_user_id', 'Assigned To', 1, 0, '', 100, 24, 4, 1, 'V~M', 0, 6, 'BAS', 1, NULL, 1),
(4, 88, 'reference', 'vtiger_contactdetails', 1, '56', 'reference', 'Reference', 1, 2, '', 10, 23, 4, 1, 'C~O', 1, NULL, 'ADV', 1, NULL, 0),
(4, 89, 'notify_owner', 'vtiger_contactdetails', 1, '56', 'notify_owner', 'Notify Owner', 1, 2, '', 10, 26, 4, 1, 'C~O', 1, NULL, 'ADV', 1, NULL, 0),
(4, 90, 'createdtime', 'vtiger_crmentity', 1, '70', 'createdtime', 'Created Time', 1, 0, '', 100, 25, 4, 2, 'DT~O', 3, NULL, 'BAS', 0, NULL, 0),
(4, 91, 'modifiedtime', 'vtiger_crmentity', 1, '70', 'modifiedtime', 'Modified Time', 1, 0, '', 100, 27, 4, 2, 'DT~O', 3, NULL, 'BAS', 0, NULL, 0),
(4, 92, 'modifiedby', 'vtiger_crmentity', 1, '52', 'modifiedby', 'Last Modified By', 1, 0, '', 100, 28, 4, 3, 'V~O', 3, NULL, 'BAS', 0, NULL, 0),
(4, 93, 'portal', 'vtiger_customerdetails', 1, '56', 'portal', 'Portal User', 1, 2, '', 100, 1, 6, 1, 'C~O', 1, NULL, 'ADV', 0, NULL, 0),
(4, 94, 'support_start_date', 'vtiger_customerdetails', 1, '5', 'support_start_date', 'Support Start Date', 1, 2, '', 100, 2, 6, 1, 'D~O', 1, NULL, 'ADV', 1, NULL, 0),
(4, 95, 'support_end_date', 'vtiger_customerdetails', 1, '5', 'support_end_date', 'Support End Date', 1, 2, '', 100, 3, 6, 1, 'D~O~OTH~GE~support_start_date~Support Start Date', 1, NULL, 'ADV', 1, NULL, 0),
(4, 96, 'mailingstreet', 'vtiger_contactaddress', 1, '21', 'mailingstreet', 'Mailing Street', 1, 2, '', 100, 1, 7, 1, 'V~O', 1, NULL, 'BAS', 1, NULL, 0),
(4, 97, 'otherstreet', 'vtiger_contactaddress', 1, '21', 'otherstreet', 'Other Street', 1, 2, '', 100, 2, 7, 1, 'V~O', 1, NULL, 'BAS', 1, NULL, 0),
(4, 98, 'mailingcity', 'vtiger_contactaddress', 1, '1', 'mailingcity', 'Mailing City', 1, 2, '', 100, 5, 7, 1, 'V~O', 1, NULL, 'BAS', 1, NULL, 1),
(4, 99, 'othercity', 'vtiger_contactaddress', 1, '1', 'othercity', 'Other City', 1, 2, '', 100, 6, 7, 1, 'V~O', 1, NULL, 'BAS', 1, NULL, 0),
(4, 100, 'mailingstate', 'vtiger_contactaddress', 1, '1', 'mailingstate', 'Mailing State', 1, 2, '', 100, 7, 7, 1, 'V~O', 1, NULL, 'BAS', 1, NULL, 0),
(4, 101, 'otherstate', 'vtiger_contactaddress', 1, '1', 'otherstate', 'Other State', 1, 2, '', 100, 8, 7, 1, 'V~O', 1, NULL, 'BAS', 1, NULL, 0),
(4, 102, 'mailingzip', 'vtiger_contactaddress', 1, '1', 'mailingzip', 'Mailing Zip', 1, 2, '', 100, 9, 7, 1, 'V~O', 1, NULL, 'BAS', 1, NULL, 0),
(4, 103, 'otherzip', 'vtiger_contactaddress', 1, '1', 'otherzip', 'Other Zip', 1, 2, '', 100, 10, 7, 1, 'V~O', 1, NULL, 'BAS', 1, NULL, 0),
(4, 104, 'mailingcountry', 'vtiger_contactaddress', 1, '1', 'mailingcountry', 'Mailing Country', 1, 2, '', 100, 11, 7, 1, 'V~O', 1, NULL, 'BAS', 1, NULL, 1),
(4, 105, 'othercountry', 'vtiger_contactaddress', 1, '1', 'othercountry', 'Other Country', 1, 2, '', 100, 12, 7, 1, 'V~O', 1, NULL, 'BAS', 1, NULL, 0),
(4, 106, 'mailingpobox', 'vtiger_contactaddress', 1, '1', 'mailingpobox', 'Mailing Po Box', 1, 2, '', 100, 3, 7, 1, 'V~O', 1, NULL, 'BAS', 1, NULL, 0),
(4, 107, 'otherpobox', 'vtiger_contactaddress', 1, '1', 'otherpobox', 'Other Po Box', 1, 2, '', 100, 4, 7, 1, 'V~O', 1, NULL, 'BAS', 1, NULL, 0),
(4, 108, 'imagename', 'vtiger_contactdetails', 1, '69', 'imagename', 'Contact Image', 1, 2, '', 100, 1, 73, 1, 'V~O', 3, NULL, 'ADV', 0, NULL, 0),
(4, 109, 'description', 'vtiger_crmentity', 1, '19', 'description', 'Description', 1, 2, '', 100, 1, 8, 1, 'V~O', 1, NULL, 'BAS', 1, NULL, 0),
(2, 110, 'potentialname', 'vtiger_potential', 1, '2', 'potentialname', 'Potential Name', 1, 0, '', 100, 1, 1, 1, 'V~M', 0, 1, 'BAS', 1, NULL, 1),
(2, 111, 'potential_no', 'vtiger_potential', 1, '4', 'potential_no', 'Potential No', 1, 0, '', 100, 2, 1, 1, 'V~O', 3, NULL, 'BAS', 0, NULL, 0),
(2, 112, 'amount', 'vtiger_potential', 1, '71', 'amount', 'Amount', 1, 2, '', 100, 5, 1, 1, 'N~O', 2, 5, 'BAS', 1, NULL, 1),
(2, 113, 'related_to', 'vtiger_potential', 1, '10', 'related_to', 'Related To', 1, 0, '', 100, 3, 1, 1, 'V~O', 0, 2, 'BAS', 1, NULL, 1),
(2, 114, 'closingdate', 'vtiger_potential', 1, '23', 'closingdate', 'Expected Close Date', 1, 2, '', 100, 8, 1, 1, 'D~M', 2, 3, 'BAS', 1, NULL, 1),
(2, 115, 'potentialtype', 'vtiger_potential', 1, '15', 'opportunity_type', 'Type', 1, 2, '', 100, 7, 1, 1, 'V~O', 1, NULL, 'BAS', 1, NULL, 0),
(2, 116, 'nextstep', 'vtiger_potential', 1, '1', 'nextstep', 'Next Step', 1, 2, '', 100, 10, 1, 1, 'V~O', 1, NULL, 'BAS', 1, NULL, 0),
(2, 117, 'leadsource', 'vtiger_potential', 1, '15', 'leadsource', 'Lead Source', 1, 2, '', 100, 9, 1, 1, 'V~O', 1, NULL, 'BAS', 1, NULL, 0),
(2, 118, 'sales_stage', 'vtiger_potential', 1, '15', 'sales_stage', 'Sales Stage', 1, 2, '', 100, 12, 1, 1, 'V~M', 2, 4, 'BAS', 1, NULL, 1),
(2, 119, 'smownerid', 'vtiger_crmentity', 1, '53', 'assigned_user_id', 'Assigned To', 1, 2, '', 100, 11, 1, 1, 'V~M', 0, 6, 'BAS', 1, NULL, 1),
(2, 120, 'probability', 'vtiger_potential', 1, '9', 'probability', 'Probability', 1, 2, '', 100, 14, 1, 1, 'N~O', 1, NULL, 'BAS', 1, NULL, 0),
(2, 121, 'campaignid', 'vtiger_potential', 1, '58', 'campaignid', 'Campaign Source', 1, 2, '', 100, 13, 1, 1, 'N~O', 1, NULL, 'BAS', 1, NULL, 0),
(2, 122, 'createdtime', 'vtiger_crmentity', 1, '70', 'createdtime', 'Created Time', 1, 0, '', 100, 16, 1, 2, 'DT~O', 3, NULL, 'BAS', 0, NULL, 0),
(2, 123, 'modifiedtime', 'vtiger_crmentity', 1, '70', 'modifiedtime', 'Modified Time', 1, 0, '', 100, 15, 1, 2, 'DT~O', 3, NULL, 'BAS', 0, NULL, 0),
(2, 124, 'modifiedby', 'vtiger_crmentity', 1, '52', 'modifiedby', 'Last Modified By', 1, 0, '', 100, 17, 1, 3, 'V~O', 3, NULL, 'BAS', 0, NULL, 0),
(2, 125, 'description', 'vtiger_crmentity', 1, '19', 'description', 'Description', 1, 2, '', 100, 1, 3, 1, 'V~O', 1, NULL, 'BAS', 1, NULL, 0),
(26, 126, 'campaignname', 'vtiger_campaign', 1, '2', 'campaignname', 'Campaign Name', 1, 0, '', 100, 1, 74, 1, 'V~M', 0, 1, 'BAS', 1, NULL, 1),
(26, 127, 'campaign_no', 'vtiger_campaign', 1, '4', 'campaign_no', 'Campaign No', 1, 0, '', 100, 2, 74, 1, 'V~O', 3, NULL, 'BAS', 0, NULL, 0),
(26, 128, 'campaigntype', 'vtiger_campaign', 1, '15', 'campaigntype', 'Campaign Type', 1, 2, '', 100, 5, 74, 1, 'V~O', 2, 3, 'BAS', 1, NULL, 1),
(26, 129, 'product_id', 'vtiger_campaign', 1, '59', 'product_id', 'Product', 1, 2, '', 100, 6, 74, 1, 'I~O', 2, 5, 'BAS', 1, NULL, 0),
(26, 130, 'campaignstatus', 'vtiger_campaign', 1, '15', 'campaignstatus', 'Campaign Status', 1, 2, '', 100, 4, 74, 1, 'V~O', 2, 6, 'BAS', 1, NULL, 1),
(26, 131, 'closingdate', 'vtiger_campaign', 1, '23', 'closingdate', 'Expected Close Date', 1, 2, '', 100, 8, 74, 1, 'D~M', 2, 2, 'BAS', 1, NULL, 1),
(26, 132, 'smownerid', 'vtiger_crmentity', 1, '53', 'assigned_user_id', 'Assigned To', 1, 0, '', 100, 3, 74, 1, 'V~M', 0, 7, 'BAS', 1, NULL, 1),
(26, 133, 'numsent', 'vtiger_campaign', 1, '9', 'numsent', 'Num Sent', 1, 2, '', 100, 12, 74, 1, 'N~O', 1, NULL, 'BAS', 1, NULL, 0),
(26, 134, 'sponsor', 'vtiger_campaign', 1, '1', 'sponsor', 'Sponsor', 1, 2, '', 100, 9, 74, 1, 'V~O', 1, NULL, 'BAS', 1, NULL, 0),
(26, 135, 'targetaudience', 'vtiger_campaign', 1, '1', 'targetaudience', 'Target Audience', 1, 2, '', 100, 7, 74, 1, 'V~O', 1, NULL, 'BAS', 1, NULL, 0),
(26, 136, 'targetsize', 'vtiger_campaign', 1, '1', 'targetsize', 'TargetSize', 1, 2, '', 100, 10, 74, 1, 'I~O', 1, NULL, 'BAS', 1, NULL, 0),
(26, 137, 'createdtime', 'vtiger_crmentity', 1, '70', 'createdtime', 'Created Time', 1, 0, '', 100, 11, 74, 2, 'DT~O', 3, NULL, 'BAS', 0, NULL, 0),
(26, 138, 'modifiedtime', 'vtiger_crmentity', 1, '70', 'modifiedtime', 'Modified Time', 1, 0, '', 100, 13, 74, 2, 'DT~O', 3, NULL, 'BAS', 0, NULL, 0),
(26, 139, 'modifiedby', 'vtiger_crmentity', 1, '52', 'modifiedby', 'Last Modified By', 1, 0, '', 100, 16, 74, 3, 'V~O', 3, NULL, 'BAS', 0, NULL, 0),
(26, 140, 'expectedresponse', 'vtiger_campaign', 1, '15', 'expectedresponse', 'Expected Response', 1, 2, '', 100, 3, 76, 1, 'V~O', 2, 4, 'BAS', 1, NULL, 0),
(26, 141, 'expectedrevenue', 'vtiger_campaign', 1, '71', 'expectedrevenue', 'Expected Revenue', 1, 2, '', 100, 4, 76, 1, 'N~O', 1, NULL, 'BAS', 1, NULL, 1),
(26, 142, 'budgetcost', 'vtiger_campaign', 1, '71', 'budgetcost', 'Budget Cost', 1, 2, '', 100, 1, 76, 1, 'N~O', 1, NULL, 'BAS', 1, NULL, 0),
(26, 143, 'actualcost', 'vtiger_campaign', 1, '71', 'actualcost', 'Actual Cost', 1, 2, '', 100, 2, 76, 1, 'N~O', 1, NULL, 'BAS', 1, NULL, 0),
(26, 144, 'expectedresponsecount', 'vtiger_campaign', 1, '1', 'expectedresponsecount', 'Expected Response Count', 1, 2, '', 100, 7, 76, 1, 'I~O', 1, NULL, 'BAS', 1, NULL, 0),
(26, 145, 'expectedsalescount', 'vtiger_campaign', 1, '1', 'expectedsalescount', 'Expected Sales Count', 1, 2, '', 100, 5, 76, 1, 'I~O', 1, NULL, 'BAS', 1, NULL, 0),
(26, 146, 'expectedroi', 'vtiger_campaign', 1, '71', 'expectedroi', 'Expected ROI', 1, 2, '', 100, 9, 76, 1, 'N~O', 1, NULL, 'BAS', 1, NULL, 0),
(26, 147, 'actualresponsecount', 'vtiger_campaign', 1, '1', 'actualresponsecount', 'Actual Response Count', 1, 2, '', 100, 8, 76, 1, 'I~O', 1, NULL, 'BAS', 1, NULL, 0),
(26, 148, 'actualsalescount', 'vtiger_campaign', 1, '1', 'actualsalescount', 'Actual Sales Count', 1, 2, '', 100, 6, 76, 1, 'I~O', 1, NULL, 'BAS', 1, NULL, 0),
(26, 149, 'actualroi', 'vtiger_campaign', 1, '71', 'actualroi', 'Actual ROI', 1, 2, '', 100, 10, 76, 1, 'N~O', 1, NULL, 'BAS', 1, NULL, 0),
(26, 150, 'description', 'vtiger_crmentity', 1, '19', 'description', 'Description', 1, 2, '', 100, 1, 81, 1, 'V~O', 1, NULL, 'BAS', 1, NULL, 0),
(4, 151, 'campaignrelstatus', 'vtiger_campaignrelstatus', 1, '16', 'campaignrelstatus', 'Status', 1, 0, '0', 100, 1, NULL, 1, 'V~O', 1, NULL, 'BAS', 0, NULL, 0),
(6, 152, 'campaignrelstatus', 'vtiger_campaignrelstatus', 1, '16', 'campaignrelstatus', 'Status', 1, 0, '0', 100, 1, NULL, 1, 'V~O', 1, NULL, 'BAS', 0, NULL, 0),
(7, 153, 'campaignrelstatus', 'vtiger_campaignrelstatus', 1, '16', 'campaignrelstatus', 'Status', 1, 0, '0', 100, 1, NULL, 1, 'V~O', 1, NULL, 'BAS', 0, NULL, 0),
(26, 154, 'campaignrelstatus', 'vtiger_campaignrelstatus', 1, '16', 'campaignrelstatus', 'Status', 1, 0, '0', 100, 1, NULL, 1, 'V~O', 1, NULL, 'BAS', 0, NULL, 0),
(13, 155, 'ticket_no', 'vtiger_troubletickets', 1, '4', 'ticket_no', 'Ticket No', 1, 0, '', 100, 14, 25, 1, 'V~O', 3, NULL, 'BAS', 0, NULL, 1),
(13, 156, 'smownerid', 'vtiger_crmentity', 1, '53', 'assigned_user_id', 'Assigned To', 1, 0, '', 100, 5, 25, 1, 'V~M', 0, 4, 'BAS', 1, NULL, 1),
(13, 157, 'parent_id', 'vtiger_troubletickets', 1, '10', 'parent_id', 'Related To', 1, 0, '', 100, 2, 25, 1, 'I~O', 1, NULL, 'BAS', 1, NULL, 1),
(13, 158, 'priority', 'vtiger_troubletickets', 1, '15', 'ticketpriorities', 'Priority', 1, 2, '', 100, 7, 25, 1, 'V~O', 2, 3, 'BAS', 1, NULL, 1),
(13, 159, 'product_id', 'vtiger_troubletickets', 1, '59', 'product_id', 'Product Name', 1, 2, '', 100, 6, 25, 1, 'I~O', 1, NULL, 'BAS', 1, NULL, 0),
(13, 160, 'severity', 'vtiger_troubletickets', 1, '15', 'ticketseverities', 'Severity', 1, 2, '', 100, 9, 25, 1, 'V~O', 1, NULL, 'BAS', 1, NULL, 1),
(13, 161, 'status', 'vtiger_troubletickets', 1, '15', 'ticketstatus', 'Status', 1, 2, '', 100, 8, 25, 1, 'V~M', 1, 2, 'BAS', 1, NULL, 1),
(13, 162, 'category', 'vtiger_troubletickets', 1, '15', 'ticketcategories', 'Category', 1, 2, '', 100, 11, 25, 1, 'V~O', 1, NULL, 'BAS', 1, NULL, 0),
(13, 163, 'update_log', 'vtiger_troubletickets', 1, '19', 'update_log', 'Update History', 1, 0, '', 100, 12, 25, 3, 'V~O', 1, NULL, 'BAS', 0, NULL, 0),
(13, 164, 'hours', 'vtiger_troubletickets', 1, '1', 'hours', 'Hours', 1, 2, '', 100, 10, 25, 1, 'N~O', 1, NULL, 'BAS', 1, 'This gives the estimated hours for the Ticket.<br>When the same ticket is added to a Service Contract,based on the Tracking Unit of the Service Contract,Used units is updated whenever a ticket is Closed.', 0),
(13, 165, 'days', 'vtiger_troubletickets', 1, '1', 'days', 'Days', 1, 2, '', 100, 11, 25, 1, 'N~O', 1, NULL, 'BAS', 1, 'This gives the estimated days for the Ticket.<br>When the same ticket is added to a Service Contract,based on the Tracking Unit of the Service Contract,Used units is updated whenever a ticket is Closed.', 0),
(13, 166, 'createdtime', 'vtiger_crmentity', 1, '70', 'createdtime', 'Created Time', 1, 0, '', 100, 10, 25, 2, 'DT~O', 3, NULL, 'BAS', 0, NULL, 0),
(13, 167, 'modifiedtime', 'vtiger_crmentity', 1, '70', 'modifiedtime', 'Modified Time', 1, 0, '', 100, 13, 25, 2, 'DT~O', 3, NULL, 'BAS', 0, NULL, 0),
(13, 168, 'modifiedby', 'vtiger_crmentity', 1, '52', 'modifiedby', 'Last Modified By', 1, 0, '', 100, 17, 25, 3, 'V~O', 3, NULL, 'BAS', 0, NULL, 0),
(13, 169, 'title', 'vtiger_troubletickets', 1, '22', 'ticket_title', 'Title', 1, 0, '', 100, 1, 25, 1, 'V~M', 0, 1, 'BAS', 1, NULL, 1),
(13, 170, 'description', 'vtiger_crmentity', 1, '19', 'description', 'Description', 1, 2, '', 100, 1, 28, 1, 'V~O', 2, 4, 'BAS', 1, NULL, 1),
(13, 171, 'solution', 'vtiger_troubletickets', 1, '19', 'solution', 'Solution', 1, 0, '', 100, 1, 29, 1, 'V~O', 3, NULL, 'BAS', 0, NULL, 0),
(13, 172, 'comments', 'vtiger_ticketcomments', 1, '19', 'comments', 'Add Comment', 1, 1, '', 100, 1, 30, 1, 'V~O', 3, NULL, 'BAS', 0, NULL, 0),
(14, 173, 'productname', 'vtiger_products', 1, '2', 'productname', 'Product Name', 1, 0, '', 100, 1, 31, 1, 'V~M', 0, 1, 'BAS', 1, NULL, 1),
(14, 174, 'product_no', 'vtiger_products', 1, '4', 'product_no', 'Product No', 1, 0, '', 100, 2, 31, 1, 'V~O', 3, NULL, 'BAS', 0, NULL, 0),
(14, 175, 'productcode', 'vtiger_products', 1, '1', 'productcode', 'Part Number', 1, 2, '', 100, 4, 31, 1, 'V~O', 1, NULL, 'BAS', 1, NULL, 1),
(14, 176, 'discontinued', 'vtiger_products', 1, '56', 'discontinued', 'Product Active', 1, 2, '', 100, 3, 31, 1, 'V~O', 2, 2, 'BAS', 1, NULL, 0),
(14, 177, 'manufacturer', 'vtiger_products', 1, '15', 'manufacturer', 'Manufacturer', 1, 2, '', 100, 6, 31, 1, 'V~O', 1, NULL, 'BAS', 1, NULL, 0),
(14, 178, 'productcategory', 'vtiger_products', 1, '15', 'productcategory', 'Product Category', 1, 2, '', 100, 6, 31, 1, 'V~O', 1, NULL, 'BAS', 1, NULL, 0),
(14, 179, 'sales_start_date', 'vtiger_products', 1, '5', 'sales_start_date', 'Sales Start Date', 1, 2, '', 100, 5, 31, 1, 'D~O', 1, NULL, 'BAS', 1, NULL, 0),
(14, 180, 'sales_end_date', 'vtiger_products', 1, '5', 'sales_end_date', 'Sales End Date', 1, 2, '', 100, 8, 31, 1, 'D~O~OTH~GE~sales_start_date~Sales Start Date', 1, NULL, 'BAS', 1, NULL, 0),
(14, 181, 'start_date', 'vtiger_products', 1, '5', 'start_date', 'Support Start Date', 1, 2, '', 100, 7, 31, 1, 'D~O', 1, NULL, 'BAS', 1, NULL, 0),
(14, 182, 'expiry_date', 'vtiger_products', 1, '5', 'expiry_date', 'Support Expiry Date', 1, 2, '', 100, 10, 31, 1, 'D~O~OTH~GE~start_date~Start Date', 1, NULL, 'BAS', 1, NULL, 0),
(14, 183, 'website', 'vtiger_products', 1, '17', 'website', 'Website', 1, 2, '', 100, 14, 31, 1, 'V~O', 1, NULL, 'BAS', 1, NULL, 0),
(14, 184, 'vendor_id', 'vtiger_products', 1, '75', 'vendor_id', 'Vendor Name', 1, 2, '', 100, 13, 31, 1, 'I~O', 1, NULL, 'BAS', 1, NULL, 0),
(14, 185, 'mfr_part_no', 'vtiger_products', 1, '1', 'mfr_part_no', 'Mfr PartNo', 1, 2, '', 100, 16, 31, 1, 'V~O', 1, NULL, 'BAS', 1, NULL, 0),
(14, 186, 'vendor_part_no', 'vtiger_products', 1, '1', 'vendor_part_no', 'Vendor PartNo', 1, 2, '', 100, 15, 31, 1, 'V~O', 1, NULL, 'BAS', 1, NULL, 0),
(14, 187, 'serialno', 'vtiger_products', 1, '1', 'serial_no', 'Serial No', 1, 2, '', 100, 18, 31, 1, 'V~O', 1, NULL, 'BAS', 1, NULL, 0),
(14, 188, 'productsheet', 'vtiger_products', 1, '1', 'productsheet', 'Product Sheet', 1, 2, '', 100, 17, 31, 1, 'V~O', 1, NULL, 'BAS', 1, NULL, 0),
(14, 189, 'glacct', 'vtiger_products', 1, '15', 'glacct', 'GL Account', 1, 2, '', 100, 20, 31, 1, 'V~O', 1, NULL, 'BAS', 1, NULL, 0),
(14, 190, 'createdtime', 'vtiger_crmentity', 1, '70', 'createdtime', 'Created Time', 1, 0, '', 100, 19, 31, 2, 'DT~O', 3, NULL, 'BAS', 0, NULL, 0),
(14, 191, 'modifiedtime', 'vtiger_crmentity', 1, '70', 'modifiedtime', 'Modified Time', 1, 0, '', 100, 21, 31, 2, 'DT~O', 3, NULL, 'BAS', 0, NULL, 0),
(14, 192, 'modifiedby', 'vtiger_crmentity', 1, '52', 'modifiedby', 'Last Modified By', 1, 0, '', 100, 22, 31, 3, 'V~O', 3, NULL, 'BAS', 0, NULL, 0),
(14, 193, 'unit_price', 'vtiger_products', 1, '72', 'unit_price', 'Unit Price', 1, 0, '', 100, 1, 32, 1, 'N~O', 2, 3, 'BAS', 0, NULL, 1),
(14, 194, 'commissionrate', 'vtiger_products', 1, '9', 'commissionrate', 'Commission Rate', 1, 2, '', 100, 2, 32, 1, 'N~O', 1, NULL, 'BAS', 1, NULL, 1),
(14, 195, 'taxclass', 'vtiger_products', 1, '83', 'taxclass', 'Tax Class', 1, 2, '', 100, 4, 32, 1, 'V~O', 3, NULL, 'BAS', 1, NULL, 0),
(14, 196, 'usageunit', 'vtiger_products', 1, '15', 'usageunit', 'Usage Unit', 1, 2, '', 100, 1, 33, 1, 'V~O', 1, NULL, 'ADV', 1, NULL, 0),
(14, 197, 'qty_per_unit', 'vtiger_products', 1, '1', 'qty_per_unit', 'Qty/Unit', 1, 2, '', 100, 2, 33, 1, 'N~O', 1, NULL, 'ADV', 1, NULL, 1),
(14, 198, 'qtyinstock', 'vtiger_products', 1, '1', 'qtyinstock', 'Qty In Stock', 1, 2, '', 100, 3, 33, 1, 'NN~O', 0, 4, 'ADV', 1, NULL, 0),
(14, 199, 'reorderlevel', 'vtiger_products', 1, '1', 'reorderlevel', 'Reorder Level', 1, 2, '', 100, 4, 33, 1, 'I~O', 1, NULL, 'ADV', 1, NULL, 0),
(14, 200, 'smownerid', 'vtiger_crmentity', 1, '53', 'assigned_user_id', 'Handler', 1, 0, '', 100, 5, 33, 1, 'V~M', 0, 5, 'BAS', 1, NULL, 0),
(14, 201, 'qtyindemand', 'vtiger_products', 1, '1', 'qtyindemand', 'Qty In Demand', 1, 2, '', 100, 6, 33, 1, 'I~O', 1, NULL, 'ADV', 1, NULL, 0),
(14, 202, 'imagename', 'vtiger_products', 1, '69', 'imagename', 'Product Image', 1, 2, '', 100, 1, 35, 1, 'V~O', 3, NULL, 'ADV', 0, NULL, 0),
(14, 203, 'description', 'vtiger_crmentity', 1, '19', 'description', 'Description', 1, 2, '', 100, 1, 36, 1, 'V~O', 1, NULL, 'BAS', 1, NULL, 0),
(8, 204, 'title', 'vtiger_notes', 1, '2', 'notes_title', 'Title', 1, 0, '', 100, 1, 17, 1, 'V~M', 0, 1, 'BAS', 1, NULL, 1),
(8, 205, 'createdtime', 'vtiger_crmentity', 1, '70', 'createdtime', 'Created Time', 1, 0, '', 100, 5, 17, 2, 'DT~O', 3, NULL, 'BAS', 0, NULL, 0),
(8, 206, 'modifiedtime', 'vtiger_crmentity', 1, '70', 'modifiedtime', 'Modified Time', 1, 0, '', 100, 6, 17, 2, 'DT~O', 3, NULL, 'BAS', 0, NULL, 1),
(8, 207, 'filename', 'vtiger_notes', 1, '28', 'filename', 'File Name', 1, 2, '', 100, 3, 18, 1, 'V~O', 0, NULL, 'BAS', 0, NULL, 1),
(8, 208, 'smownerid', 'vtiger_crmentity', 1, '53', 'assigned_user_id', 'Assigned To', 1, 0, '', 100, 4, 17, 1, 'V~M', 0, 3, 'BAS', 1, NULL, 1),
(8, 209, 'notecontent', 'vtiger_notes', 1, '19', 'notecontent', 'Note', 1, 2, '', 100, 1, 84, 1, 'V~O', 1, NULL, 'BAS', 1, NULL, 0),
(8, 210, 'filetype', 'vtiger_notes', 1, '1', 'filetype', 'File Type', 1, 2, '', 100, 5, 18, 2, 'V~O', 3, 0, 'BAS', 0, NULL, 0),
(8, 211, 'filesize', 'vtiger_notes', 1, '1', 'filesize', 'File Size', 1, 2, '', 100, 4, 18, 2, 'I~O', 3, 0, 'BAS', 0, NULL, 0),
(8, 212, 'filelocationtype', 'vtiger_notes', 1, '27', 'filelocationtype', 'Download Type', 1, 0, '', 100, 1, 18, 1, 'V~O', 0, 0, 'BAS', 0, NULL, 0),
(8, 213, 'fileversion', 'vtiger_notes', 1, '1', 'fileversion', 'Version', 1, 2, '', 100, 6, 18, 1, 'V~O', 1, 0, 'BAS', 1, NULL, 0),
(8, 214, 'filestatus', 'vtiger_notes', 1, '56', 'filestatus', 'Active', 1, 2, '1', 100, 2, 18, 1, 'V~O', 1, 0, 'BAS', 1, NULL, 0),
(8, 215, 'filedownloadcount', 'vtiger_notes', 1, '1', 'filedownloadcount', 'Download Count', 1, 2, '', 100, 7, 18, 2, 'I~O', 3, 0, 'BAS', 0, NULL, 0),
(8, 216, 'folderid', 'vtiger_notes', 1, '26', 'folderid', 'Folder Name', 1, 2, '', 100, 2, 17, 1, 'V~O', 2, 2, 'BAS', 1, NULL, 1),
(8, 217, 'note_no', 'vtiger_notes', 1, '4', 'note_no', 'Document No', 1, 0, '', 100, 3, 17, 1, 'V~O', 3, NULL, 'BAS', 0, NULL, 0),
(8, 218, 'modifiedby', 'vtiger_crmentity', 1, '52', 'modifiedby', 'Last Modified By', 1, 0, '', 100, 12, 17, 3, 'V~O', 3, NULL, 'BAS', 0, NULL, 0),
(10, 219, 'date_start', 'vtiger_activity', 1, '6', 'date_start', 'Date & Time Sent', 1, 0, '', 100, 1, 21, 1, 'DT~M~time_start~Time Start', 1, NULL, 'BAS', 1, NULL, 0),
(10, 220, 'semodule', 'vtiger_activity', 1, '2', 'parent_type', 'Sales Enity Module', 1, 0, '', 100, 2, 21, 3, '', 1, NULL, 'BAS', 1, NULL, 0),
(10, 221, 'activitytype', 'vtiger_activity', 1, '2', 'activitytype', 'Activtiy Type', 1, 0, '', 100, 3, 21, 3, 'V~O', 1, NULL, 'BAS', 1, NULL, 0),
(10, 222, 'smownerid', 'vtiger_crmentity', 1, '53', 'assigned_user_id', 'Assigned To', 1, 0, '', 100, 5, 21, 1, 'V~M', 1, NULL, 'BAS', 1, NULL, 0),
(10, 223, 'subject', 'vtiger_activity', 1, '2', 'subject', 'Subject', 1, 0, '', 100, 1, 23, 1, 'V~M', 1, NULL, 'BAS', 1, NULL, 0),
(10, 224, 'name', 'vtiger_attachments', 1, '61', 'filename', 'Attachment', 1, 0, '', 100, 2, 23, 1, 'V~O', 1, NULL, 'BAS', 1, NULL, 0),
(10, 225, 'description', 'vtiger_crmentity', 1, '19', 'description', 'Description', 1, 0, '', 100, 1, 24, 1, 'V~O', 1, NULL, 'BAS', 1, NULL, 0),
(10, 226, 'time_start', 'vtiger_activity', 1, '2', 'time_start', 'Time Start', 1, 0, '', 100, 9, 23, 1, 'T~O', 1, NULL, 'BAS', 1, NULL, 0),
(10, 227, 'createdtime', 'vtiger_crmentity', 1, '70', 'createdtime', 'Created Time', 1, 0, '', 100, 10, 22, 1, 'DT~O', 3, NULL, 'BAS', 0, NULL, 0),
(10, 228, 'modifiedtime', 'vtiger_crmentity', 1, '70', 'modifiedtime', 'Modified Time', 1, 0, '', 100, 11, 21, 2, 'DT~O', 3, NULL, 'BAS', 0, NULL, 0),
(10, 229, 'access_count', 'vtiger_email_track', 1, '25', 'access_count', 'Access Count', 1, 0, '0', 100, 6, 21, 3, 'V~O', 1, NULL, 'BAS', 0, NULL, 0),
(10, 230, 'modifiedby', 'vtiger_crmentity', 1, '52', 'modifiedby', 'Last Modified By', 1, 0, '', 100, 12, 21, 3, 'V~O', 3, NULL, 'BAS', 0, NULL, 0),
(9, 231, 'subject', 'vtiger_activity', 1, '2', 'subject', 'Subject', 1, 0, '', 100, 1, 19, 1, 'V~M', 0, 1, 'BAS', 1, NULL, 1),
(9, 232, 'smownerid', 'vtiger_crmentity', 1, '53', 'assigned_user_id', 'Assigned To', 1, 0, '', 100, 2, 19, 1, 'V~M', 0, 4, 'BAS', 1, NULL, 1),
(9, 233, 'date_start', 'vtiger_activity', 1, '6', 'date_start', 'Start Date & Time', 1, 0, '', 100, 3, 19, 1, 'DT~M~time_start', 0, 2, 'BAS', 1, NULL, 1),
(9, 234, 'time_start', 'vtiger_activity', 1, '2', 'time_start', 'Time Start', 1, 0, '', 100, 4, 19, 3, 'T~O', 1, NULL, 'BAS', 1, NULL, 1),
(9, 235, 'time_end', 'vtiger_activity', 1, '2', 'time_end', 'End Time', 1, 0, '', 100, 4, 19, 3, 'T~O', 1, NULL, 'BAS', 1, NULL, 1),
(9, 236, 'due_date', 'vtiger_activity', 1, '23', 'due_date', 'Due Date', 1, 0, '', 100, 5, 19, 1, 'D~M~OTH~GE~date_start~Start Date & Time', 1, NULL, 'BAS', 1, NULL, 1),
(9, 237, 'crmid', 'vtiger_seactivityrel', 1, '66', 'parent_id', 'Related To', 1, 0, '', 100, 7, 19, 1, 'I~O', 1, NULL, 'BAS', 1, NULL, 1),
(9, 238, 'contactid', 'vtiger_cntactivityrel', 1, '57', 'contact_id', 'Contact Name', 1, 0, '', 100, 8, 19, 1, 'I~O', 1, NULL, 'BAS', 1, NULL, 0),
(9, 239, 'status', 'vtiger_activity', 1, '15', 'taskstatus', 'Status', 1, 0, '', 100, 8, 19, 1, 'V~M', 0, 3, 'BAS', 1, NULL, 0),
(9, 240, 'eventstatus', 'vtiger_activity', 1, '15', 'eventstatus', 'Status', 1, 0, '', 100, 9, 19, 3, 'V~O', 1, NULL, 'BAS', 1, NULL, 0),
(9, 241, 'priority', 'vtiger_activity', 1, '15', 'taskpriority', 'Priority', 1, 0, '', 100, 10, 19, 1, 'V~O', 1, NULL, 'BAS', 1, NULL, 0),
(9, 242, 'sendnotification', 'vtiger_activity', 1, '56', 'sendnotification', 'Send Notification', 1, 0, '', 100, 11, 19, 1, 'C~O', 1, NULL, 'BAS', 1, NULL, 0),
(9, 243, 'createdtime', 'vtiger_crmentity', 1, '70', 'createdtime', 'Created Time', 1, 0, '', 100, 14, 19, 2, 'DT~O', 3, NULL, 'BAS', 0, NULL, 0),
(9, 244, 'modifiedtime', 'vtiger_crmentity', 1, '70', 'modifiedtime', 'Modified Time', 1, 0, '', 100, 15, 19, 2, 'DT~O', 3, NULL, 'BAS', 0, NULL, 0),
(9, 245, 'activitytype', 'vtiger_activity', 1, '15', 'activitytype', 'Activity Type', 1, 0, '', 100, 16, 19, 3, 'V~O', 1, NULL, 'BAS', 1, NULL, 1),
(9, 246, 'visibility', 'vtiger_activity', 1, '16', 'visibility', 'Visibility', 1, 0, '', 100, 17, 19, 3, 'V~O', 1, NULL, 'BAS', 1, NULL, 0),
(9, 247, 'description', 'vtiger_crmentity', 1, '19', 'description', 'Description', 1, 0, '', 100, 1, 20, 1, 'V~O', 1, NULL, 'BAS', 1, NULL, 0),
(9, 248, 'duration_hours', 'vtiger_activity', 1, '63', 'duration_hours', 'Duration', 1, 0, '', 100, 17, 19, 3, 'T~O', 1, NULL, 'BAS', 1, NULL, 0),
(9, 249, 'duration_minutes', 'vtiger_activity', 1, '16', 'duration_minutes', 'Duration Minutes', 1, 0, '', 100, 18, 19, 3, 'T~O', 1, NULL, 'BAS', 1, NULL, 0),
(9, 250, 'location', 'vtiger_activity', 1, '1', 'location', 'Location', 1, 0, '', 100, 19, 19, 1, 'V~O', 1, NULL, 'BAS', 1, NULL, 0),
(9, 251, 'reminder_time', 'vtiger_activity_reminder', 1, '30', 'reminder_time', 'Send Reminder', 1, 0, '', 100, 1, 19, 3, 'I~O', 1, NULL, 'BAS', 1, NULL, 0),
(9, 252, 'recurringtype', 'vtiger_activity', 1, '16', 'recurringtype', 'Recurrence', 1, 0, '', 100, 6, 19, 3, 'O~O', 1, NULL, 'BAS', 1, NULL, 1),
(9, 253, 'notime', 'vtiger_activity', 1, '56', 'notime', 'No Time', 1, 0, '', 100, 20, 19, 3, 'C~O', 1, NULL, 'BAS', 1, NULL, 0),
(9, 254, 'modifiedby', 'vtiger_crmentity', 1, '52', 'modifiedby', 'Last Modified By', 1, 0, '', 100, 22, 19, 3, 'V~O', 3, NULL, 'BAS', 0, NULL, 0),
(16, 255, 'subject', 'vtiger_activity', 1, '2', 'subject', 'Subject', 1, 0, '', 100, 1, 39, 1, 'V~M', 0, 1, 'BAS', 1, NULL, 1),
(16, 256, 'smownerid', 'vtiger_crmentity', 1, '53', 'assigned_user_id', 'Assigned To', 1, 0, '', 100, 2, 39, 1, 'V~M', 0, 6, 'BAS', 1, NULL, 1),
(16, 257, 'date_start', 'vtiger_activity', 1, '6', 'date_start', 'Start Date & Time', 1, 0, '', 100, 3, 39, 1, 'DT~M~time_start', 0, 2, 'BAS', 1, NULL, 1),
(16, 258, 'time_start', 'vtiger_activity', 1, '2', 'time_start', 'Time Start', 1, 0, '', 100, 4, 39, 3, 'T~M', 1, NULL, 'BAS', 1, NULL, 1),
(16, 259, 'due_date', 'vtiger_activity', 1, '23', 'due_date', 'End Date', 1, 0, '', 100, 5, 39, 1, 'D~M~OTH~GE~date_start~Start Date & Time', 0, 5, 'BAS', 1, NULL, 1),
(16, 260, 'time_end', 'vtiger_activity', 1, '2', 'time_end', 'End Time', 1, 0, '', 100, 5, 39, 3, 'T~M', 1, NULL, 'BAS', 1, NULL, 1),
(16, 261, 'recurringtype', 'vtiger_activity', 1, '16', 'recurringtype', 'Recurrence', 1, 0, '', 100, 6, 117, 1, 'O~O', 1, NULL, 'BAS', 1, NULL, 1),
(16, 262, 'duration_hours', 'vtiger_activity', 1, '63', 'duration_hours', 'Duration', 1, 0, '', 100, 7, 39, 3, 'I~M', 1, NULL, 'BAS', 1, NULL, 0),
(16, 263, 'duration_minutes', 'vtiger_activity', 1, '16', 'duration_minutes', 'Duration Minutes', 1, 0, '', 100, 8, 39, 3, 'O~O', 1, NULL, 'BAS', 1, NULL, 0),
(16, 264, 'crmid', 'vtiger_seactivityrel', 1, '66', 'parent_id', 'Related To', 1, 0, '', 100, 9, 119, 1, 'I~O', 1, NULL, 'BAS', 1, NULL, 1),
(16, 265, 'eventstatus', 'vtiger_activity', 1, '15', 'eventstatus', 'Status', 1, 0, '', 100, 10, 39, 1, 'V~M', 0, 3, 'BAS', 1, NULL, 0),
(16, 266, 'sendnotification', 'vtiger_activity', 1, '56', 'sendnotification', 'Send Notification', 1, 0, '', 100, 11, 39, 1, 'C~O', 1, NULL, 'BAS', 1, NULL, 0),
(16, 267, 'activitytype', 'vtiger_activity', 1, '15', 'activitytype', 'Activity Type', 1, 0, '', 100, 12, 39, 1, 'V~M', 0, 4, 'BAS', 1, NULL, 1),
(16, 268, 'location', 'vtiger_activity', 1, '1', 'location', 'Location', 1, 0, '', 100, 13, 39, 1, 'V~O', 1, NULL, 'BAS', 1, NULL, 0),
(16, 269, 'createdtime', 'vtiger_crmentity', 1, '70', 'createdtime', 'Created Time', 1, 0, '', 100, 14, 39, 2, 'DT~O', 3, NULL, 'BAS', 0, NULL, 0),
(16, 270, 'modifiedtime', 'vtiger_crmentity', 1, '70', 'modifiedtime', 'Modified Time', 1, 0, '', 100, 15, 39, 2, 'DT~O', 3, NULL, 'BAS', 0, NULL, 0),
(16, 271, 'priority', 'vtiger_activity', 1, '15', 'taskpriority', 'Priority', 1, 0, '', 100, 16, 39, 1, 'V~O', 1, NULL, 'BAS', 1, NULL, 0),
(16, 272, 'notime', 'vtiger_activity', 1, '56', 'notime', 'No Time', 1, 0, '', 100, 17, 39, 3, 'C~O', 1, NULL, 'BAS', 1, NULL, 0),
(16, 273, 'visibility', 'vtiger_activity', 1, '16', 'visibility', 'Visibility', 1, 0, '', 100, 18, 39, 1, 'V~O', 1, NULL, 'BAS', 1, NULL, 0),
(16, 274, 'modifiedby', 'vtiger_crmentity', 1, '52', 'modifiedby', 'Last Modified By', 1, 0, '', 100, 22, 39, 3, 'V~O', 3, NULL, 'BAS', 0, NULL, 0),
(16, 275, 'description', 'vtiger_crmentity', 1, '19', 'description', 'Description', 1, 0, '', 100, 1, 41, 1, 'V~O', 1, NULL, 'BAS', 1, NULL, 0),
(16, 276, 'reminder_time', 'vtiger_activity_reminder', 1, '30', 'reminder_time', 'Send Reminder', 1, 0, '', 100, 1, 40, 1, 'I~O', 1, NULL, 'BAS', 1, NULL, 0),
(16, 277, 'contactid', 'vtiger_cntactivityrel', 1, '57', 'contact_id', 'Contact Name', 1, 0, '', 100, 1, 119, 1, 'I~O', 1, NULL, 'BAS', 1, NULL, 0),
(15, 278, 'product_id', 'vtiger_faq', 1, '59', 'product_id', 'Product Name', 1, 2, '', 100, 1, 37, 1, 'I~O', 3, NULL, 'BAS', 1, NULL, 1),
(15, 279, 'faq_no', 'vtiger_faq', 1, '4', 'faq_no', 'Faq No', 1, 0, '', 100, 2, 37, 1, 'V~O', 3, NULL, 'BAS', 0, NULL, 0),
(15, 280, 'category', 'vtiger_faq', 1, '15', 'faqcategories', 'Category', 1, 2, '', 100, 4, 37, 1, 'V~O', 3, NULL, 'BAS', 1, NULL, 1),
(15, 281, 'status', 'vtiger_faq', 1, '15', 'faqstatus', 'Status', 1, 2, '', 100, 3, 37, 1, 'V~M', 3, NULL, 'BAS', 1, NULL, 0),
(15, 282, 'question', 'vtiger_faq', 1, '20', 'question', 'Question', 1, 2, '', 100, 7, 37, 1, 'V~M', 3, NULL, 'BAS', 1, NULL, 1),
(15, 283, 'answer', 'vtiger_faq', 1, '20', 'faq_answer', 'Answer', 1, 2, '', 100, 8, 37, 1, 'V~M', 3, NULL, 'BAS', 1, NULL, 0),
(15, 284, 'comments', 'vtiger_faqcomments', 1, '19', 'comments', 'Add Comment', 1, 1, '', 100, 1, 38, 1, 'V~O', 3, NULL, 'BAS', 0, NULL, 0),
(15, 285, 'createdtime', 'vtiger_crmentity', 1, '70', 'createdtime', 'Created Time', 1, 0, '', 100, 5, 37, 2, 'DT~O', 3, NULL, 'BAS', 0, NULL, 1),
(15, 286, 'modifiedtime', 'vtiger_crmentity', 1, '70', 'modifiedtime', 'Modified Time', 1, 0, '', 100, 6, 37, 2, 'DT~O', 3, NULL, 'BAS', 0, NULL, 1),
(15, 287, 'modifiedby', 'vtiger_crmentity', 1, '52', 'modifiedby', 'Last Modified By', 1, 0, '', 100, 7, 37, 3, 'V~O', 3, NULL, 'BAS', 0, NULL, 0),
(18, 288, 'vendorname', 'vtiger_vendor', 1, '2', 'vendorname', 'Vendor Name', 1, 0, '', 100, 1, 42, 1, 'V~M', 0, 1, 'BAS', 1, NULL, 1),
(18, 289, 'vendor_no', 'vtiger_vendor', 1, '4', 'vendor_no', 'Vendor No', 1, 0, '', 100, 2, 42, 1, 'V~O', 3, NULL, 'BAS', 0, NULL, 0),
(18, 290, 'phone', 'vtiger_vendor', 1, '1', 'phone', 'Phone', 1, 2, '', 100, 4, 42, 1, 'V~O', 2, 2, 'BAS', 1, NULL, 1),
(18, 291, 'email', 'vtiger_vendor', 1, '13', 'email', 'Email', 1, 2, '', 100, 3, 42, 1, 'E~O', 2, 3, 'BAS', 1, NULL, 1),
(18, 292, 'website', 'vtiger_vendor', 1, '17', 'website', 'Website', 1, 2, '', 100, 6, 42, 1, 'V~O', 1, NULL, 'BAS', 1, NULL, 0),
(18, 293, 'glacct', 'vtiger_vendor', 1, '15', 'glacct', 'GL Account', 1, 2, '', 100, 5, 42, 1, 'V~O', 1, NULL, 'BAS', 1, NULL, 0),
(18, 294, 'category', 'vtiger_vendor', 1, '1', 'category', 'Category', 1, 2, '', 100, 8, 42, 1, 'V~O', 1, NULL, 'BAS', 1, NULL, 1),
(18, 295, 'createdtime', 'vtiger_crmentity', 1, '70', 'createdtime', 'Created Time', 1, 0, '', 100, 7, 42, 2, 'DT~O', 3, NULL, 'BAS', 0, NULL, 0),
(18, 296, 'modifiedtime', 'vtiger_crmentity', 1, '70', 'modifiedtime', 'Modified Time', 1, 0, '', 100, 9, 42, 2, 'DT~O', 3, NULL, 'BAS', 0, NULL, 0),
(18, 297, 'modifiedby', 'vtiger_crmentity', 1, '52', 'modifiedby', 'Last Modified By', 1, 0, '', 100, 12, 42, 3, 'V~O', 3, NULL, 'BAS', 0, NULL, 0),
(18, 298, 'street', 'vtiger_vendor', 1, '21', 'street', 'Street', 1, 2, '', 100, 1, 44, 1, 'V~O', 1, NULL, 'ADV', 1, NULL, 0),
(18, 299, 'pobox', 'vtiger_vendor', 1, '1', 'pobox', 'Po Box', 1, 2, '', 100, 2, 44, 1, 'V~O', 1, NULL, 'ADV', 1, NULL, 0),
(18, 300, 'city', 'vtiger_vendor', 1, '1', 'city', 'City', 1, 2, '', 100, 3, 44, 1, 'V~O', 1, NULL, 'ADV', 1, NULL, 0),
(18, 301, 'state', 'vtiger_vendor', 1, '1', 'state', 'State', 1, 2, '', 100, 4, 44, 1, 'V~O', 1, NULL, 'ADV', 1, NULL, 0),
(18, 302, 'postalcode', 'vtiger_vendor', 1, '1', 'postalcode', 'Postal Code', 1, 2, '', 100, 5, 44, 1, 'V~O', 1, NULL, 'ADV', 1, NULL, 0),
(18, 303, 'country', 'vtiger_vendor', 1, '1', 'country', 'Country', 1, 2, '', 100, 6, 44, 1, 'V~O', 1, NULL, 'ADV', 1, NULL, 0),
(18, 304, 'description', 'vtiger_crmentity', 1, '19', 'description', 'Description', 1, 2, '', 100, 1, 45, 1, 'V~O', 1, NULL, 'ADV', 1, NULL, 0),
(19, 305, 'bookname', 'vtiger_pricebook', 1, '2', 'bookname', 'Price Book Name', 1, 0, '', 100, 1, 46, 1, 'V~M', 0, 1, 'BAS', 1, NULL, 1),
(19, 306, 'pricebook_no', 'vtiger_pricebook', 1, '4', 'pricebook_no', 'PriceBook No', 1, 0, '', 100, 3, 46, 1, 'V~O', 3, NULL, 'BAS', 0, NULL, 0),
(19, 307, 'active', 'vtiger_pricebook', 1, '56', 'active', 'Active', 1, 2, '1', 100, 2, 46, 1, 'C~O', 2, 2, 'BAS', 1, NULL, 1),
(19, 308, 'createdtime', 'vtiger_crmentity', 1, '70', 'createdtime', 'Created Time', 1, 0, '', 100, 4, 46, 2, 'DT~O', 3, NULL, 'BAS', 0, NULL, 0),
(19, 309, 'modifiedtime', 'vtiger_crmentity', 1, '70', 'modifiedtime', 'Modified Time', 1, 0, '', 100, 5, 46, 2, 'DT~O', 3, NULL, 'BAS', 0, NULL, 0),
(19, 310, 'currency_id', 'vtiger_pricebook', 1, '117', 'currency_id', 'Currency', 1, 0, '', 100, 5, 46, 1, 'I~M', 0, 3, 'BAS', 0, NULL, 0),
(19, 311, 'modifiedby', 'vtiger_crmentity', 1, '52', 'modifiedby', 'Last Modified By', 1, 0, '', 100, 7, 46, 3, 'V~O', 3, NULL, 'BAS', 0, NULL, 0),
(19, 312, 'description', 'vtiger_crmentity', 1, '19', 'description', 'Description', 1, 2, '', 100, 1, 48, 1, 'V~O', 1, NULL, 'BAS', 1, NULL, 0),
(20, 313, 'quote_no', 'vtiger_quotes', 1, '4', 'quote_no', 'Quote No', 1, 0, '', 100, 3, 49, 1, 'V~O', 3, NULL, 'BAS', 0, NULL, 1),
(20, 314, 'subject', 'vtiger_quotes', 1, '2', 'subject', 'Subject', 1, 0, '', 100, 1, 49, 1, 'V~M', 1, NULL, 'BAS', 1, NULL, 1),
(20, 315, 'potentialid', 'vtiger_quotes', 1, '76', 'potential_id', 'Potential Name', 1, 2, '', 100, 2, 49, 1, 'I~O', 3, NULL, 'BAS', 1, NULL, 1),
(20, 316, 'quotestage', 'vtiger_quotes', 1, '15', 'quotestage', 'Quote Stage', 1, 2, '', 100, 4, 49, 1, 'V~M', 3, NULL, 'BAS', 1, NULL, 1),
(20, 317, 'validtill', 'vtiger_quotes', 1, '5', 'validtill', 'Valid Till', 1, 2, '', 100, 5, 49, 1, 'D~O', 3, NULL, 'BAS', 1, NULL, 0),
(20, 318, 'contactid', 'vtiger_quotes', 1, '57', 'contact_id', 'Contact Name', 1, 2, '', 100, 6, 49, 1, 'V~O', 3, NULL, 'BAS', 1, NULL, 0),
(20, 319, 'carrier', 'vtiger_quotes', 1, '15', 'carrier', 'Carrier', 1, 2, '', 100, 8, 49, 1, 'V~O', 3, NULL, 'BAS', 1, NULL, 0),
(20, 320, 'subtotal', 'vtiger_quotes', 1, '72', 'hdnSubTotal', 'Sub Total', 1, 2, '', 100, 9, 49, 3, 'N~O', 3, NULL, 'BAS', 1, NULL, 0),
(20, 321, 'shipping', 'vtiger_quotes', 1, '1', 'shipping', 'Shipping', 1, 2, '', 100, 10, 49, 1, 'V~O', 3, NULL, 'BAS', 1, NULL, 0),
(20, 322, 'inventorymanager', 'vtiger_quotes', 1, '77', 'assigned_user_id1', 'Inventory Manager', 1, 2, '', 100, 11, 49, 1, 'I~O', 3, NULL, 'BAS', 1, NULL, 0),
(20, 323, 'adjustment', 'vtiger_quotes', 1, '72', 'txtAdjustment', 'Adjustment', 1, 2, '', 100, 20, 49, 3, 'NN~O', 3, NULL, 'BAS', 1, NULL, 0),
(20, 324, 'total', 'vtiger_quotes', 1, '72', 'hdnGrandTotal', 'Total', 1, 2, '', 100, 14, 49, 3, 'N~O', 3, NULL, 'BAS', 1, NULL, 1),
(20, 325, 'taxtype', 'vtiger_quotes', 1, '16', 'hdnTaxType', 'Tax Type', 1, 2, '', 100, 14, 49, 3, 'V~O', 3, NULL, 'BAS', 1, NULL, 0),
(20, 326, 'discount_percent', 'vtiger_quotes', 1, '1', 'hdnDiscountPercent', 'Discount Percent', 1, 2, '', 100, 14, 49, 3, 'N~O', 3, NULL, 'BAS', 1, NULL, 0),
(20, 327, 'discount_amount', 'vtiger_quotes', 1, '72', 'hdnDiscountAmount', 'Discount Amount', 1, 2, '', 100, 14, 49, 3, 'N~O', 3, NULL, 'BAS', 1, NULL, 0),
(20, 328, 's_h_amount', 'vtiger_quotes', 1, '72', 'hdnS_H_Amount', 'S&H Amount', 1, 2, '', 100, 14, 49, 3, 'N~O', 3, NULL, 'BAS', 1, NULL, 0),
(20, 329, 'accountid', 'vtiger_quotes', 1, '73', 'account_id', 'Account Name', 1, 2, '', 100, 16, 49, 1, 'I~M', 3, NULL, 'BAS', 1, NULL, 1),
(20, 330, 'smownerid', 'vtiger_crmentity', 1, '53', 'assigned_user_id', 'Assigned To', 1, 0, '', 100, 17, 49, 1, 'V~M', 3, NULL, 'BAS', 1, NULL, 1),
(20, 331, 'createdtime', 'vtiger_crmentity', 1, '70', 'createdtime', 'Created Time', 1, 0, '', 100, 18, 49, 2, 'DT~O', 3, NULL, 'BAS', 0, NULL, 0),
(20, 332, 'modifiedtime', 'vtiger_crmentity', 1, '70', 'modifiedtime', 'Modified Time', 1, 0, '', 100, 19, 49, 2, 'DT~O', 3, NULL, 'BAS', 0, NULL, 0),
(20, 333, 'modifiedby', 'vtiger_crmentity', 1, '52', 'modifiedby', 'Last Modified By', 1, 0, '', 100, 22, 49, 3, 'V~O', 3, NULL, 'BAS', 0, NULL, 0),
(20, 334, 'currency_id', 'vtiger_quotes', 1, '117', 'currency_id', 'Currency', 1, 2, '1', 100, 20, 49, 3, 'I~O', 3, NULL, 'BAS', 1, NULL, 0),
(20, 335, 'conversion_rate', 'vtiger_quotes', 1, '1', 'conversion_rate', 'Conversion Rate', 1, 2, '1', 100, 21, 49, 3, 'N~O', 3, NULL, 'BAS', 1, NULL, 0),
(20, 336, 'bill_street', 'vtiger_quotesbillads', 1, '24', 'bill_street', 'Billing Address', 1, 2, '', 100, 1, 51, 1, 'V~M', 3, NULL, 'BAS', 1, NULL, 0),
(20, 337, 'ship_street', 'vtiger_quotesshipads', 1, '24', 'ship_street', 'Shipping Address', 1, 2, '', 100, 2, 51, 1, 'V~M', 3, NULL, 'BAS', 1, NULL, 0),
(20, 338, 'bill_city', 'vtiger_quotesbillads', 1, '1', 'bill_city', 'Billing City', 1, 2, '', 100, 5, 51, 1, 'V~O', 3, NULL, 'BAS', 1, NULL, 0),
(20, 339, 'ship_city', 'vtiger_quotesshipads', 1, '1', 'ship_city', 'Shipping City', 1, 2, '', 100, 6, 51, 1, 'V~O', 3, NULL, 'BAS', 1, NULL, 0),
(20, 340, 'bill_state', 'vtiger_quotesbillads', 1, '1', 'bill_state', 'Billing State', 1, 2, '', 100, 7, 51, 1, 'V~O', 3, NULL, 'BAS', 1, NULL, 0),
(20, 341, 'ship_state', 'vtiger_quotesshipads', 1, '1', 'ship_state', 'Shipping State', 1, 2, '', 100, 8, 51, 1, 'V~O', 3, NULL, 'BAS', 1, NULL, 0),
(20, 342, 'bill_code', 'vtiger_quotesbillads', 1, '1', 'bill_code', 'Billing Code', 1, 2, '', 100, 9, 51, 1, 'V~O', 3, NULL, 'BAS', 1, NULL, 0),
(20, 343, 'ship_code', 'vtiger_quotesshipads', 1, '1', 'ship_code', 'Shipping Code', 1, 2, '', 100, 10, 51, 1, 'V~O', 3, NULL, 'BAS', 1, NULL, 0),
(20, 344, 'bill_country', 'vtiger_quotesbillads', 1, '1', 'bill_country', 'Billing Country', 1, 2, '', 100, 11, 51, 1, 'V~O', 3, NULL, 'BAS', 1, NULL, 0),
(20, 345, 'ship_country', 'vtiger_quotesshipads', 1, '1', 'ship_country', 'Shipping Country', 1, 2, '', 100, 12, 51, 1, 'V~O', 3, NULL, 'BAS', 1, NULL, 0),
(20, 346, 'bill_pobox', 'vtiger_quotesbillads', 1, '1', 'bill_pobox', 'Billing Po Box', 1, 2, '', 100, 3, 51, 1, 'V~O', 3, NULL, 'BAS', 1, NULL, 0),
(20, 347, 'ship_pobox', 'vtiger_quotesshipads', 1, '1', 'ship_pobox', 'Shipping Po Box', 1, 2, '', 100, 4, 51, 1, 'V~O', 3, NULL, 'BAS', 1, NULL, 0),
(20, 348, 'description', 'vtiger_crmentity', 1, '19', 'description', 'Description', 1, 2, '', 100, 1, 54, 1, 'V~O', 3, NULL, 'ADV', 1, NULL, 0);
INSERT INTO `vtiger_field` (`tabid`, `fieldid`, `columnname`, `tablename`, `generatedtype`, `uitype`, `fieldname`, `fieldlabel`, `readonly`, `presence`, `defaultvalue`, `maximumlength`, `sequence`, `block`, `displaytype`, `typeofdata`, `quickcreate`, `quickcreatesequence`, `info_type`, `masseditable`, `helpinfo`, `summaryfield`) VALUES
(20, 349, 'terms_conditions', 'vtiger_quotes', 1, '19', 'terms_conditions', 'Terms & Conditions', 1, 2, '', 100, 1, 53, 1, 'V~O', 3, NULL, 'ADV', 1, NULL, 0),
(21, 350, 'purchaseorder_no', 'vtiger_purchaseorder', 1, '4', 'purchaseorder_no', 'PurchaseOrder No', 1, 0, '', 100, 2, 55, 1, 'V~O', 3, NULL, 'BAS', 0, NULL, 1),
(21, 351, 'subject', 'vtiger_purchaseorder', 1, '2', 'subject', 'Subject', 1, 0, '', 100, 1, 55, 1, 'V~M', 3, NULL, 'BAS', 1, NULL, 1),
(21, 352, 'vendorid', 'vtiger_purchaseorder', 1, '81', 'vendor_id', 'Vendor Name', 1, 0, '', 100, 3, 55, 1, 'I~M', 3, NULL, 'BAS', 1, NULL, 1),
(21, 353, 'requisition_no', 'vtiger_purchaseorder', 1, '1', 'requisition_no', 'Requisition No', 1, 2, '', 100, 4, 55, 1, 'V~O', 3, NULL, 'BAS', 1, NULL, 0),
(21, 354, 'tracking_no', 'vtiger_purchaseorder', 1, '1', 'tracking_no', 'Tracking Number', 1, 2, '', 100, 5, 55, 1, 'V~O', 3, NULL, 'BAS', 1, NULL, 1),
(21, 355, 'contactid', 'vtiger_purchaseorder', 1, '57', 'contact_id', 'Contact Name', 1, 2, '', 100, 6, 55, 1, 'I~O', 3, NULL, 'BAS', 1, NULL, 0),
(21, 356, 'duedate', 'vtiger_purchaseorder', 1, '5', 'duedate', 'Due Date', 1, 2, '', 100, 7, 55, 1, 'D~O', 3, NULL, 'BAS', 1, NULL, 0),
(21, 357, 'carrier', 'vtiger_purchaseorder', 1, '15', 'carrier', 'Carrier', 1, 2, '', 100, 8, 55, 1, 'V~O', 3, NULL, 'BAS', 1, NULL, 0),
(21, 358, 'adjustment', 'vtiger_purchaseorder', 1, '72', 'txtAdjustment', 'Adjustment', 1, 2, '', 100, 10, 55, 3, 'NN~O', 3, NULL, 'BAS', 1, NULL, 0),
(21, 359, 'salescommission', 'vtiger_purchaseorder', 1, '1', 'salescommission', 'Sales Commission', 1, 2, '', 100, 11, 55, 1, 'N~O', 3, NULL, 'BAS', 1, NULL, 0),
(21, 360, 'exciseduty', 'vtiger_purchaseorder', 1, '1', 'exciseduty', 'Excise Duty', 1, 2, '', 100, 12, 55, 1, 'N~O', 3, NULL, 'BAS', 1, NULL, 0),
(21, 361, 'total', 'vtiger_purchaseorder', 1, '72', 'hdnGrandTotal', 'Total', 1, 2, '', 100, 13, 55, 3, 'N~O', 3, NULL, 'BAS', 1, NULL, 1),
(21, 362, 'subtotal', 'vtiger_purchaseorder', 1, '72', 'hdnSubTotal', 'Sub Total', 1, 2, '', 100, 14, 55, 3, 'N~O', 3, NULL, 'BAS', 1, NULL, 0),
(21, 363, 'taxtype', 'vtiger_purchaseorder', 1, '16', 'hdnTaxType', 'Tax Type', 1, 2, '', 100, 14, 55, 3, 'V~O', 3, NULL, 'BAS', 1, NULL, 0),
(21, 364, 'discount_percent', 'vtiger_purchaseorder', 1, '1', 'hdnDiscountPercent', 'Discount Percent', 1, 2, '', 100, 14, 55, 3, 'N~O', 3, NULL, 'BAS', 1, NULL, 0),
(21, 365, 'discount_amount', 'vtiger_purchaseorder', 1, '72', 'hdnDiscountAmount', 'Discount Amount', 1, 0, '', 100, 14, 55, 3, 'N~O', 3, NULL, 'BAS', 1, NULL, 0),
(21, 366, 's_h_amount', 'vtiger_purchaseorder', 1, '72', 'hdnS_H_Amount', 'S&H Amount', 1, 2, '', 100, 14, 55, 3, 'N~O', 3, NULL, 'BAS', 1, NULL, 0),
(21, 367, 'postatus', 'vtiger_purchaseorder', 1, '15', 'postatus', 'Status', 1, 2, '', 100, 15, 55, 1, 'V~M', 3, NULL, 'BAS', 1, NULL, 0),
(21, 368, 'smownerid', 'vtiger_crmentity', 1, '53', 'assigned_user_id', 'Assigned To', 1, 0, '', 100, 16, 55, 1, 'V~M', 3, NULL, 'BAS', 1, NULL, 1),
(21, 369, 'createdtime', 'vtiger_crmentity', 1, '70', 'createdtime', 'Created Time', 1, 0, '', 100, 17, 55, 2, 'DT~O', 3, NULL, 'BAS', 0, NULL, 0),
(21, 370, 'modifiedtime', 'vtiger_crmentity', 1, '70', 'modifiedtime', 'Modified Time', 1, 0, '', 100, 18, 55, 2, 'DT~O', 3, NULL, 'BAS', 0, NULL, 0),
(21, 371, 'modifiedby', 'vtiger_crmentity', 1, '52', 'modifiedby', 'Last Modified By', 1, 0, '', 100, 22, 55, 3, 'V~O', 3, NULL, 'BAS', 0, NULL, 0),
(21, 372, 'currency_id', 'vtiger_purchaseorder', 1, '117', 'currency_id', 'Currency', 1, 2, '1', 100, 19, 55, 3, 'I~O', 3, NULL, 'BAS', 1, NULL, 0),
(21, 373, 'conversion_rate', 'vtiger_purchaseorder', 1, '1', 'conversion_rate', 'Conversion Rate', 1, 2, '1', 100, 20, 55, 3, 'N~O', 3, NULL, 'BAS', 1, NULL, 0),
(21, 374, 'bill_street', 'vtiger_pobillads', 1, '24', 'bill_street', 'Billing Address', 1, 2, '', 100, 1, 57, 1, 'V~M', 3, NULL, 'BAS', 1, NULL, 0),
(21, 375, 'ship_street', 'vtiger_poshipads', 1, '24', 'ship_street', 'Shipping Address', 1, 2, '', 100, 2, 57, 1, 'V~M', 3, NULL, 'BAS', 1, NULL, 0),
(21, 376, 'bill_city', 'vtiger_pobillads', 1, '1', 'bill_city', 'Billing City', 1, 2, '', 100, 5, 57, 1, 'V~O', 3, NULL, 'BAS', 1, NULL, 0),
(21, 377, 'ship_city', 'vtiger_poshipads', 1, '1', 'ship_city', 'Shipping City', 1, 2, '', 100, 6, 57, 1, 'V~O', 3, NULL, 'BAS', 1, NULL, 0),
(21, 378, 'bill_state', 'vtiger_pobillads', 1, '1', 'bill_state', 'Billing State', 1, 2, '', 100, 7, 57, 1, 'V~O', 3, NULL, 'BAS', 1, NULL, 0),
(21, 379, 'ship_state', 'vtiger_poshipads', 1, '1', 'ship_state', 'Shipping State', 1, 2, '', 100, 8, 57, 1, 'V~O', 3, NULL, 'BAS', 1, NULL, 0),
(21, 380, 'bill_code', 'vtiger_pobillads', 1, '1', 'bill_code', 'Billing Code', 1, 2, '', 100, 9, 57, 1, 'V~O', 3, NULL, 'BAS', 1, NULL, 0),
(21, 381, 'ship_code', 'vtiger_poshipads', 1, '1', 'ship_code', 'Shipping Code', 1, 2, '', 100, 10, 57, 1, 'V~O', 3, NULL, 'BAS', 1, NULL, 0),
(21, 382, 'bill_country', 'vtiger_pobillads', 1, '1', 'bill_country', 'Billing Country', 1, 2, '', 100, 11, 57, 1, 'V~O', 3, NULL, 'BAS', 1, NULL, 0),
(21, 383, 'ship_country', 'vtiger_poshipads', 1, '1', 'ship_country', 'Shipping Country', 1, 2, '', 100, 12, 57, 1, 'V~O', 3, NULL, 'BAS', 1, NULL, 0),
(21, 384, 'bill_pobox', 'vtiger_pobillads', 1, '1', 'bill_pobox', 'Billing Po Box', 1, 2, '', 100, 3, 57, 1, 'V~O', 3, NULL, 'BAS', 1, NULL, 0),
(21, 385, 'ship_pobox', 'vtiger_poshipads', 1, '1', 'ship_pobox', 'Shipping Po Box', 1, 2, '', 100, 4, 57, 1, 'V~O', 3, NULL, 'BAS', 1, NULL, 0),
(21, 386, 'description', 'vtiger_crmentity', 1, '19', 'description', 'Description', 1, 2, '', 100, 1, 60, 1, 'V~O', 3, NULL, 'ADV', 1, NULL, 0),
(21, 387, 'terms_conditions', 'vtiger_purchaseorder', 1, '19', 'terms_conditions', 'Terms & Conditions', 1, 2, '', 100, 1, 59, 1, 'V~O', 3, NULL, 'ADV', 1, NULL, 0),
(22, 388, 'salesorder_no', 'vtiger_salesorder', 1, '4', 'salesorder_no', 'SalesOrder No', 1, 0, '', 100, 4, 61, 1, 'V~O', 3, NULL, 'BAS', 0, NULL, 1),
(22, 389, 'subject', 'vtiger_salesorder', 1, '2', 'subject', 'Subject', 1, 0, '', 100, 1, 61, 1, 'V~M', 3, NULL, 'BAS', 1, NULL, 1),
(22, 390, 'potentialid', 'vtiger_salesorder', 1, '76', 'potential_id', 'Potential Name', 1, 2, '', 100, 2, 61, 1, 'I~O', 3, NULL, 'BAS', 1, NULL, 0),
(22, 391, 'customerno', 'vtiger_salesorder', 1, '1', 'customerno', 'Customer No', 1, 2, '', 100, 3, 61, 1, 'V~O', 3, NULL, 'BAS', 1, NULL, 0),
(22, 392, 'quoteid', 'vtiger_salesorder', 1, '78', 'quote_id', 'Quote Name', 1, 2, '', 100, 5, 61, 1, 'I~O', 3, NULL, 'BAS', 0, NULL, 1),
(22, 393, 'purchaseorder', 'vtiger_salesorder', 1, '1', 'vtiger_purchaseorder', 'Purchase Order', 1, 2, '', 100, 5, 61, 1, 'V~O', 3, NULL, 'BAS', 1, NULL, 0),
(22, 394, 'contactid', 'vtiger_salesorder', 1, '57', 'contact_id', 'Contact Name', 1, 2, '', 100, 6, 61, 1, 'I~O', 3, NULL, 'BAS', 1, NULL, 0),
(22, 395, 'duedate', 'vtiger_salesorder', 1, '5', 'duedate', 'Due Date', 1, 2, '', 100, 8, 61, 1, 'D~O', 3, NULL, 'BAS', 1, NULL, 0),
(22, 396, 'carrier', 'vtiger_salesorder', 1, '15', 'carrier', 'Carrier', 1, 2, '', 100, 9, 61, 1, 'V~O', 3, NULL, 'BAS', 1, NULL, 0),
(22, 397, 'pending', 'vtiger_salesorder', 1, '1', 'pending', 'Pending', 1, 2, '', 100, 10, 61, 1, 'V~O', 3, NULL, 'BAS', 1, NULL, 0),
(22, 398, 'sostatus', 'vtiger_salesorder', 1, '15', 'sostatus', 'Status', 1, 2, '', 100, 11, 61, 1, 'V~M', 3, NULL, 'BAS', 1, NULL, 0),
(22, 399, 'adjustment', 'vtiger_salesorder', 1, '72', 'txtAdjustment', 'Adjustment', 1, 2, '', 100, 12, 61, 3, 'NN~O', 3, NULL, 'BAS', 1, NULL, 0),
(22, 400, 'salescommission', 'vtiger_salesorder', 1, '1', 'salescommission', 'Sales Commission', 1, 2, '', 100, 13, 61, 1, 'N~O', 3, NULL, 'BAS', 1, NULL, 0),
(22, 401, 'exciseduty', 'vtiger_salesorder', 1, '1', 'exciseduty', 'Excise Duty', 1, 2, '', 100, 13, 61, 1, 'N~O', 3, NULL, 'BAS', 1, NULL, 0),
(22, 402, 'total', 'vtiger_salesorder', 1, '72', 'hdnGrandTotal', 'Total', 1, 2, '', 100, 14, 61, 3, 'N~O', 3, NULL, 'BAS', 1, NULL, 1),
(22, 403, 'subtotal', 'vtiger_salesorder', 1, '72', 'hdnSubTotal', 'Sub Total', 1, 2, '', 100, 15, 61, 3, 'N~O', 3, NULL, 'BAS', 1, NULL, 0),
(22, 404, 'taxtype', 'vtiger_salesorder', 1, '16', 'hdnTaxType', 'Tax Type', 1, 2, '', 100, 15, 61, 3, 'V~O', 3, NULL, 'BAS', 1, NULL, 0),
(22, 405, 'discount_percent', 'vtiger_salesorder', 1, '1', 'hdnDiscountPercent', 'Discount Percent', 1, 2, '', 100, 15, 61, 3, 'N~O', 3, NULL, 'BAS', 1, NULL, 0),
(22, 406, 'discount_amount', 'vtiger_salesorder', 1, '72', 'hdnDiscountAmount', 'Discount Amount', 1, 0, '', 100, 15, 61, 3, 'N~O', 3, NULL, 'BAS', 1, NULL, 0),
(22, 407, 's_h_amount', 'vtiger_salesorder', 1, '72', 'hdnS_H_Amount', 'S&H Amount', 1, 2, '', 100, 15, 61, 3, 'N~O', 3, NULL, 'BAS', 1, NULL, 0),
(22, 408, 'accountid', 'vtiger_salesorder', 1, '73', 'account_id', 'Account Name', 1, 2, '', 100, 16, 61, 1, 'I~M', 3, NULL, 'BAS', 1, NULL, 1),
(22, 409, 'smownerid', 'vtiger_crmentity', 1, '53', 'assigned_user_id', 'Assigned To', 1, 0, '', 100, 17, 61, 1, 'V~M', 3, NULL, 'BAS', 1, NULL, 1),
(22, 410, 'createdtime', 'vtiger_crmentity', 1, '70', 'createdtime', 'Created Time', 1, 0, '', 100, 18, 61, 2, 'DT~O', 3, NULL, 'BAS', 0, NULL, 0),
(22, 411, 'modifiedtime', 'vtiger_crmentity', 1, '70', 'modifiedtime', 'Modified Time', 1, 0, '', 100, 19, 61, 2, 'DT~O', 3, NULL, 'BAS', 0, NULL, 0),
(22, 412, 'modifiedby', 'vtiger_crmentity', 1, '52', 'modifiedby', 'Last Modified By', 1, 0, '', 100, 22, 61, 3, 'V~O', 3, NULL, 'BAS', 0, NULL, 0),
(22, 413, 'currency_id', 'vtiger_salesorder', 1, '117', 'currency_id', 'Currency', 1, 2, '1', 100, 20, 61, 3, 'I~O', 3, NULL, 'BAS', 1, NULL, 0),
(22, 414, 'conversion_rate', 'vtiger_salesorder', 1, '1', 'conversion_rate', 'Conversion Rate', 1, 2, '1', 100, 21, 61, 3, 'N~O', 3, NULL, 'BAS', 1, NULL, 0),
(22, 415, 'bill_street', 'vtiger_sobillads', 1, '24', 'bill_street', 'Billing Address', 1, 2, '', 100, 1, 63, 1, 'V~M', 3, NULL, 'BAS', 1, NULL, 0),
(22, 416, 'ship_street', 'vtiger_soshipads', 1, '24', 'ship_street', 'Shipping Address', 1, 2, '', 100, 2, 63, 1, 'V~M', 3, NULL, 'BAS', 1, NULL, 0),
(22, 417, 'bill_city', 'vtiger_sobillads', 1, '1', 'bill_city', 'Billing City', 1, 2, '', 100, 5, 63, 1, 'V~O', 3, NULL, 'BAS', 1, NULL, 0),
(22, 418, 'ship_city', 'vtiger_soshipads', 1, '1', 'ship_city', 'Shipping City', 1, 2, '', 100, 6, 63, 1, 'V~O', 3, NULL, 'BAS', 1, NULL, 0),
(22, 419, 'bill_state', 'vtiger_sobillads', 1, '1', 'bill_state', 'Billing State', 1, 2, '', 100, 7, 63, 1, 'V~O', 3, NULL, 'BAS', 1, NULL, 0),
(22, 420, 'ship_state', 'vtiger_soshipads', 1, '1', 'ship_state', 'Shipping State', 1, 2, '', 100, 8, 63, 1, 'V~O', 3, NULL, 'BAS', 1, NULL, 0),
(22, 421, 'bill_code', 'vtiger_sobillads', 1, '1', 'bill_code', 'Billing Code', 1, 2, '', 100, 9, 63, 1, 'V~O', 3, NULL, 'BAS', 1, NULL, 0),
(22, 422, 'ship_code', 'vtiger_soshipads', 1, '1', 'ship_code', 'Shipping Code', 1, 2, '', 100, 10, 63, 1, 'V~O', 3, NULL, 'BAS', 1, NULL, 0),
(22, 423, 'bill_country', 'vtiger_sobillads', 1, '1', 'bill_country', 'Billing Country', 1, 2, '', 100, 11, 63, 1, 'V~O', 3, NULL, 'BAS', 1, NULL, 0),
(22, 424, 'ship_country', 'vtiger_soshipads', 1, '1', 'ship_country', 'Shipping Country', 1, 2, '', 100, 12, 63, 1, 'V~O', 3, NULL, 'BAS', 1, NULL, 0),
(22, 425, 'bill_pobox', 'vtiger_sobillads', 1, '1', 'bill_pobox', 'Billing Po Box', 1, 2, '', 100, 3, 63, 1, 'V~O', 3, NULL, 'BAS', 1, NULL, 0),
(22, 426, 'ship_pobox', 'vtiger_soshipads', 1, '1', 'ship_pobox', 'Shipping Po Box', 1, 2, '', 100, 4, 63, 1, 'V~O', 3, NULL, 'BAS', 1, NULL, 0),
(22, 427, 'description', 'vtiger_crmentity', 1, '19', 'description', 'Description', 1, 2, '', 100, 1, 66, 1, 'V~O', 3, NULL, 'ADV', 1, NULL, 0),
(22, 428, 'terms_conditions', 'vtiger_salesorder', 1, '19', 'terms_conditions', 'Terms & Conditions', 1, 2, '', 100, 1, 65, 1, 'V~O', 3, NULL, 'ADV', 1, NULL, 0),
(22, 429, 'enable_recurring', 'vtiger_salesorder', 1, '56', 'enable_recurring', 'Enable Recurring', 1, 0, '', 100, 1, 85, 1, 'C~O', 3, NULL, 'BAS', 0, NULL, 0),
(22, 430, 'recurring_frequency', 'vtiger_invoice_recurring_info', 1, '16', 'recurring_frequency', 'Frequency', 1, 0, '', 100, 2, 85, 1, 'V~O', 3, NULL, 'BAS', 0, NULL, 0),
(22, 431, 'start_period', 'vtiger_invoice_recurring_info', 1, '5', 'start_period', 'Start Period', 1, 0, '', 100, 3, 85, 1, 'D~O', 3, NULL, 'BAS', 0, NULL, 0),
(22, 432, 'end_period', 'vtiger_invoice_recurring_info', 1, '5', 'end_period', 'End Period', 1, 0, '', 100, 4, 85, 1, 'D~O~OTH~G~start_period~Start Period', 3, NULL, 'BAS', 0, NULL, 0),
(22, 433, 'payment_duration', 'vtiger_invoice_recurring_info', 1, '16', 'payment_duration', 'Payment Duration', 1, 0, '', 100, 5, 85, 1, 'V~O', 3, NULL, 'BAS', 0, NULL, 0),
(22, 434, 'invoice_status', 'vtiger_invoice_recurring_info', 1, '15', 'invoicestatus', 'Invoice Status', 1, 0, '', 100, 6, 85, 1, 'V~M', 3, NULL, 'BAS', 0, NULL, 0),
(23, 435, 'subject', 'vtiger_invoice', 1, '2', 'subject', 'Subject', 1, 0, '', 100, 1, 67, 1, 'V~M', 3, NULL, 'BAS', 1, NULL, 1),
(23, 436, 'salesorderid', 'vtiger_invoice', 1, '80', 'salesorder_id', 'Sales Order', 1, 2, '', 100, 2, 67, 1, 'I~O', 3, NULL, 'BAS', 0, NULL, 1),
(23, 437, 'customerno', 'vtiger_invoice', 1, '1', 'customerno', 'Customer No', 1, 2, '', 100, 3, 67, 1, 'V~O', 3, NULL, 'BAS', 1, NULL, 0),
(23, 438, 'contactid', 'vtiger_invoice', 1, '57', 'contact_id', 'Contact Name', 1, 2, '', 100, 4, 67, 1, 'I~O', 3, NULL, 'BAS', 1, NULL, 0),
(23, 439, 'invoicedate', 'vtiger_invoice', 1, '5', 'invoicedate', 'Invoice Date', 1, 2, '', 100, 5, 67, 1, 'D~O', 3, NULL, 'BAS', 1, NULL, 0),
(23, 440, 'duedate', 'vtiger_invoice', 1, '5', 'duedate', 'Due Date', 1, 2, '', 100, 6, 67, 1, 'D~O', 3, NULL, 'BAS', 1, NULL, 0),
(23, 441, 'purchaseorder', 'vtiger_invoice', 1, '1', 'vtiger_purchaseorder', 'Purchase Order', 1, 2, '', 100, 8, 67, 1, 'V~O', 3, NULL, 'BAS', 1, NULL, 0),
(23, 442, 'adjustment', 'vtiger_invoice', 1, '72', 'txtAdjustment', 'Adjustment', 1, 2, '', 100, 9, 67, 3, 'NN~O', 3, NULL, 'BAS', 1, NULL, 0),
(23, 443, 'salescommission', 'vtiger_invoice', 1, '1', 'salescommission', 'Sales Commission', 1, 2, '', 10, 13, 67, 1, 'N~O', 3, NULL, 'BAS', 1, NULL, 0),
(23, 444, 'exciseduty', 'vtiger_invoice', 1, '1', 'exciseduty', 'Excise Duty', 1, 2, '', 100, 11, 67, 1, 'N~O', 3, NULL, 'BAS', 1, NULL, 0),
(23, 445, 'subtotal', 'vtiger_invoice', 1, '72', 'hdnSubTotal', 'Sub Total', 1, 2, '', 100, 12, 67, 3, 'N~O', 3, NULL, 'BAS', 1, NULL, 0),
(23, 446, 'total', 'vtiger_invoice', 1, '72', 'hdnGrandTotal', 'Total', 1, 2, '', 100, 13, 67, 3, 'N~O', 3, NULL, 'BAS', 1, NULL, 1),
(23, 447, 'taxtype', 'vtiger_invoice', 1, '16', 'hdnTaxType', 'Tax Type', 1, 2, '', 100, 13, 67, 3, 'V~O', 3, NULL, 'BAS', 1, NULL, 0),
(23, 448, 'discount_percent', 'vtiger_invoice', 1, '1', 'hdnDiscountPercent', 'Discount Percent', 1, 2, '', 100, 13, 67, 3, 'N~O', 3, NULL, 'BAS', 1, NULL, 0),
(23, 449, 'discount_amount', 'vtiger_invoice', 1, '72', 'hdnDiscountAmount', 'Discount Amount', 1, 2, '', 100, 13, 67, 3, 'N~O', 3, NULL, 'BAS', 1, NULL, 0),
(23, 450, 's_h_amount', 'vtiger_invoice', 1, '72', 'hdnS_H_Amount', 'S&H Amount', 1, 2, '', 100, 14, 67, 3, 'N~O', 3, NULL, 'BAS', 1, NULL, 0),
(23, 451, 'accountid', 'vtiger_invoice', 1, '73', 'account_id', 'Account Name', 1, 2, '', 100, 14, 67, 1, 'I~M', 3, NULL, 'BAS', 1, NULL, 0),
(23, 452, 'invoicestatus', 'vtiger_invoice', 1, '15', 'invoicestatus', 'Status', 1, 2, '', 100, 15, 67, 1, 'V~O', 3, NULL, 'BAS', 1, NULL, 1),
(23, 453, 'smownerid', 'vtiger_crmentity', 1, '53', 'assigned_user_id', 'Assigned To', 1, 0, '', 100, 16, 67, 1, 'V~M', 3, NULL, 'BAS', 1, NULL, 1),
(23, 454, 'createdtime', 'vtiger_crmentity', 1, '70', 'createdtime', 'Created Time', 1, 0, '', 100, 17, 67, 2, 'DT~O', 3, NULL, 'BAS', 0, NULL, 0),
(23, 455, 'modifiedtime', 'vtiger_crmentity', 1, '70', 'modifiedtime', 'Modified Time', 1, 0, '', 100, 18, 67, 2, 'DT~O', 3, NULL, 'BAS', 0, NULL, 0),
(23, 456, 'modifiedby', 'vtiger_crmentity', 1, '52', 'modifiedby', 'Last Modified By', 1, 0, '', 100, 22, 67, 3, 'V~O', 3, NULL, 'BAS', 0, NULL, 0),
(23, 457, 'currency_id', 'vtiger_invoice', 1, '117', 'currency_id', 'Currency', 1, 2, '1', 100, 19, 67, 3, 'I~O', 3, NULL, 'BAS', 1, NULL, 0),
(23, 458, 'conversion_rate', 'vtiger_invoice', 1, '1', 'conversion_rate', 'Conversion Rate', 1, 2, '1', 100, 20, 67, 3, 'N~O', 3, NULL, 'BAS', 1, NULL, 0),
(23, 459, 'bill_street', 'vtiger_invoicebillads', 1, '24', 'bill_street', 'Billing Address', 1, 2, '', 100, 1, 69, 1, 'V~M', 3, NULL, 'BAS', 1, NULL, 0),
(23, 460, 'ship_street', 'vtiger_invoiceshipads', 1, '24', 'ship_street', 'Shipping Address', 1, 2, '', 100, 2, 69, 1, 'V~M', 3, NULL, 'BAS', 1, NULL, 0),
(23, 461, 'bill_city', 'vtiger_invoicebillads', 1, '1', 'bill_city', 'Billing City', 1, 2, '', 100, 5, 69, 1, 'V~O', 3, NULL, 'BAS', 1, NULL, 0),
(23, 462, 'ship_city', 'vtiger_invoiceshipads', 1, '1', 'ship_city', 'Shipping City', 1, 2, '', 100, 6, 69, 1, 'V~O', 3, NULL, 'BAS', 1, NULL, 0),
(23, 463, 'bill_state', 'vtiger_invoicebillads', 1, '1', 'bill_state', 'Billing State', 1, 2, '', 100, 7, 69, 1, 'V~O', 3, NULL, 'BAS', 1, NULL, 0),
(23, 464, 'ship_state', 'vtiger_invoiceshipads', 1, '1', 'ship_state', 'Shipping State', 1, 2, '', 100, 8, 69, 1, 'V~O', 3, NULL, 'BAS', 1, NULL, 0),
(23, 465, 'bill_code', 'vtiger_invoicebillads', 1, '1', 'bill_code', 'Billing Code', 1, 2, '', 100, 9, 69, 1, 'V~O', 3, NULL, 'BAS', 1, NULL, 0),
(23, 466, 'ship_code', 'vtiger_invoiceshipads', 1, '1', 'ship_code', 'Shipping Code', 1, 2, '', 100, 10, 69, 1, 'V~O', 3, NULL, 'BAS', 1, NULL, 0),
(23, 467, 'bill_country', 'vtiger_invoicebillads', 1, '1', 'bill_country', 'Billing Country', 1, 2, '', 100, 11, 69, 1, 'V~O', 3, NULL, 'BAS', 1, NULL, 0),
(23, 468, 'ship_country', 'vtiger_invoiceshipads', 1, '1', 'ship_country', 'Shipping Country', 1, 2, '', 100, 12, 69, 1, 'V~O', 3, NULL, 'BAS', 1, NULL, 0),
(23, 469, 'bill_pobox', 'vtiger_invoicebillads', 1, '1', 'bill_pobox', 'Billing Po Box', 1, 2, '', 100, 3, 69, 1, 'V~O', 3, NULL, 'BAS', 1, NULL, 0),
(23, 470, 'ship_pobox', 'vtiger_invoiceshipads', 1, '1', 'ship_pobox', 'Shipping Po Box', 1, 2, '', 100, 4, 69, 1, 'V~O', 3, NULL, 'BAS', 1, NULL, 0),
(23, 471, 'description', 'vtiger_crmentity', 1, '19', 'description', 'Description', 1, 2, '', 100, 1, 72, 1, 'V~O', 3, NULL, 'ADV', 1, NULL, 0),
(23, 472, 'terms_conditions', 'vtiger_invoice', 1, '19', 'terms_conditions', 'Terms & Conditions', 1, 2, '', 100, 1, 71, 1, 'V~O', 3, NULL, 'ADV', 1, NULL, 0),
(23, 473, 'invoice_no', 'vtiger_invoice', 1, '4', 'invoice_no', 'Invoice No', 1, 0, '', 100, 3, 67, 1, 'V~O', 3, NULL, 'BAS', 0, NULL, 1),
(29, 474, 'user_name', 'vtiger_users', 1, '106', 'user_name', 'User Name', 1, 0, '', 11, 1, 77, 1, 'V~M', 1, NULL, 'BAS', 1, NULL, 0),
(29, 475, 'is_admin', 'vtiger_users', 1, '156', 'is_admin', 'Admin', 1, 0, '', 3, 7, 77, 1, 'V~O', 1, NULL, 'BAS', 1, NULL, 0),
(29, 476, 'user_password', 'vtiger_users', 1, '99', 'user_password', 'Password', 1, 0, '', 30, 5, 77, 4, 'P~M', 1, NULL, 'BAS', 1, NULL, 0),
(29, 477, 'confirm_password', 'vtiger_users', 1, '99', 'confirm_password', 'Confirm Password', 1, 0, '', 30, 6, 77, 4, 'P~M', 1, NULL, 'BAS', 1, NULL, 0),
(29, 478, 'first_name', 'vtiger_users', 1, '1', 'first_name', 'First Name', 1, 0, '', 30, 3, 77, 1, 'V~O', 1, NULL, 'BAS', 1, NULL, 0),
(29, 479, 'last_name', 'vtiger_users', 1, '2', 'last_name', 'Last Name', 1, 0, '', 30, 4, 77, 1, 'V~M', 1, NULL, 'BAS', 1, NULL, 0),
(29, 480, 'roleid', 'vtiger_user2role', 1, '98', 'roleid', 'Role', 1, 0, '', 200, 8, 77, 1, 'V~M', 1, NULL, 'BAS', 1, NULL, 0),
(29, 481, 'email1', 'vtiger_users', 1, '104', 'email1', 'Email', 1, 0, '', 100, 2, 77, 1, 'E~M', 1, NULL, 'BAS', 1, NULL, 0),
(29, 482, 'status', 'vtiger_users', 1, '115', 'status', 'Status', 1, 0, 'Active', 100, 10, 77, 1, 'V~O', 1, NULL, 'BAS', 1, NULL, 0),
(29, 483, 'activity_view', 'vtiger_users', 1, '16', 'activity_view', 'Default Activity View', 1, 0, '', 100, 6, 118, 1, 'V~O', 1, NULL, 'BAS', 1, NULL, 0),
(29, 484, 'lead_view', 'vtiger_users', 1, '16', 'lead_view', 'Default Lead View', 1, 0, '', 100, 9, 77, 1, 'V~O', 1, NULL, 'BAS', 1, NULL, 0),
(29, 485, 'hour_format', 'vtiger_users', 1, '16', 'hour_format', 'Calendar Hour Format', 1, 0, '12', 100, 4, 118, 1, 'V~O', 1, NULL, 'BAS', 1, NULL, 0),
(29, 486, 'end_hour', 'vtiger_users', 1, '116', 'end_hour', 'Day ends at', 1, 0, '', 100, 11, 77, 3, 'V~O', 1, NULL, 'BAS', 1, NULL, 0),
(29, 487, 'start_hour', 'vtiger_users', 1, '16', 'start_hour', 'Day starts at', 1, 0, '', 100, 2, 118, 1, 'V~O', 1, NULL, 'BAS', 1, NULL, 0),
(29, 488, 'title', 'vtiger_users', 1, '1', 'title', 'Title', 1, 0, '', 50, 1, 79, 1, 'V~O', 1, NULL, 'BAS', 1, NULL, 0),
(29, 489, 'phone_work', 'vtiger_users', 1, '11', 'phone_work', 'Office Phone', 1, 0, '', 50, 5, 79, 1, 'V~O', 1, NULL, 'BAS', 1, NULL, 0),
(29, 490, 'department', 'vtiger_users', 1, '1', 'department', 'Department', 1, 0, '', 50, 3, 79, 1, 'V~O', 1, NULL, 'BAS', 1, NULL, 0),
(29, 491, 'phone_mobile', 'vtiger_users', 1, '11', 'phone_mobile', 'Mobile', 1, 0, '', 50, 7, 79, 1, 'V~O', 1, NULL, 'BAS', 1, NULL, 0),
(29, 492, 'reports_to_id', 'vtiger_users', 1, '101', 'reports_to_id', 'Reports To', 1, 0, '', 50, 8, 79, 1, 'V~O', 1, NULL, 'BAS', 1, NULL, 0),
(29, 493, 'phone_other', 'vtiger_users', 1, '11', 'phone_other', 'Other Phone', 1, 0, '', 50, 11, 79, 1, 'V~O', 1, NULL, 'BAS', 1, NULL, 0),
(29, 494, 'email2', 'vtiger_users', 1, '13', 'email2', 'Other Email', 1, 0, '', 100, 4, 79, 1, 'E~O', 1, NULL, 'BAS', 1, NULL, 0),
(29, 495, 'phone_fax', 'vtiger_users', 1, '11', 'phone_fax', 'Fax', 1, 0, '', 50, 2, 79, 1, 'V~O', 1, NULL, 'BAS', 1, NULL, 0),
(29, 496, 'secondaryemail', 'vtiger_users', 1, '13', 'secondaryemail', 'Secondary Email', 1, 0, '', 100, 6, 79, 1, 'E~O', 1, NULL, 'BAS', 1, NULL, 0),
(29, 497, 'phone_home', 'vtiger_users', 1, '11', 'phone_home', 'Home Phone', 1, 0, '', 50, 9, 79, 1, 'V~O', 1, NULL, 'BAS', 1, NULL, 0),
(29, 498, 'date_format', 'vtiger_users', 1, '16', 'date_format', 'Date Format', 1, 0, '', 30, 3, 118, 1, 'V~O', 1, NULL, 'BAS', 1, NULL, 0),
(29, 499, 'signature', 'vtiger_users', 1, '21', 'signature', 'Signature', 1, 0, '', 250, 13, 79, 1, 'V~O', 1, NULL, 'BAS', 1, NULL, 0),
(29, 500, 'description', 'vtiger_users', 1, '21', 'description', 'Documents', 1, 0, '', 250, 14, 79, 1, 'V~O', 1, NULL, 'BAS', 1, NULL, 0),
(29, 501, 'address_street', 'vtiger_users', 1, '21', 'address_street', 'Street Address', 1, 0, '', 250, 1, 80, 1, 'V~O', 1, NULL, 'BAS', 1, NULL, 0),
(29, 502, 'address_city', 'vtiger_users', 1, '1', 'address_city', 'City', 1, 0, '', 100, 3, 80, 1, 'V~O', 1, NULL, 'BAS', 1, NULL, 0),
(29, 503, 'address_state', 'vtiger_users', 1, '1', 'address_state', 'State', 1, 0, '', 100, 5, 80, 1, 'V~O', 1, NULL, 'BAS', 1, NULL, 0),
(29, 504, 'address_postalcode', 'vtiger_users', 1, '1', 'address_postalcode', 'Postal Code', 1, 0, '', 100, 4, 80, 1, 'V~O', 1, NULL, 'BAS', 1, NULL, 0),
(29, 505, 'address_country', 'vtiger_users', 1, '1', 'address_country', 'Country', 1, 0, '', 100, 2, 80, 1, 'V~O', 1, NULL, 'BAS', 1, NULL, 0),
(29, 506, 'accesskey', 'vtiger_users', 1, '3', 'accesskey', 'Webservice Access Key', 1, 0, '', 100, 2, 83, 2, 'V~O', 1, NULL, 'BAS', 1, NULL, 0),
(29, 507, 'time_zone', 'vtiger_users', 1, '16', 'time_zone', 'Time Zone', 1, 0, '', 200, 5, 118, 1, 'V~O', 1, NULL, 'BAS', 1, NULL, 0),
(29, 508, 'currency_id', 'vtiger_users', 1, '117', 'currency_id', 'Currency', 1, 0, '', 100, 1, 78, 1, 'I~O', 1, NULL, 'BAS', 1, NULL, 0),
(29, 509, 'currency_grouping_pattern', 'vtiger_users', 1, '16', 'currency_grouping_pattern', 'Digit Grouping Pattern', 1, 0, '', 100, 2, 78, 1, 'V~O', 1, NULL, 'BAS', 1, '<b>Currency - Digit Grouping Pattern</b> <br/><br/>This pattern specifies the format in which the currency separator will be placed.', 0),
(29, 510, 'currency_decimal_separator', 'vtiger_users', 1, '16', 'currency_decimal_separator', 'Decimal Separator', 1, 0, '', 2, 3, 78, 1, 'V~O', 1, NULL, 'BAS', 1, '<b>Currency - Decimal Separator</b> <br/><br/>Decimal separator specifies the separator to be used to separate the fractional values from the whole number part. <br/><b>Eg:</b> <br/>. => 123.45 <br/>, => 123,45 <br/>'' => 123''45 <br/>  => 123 45 <br/>$ => 123$45 <br/>', 0),
(29, 511, 'currency_grouping_separator', 'vtiger_users', 1, '16', 'currency_grouping_separator', 'Digit Grouping Separator', 1, 0, '', 2, 4, 78, 1, 'V~O', 1, NULL, 'BAS', 1, '<b>Currency - Grouping Separator</b> <br/><br/>Grouping separator specifies the separator to be used to group the whole number part into hundreds, thousands etc. <br/><b>Eg:</b> <br/>. => 123.456.789 <br/>, => 123,456,789 <br/>'' => 123''456''789 <br/>  => 123 456 789 <br/>$ => 123$456$789 <br/>', 0),
(29, 512, 'currency_symbol_placement', 'vtiger_users', 1, '16', 'currency_symbol_placement', 'Symbol Placement', 1, 0, '', 20, 5, 78, 1, 'V~O', 1, NULL, 'BAS', 1, '<b>Currency - Symbol Placement</b> <br/><br/>Symbol Placement allows you to configure the position of the currency symbol with respect to the currency value.<br/><b>Eg:</b> <br/>$1.0 => $123,456,789.50 <br/>1.0$ => 123,456,789.50$ <br/>', 0),
(29, 513, 'imagename', 'vtiger_users', 1, '105', 'imagename', 'User Image', 1, 0, '', 250, 10, 82, 1, 'V~O', 1, NULL, 'BAS', 1, NULL, 0),
(29, 514, 'internal_mailer', 'vtiger_users', 1, '56', 'internal_mailer', 'INTERNAL_MAIL_COMPOSER', 1, 0, '', 50, 15, 79, 1, 'V~O', 1, NULL, 'BAS', 1, NULL, 0),
(29, 515, 'theme', 'vtiger_users', 1, '31', 'theme', 'Theme', 1, 0, 'softed', 100, 16, 79, 1, 'V~O', 1, NULL, 'BAS', 1, NULL, 0),
(29, 516, 'language', 'vtiger_users', 1, '32', 'language', 'Language', 1, 0, '', 100, 17, 79, 1, 'V~O', 1, NULL, 'BAS', 1, NULL, 0),
(29, 517, 'reminder_interval', 'vtiger_users', 1, '16', 'reminder_interval', 'Reminder Interval', 1, 0, '', 100, 11, 118, 1, 'V~O', 1, NULL, 'BAS', 1, NULL, 0),
(10, 518, 'from_email', 'vtiger_emaildetails', 1, '12', 'from_email', 'From', 1, 2, '', 100, 1, 21, 3, 'V~M', 3, NULL, 'BAS', 0, NULL, 0),
(10, 519, 'to_email', 'vtiger_emaildetails', 1, '8', 'saved_toid', 'To', 1, 2, '', 100, 2, 21, 1, 'V~M', 3, NULL, 'BAS', 0, NULL, 0),
(10, 520, 'cc_email', 'vtiger_emaildetails', 1, '8', 'ccmail', 'CC', 1, 2, '', 1000, 3, 21, 1, 'V~O', 3, NULL, 'BAS', 0, NULL, 0),
(10, 521, 'bcc_email', 'vtiger_emaildetails', 1, '8', 'bccmail', 'BCC', 1, 2, '', 1000, 4, 21, 1, 'V~O', 3, NULL, 'BAS', 0, NULL, 0),
(10, 522, 'idlists', 'vtiger_emaildetails', 1, '357', 'parent_id', 'Parent ID', 1, 2, '', 1000, 5, 21, 1, 'V~O', 3, NULL, 'BAS', 0, NULL, 0),
(10, 523, 'email_flag', 'vtiger_emaildetails', 1, '16', 'email_flag', 'Email Flag', 1, 2, '', 1000, 6, 21, 3, 'V~O', 3, NULL, 'BAS', 0, NULL, 0),
(30, 524, 'servicename', 'vtiger_service', 1, '2', 'servicename', 'Service Name', 1, 0, '', 100, 1, 88, 1, 'V~M', 0, 1, 'BAS', 1, '', 1),
(30, 525, 'service_no', 'vtiger_service', 1, '4', 'service_no', 'Service No', 1, 0, '', 100, 2, 88, 1, 'V~O', 3, 0, 'BAS', 0, '', 1),
(30, 526, 'discontinued', 'vtiger_service', 1, '56', 'discontinued', 'Service Active', 1, 2, '', 100, 4, 88, 1, 'V~O', 2, 3, 'BAS', 1, '', 0),
(30, 527, 'sales_start_date', 'vtiger_service', 1, '5', 'sales_start_date', 'Sales Start Date', 1, 2, '', 100, 9, 88, 1, 'D~O', 1, NULL, 'BAS', 1, '', 0),
(30, 528, 'sales_end_date', 'vtiger_service', 1, '5', 'sales_end_date', 'Sales End Date', 1, 2, '', 100, 10, 88, 1, 'D~O~OTH~GE~sales_start_date~Sales Start Date', 1, NULL, 'BAS', 1, '', 0),
(30, 529, 'start_date', 'vtiger_service', 1, '5', 'start_date', 'Support Start Date', 1, 2, '', 100, 11, 88, 1, 'D~O', 1, NULL, 'BAS', 1, '', 0),
(30, 530, 'expiry_date', 'vtiger_service', 1, '5', 'expiry_date', 'Support Expiry Date', 1, 2, '', 100, 12, 88, 1, 'D~O~OTH~GE~start_date~Start Date', 1, NULL, 'BAS', 1, '', 0),
(30, 531, 'website', 'vtiger_service', 1, '17', 'website', 'Website', 1, 2, '', 100, 6, 88, 1, 'V~O', 1, NULL, 'BAS', 1, '', 0),
(30, 532, 'createdtime', 'vtiger_crmentity', 1, '70', 'createdtime', 'Created Time', 1, 0, '', 100, 13, 88, 2, 'DT~O', 3, 0, 'BAS', 0, '', 0),
(30, 533, 'modifiedtime', 'vtiger_crmentity', 1, '70', 'modifiedtime', 'Modified Time', 1, 0, '', 100, 14, 88, 2, 'DT~O', 3, 0, 'BAS', 0, '', 0),
(30, 534, 'modifiedby', 'vtiger_crmentity', 1, '52', 'modifiedby', 'Last Modified By', 1, 0, '', 100, 16, 88, 3, 'V~O', 3, 0, 'BAS', 0, '', 0),
(30, 535, 'service_usageunit', 'vtiger_service', 1, '15', 'service_usageunit', 'Usage Unit', 1, 2, '', 100, 3, 88, 1, 'V~O', 1, NULL, 'BAS', 1, '', 0),
(30, 536, 'qty_per_unit', 'vtiger_service', 1, '1', 'qty_per_unit', 'No of Units', 1, 2, '', 100, 5, 88, 1, 'N~O', 1, NULL, 'BAS', 1, '', 1),
(30, 537, 'smownerid', 'vtiger_crmentity', 1, '53', 'assigned_user_id', 'Owner', 1, 0, '', 100, 8, 88, 1, 'I~O', 1, NULL, 'BAS', 1, '', 0),
(30, 538, 'servicecategory', 'vtiger_service', 1, '15', 'servicecategory', 'Service Category', 1, 2, '', 100, 7, 88, 1, 'V~O', 1, NULL, 'BAS', 1, '', 0),
(30, 539, 'unit_price', 'vtiger_service', 1, '72', 'unit_price', 'Price', 1, 0, '', 100, 1, 89, 1, 'N~O', 2, 2, 'BAS', 0, '', 1),
(30, 540, 'taxclass', 'vtiger_service', 1, '83', 'taxclass', 'Tax Class', 1, 2, '', 100, 4, 89, 1, 'V~O', 1, NULL, 'BAS', 1, '', 0),
(30, 541, 'commissionrate', 'vtiger_service', 1, '9', 'commissionrate', 'Commission Rate', 1, 2, '', 100, 2, 89, 1, 'N~O', 1, NULL, 'BAS', 1, '', 1),
(30, 542, 'description', 'vtiger_crmentity', 1, '19', 'description', 'Description', 1, 2, '', 100, 1, 91, 1, 'V~O', 1, NULL, 'BAS', 1, '', 0),
(33, 543, 'smownerid', 'vtiger_crmentity', 1, '53', 'assigned_user_id', 'Assigned To', 1, 2, '', 100, 4, 92, 1, 'V~M', 2, 2, 'BAS', 1, '', 1),
(33, 544, 'createdtime', 'vtiger_crmentity', 1, '70', 'createdtime', 'Created Time', 1, 0, '', 100, 17, 92, 2, 'DT~O', 3, 0, 'BAS', 0, '', 0),
(33, 545, 'modifiedtime', 'vtiger_crmentity', 1, '70', 'modifiedtime', 'Modified Time', 1, 0, '', 100, 18, 92, 2, 'DT~O', 3, 0, 'BAS', 0, '', 0),
(33, 546, 'start_date', 'vtiger_servicecontracts', 1, '5', 'start_date', 'Start Date', 1, 2, '', 100, 7, 92, 1, 'D~O', 2, 4, 'BAS', 1, '', 0),
(33, 547, 'end_date', 'vtiger_servicecontracts', 1, '5', 'end_date', 'End Date', 1, 2, '', 100, 11, 92, 2, 'D~O', 3, 0, 'BAS', 0, '', 0),
(33, 548, 'sc_related_to', 'vtiger_servicecontracts', 1, '10', 'sc_related_to', 'Related to', 1, 2, '', 100, 3, 92, 1, 'V~O', 2, 6, 'BAS', 1, '', 0),
(33, 549, 'tracking_unit', 'vtiger_servicecontracts', 1, '15', 'tracking_unit', 'Tracking Unit', 1, 2, '', 100, 6, 92, 1, 'V~O', 2, 7, 'BAS', 1, '', 0),
(33, 550, 'total_units', 'vtiger_servicecontracts', 1, '7', 'total_units', 'Total Units', 1, 2, '', 100, 8, 92, 1, 'V~O', 2, 8, 'BAS', 1, '', 1),
(33, 551, 'used_units', 'vtiger_servicecontracts', 1, '7', 'used_units', 'Used Units', 1, 2, '', 100, 10, 92, 1, 'V~O', 2, 9, 'BAS', 1, '', 1),
(33, 552, 'subject', 'vtiger_servicecontracts', 1, '1', 'subject', 'Subject', 1, 0, '', 100, 1, 92, 1, 'V~M', 0, 1, 'BAS', 1, '', 1),
(33, 553, 'due_date', 'vtiger_servicecontracts', 1, '23', 'due_date', 'Due date', 1, 2, '', 100, 9, 92, 1, 'D~O', 2, 5, 'BAS', 1, '', 0),
(33, 554, 'planned_duration', 'vtiger_servicecontracts', 1, '1', 'planned_duration', 'Planned Duration', 1, 2, '', 100, 13, 92, 2, 'V~O', 3, 0, 'BAS', 0, '', 0),
(33, 555, 'actual_duration', 'vtiger_servicecontracts', 1, '1', 'actual_duration', 'Actual Duration', 1, 2, '', 100, 15, 92, 2, 'V~O', 3, 0, 'BAS', 0, '', 0),
(33, 556, 'contract_status', 'vtiger_servicecontracts', 1, '15', 'contract_status', 'Status', 1, 2, '', 100, 12, 92, 1, 'V~O', 1, NULL, 'BAS', 1, '', 0),
(33, 557, 'priority', 'vtiger_servicecontracts', 1, '15', 'contract_priority', 'Priority', 1, 2, '', 100, 14, 92, 1, 'V~O', 1, NULL, 'BAS', 1, '', 0),
(33, 558, 'contract_type', 'vtiger_servicecontracts', 1, '15', 'contract_type', 'Type', 1, 2, '', 100, 5, 92, 1, 'V~O', 1, NULL, 'BAS', 1, '', 0),
(33, 559, 'progress', 'vtiger_servicecontracts', 1, '9', 'progress', 'Progress', 1, 2, '', 100, 16, 92, 2, 'N~O~2~2', 3, 3, 'BAS', 0, '', 0),
(33, 560, 'contract_no', 'vtiger_servicecontracts', 1, '4', 'contract_no', 'Contract No', 1, 0, '', 100, 2, 92, 1, 'V~O', 3, 0, 'BAS', 0, '', 1),
(33, 561, 'modifiedby', 'vtiger_crmentity', 1, '52', 'modifiedby', 'Last Modified By', 1, 0, '', 100, 17, 92, 3, 'V~O', 3, 0, 'BAS', 0, '', 0),
(35, 562, 'direction', 'vtiger_pbxmanager', 1, '1', 'direction', 'Direction', 1, 2, '', 100, 1, 94, 1, 'V~O', 1, NULL, 'BAS', 1, '', 0),
(35, 563, 'callstatus', 'vtiger_pbxmanager', 1, '1', 'callstatus', 'Call Status', 1, 2, '', 100, 2, 94, 1, 'V~O', 1, NULL, 'BAS', 1, '', 1),
(35, 564, 'starttime', 'vtiger_pbxmanager', 1, '70', 'starttime', 'Start Time', 1, 2, '', 100, 7, 94, 1, 'DT~O', 1, NULL, 'BAS', 1, '', 1),
(35, 565, 'endtime', 'vtiger_pbxmanager', 1, '70', 'endtime', 'End Time', 1, 2, '', 100, 8, 94, 1, 'DT~O', 1, NULL, 'BAS', 1, '', 0),
(35, 566, 'totalduration', 'vtiger_pbxmanager', 1, '7', 'totalduration', 'Total Duration', 1, 2, '', 100, 10, 94, 1, 'I~O', 1, NULL, 'BAS', 1, '', 0),
(35, 567, 'billduration', 'vtiger_pbxmanager', 1, '7', 'billduration', 'Bill Duration', 1, 2, '', 100, 11, 94, 1, 'I~O', 1, NULL, 'BAS', 1, '', 0),
(35, 568, 'recordingurl', 'vtiger_pbxmanager', 1, '17', 'recordingurl', 'Recording URL', 1, 2, '', 100, 9, 94, 1, 'V~O', 1, NULL, 'BAS', 1, '', 1),
(35, 569, 'sourceuuid', 'vtiger_pbxmanager', 1, '1', 'sourceuuid', 'Source UUID', 1, 2, '', 100, 12, 94, 1, 'V~O', 1, NULL, 'BAS', 1, '', 0),
(35, 570, 'gateway', 'vtiger_pbxmanager', 1, '1', 'gateway', 'Gateway', 1, 2, '', 100, 13, 94, 1, 'V~O', 1, NULL, 'BAS', 1, '', 0),
(35, 571, 'customer', 'vtiger_pbxmanager', 1, '10', 'customer', 'Customer', 1, 2, '', 100, 3, 94, 1, 'V~O', 1, NULL, 'BAS', 1, '', 1),
(35, 572, 'user', 'vtiger_pbxmanager', 1, '52', 'user', 'User', 1, 2, '', 100, 4, 94, 1, 'V~O', 1, NULL, 'BAS', 1, '', 1),
(35, 573, 'customernumber', 'vtiger_pbxmanager', 1, '11', 'customernumber', 'Customer Number', 1, 2, '', 100, 5, 94, 1, 'V~M', 1, NULL, 'BAS', 1, '', 0),
(35, 574, 'customertype', 'vtiger_pbxmanager', 1, '1', 'customertype', 'Customer Type', 1, 2, '', 100, 6, 94, 1, 'V~O', 1, NULL, 'BAS', 1, '', 0),
(35, 575, 'smownerid', 'vtiger_crmentity', 1, '53', 'assigned_user_id', 'Assigned To', 1, 2, '', 100, 14, 94, 1, 'V~M', 1, NULL, 'BAS', 1, '', 0),
(35, 576, 'createdtime', 'vtiger_crmentity', 1, '70', 'CreatedTime', 'Created Time', 1, 2, '', 100, 15, 94, 2, 'DT~O', 1, NULL, 'BAS', 1, '', 0),
(35, 577, 'modifiedtime', 'vtiger_crmentity', 1, '70', 'ModifiedTime', 'Modified Time', 1, 2, '', 100, 16, 94, 2, 'DT~O', 1, NULL, 'BAS', 1, '', 0),
(29, 578, 'phone_crm_extension', 'vtiger_users', 1, '11', 'phone_crm_extension', 'CRM Phone Extension', 1, 2, '', 100, 18, 79, 1, 'V~O', 1, NULL, 'BAS', 1, '', 0),
(39, 579, 'smownerid', 'vtiger_crmentity', 1, '53', 'assigned_user_id', 'Assigned To', 1, 0, '', 100, 2, 95, 1, 'V~M', 1, NULL, 'BAS', 1, '', 1),
(39, 580, 'createdtime', 'vtiger_crmentity', 1, '70', 'createdtime', 'Created Time', 1, 0, '', 100, 5, 95, 2, 'DT~O', 1, NULL, 'BAS', 0, '', 0),
(39, 581, 'modifiedtime', 'vtiger_crmentity', 1, '70', 'modifiedtime', 'Modified Time', 1, 0, '', 100, 6, 95, 2, 'DT~O', 1, NULL, 'BAS', 0, '', 0),
(39, 582, 'message', 'vtiger_smsnotifier', 1, '21', 'message', 'message', 1, 0, '', 100, 1, 95, 1, 'V~M', 1, NULL, 'BAS', 1, '', 1),
(39, 583, 'modifiedby', 'vtiger_crmentity', 1, '52', 'modifiedby', 'Last Modified By', 1, 0, '', 100, 7, 95, 3, 'V~O', 1, NULL, 'BAS', 0, '', 0),
(42, 584, 'commentcontent', 'vtiger_modcomments', 1, '19', 'commentcontent', 'Comment', 1, 0, '', 100, 4, 98, 1, 'V~M', 0, 4, 'BAS', 2, '', 1),
(42, 585, 'smownerid', 'vtiger_crmentity', 1, '53', 'assigned_user_id', 'Assigned To', 1, 0, '', 100, 1, 99, 1, 'V~M', 0, 1, 'BAS', 2, '', 1),
(42, 586, 'createdtime', 'vtiger_crmentity', 1, '70', 'createdtime', 'Created Time', 1, 0, '', 100, 5, 99, 2, 'DT~O', 0, 2, 'BAS', 0, '', 0),
(42, 587, 'modifiedtime', 'vtiger_crmentity', 1, '70', 'modifiedtime', 'Modified Time', 1, 0, '', 100, 6, 99, 2, 'DT~O', 0, 3, 'BAS', 0, '', 0),
(42, 588, 'related_to', 'vtiger_modcomments', 1, '10', 'related_to', 'Related To', 1, 2, '', 100, 2, 99, 1, 'V~M', 2, 5, 'BAS', 2, '', 0),
(42, 589, 'smcreatorid', 'vtiger_crmentity', 1, '52', 'creator', 'Creator', 1, 2, '', 100, 4, 99, 2, 'V~O', 1, NULL, 'BAS', 1, '', 0),
(42, 590, 'parent_comments', 'vtiger_modcomments', 1, '10', 'parent_comments', 'Related To Comments', 1, 2, '', 100, 7, 99, 1, 'V~O', 1, NULL, 'BAS', 1, '', 0),
(44, 591, 'projectmilestonename', 'vtiger_projectmilestone', 1, '2', 'projectmilestonename', 'Project Milestone Name', 1, 2, '', 100, 1, 101, 1, 'V~M', 0, 1, 'BAS', 1, '', 1),
(44, 592, 'projectmilestonedate', 'vtiger_projectmilestone', 1, '5', 'projectmilestonedate', 'Milestone Date', 1, 2, '', 100, 5, 101, 1, 'D~O', 0, 3, 'BAS', 1, '', 1),
(44, 593, 'projectid', 'vtiger_projectmilestone', 1, '10', 'projectid', 'Related to', 1, 0, '', 100, 4, 101, 1, 'V~M', 0, 4, 'BAS', 1, '', 0),
(44, 594, 'projectmilestonetype', 'vtiger_projectmilestone', 1, '15', 'projectmilestonetype', 'Type', 1, 2, '', 100, 7, 101, 1, 'V~O', 1, NULL, 'BAS', 1, '', 1),
(44, 595, 'smownerid', 'vtiger_crmentity', 1, '53', 'assigned_user_id', 'Assigned To', 1, 2, '', 100, 6, 101, 1, 'V~M', 0, 2, 'BAS', 1, '', 0),
(44, 596, 'projectmilestone_no', 'vtiger_projectmilestone', 2, '4', 'projectmilestone_no', 'Project Milestone No', 1, 0, '', 100, 2, 101, 1, 'V~O', 3, 4, 'BAS', 0, '', 0),
(44, 597, 'createdtime', 'vtiger_crmentity', 1, '70', 'createdtime', 'Created Time', 1, 2, '', 100, 1, 102, 2, 'T~O', 1, NULL, 'BAS', 1, '', 0),
(44, 598, 'modifiedtime', 'vtiger_crmentity', 1, '70', 'modifiedtime', 'Modified Time', 1, 2, '', 100, 2, 102, 2, 'T~O', 1, NULL, 'BAS', 1, '', 0),
(44, 599, 'modifiedby', 'vtiger_crmentity', 1, '52', 'modifiedby', 'Last Modified By', 1, 0, '', 100, 3, 102, 3, 'V~O', 3, 0, 'BAS', 0, '', 0),
(44, 600, 'description', 'vtiger_crmentity', 1, '19', 'description', 'description', 1, 2, '', 100, 1, 103, 1, 'V~O', 1, NULL, 'BAS', 1, '', 0),
(45, 601, 'projecttaskname', 'vtiger_projecttask', 1, '2', 'projecttaskname', 'Project Task Name', 1, 2, '', 100, 1, 104, 1, 'V~M', 0, 1, 'BAS', 1, '', 1),
(45, 602, 'projecttasktype', 'vtiger_projecttask', 1, '15', 'projecttasktype', 'Type', 1, 2, '', 100, 4, 104, 1, 'V~O', 1, NULL, 'BAS', 1, '', 1),
(45, 603, 'projecttaskpriority', 'vtiger_projecttask', 1, '15', 'projecttaskpriority', 'Priority', 1, 2, '', 100, 3, 104, 1, 'V~O', 1, NULL, 'BAS', 1, '', 0),
(45, 604, 'projectid', 'vtiger_projecttask', 1, '10', 'projectid', 'Related to', 1, 0, '', 100, 6, 104, 1, 'V~M', 0, 5, 'BAS', 1, '', 0),
(45, 605, 'smownerid', 'vtiger_crmentity', 1, '53', 'assigned_user_id', 'Assigned To', 1, 2, '', 100, 7, 104, 1, 'V~M', 0, 2, 'BAS', 1, '', 1),
(45, 606, 'projecttasknumber', 'vtiger_projecttask', 1, '7', 'projecttasknumber', 'Project Task Number', 1, 2, '', 100, 5, 104, 1, 'I~O', 1, NULL, 'BAS', 1, '', 0),
(45, 607, 'projecttask_no', 'vtiger_projecttask', 2, '4', 'projecttask_no', 'Project Task No', 1, 0, '', 100, 2, 104, 1, 'V~O', 3, 4, 'BAS', 0, '', 0),
(45, 608, 'projecttaskprogress', 'vtiger_projecttask', 1, '15', 'projecttaskprogress', 'Progress', 1, 2, '', 100, 1, 105, 1, 'V~O', 1, NULL, 'BAS', 1, '', 1),
(45, 609, 'projecttaskhours', 'vtiger_projecttask', 1, '7', 'projecttaskhours', 'Worked Hours', 1, 2, '', 100, 2, 105, 1, 'V~O', 1, NULL, 'BAS', 1, '', 0),
(45, 610, 'startdate', 'vtiger_projecttask', 1, '5', 'startdate', 'Start Date', 1, 2, '', 100, 3, 105, 1, 'D~O', 0, 3, 'BAS', 1, '', 1),
(45, 611, 'enddate', 'vtiger_projecttask', 1, '5', 'enddate', 'End Date', 1, 2, '', 100, 4, 105, 1, 'D~O~OTH~GE~startdate~Start Date', 1, NULL, 'BAS', 1, '', 1),
(45, 612, 'createdtime', 'vtiger_crmentity', 1, '70', 'createdtime', 'Created Time', 1, 2, '', 100, 5, 105, 2, 'T~O', 1, NULL, 'BAS', 1, '', 0),
(45, 613, 'modifiedtime', 'vtiger_crmentity', 1, '70', 'modifiedtime', 'Modified Time', 1, 2, '', 100, 6, 105, 2, 'T~O', 1, NULL, 'BAS', 1, '', 0),
(45, 614, 'modifiedby', 'vtiger_crmentity', 1, '52', 'modifiedby', 'Last Modified By', 1, 0, '', 100, 7, 105, 3, 'V~O', 3, 0, 'BAS', 0, '', 0),
(45, 615, 'description', 'vtiger_crmentity', 1, '19', 'description', 'description', 1, 2, '', 100, 1, 106, 1, 'V~O', 1, NULL, 'BAS', 1, '', 0),
(46, 616, 'projectname', 'vtiger_project', 1, '2', 'projectname', 'Project Name', 1, 2, '', 100, 1, 107, 1, 'V~M', 0, 1, 'BAS', 1, '', 1),
(46, 617, 'startdate', 'vtiger_project', 1, '23', 'startdate', 'Start Date', 1, 2, '', 100, 3, 107, 1, 'D~O', 0, 3, 'BAS', 1, '', 1),
(46, 618, 'targetenddate', 'vtiger_project', 1, '23', 'targetenddate', 'Target End Date', 1, 2, '', 100, 5, 107, 1, 'D~O~OTH~GE~startdate~Start Date', 0, 4, 'BAS', 1, '', 1),
(46, 619, 'actualenddate', 'vtiger_project', 1, '23', 'actualenddate', 'Actual End Date', 1, 2, '', 100, 6, 107, 1, 'D~O~OTH~GE~startdate~Start Date', 1, NULL, 'BAS', 1, '', 0),
(46, 620, 'projectstatus', 'vtiger_project', 1, '15', 'projectstatus', 'Status', 1, 2, '', 100, 7, 107, 1, 'V~O', 1, NULL, 'BAS', 1, '', 1),
(46, 621, 'projecttype', 'vtiger_project', 1, '15', 'projecttype', 'Type', 1, 2, '', 100, 8, 107, 1, 'V~O', 1, NULL, 'BAS', 1, '', 1),
(46, 622, 'linktoaccountscontacts', 'vtiger_project', 1, '10', 'linktoaccountscontacts', 'Related to', 1, 2, '', 100, 9, 107, 1, 'V~O', 1, NULL, 'BAS', 1, '', 0),
(46, 623, 'smownerid', 'vtiger_crmentity', 1, '53', 'assigned_user_id', 'Assigned To', 1, 2, '', 100, 4, 107, 1, 'V~M', 0, 2, 'BAS', 1, '', 1),
(46, 624, 'project_no', 'vtiger_project', 2, '4', 'project_no', 'Project No', 1, 0, '', 100, 2, 107, 1, 'V~O', 3, 0, 'BAS', 0, '', 0),
(46, 625, 'targetbudget', 'vtiger_project', 1, '7', 'targetbudget', 'Target Budget', 1, 2, '', 100, 1, 108, 1, 'V~O', 1, NULL, 'BAS', 1, '', 0),
(46, 626, 'projecturl', 'vtiger_project', 1, '17', 'projecturl', 'Project Url', 1, 2, '', 100, 2, 108, 1, 'V~O', 1, NULL, 'BAS', 1, '', 0),
(46, 627, 'projectpriority', 'vtiger_project', 1, '15', 'projectpriority', 'Priority', 1, 2, '', 100, 3, 108, 1, 'V~O', 1, NULL, 'BAS', 1, '', 0),
(46, 628, 'progress', 'vtiger_project', 1, '15', 'progress', 'Progress', 1, 2, '', 100, 4, 108, 1, 'V~O', 1, NULL, 'BAS', 1, '', 0),
(46, 629, 'createdtime', 'vtiger_crmentity', 1, '70', 'createdtime', 'Created Time', 1, 2, '', 100, 5, 108, 2, 'T~O', 1, NULL, 'BAS', 1, '', 0),
(46, 630, 'modifiedtime', 'vtiger_crmentity', 1, '70', 'modifiedtime', 'Modified Time', 1, 2, '', 100, 6, 108, 2, 'T~O', 1, NULL, 'BAS', 1, '', 0),
(46, 631, 'modifiedby', 'vtiger_crmentity', 1, '52', 'modifiedby', 'Last Modified By', 1, 0, '', 100, 7, 108, 3, 'V~O', 3, 0, 'BAS', 0, '', 0),
(46, 632, 'description', 'vtiger_crmentity', 1, '19', 'description', 'description', 1, 2, '', 100, 1, 109, 1, 'V~O', 1, NULL, 'BAS', 1, '', 0),
(47, 633, 'asset_no', 'vtiger_assets', 1, '4', 'asset_no', 'Asset No', 1, 0, '', 100, 2, 110, 1, 'V~O', 3, 0, 'BAS', 0, '\n                    ', 1),
(47, 634, 'product', 'vtiger_assets', 1, '10', 'product', 'Product Name', 1, 2, '', 100, 3, 110, 1, 'V~M', 0, 3, 'BAS', 1, '\n                    ', 1),
(47, 635, 'serialnumber', 'vtiger_assets', 1, '2', 'serialnumber', 'Serial Number', 1, 2, '', 100, 4, 110, 1, 'V~M', 0, 5, 'BAS', 1, '\n                    ', 0),
(47, 636, 'datesold', 'vtiger_assets', 1, '5', 'datesold', 'Date Sold', 1, 2, '', 100, 5, 110, 1, 'D~M~OTH~GE~datesold~Date Sold', 0, 0, 'BAS', 1, '\n                    ', 0),
(47, 637, 'dateinservice', 'vtiger_assets', 1, '5', 'dateinservice', 'Date in Service', 1, 2, '', 100, 6, 110, 1, 'D~M~OTH~GE~dateinservice~Date in Service', 0, 4, 'BAS', 1, '\n                    ', 0),
(47, 638, 'assetstatus', 'vtiger_assets', 1, '15', 'assetstatus', 'Status', 1, 2, '', 100, 7, 110, 1, 'V~M', 0, 0, 'BAS', 1, '\n                    ', 0),
(47, 639, 'tagnumber', 'vtiger_assets', 1, '2', 'tagnumber', 'Tag Number', 1, 2, '', 100, 8, 110, 1, 'V~O', 1, NULL, 'BAS', 1, '\n                    ', 0),
(47, 640, 'invoiceid', 'vtiger_assets', 1, '10', 'invoiceid', 'Invoice Name', 1, 2, '', 100, 9, 110, 1, 'V~O', 1, NULL, 'BAS', 1, '\n                    ', 0),
(47, 641, 'shippingmethod', 'vtiger_assets', 1, '2', 'shippingmethod', 'Shipping Method', 1, 2, '', 100, 10, 110, 1, 'V~O', 1, NULL, 'BAS', 1, '\n                    ', 0),
(47, 642, 'shippingtrackingnumber', 'vtiger_assets', 1, '2', 'shippingtrackingnumber', 'Shipping Tracking Number', 1, 2, '', 100, 11, 110, 1, 'V~O', 1, NULL, 'BAS', 1, '\n                    ', 0),
(47, 643, 'smownerid', 'vtiger_crmentity', 1, '53', 'assigned_user_id', 'Assigned To', 1, 2, '', 100, 4, 110, 1, 'V~M', 0, 2, 'BAS', 1, '\n                    ', 0),
(47, 644, 'assetname', 'vtiger_assets', 1, '1', 'assetname', 'Asset Name', 1, 0, '', 100, 12, 110, 1, 'V~M', 0, 6, 'BAS', 1, '\n                    ', 1),
(47, 645, 'account', 'vtiger_assets', 1, '10', 'account', 'Customer Name', 1, 2, '', 100, 13, 110, 1, 'V~M', 0, 0, 'BAS', 1, '\n                    ', 1),
(47, 646, 'contact', 'vtiger_assets', 1, '10', 'contact', 'Contact Name', 1, 2, '', 100, 14, 110, 1, 'V~O', 0, 0, 'BAS', 1, '\n                    ', 0),
(47, 647, 'createdtime', 'vtiger_crmentity', 1, '70', 'createdtime', 'Created Time', 1, 0, '', 100, 14, 110, 2, 'DT~O', 3, 0, 'BAS', 0, '\n                    ', 0),
(47, 648, 'modifiedtime', 'vtiger_crmentity', 1, '70', 'modifiedtime', 'Modified Time', 1, 0, '', 100, 15, 110, 2, 'DT~O', 3, 0, 'BAS', 0, '\n                    ', 0),
(47, 649, 'modifiedby', 'vtiger_crmentity', 1, '52', 'modifiedby', 'Last Modified By', 1, 0, '', 100, 16, 110, 3, 'V~O', 3, 0, 'BAS', 0, '\n                    ', 0),
(47, 650, 'description', 'vtiger_crmentity', 1, '19', 'description', 'Notes', 1, 2, '', 100, 1, 112, 1, 'V~O', 1, NULL, 'BAS', 1, '\n                    ', 0),
(2, 651, 'forecast_amount', 'vtiger_potential', 1, '71', 'forecast_amount', 'Forecast Amount', 1, 2, '', 100, 18, 1, 1, 'N~O', 1, NULL, 'BAS', 0, '', 0),
(29, 652, 'no_of_currency_decimals', 'vtiger_users', 1, '16', 'no_of_currency_decimals', 'Number Of Currency Decimals', 1, 2, '2', 100, 6, 78, 1, 'V~O', 1, NULL, 'BAS', 1, '<b>Currency - Number of Decimal places</b> <br/><br/>Number of decimal places specifies how many number of decimals will be shown after decimal separator.<br/><b>Eg:</b> 123.00', 0),
(23, 653, 'productid', 'vtiger_inventoryproductrel', 1, '10', 'productid', 'Item Name', 0, 2, '', 100, 1, 113, 5, 'V~M', 1, NULL, 'BAS', 0, '', 0),
(23, 654, 'quantity', 'vtiger_inventoryproductrel', 1, '7', 'quantity', 'Quantity', 0, 2, '', 100, 2, 113, 5, 'N~O', 1, NULL, 'BAS', 0, '', 0),
(23, 655, 'listprice', 'vtiger_inventoryproductrel', 1, '71', 'listprice', 'List Price', 0, 2, '', 100, 3, 113, 5, 'N~O', 1, NULL, 'BAS', 0, '', 0),
(23, 656, 'comment', 'vtiger_inventoryproductrel', 1, '19', 'comment', 'Item Comment', 0, 2, '', 100, 4, 113, 5, 'V~O', 1, NULL, 'BAS', 0, '', 0),
(23, 657, 'discount_amount', 'vtiger_inventoryproductrel', 1, '71', 'discount_amount', 'Discount', 0, 2, '', 100, 5, 113, 5, 'N~O', 1, NULL, 'BAS', 0, '', 0),
(23, 658, 'discount_percent', 'vtiger_inventoryproductrel', 1, '7', 'discount_percent', 'Item Discount Percent', 0, 2, '', 100, 6, 113, 5, 'V~O', 1, NULL, 'BAS', 0, '', 0),
(23, 659, 'tax1', 'vtiger_inventoryproductrel', 1, '83', 'tax1', 'Tax1', 0, 2, '', 100, 7, 113, 5, 'V~O', 1, NULL, 'BAS', 0, '', 0),
(23, 660, 'tax2', 'vtiger_inventoryproductrel', 1, '83', 'tax2', 'Tax2', 0, 2, '', 100, 8, 113, 5, 'V~O', 1, NULL, 'BAS', 0, '', 0),
(23, 661, 'tax3', 'vtiger_inventoryproductrel', 1, '83', 'tax3', 'Tax3', 0, 2, '', 100, 9, 113, 5, 'V~O', 1, NULL, 'BAS', 0, '', 0),
(22, 662, 'productid', 'vtiger_inventoryproductrel', 1, '10', 'productid', 'Item Name', 0, 2, '', 100, 1, 114, 5, 'V~M', 1, NULL, 'BAS', 0, '', 0),
(22, 663, 'quantity', 'vtiger_inventoryproductrel', 1, '7', 'quantity', 'Quantity', 0, 2, '', 100, 2, 114, 5, 'N~O', 1, NULL, 'BAS', 0, '', 0),
(22, 664, 'listprice', 'vtiger_inventoryproductrel', 1, '71', 'listprice', 'List Price', 0, 2, '', 100, 3, 114, 5, 'N~O', 1, NULL, 'BAS', 0, '', 0),
(22, 665, 'comment', 'vtiger_inventoryproductrel', 1, '19', 'comment', 'Item Comment', 0, 2, '', 100, 4, 114, 5, 'V~O', 1, NULL, 'BAS', 0, '', 0),
(22, 666, 'discount_amount', 'vtiger_inventoryproductrel', 1, '71', 'discount_amount', 'Discount', 0, 2, '', 100, 5, 114, 5, 'N~O', 1, NULL, 'BAS', 0, '', 0),
(22, 667, 'discount_percent', 'vtiger_inventoryproductrel', 1, '7', 'discount_percent', 'Item Discount Percent', 0, 2, '', 100, 6, 114, 5, 'V~O', 1, NULL, 'BAS', 0, '', 0),
(22, 668, 'tax1', 'vtiger_inventoryproductrel', 1, '83', 'tax1', 'Tax1', 0, 2, '', 100, 7, 114, 5, 'V~O', 1, NULL, 'BAS', 0, '', 0),
(22, 669, 'tax2', 'vtiger_inventoryproductrel', 1, '83', 'tax2', 'Tax2', 0, 2, '', 100, 8, 114, 5, 'V~O', 1, NULL, 'BAS', 0, '', 0),
(22, 670, 'tax3', 'vtiger_inventoryproductrel', 1, '83', 'tax3', 'Tax3', 0, 2, '', 100, 9, 114, 5, 'V~O', 1, NULL, 'BAS', 0, '', 0),
(21, 671, 'productid', 'vtiger_inventoryproductrel', 1, '10', 'productid', 'Item Name', 0, 2, '', 100, 1, 115, 5, 'V~M', 1, NULL, 'BAS', 0, '', 0),
(21, 672, 'quantity', 'vtiger_inventoryproductrel', 1, '7', 'quantity', 'Quantity', 0, 2, '', 100, 2, 115, 5, 'N~O', 1, NULL, 'BAS', 0, '', 0),
(21, 673, 'listprice', 'vtiger_inventoryproductrel', 1, '71', 'listprice', 'List Price', 0, 2, '', 100, 3, 115, 5, 'N~O', 1, NULL, 'BAS', 0, '', 0),
(21, 674, 'comment', 'vtiger_inventoryproductrel', 1, '19', 'comment', 'Item Comment', 0, 2, '', 100, 4, 115, 5, 'V~O', 1, NULL, 'BAS', 0, '', 0),
(21, 675, 'discount_amount', 'vtiger_inventoryproductrel', 1, '71', 'discount_amount', 'Discount', 0, 2, '', 100, 5, 115, 5, 'N~O', 1, NULL, 'BAS', 0, '', 0),
(21, 676, 'discount_percent', 'vtiger_inventoryproductrel', 1, '7', 'discount_percent', 'Item Discount Percent', 0, 2, '', 100, 6, 115, 5, 'V~O', 1, NULL, 'BAS', 0, '', 0),
(21, 677, 'tax1', 'vtiger_inventoryproductrel', 1, '83', 'tax1', 'Tax1', 0, 2, '', 100, 7, 115, 5, 'V~O', 1, NULL, 'BAS', 0, '', 0),
(21, 678, 'tax2', 'vtiger_inventoryproductrel', 1, '83', 'tax2', 'Tax2', 0, 2, '', 100, 8, 115, 5, 'V~O', 1, NULL, 'BAS', 0, '', 0),
(21, 679, 'tax3', 'vtiger_inventoryproductrel', 1, '83', 'tax3', 'Tax3', 0, 2, '', 100, 9, 115, 5, 'V~O', 1, NULL, 'BAS', 0, '', 0),
(20, 680, 'productid', 'vtiger_inventoryproductrel', 1, '10', 'productid', 'Item Name', 0, 2, '', 100, 1, 116, 5, 'V~M', 1, NULL, 'BAS', 0, '', 0);
INSERT INTO `vtiger_field` (`tabid`, `fieldid`, `columnname`, `tablename`, `generatedtype`, `uitype`, `fieldname`, `fieldlabel`, `readonly`, `presence`, `defaultvalue`, `maximumlength`, `sequence`, `block`, `displaytype`, `typeofdata`, `quickcreate`, `quickcreatesequence`, `info_type`, `masseditable`, `helpinfo`, `summaryfield`) VALUES
(20, 681, 'quantity', 'vtiger_inventoryproductrel', 1, '7', 'quantity', 'Quantity', 0, 2, '', 100, 2, 116, 5, 'N~O', 1, NULL, 'BAS', 0, '', 0),
(20, 682, 'listprice', 'vtiger_inventoryproductrel', 1, '71', 'listprice', 'List Price', 0, 2, '', 100, 3, 116, 5, 'N~O', 1, NULL, 'BAS', 0, '', 0),
(20, 683, 'comment', 'vtiger_inventoryproductrel', 1, '19', 'comment', 'Item Comment', 0, 2, '', 100, 4, 116, 5, 'V~O', 1, NULL, 'BAS', 0, '', 0),
(20, 684, 'discount_amount', 'vtiger_inventoryproductrel', 1, '71', 'discount_amount', 'Discount', 0, 2, '', 100, 5, 116, 5, 'N~O', 1, NULL, 'BAS', 0, '', 0),
(20, 685, 'discount_percent', 'vtiger_inventoryproductrel', 1, '7', 'discount_percent', 'Item Discount Percent', 0, 2, '', 100, 6, 116, 5, 'V~O', 1, NULL, 'BAS', 0, '', 0),
(20, 686, 'tax1', 'vtiger_inventoryproductrel', 1, '83', 'tax1', 'Tax1', 0, 2, '', 100, 7, 116, 5, 'V~O', 1, NULL, 'BAS', 0, '', 0),
(20, 687, 'tax2', 'vtiger_inventoryproductrel', 1, '83', 'tax2', 'Tax2', 0, 2, '', 100, 8, 116, 5, 'V~O', 1, NULL, 'BAS', 0, '', 0),
(20, 688, 'tax3', 'vtiger_inventoryproductrel', 1, '83', 'tax3', 'Tax3', 0, 2, '', 100, 9, 116, 5, 'V~O', 1, NULL, 'BAS', 0, '', 0),
(29, 689, 'truncate_trailing_zeros', 'vtiger_users', 1, '56', 'truncate_trailing_zeros', 'Truncate Trailing Zeros', 1, 2, '0', 100, 7, 78, 1, 'V~O', 1, NULL, 'BAS', 1, '<b> Truncate Trailing Zeros </b> <br/><br/>It truncated trailing 0s in any of Currency, Decimal and Percentage Field types<br/><br/><b>Ex:</b><br/>If value is 89.00000 then <br/>decimal and Percentage fields were shows 89<br/>currency field type - shows 89.00<br/>', 0),
(45, 690, 'projecttaskstatus', 'vtiger_projecttask', 1, '15', 'projecttaskstatus', 'Status', 1, 2, '', 100, 8, 104, 1, 'V~O', 0, 6, 'BAS', 1, '', 0),
(42, 691, 'customer', 'vtiger_modcomments', 1, '10', 'customer', 'Customer', 1, 2, '', 100, 5, 98, 3, 'V~O', 1, NULL, 'BAS', 1, '', 0),
(29, 692, 'dayoftheweek', 'vtiger_users', 1, '16', 'dayoftheweek', 'Starting Day of the week', 1, 2, 'Monday', 100, 1, 118, 1, 'V~O', 1, NULL, 'BAS', 1, '', 0),
(29, 693, 'callduration', 'vtiger_users', 1, '16', 'callduration', 'Default Call Duration', 1, 2, '5', 100, 7, 118, 1, 'V~O', 1, NULL, 'BAS', 1, '', 0),
(29, 694, 'othereventduration', 'vtiger_users', 1, '16', 'othereventduration', 'Other Event Duration', 1, 2, '5', 100, 8, 118, 1, 'V~O', 1, NULL, 'BAS', 1, '', 0),
(23, 695, 'pre_tax_total', 'vtiger_invoice', 1, '72', 'pre_tax_total', 'Pre Tax Total', 1, 2, '', 100, 23, 67, 3, 'N~O', 1, NULL, 'BAS', 1, '', 0),
(22, 696, 'pre_tax_total', 'vtiger_salesorder', 1, '72', 'pre_tax_total', 'Pre Tax Total', 1, 2, '', 100, 23, 61, 3, 'N~O', 1, NULL, 'BAS', 1, '', 0),
(21, 697, 'pre_tax_total', 'vtiger_purchaseorder', 1, '72', 'pre_tax_total', 'Pre Tax Total', 1, 2, '', 100, 23, 55, 3, 'N~O', 1, NULL, 'BAS', 1, '', 0),
(20, 698, 'pre_tax_total', 'vtiger_quotes', 1, '72', 'pre_tax_total', 'Pre Tax Total', 1, 2, '', 100, 23, 49, 3, 'N~O', 1, NULL, 'BAS', 1, '', 0),
(29, 699, 'calendarsharedtype', 'vtiger_users', 1, '16', 'calendarsharedtype', 'Calendar Shared Type', 1, 2, 'Public', 100, 12, 118, 3, 'V~O', 1, NULL, 'BAS', 1, '', 0),
(6, 700, 'isconvertedfromlead', 'vtiger_account', 1, '56', 'isconvertedfromlead', 'Is Converted From Lead', 1, 2, 'no', 100, 24, 9, 2, 'C~O', 1, NULL, 'BAS', 1, '', 0),
(4, 701, 'isconvertedfromlead', 'vtiger_contactdetails', 1, '56', 'isconvertedfromlead', 'Is Converted From Lead', 1, 2, 'no', 100, 29, 4, 2, 'C~O', 1, NULL, 'BAS', 1, '', 0),
(2, 702, 'isconvertedfromlead', 'vtiger_potential', 1, '56', 'isconvertedfromlead', 'Is Converted From Lead', 1, 2, 'no', 100, 19, 1, 2, 'C~O', 1, NULL, 'BAS', 1, '', 0),
(29, 703, 'default_record_view', 'vtiger_users', 1, '16', 'default_record_view', 'Default Record View', 1, 2, 'Summary', 100, 19, 79, 1, 'V~O', 1, NULL, 'BAS', 1, '', 0),
(23, 704, 'received', 'vtiger_invoice', 1, '72', 'received', 'Received', 1, 2, '0', 100, 24, 67, 3, 'N~O', 1, NULL, 'BAS', 1, '', 0),
(23, 705, 'balance', 'vtiger_invoice', 1, '72', 'balance', 'Balance', 1, 2, '0', 100, 25, 67, 3, 'N~O', 1, NULL, 'BAS', 1, '', 0),
(21, 706, 'paid', 'vtiger_purchaseorder', 1, '72', 'paid', 'Paid', 1, 2, '0', 100, 24, 55, 3, 'N~O', 1, NULL, 'BAS', 1, '', 0),
(21, 707, 'balance', 'vtiger_purchaseorder', 1, '72', 'balance', 'Balance', 1, 2, '0', 100, 25, 55, 3, 'N~O', 1, NULL, 'BAS', 1, '', 0),
(18, 708, 'smownerid', 'vtiger_crmentity', 1, '53', 'assigned_user_id', 'Assigned To', 1, 2, '', 100, 13, 42, 1, 'V~M', 1, NULL, 'BAS', 1, '', 0),
(7, 709, 'emailoptout', 'vtiger_leaddetails', 1, '56', 'emailoptout', 'Email Opt Out', 1, 2, '', 100, 24, 13, 1, 'C~O', 1, NULL, 'BAS', 1, '', 0),
(42, 710, 'userid', 'vtiger_modcomments', 1, '10', 'userid', 'UserId', 1, 2, '', 100, 6, 98, 3, 'V~O', 1, NULL, 'BAS', 1, '', 0),
(42, 711, 'reasontoedit', 'vtiger_modcomments', 1, '19', 'reasontoedit', 'ReasonToEdit', 1, 2, '', 100, 7, 98, 1, 'V~O', 1, NULL, 'BAS', 1, '', 0),
(23, 712, 's_h_percent', 'vtiger_invoice', 1, '1', 'hdnS_H_Percent', 'S&H Percent', 0, 2, '', 100, 10, 113, 5, 'N~O', 0, 1, 'BAS', 0, '', 0),
(20, 713, 's_h_percent', 'vtiger_quotes', 1, '1', 'hdnS_H_Percent', 'S&H Percent', 0, 2, '', 100, 10, 116, 5, 'N~O', 0, 1, 'BAS', 0, '', 0),
(21, 714, 's_h_percent', 'vtiger_purchaseorder', 1, '1', 'hdnS_H_Percent', 'S&H Percent', 0, 2, '', 100, 10, 115, 5, 'N~O', 0, 1, 'BAS', 0, '', 0),
(22, 715, 's_h_percent', 'vtiger_salesorder', 1, '1', 'hdnS_H_Percent', 'S&H Percent', 0, 2, '', 100, 10, 114, 5, 'N~O', 0, 1, 'BAS', 0, '', 0),
(29, 716, 'leftpanelhide', 'vtiger_users', 1, '56', 'leftpanelhide', 'Left Panel Hide', 1, 2, '0', 100, 20, 79, 1, 'V~O', 1, NULL, 'BAS', 1, '', 0),
(2, 717, 'contact_id', 'vtiger_potential', 1, '10', 'contact_id', 'Contact Name', 1, 2, '', 100, 4, 1, 1, 'V~O', 1, NULL, 'BAS', 1, '', 1),
(13, 718, 'contact_id', 'vtiger_troubletickets', 1, '10', 'contact_id', 'Contact Name', 1, 2, '', 100, 3, 25, 1, 'V~O', 1, NULL, 'BAS', 1, '', 1),
(29, 719, 'rowheight', 'vtiger_users', 1, '16', 'rowheight', 'Row Height', 1, 2, 'medium', 100, 21, 79, 1, 'V~O', 1, NULL, 'BAS', 1, '', 0),
(13, 720, 'from_portal', 'vtiger_ticketcf', 1, '56', 'from_portal', 'From Portal', 1, 0, '', 100, 18, 25, 3, 'C~O', 1, NULL, 'BAS', 1, '', 0),
(29, 721, 'defaulteventstatus', 'vtiger_users', 1, '15', 'defaulteventstatus', 'Default Event Status', 1, 2, '', 100, 9, 118, 1, 'V~O', 1, NULL, 'BAS', 1, '', 0),
(29, 722, 'defaultactivitytype', 'vtiger_users', 1, '15', 'defaultactivitytype', 'Default Activity Type', 1, 2, '', 100, 10, 118, 1, 'V~O', 1, NULL, 'BAS', 1, '', 0),
(29, 723, 'hidecompletedevents', 'vtiger_users', 1, '56', 'hidecompletedevents', 'LBL_HIDE_COMPLETED_EVENTS', 1, 2, '0', 100, 13, 118, 1, 'C~O', 1, NULL, 'BAS', 1, '', 0),
(9, 729, 'smcreatorid', 'vtiger_crmentity', 1, '52', 'created_user_id', 'Created By', 1, 2, '', 100, 23, 19, 2, 'V~O', 3, 5, 'BAS', 0, '', 0),
(29, 750, 'is_owner', 'vtiger_users', 1, '1', 'is_owner', 'Account Owner', 0, 2, '0', 100, 12, 77, 5, 'V~O', 0, 1, 'BAS', 0, '', 0);

-- --------------------------------------------------------

--
-- 表的结构 `vtiger_fieldmodulerel`
--

CREATE TABLE IF NOT EXISTS `vtiger_fieldmodulerel` (
  `fieldid` int(11) NOT NULL,
  `module` varchar(100) NOT NULL,
  `relmodule` varchar(100) NOT NULL,
  `status` varchar(10) DEFAULT NULL,
  `sequence` int(11) DEFAULT NULL
) ENGINE=InnoDB DEFAULT CHARSET=utf8;

--
-- 转存表中的数据 `vtiger_fieldmodulerel`
--

INSERT INTO `vtiger_fieldmodulerel` (`fieldid`, `module`, `relmodule`, `status`, `sequence`) VALUES
(113, 'Potentials', 'Accounts', NULL, 0),
(548, 'ServiceContracts', 'Contacts', NULL, NULL),
(548, 'ServiceContracts', 'Accounts', NULL, NULL),
(571, 'PBXManager', 'Leads', NULL, NULL),
(571, 'PBXManager', 'Contacts', NULL, NULL),
(571, 'PBXManager', 'Accounts', NULL, NULL),
(588, 'ModComments', 'Leads', NULL, NULL),
(588, 'ModComments', 'Contacts', NULL, NULL),
(588, 'ModComments', 'Accounts', NULL, NULL),
(590, 'ModComments', 'ModComments', NULL, NULL),
(588, 'ModComments', 'Potentials', NULL, NULL),
(593, 'ProjectMilestone', 'Project', NULL, NULL),
(604, 'ProjectTask', 'Project', NULL, NULL),
(588, 'ModComments', 'ProjectTask', NULL, NULL),
(622, 'Project', 'Accounts', NULL, NULL),
(622, 'Project', 'Contacts', NULL, NULL),
(588, 'ModComments', 'Project', NULL, NULL),
(634, 'Assets', 'Products', NULL, NULL),
(640, 'Assets', 'Invoice', NULL, NULL),
(645, 'Assets', 'Accounts', NULL, NULL),
(646, 'Assets', 'Contacts', NULL, NULL),
(653, 'Invoice', 'Products', NULL, NULL),
(653, 'Invoice', 'Services', NULL, NULL),
(662, 'SalesOrder', 'Products', NULL, NULL),
(662, 'SalesOrder', 'Services', NULL, NULL),
(671, 'PurchaseOrder', 'Products', NULL, NULL),
(671, 'PurchaseOrder', 'Services', NULL, NULL),
(680, 'Quotes', 'Products', NULL, NULL),
(680, 'Quotes', 'Services', NULL, NULL),
(588, 'ModComments', 'HelpDesk', NULL, NULL),
(588, 'ModComments', 'Faq', NULL, NULL),
(691, 'ModComments', 'Contacts', NULL, NULL),
(717, 'Potentials', 'Contacts', NULL, NULL),
(157, 'HelpDesk', 'Accounts', NULL, NULL),
(718, 'HelpDesk', 'Contacts', NULL, NULL),
(237, 'Accounts', 'Calendar', NULL, NULL),
(237, 'Leads', 'Calendar', NULL, NULL),
(237, 'HelpDesk', 'Calendar', NULL, NULL),
(237, 'Campaigns', 'Calendar', NULL, NULL),
(237, 'Potentials', 'Calendar', NULL, NULL),
(237, 'PurchaseOrder', 'Calendar', NULL, NULL),
(237, 'SalesOrder', 'Calendar', NULL, NULL),
(237, 'Quotes', 'Calendar', NULL, NULL),
(237, 'Invoice', 'Calendar', NULL, NULL),
(238, 'Contacts', 'Calendar', NULL, NULL);

-- --------------------------------------------------------

--
-- 表的结构 `vtiger_field_seq`
--

CREATE TABLE IF NOT EXISTS `vtiger_field_seq` (
  `id` int(11) NOT NULL
) ENGINE=InnoDB DEFAULT CHARSET=utf8;

--
-- 转存表中的数据 `vtiger_field_seq`
--

INSERT INTO `vtiger_field_seq` (`id`) VALUES
(750);

-- --------------------------------------------------------

--
-- 表的结构 `vtiger_freetagged_objects`
--

CREATE TABLE IF NOT EXISTS `vtiger_freetagged_objects` (
  `tag_id` int(20) NOT NULL DEFAULT '0',
  `tagger_id` int(20) NOT NULL DEFAULT '0',
  `object_id` int(20) NOT NULL DEFAULT '0',
  `tagged_on` timestamp NOT NULL DEFAULT CURRENT_TIMESTAMP ON UPDATE CURRENT_TIMESTAMP,
  `module` varchar(50) NOT NULL DEFAULT ''
) ENGINE=InnoDB DEFAULT CHARSET=utf8;

-- --------------------------------------------------------

--
-- 表的结构 `vtiger_freetags`
--

CREATE TABLE IF NOT EXISTS `vtiger_freetags` (
  `id` int(19) NOT NULL,
  `tag` varchar(50) NOT NULL DEFAULT '',
  `raw_tag` varchar(50) NOT NULL DEFAULT ''
) ENGINE=InnoDB DEFAULT CHARSET=utf8;

-- --------------------------------------------------------

--
-- 表的结构 `vtiger_freetags_seq`
--

CREATE TABLE IF NOT EXISTS `vtiger_freetags_seq` (
  `id` int(11) NOT NULL
) ENGINE=InnoDB DEFAULT CHARSET=utf8;

--
-- 转存表中的数据 `vtiger_freetags_seq`
--

INSERT INTO `vtiger_freetags_seq` (`id`) VALUES
(1);

-- --------------------------------------------------------

--
-- 表的结构 `vtiger_glacct`
--

CREATE TABLE IF NOT EXISTS `vtiger_glacct` (
  `glacctid` int(19) NOT NULL,
  `glacct` varchar(200) NOT NULL,
  `presence` int(1) NOT NULL DEFAULT '1',
  `picklist_valueid` int(19) NOT NULL DEFAULT '0',
  `sortorderid` int(11) DEFAULT NULL
) ENGINE=InnoDB AUTO_INCREMENT=10 DEFAULT CHARSET=utf8;

--
-- 转存表中的数据 `vtiger_glacct`
--

INSERT INTO `vtiger_glacct` (`glacctid`, `glacct`, `presence`, `picklist_valueid`, `sortorderid`) VALUES
(1, '300-Sales-Software', 1, 51, 0),
(2, '301-Sales-Hardware', 1, 52, 1),
(3, '302-Rental-Income', 1, 53, 2),
(4, '303-Interest-Income', 1, 54, 3),
(5, '304-Sales-Software-Support', 1, 55, 4),
(6, '305-Sales Other', 1, 56, 5),
(7, '306-Internet Sales', 1, 57, 6),
(8, '307-Service-Hardware Labor', 1, 58, 7),
(9, '308-Sales-Books', 1, 59, 8);

-- --------------------------------------------------------

--
-- 表的结构 `vtiger_glacct_seq`
--

CREATE TABLE IF NOT EXISTS `vtiger_glacct_seq` (
  `id` int(11) NOT NULL
) ENGINE=InnoDB DEFAULT CHARSET=utf8;

--
-- 转存表中的数据 `vtiger_glacct_seq`
--

INSERT INTO `vtiger_glacct_seq` (`id`) VALUES
(9);

-- --------------------------------------------------------

--
-- 表的结构 `vtiger_google_oauth2`
--

CREATE TABLE IF NOT EXISTS `vtiger_google_oauth2` (
  `service` varchar(20) DEFAULT NULL,
  `access_token` varchar(500) DEFAULT NULL,
  `refresh_token` varchar(500) DEFAULT NULL,
  `userid` int(19) DEFAULT NULL
) ENGINE=InnoDB DEFAULT CHARSET=utf8;

-- --------------------------------------------------------

--
-- 表的结构 `vtiger_google_sync`
--

CREATE TABLE IF NOT EXISTS `vtiger_google_sync` (
  `googlemodule` varchar(50) DEFAULT NULL,
  `user` int(10) DEFAULT NULL,
  `synctime` datetime DEFAULT NULL,
  `lastsynctime` datetime DEFAULT NULL
) ENGINE=InnoDB DEFAULT CHARSET=utf8;

-- --------------------------------------------------------

--
-- 表的结构 `vtiger_google_sync_fieldmapping`
--

CREATE TABLE IF NOT EXISTS `vtiger_google_sync_fieldmapping` (
  `vtiger_field` varchar(255) DEFAULT NULL,
  `google_field` varchar(255) DEFAULT NULL,
  `google_field_type` varchar(255) DEFAULT NULL,
  `google_custom_label` varchar(255) DEFAULT NULL,
  `user` int(11) DEFAULT NULL
) ENGINE=InnoDB DEFAULT CHARSET=utf8;

-- --------------------------------------------------------

--
-- 表的结构 `vtiger_google_sync_settings`
--

CREATE TABLE IF NOT EXISTS `vtiger_google_sync_settings` (
  `user` int(11) DEFAULT NULL,
  `module` varchar(50) DEFAULT NULL,
  `clientgroup` varchar(255) DEFAULT NULL,
  `direction` varchar(50) DEFAULT NULL
) ENGINE=InnoDB DEFAULT CHARSET=utf8;

-- --------------------------------------------------------

--
-- 表的结构 `vtiger_group2grouprel`
--

CREATE TABLE IF NOT EXISTS `vtiger_group2grouprel` (
  `groupid` int(19) NOT NULL,
  `containsgroupid` int(19) NOT NULL
) ENGINE=InnoDB DEFAULT CHARSET=utf8;

--
-- 转存表中的数据 `vtiger_group2grouprel`
--

INSERT INTO `vtiger_group2grouprel` (`groupid`, `containsgroupid`) VALUES
(2, 10),
(2, 14);

-- --------------------------------------------------------

--
-- 表的结构 `vtiger_group2role`
--

CREATE TABLE IF NOT EXISTS `vtiger_group2role` (
  `groupid` int(19) NOT NULL,
  `roleid` varchar(255) NOT NULL
) ENGINE=InnoDB DEFAULT CHARSET=utf8;

--
-- 转存表中的数据 `vtiger_group2role`
--

INSERT INTO `vtiger_group2role` (`groupid`, `roleid`) VALUES
(2, 'H4'),
(3, 'H2'),
(4, 'H3'),
(10, 'H3'),
(10, 'H4'),
(14, 'H10'),
(14, 'H11'),
(14, 'H6'),
(14, 'H7');

-- --------------------------------------------------------

--
-- 表的结构 `vtiger_group2rs`
--

CREATE TABLE IF NOT EXISTS `vtiger_group2rs` (
  `groupid` int(19) NOT NULL,
  `roleandsubid` varchar(255) NOT NULL
) ENGINE=InnoDB DEFAULT CHARSET=utf8;

--
-- 转存表中的数据 `vtiger_group2rs`
--

INSERT INTO `vtiger_group2rs` (`groupid`, `roleandsubid`) VALUES
(3, 'H3'),
(4, 'H3');

-- --------------------------------------------------------

--
-- 表的结构 `vtiger_groups`
--

CREATE TABLE IF NOT EXISTS `vtiger_groups` (
  `groupid` int(19) NOT NULL,
  `groupname` varchar(100) DEFAULT NULL,
  `description` text
) ENGINE=InnoDB DEFAULT CHARSET=utf8;

--
-- 转存表中的数据 `vtiger_groups`
--

INSERT INTO `vtiger_groups` (`groupid`, `groupname`, `description`) VALUES
(2, 'Team Selling', 'Group Related to Sales'),
(3, 'Marketing Group', 'Group Related to Marketing Activities'),
(4, 'Support Group', 'Group Related to providing Support to Customers'),
(10, 'sales team-L', 'Lewis Sales Team'),
(14, 'sales team-E', 'Eric Sales Team');

-- --------------------------------------------------------

--
-- 表的结构 `vtiger_homedashbd`
--

CREATE TABLE IF NOT EXISTS `vtiger_homedashbd` (
  `stuffid` int(19) NOT NULL DEFAULT '0',
  `dashbdname` varchar(100) DEFAULT NULL,
  `dashbdtype` varchar(100) DEFAULT NULL
) ENGINE=InnoDB DEFAULT CHARSET=utf8;

-- --------------------------------------------------------

--
-- 表的结构 `vtiger_homedefault`
--

CREATE TABLE IF NOT EXISTS `vtiger_homedefault` (
  `stuffid` int(19) NOT NULL DEFAULT '0',
  `hometype` varchar(30) NOT NULL,
  `maxentries` int(19) DEFAULT NULL,
  `setype` varchar(30) DEFAULT NULL
) ENGINE=InnoDB DEFAULT CHARSET=utf8;

--
-- 转存表中的数据 `vtiger_homedefault`
--

INSERT INTO `vtiger_homedefault` (`stuffid`, `hometype`, `maxentries`, `setype`) VALUES
(1, 'ALVT', 5, 'Accounts'),
(2, 'HDB', 5, 'Dashboard'),
(3, 'PLVT', 5, 'Potentials'),
(4, 'QLTQ', 5, 'Quotes'),
(5, 'CVLVT', 5, 'NULL'),
(6, 'HLT', 5, 'HelpDesk'),
(7, 'UA', 5, 'Calendar'),
(8, 'GRT', 5, 'NULL'),
(9, 'OLTSO', 5, 'SalesOrder'),
(10, 'ILTI', 5, 'Invoice'),
(11, 'MNL', 5, 'Leads'),
(12, 'OLTPO', 5, 'PurchaseOrder'),
(13, 'PA', 5, 'Calendar'),
(14, 'LTFAQ', 5, 'Faq'),
(16, 'ALVT', 5, 'Accounts'),
(17, 'HDB', 5, 'Dashboard'),
(18, 'PLVT', 5, 'Potentials'),
(19, 'QLTQ', 5, 'Quotes'),
(20, 'CVLVT', 5, 'NULL'),
(21, 'HLT', 5, 'HelpDesk'),
(22, 'UA', 5, 'Calendar'),
(23, 'GRT', 5, 'NULL'),
(24, 'OLTSO', 5, 'SalesOrder'),
(25, 'ILTI', 5, 'Invoice'),
(26, 'MNL', 5, 'Leads'),
(27, 'OLTPO', 5, 'PurchaseOrder'),
(28, 'PA', 5, 'Calendar'),
(29, 'LTFAQ', 5, 'Faq'),
(31, 'ALVT', 5, 'Accounts'),
(32, 'HDB', 5, 'Dashboard'),
(33, 'PLVT', 5, 'Potentials'),
(34, 'QLTQ', 5, 'Quotes'),
(35, 'CVLVT', 5, 'NULL'),
(36, 'HLT', 5, 'HelpDesk'),
(37, 'UA', 5, 'Calendar'),
(38, 'GRT', 5, 'NULL'),
(39, 'OLTSO', 5, 'SalesOrder'),
(40, 'ILTI', 5, 'Invoice'),
(41, 'MNL', 5, 'Leads'),
(42, 'OLTPO', 5, 'PurchaseOrder'),
(43, 'PA', 5, 'Calendar'),
(44, 'LTFAQ', 5, 'Faq'),
(46, 'ALVT', 5, 'Accounts'),
(47, 'HDB', 5, 'Dashboard'),
(48, 'PLVT', 5, 'Potentials'),
(49, 'QLTQ', 5, 'Quotes'),
(50, 'CVLVT', 5, 'NULL'),
(51, 'HLT', 5, 'HelpDesk'),
(52, 'UA', 5, 'Calendar'),
(53, 'GRT', 5, 'NULL'),
(54, 'OLTSO', 5, 'SalesOrder'),
(55, 'ILTI', 5, 'Invoice'),
(56, 'MNL', 5, 'Leads'),
(57, 'OLTPO', 5, 'PurchaseOrder'),
(58, 'PA', 5, 'Calendar'),
(59, 'LTFAQ', 5, 'Faq'),
(61, 'ALVT', 5, 'Accounts'),
(62, 'HDB', 5, 'Dashboard'),
(63, 'PLVT', 5, 'Potentials'),
(64, 'QLTQ', 5, 'Quotes'),
(65, 'CVLVT', 5, 'NULL'),
(66, 'HLT', 5, 'HelpDesk'),
(67, 'UA', 5, 'Calendar'),
(68, 'GRT', 5, 'NULL'),
(69, 'OLTSO', 5, 'SalesOrder'),
(70, 'ILTI', 5, 'Invoice'),
(71, 'MNL', 5, 'Leads'),
(72, 'OLTPO', 5, 'PurchaseOrder'),
(73, 'PA', 5, 'Calendar'),
(74, 'LTFAQ', 5, 'Faq'),
(76, 'ALVT', 5, 'Accounts'),
(77, 'HDB', 5, 'Dashboard'),
(78, 'PLVT', 5, 'Potentials'),
(79, 'QLTQ', 5, 'Quotes'),
(80, 'CVLVT', 5, 'NULL'),
(81, 'HLT', 5, 'HelpDesk'),
(82, 'UA', 5, 'Calendar'),
(83, 'GRT', 5, 'NULL'),
(84, 'OLTSO', 5, 'SalesOrder'),
(85, 'ILTI', 5, 'Invoice'),
(86, 'MNL', 5, 'Leads'),
(87, 'OLTPO', 5, 'PurchaseOrder'),
(88, 'PA', 5, 'Calendar'),
(89, 'LTFAQ', 5, 'Faq'),
(91, 'ALVT', 5, 'Accounts'),
(92, 'HDB', 5, 'Dashboard'),
(93, 'PLVT', 5, 'Potentials'),
(94, 'QLTQ', 5, 'Quotes'),
(95, 'CVLVT', 5, 'NULL'),
(96, 'HLT', 5, 'HelpDesk'),
(97, 'UA', 5, 'Calendar'),
(98, 'GRT', 5, 'NULL'),
(99, 'OLTSO', 5, 'SalesOrder'),
(100, 'ILTI', 5, 'Invoice'),
(101, 'MNL', 5, 'Leads'),
(102, 'OLTPO', 5, 'PurchaseOrder'),
(103, 'PA', 5, 'Calendar'),
(104, 'LTFAQ', 5, 'Faq'),
(106, 'ALVT', 5, 'Accounts'),
(107, 'HDB', 5, 'Dashboard'),
(108, 'PLVT', 5, 'Potentials'),
(109, 'QLTQ', 5, 'Quotes'),
(110, 'CVLVT', 5, 'NULL'),
(111, 'HLT', 5, 'HelpDesk'),
(112, 'UA', 5, 'Calendar'),
(113, 'GRT', 5, 'NULL'),
(114, 'OLTSO', 5, 'SalesOrder'),
(115, 'ILTI', 5, 'Invoice'),
(116, 'MNL', 5, 'Leads'),
(117, 'OLTPO', 5, 'PurchaseOrder'),
(118, 'PA', 5, 'Calendar'),
(119, 'LTFAQ', 5, 'Faq'),
(121, 'ALVT', 5, 'Accounts'),
(122, 'HDB', 5, 'Dashboard'),
(123, 'PLVT', 5, 'Potentials'),
(124, 'QLTQ', 5, 'Quotes'),
(125, 'CVLVT', 5, 'NULL'),
(126, 'HLT', 5, 'HelpDesk'),
(127, 'UA', 5, 'Calendar'),
(128, 'GRT', 5, 'NULL'),
(129, 'OLTSO', 5, 'SalesOrder'),
(130, 'ILTI', 5, 'Invoice'),
(131, 'MNL', 5, 'Leads'),
(132, 'OLTPO', 5, 'PurchaseOrder'),
(133, 'PA', 5, 'Calendar'),
(134, 'LTFAQ', 5, 'Faq'),
(136, 'ALVT', 5, 'Accounts'),
(137, 'HDB', 5, 'Dashboard'),
(138, 'PLVT', 5, 'Potentials'),
(139, 'QLTQ', 5, 'Quotes'),
(140, 'CVLVT', 5, 'NULL'),
(141, 'HLT', 5, 'HelpDesk'),
(142, 'UA', 5, 'Calendar'),
(143, 'GRT', 5, 'NULL'),
(144, 'OLTSO', 5, 'SalesOrder'),
(145, 'ILTI', 5, 'Invoice'),
(146, 'MNL', 5, 'Leads'),
(147, 'OLTPO', 5, 'PurchaseOrder'),
(148, 'PA', 5, 'Calendar'),
(149, 'LTFAQ', 5, 'Faq'),
(151, 'ALVT', 5, 'Accounts'),
(152, 'HDB', 5, 'Dashboard'),
(153, 'PLVT', 5, 'Potentials'),
(154, 'QLTQ', 5, 'Quotes'),
(155, 'CVLVT', 5, 'NULL'),
(156, 'HLT', 5, 'HelpDesk'),
(157, 'UA', 5, 'Calendar'),
(158, 'GRT', 5, 'NULL'),
(159, 'OLTSO', 5, 'SalesOrder'),
(160, 'ILTI', 5, 'Invoice'),
(161, 'MNL', 5, 'Leads'),
(162, 'OLTPO', 5, 'PurchaseOrder'),
(163, 'PA', 5, 'Calendar'),
(164, 'LTFAQ', 5, 'Faq'),
(166, 'ALVT', 5, 'Accounts'),
(167, 'HDB', 5, 'Dashboard'),
(168, 'PLVT', 5, 'Potentials'),
(169, 'QLTQ', 5, 'Quotes'),
(170, 'CVLVT', 5, 'NULL'),
(171, 'HLT', 5, 'HelpDesk'),
(172, 'UA', 5, 'Calendar'),
(173, 'GRT', 5, 'NULL'),
(174, 'OLTSO', 5, 'SalesOrder'),
(175, 'ILTI', 5, 'Invoice'),
(176, 'MNL', 5, 'Leads'),
(177, 'OLTPO', 5, 'PurchaseOrder'),
(178, 'PA', 5, 'Calendar'),
(179, 'LTFAQ', 5, 'Faq'),
(181, 'ALVT', 5, 'Accounts'),
(182, 'HDB', 5, 'Dashboard'),
(183, 'PLVT', 5, 'Potentials'),
(184, 'QLTQ', 5, 'Quotes'),
(185, 'CVLVT', 5, 'NULL'),
(186, 'HLT', 5, 'HelpDesk'),
(187, 'UA', 5, 'Calendar'),
(188, 'GRT', 5, 'NULL'),
(189, 'OLTSO', 5, 'SalesOrder'),
(190, 'ILTI', 5, 'Invoice'),
(191, 'MNL', 5, 'Leads'),
(192, 'OLTPO', 5, 'PurchaseOrder'),
(193, 'PA', 5, 'Calendar'),
(194, 'LTFAQ', 5, 'Faq'),
(196, 'ALVT', 5, 'Accounts'),
(197, 'HDB', 5, 'Dashboard'),
(198, 'PLVT', 5, 'Potentials'),
(199, 'QLTQ', 5, 'Quotes'),
(200, 'CVLVT', 5, 'NULL'),
(201, 'HLT', 5, 'HelpDesk'),
(202, 'UA', 5, 'Calendar'),
(203, 'GRT', 5, 'NULL'),
(204, 'OLTSO', 5, 'SalesOrder'),
(205, 'ILTI', 5, 'Invoice'),
(206, 'MNL', 5, 'Leads'),
(207, 'OLTPO', 5, 'PurchaseOrder'),
(208, 'PA', 5, 'Calendar'),
(209, 'LTFAQ', 5, 'Faq');

-- --------------------------------------------------------

--
-- 表的结构 `vtiger_homemodule`
--

CREATE TABLE IF NOT EXISTS `vtiger_homemodule` (
  `stuffid` int(19) NOT NULL,
  `modulename` varchar(100) DEFAULT NULL,
  `maxentries` int(19) NOT NULL,
  `customviewid` int(19) NOT NULL,
  `setype` varchar(30) NOT NULL
) ENGINE=InnoDB DEFAULT CHARSET=utf8;

-- --------------------------------------------------------

--
-- 表的结构 `vtiger_homemoduleflds`
--

CREATE TABLE IF NOT EXISTS `vtiger_homemoduleflds` (
  `stuffid` int(19) DEFAULT NULL,
  `fieldname` varchar(100) DEFAULT NULL
) ENGINE=InnoDB DEFAULT CHARSET=utf8;

-- --------------------------------------------------------

--
-- 表的结构 `vtiger_homereportchart`
--

CREATE TABLE IF NOT EXISTS `vtiger_homereportchart` (
  `stuffid` int(11) NOT NULL,
  `reportid` int(19) DEFAULT NULL,
  `reportcharttype` varchar(100) DEFAULT NULL
) ENGINE=InnoDB DEFAULT CHARSET=utf8;

-- --------------------------------------------------------

--
-- 表的结构 `vtiger_homerss`
--

CREATE TABLE IF NOT EXISTS `vtiger_homerss` (
  `stuffid` int(19) NOT NULL DEFAULT '0',
  `url` varchar(100) DEFAULT NULL,
  `maxentries` int(19) NOT NULL
) ENGINE=InnoDB DEFAULT CHARSET=utf8;

-- --------------------------------------------------------

--
-- 表的结构 `vtiger_homestuff`
--

CREATE TABLE IF NOT EXISTS `vtiger_homestuff` (
  `stuffid` int(19) NOT NULL DEFAULT '0',
  `stuffsequence` int(19) NOT NULL DEFAULT '0',
  `stufftype` varchar(100) DEFAULT NULL,
  `userid` int(19) NOT NULL,
  `visible` int(10) NOT NULL DEFAULT '0',
  `stufftitle` varchar(100) DEFAULT NULL
) ENGINE=InnoDB DEFAULT CHARSET=utf8;

--
-- 转存表中的数据 `vtiger_homestuff`
--

INSERT INTO `vtiger_homestuff` (`stuffid`, `stuffsequence`, `stufftype`, `userid`, `visible`, `stufftitle`) VALUES
(1, 1, 'Default', 1, 1, 'Top Accounts'),
(2, 2, 'Default', 1, 1, 'Home Page Dashboard'),
(3, 3, 'Default', 1, 1, 'Top Potentials'),
(4, 4, 'Default', 1, 1, 'Top Quotes'),
(5, 5, 'Default', 1, 1, 'Key Metrics'),
(6, 6, 'Default', 1, 1, 'Top Trouble Tickets'),
(7, 7, 'Default', 1, 1, 'Upcoming Activities'),
(8, 8, 'Default', 1, 1, 'My Group Allocation'),
(9, 9, 'Default', 1, 1, 'Top Sales Orders'),
(10, 10, 'Default', 1, 1, 'Top Invoices'),
(11, 11, 'Default', 1, 1, 'My New Leads'),
(12, 12, 'Default', 1, 1, 'Top Purchase Orders'),
(13, 13, 'Default', 1, 1, 'Pending Activities'),
(14, 14, 'Default', 1, 1, 'My Recent FAQs'),
(15, 15, 'Tag Cloud', 1, 0, 'Tag Cloud'),
(16, 1, 'Default', 5, 1, 'Top Accounts'),
(17, 2, 'Default', 5, 1, 'Home Page Dashboard'),
(18, 3, 'Default', 5, 1, 'Top Potentials'),
(19, 4, 'Default', 5, 1, 'Top Quotes'),
(20, 5, 'Default', 5, 1, 'Key Metrics'),
(21, 6, 'Default', 5, 1, 'Top Trouble Tickets'),
(22, 7, 'Default', 5, 1, 'Upcoming Activities'),
(23, 8, 'Default', 5, 1, 'My Group Allocation'),
(24, 9, 'Default', 5, 1, 'Top Sales Orders'),
(25, 10, 'Default', 5, 1, 'Top Invoices'),
(26, 11, 'Default', 5, 1, 'My New Leads'),
(27, 12, 'Default', 5, 1, 'Top Purchase Orders'),
(28, 13, 'Default', 5, 1, 'Pending Activities'),
(29, 14, 'Default', 5, 1, 'My Recent FAQs'),
(30, 15, 'Tag Cloud', 5, 0, 'Tag Cloud'),
(31, 1, 'Default', 6, 1, 'Top Accounts'),
(32, 2, 'Default', 6, 1, 'Home Page Dashboard'),
(33, 3, 'Default', 6, 1, 'Top Potentials'),
(34, 4, 'Default', 6, 1, 'Top Quotes'),
(35, 5, 'Default', 6, 1, 'Key Metrics'),
(36, 6, 'Default', 6, 1, 'Top Trouble Tickets'),
(37, 7, 'Default', 6, 1, 'Upcoming Activities'),
(38, 8, 'Default', 6, 1, 'My Group Allocation'),
(39, 9, 'Default', 6, 1, 'Top Sales Orders'),
(40, 10, 'Default', 6, 1, 'Top Invoices'),
(41, 11, 'Default', 6, 1, 'My New Leads'),
(42, 12, 'Default', 6, 1, 'Top Purchase Orders'),
(43, 13, 'Default', 6, 1, 'Pending Activities'),
(44, 14, 'Default', 6, 1, 'My Recent FAQs'),
(45, 15, 'Tag Cloud', 6, 0, 'Tag Cloud'),
(76, 1, 'Default', 9, 1, 'Top Accounts'),
(77, 2, 'Default', 9, 1, 'Home Page Dashboard'),
(78, 3, 'Default', 9, 1, 'Top Potentials'),
(79, 4, 'Default', 9, 1, 'Top Quotes'),
(80, 5, 'Default', 9, 1, 'Key Metrics'),
(81, 6, 'Default', 9, 1, 'Top Trouble Tickets'),
(82, 7, 'Default', 9, 1, 'Upcoming Activities'),
(83, 8, 'Default', 9, 1, 'My Group Allocation'),
(84, 9, 'Default', 9, 1, 'Top Sales Orders'),
(85, 10, 'Default', 9, 1, 'Top Invoices'),
(86, 11, 'Default', 9, 1, 'My New Leads'),
(87, 12, 'Default', 9, 1, 'Top Purchase Orders'),
(88, 13, 'Default', 9, 1, 'Pending Activities'),
(89, 14, 'Default', 9, 1, 'My Recent FAQs'),
(90, 15, 'Tag Cloud', 9, 0, 'Tag Cloud'),
(136, 1, 'Default', 15, 1, 'Top Accounts'),
(137, 2, 'Default', 15, 1, 'Home Page Dashboard'),
(138, 3, 'Default', 15, 1, 'Top Potentials'),
(139, 4, 'Default', 15, 1, 'Top Quotes'),
(140, 5, 'Default', 15, 1, 'Key Metrics'),
(141, 6, 'Default', 15, 1, 'Top Trouble Tickets'),
(142, 7, 'Default', 15, 1, 'Upcoming Activities'),
(143, 8, 'Default', 15, 1, 'My Group Allocation'),
(144, 9, 'Default', 15, 1, 'Top Sales Orders'),
(145, 10, 'Default', 15, 1, 'Top Invoices'),
(146, 11, 'Default', 15, 1, 'My New Leads'),
(147, 12, 'Default', 15, 1, 'Top Purchase Orders'),
(148, 13, 'Default', 15, 1, 'Pending Activities'),
(149, 14, 'Default', 15, 1, 'My Recent FAQs'),
(150, 15, 'Tag Cloud', 15, 0, 'Tag Cloud'),
(151, 1, 'Default', 16, 1, 'Top Accounts'),
(152, 2, 'Default', 16, 1, 'Home Page Dashboard'),
(153, 3, 'Default', 16, 1, 'Top Potentials'),
(154, 4, 'Default', 16, 1, 'Top Quotes'),
(155, 5, 'Default', 16, 1, 'Key Metrics'),
(156, 6, 'Default', 16, 1, 'Top Trouble Tickets'),
(157, 7, 'Default', 16, 1, 'Upcoming Activities'),
(158, 8, 'Default', 16, 1, 'My Group Allocation'),
(159, 9, 'Default', 16, 1, 'Top Sales Orders'),
(160, 10, 'Default', 16, 1, 'Top Invoices'),
(161, 11, 'Default', 16, 1, 'My New Leads'),
(162, 12, 'Default', 16, 1, 'Top Purchase Orders'),
(163, 13, 'Default', 16, 1, 'Pending Activities'),
(164, 14, 'Default', 16, 1, 'My Recent FAQs'),
(165, 15, 'Tag Cloud', 16, 0, 'Tag Cloud'),
(181, 1, 'Default', 18, 1, 'Top Accounts'),
(182, 2, 'Default', 18, 1, 'Home Page Dashboard'),
(183, 3, 'Default', 18, 1, 'Top Potentials'),
(184, 4, 'Default', 18, 1, 'Top Quotes'),
(185, 5, 'Default', 18, 1, 'Key Metrics'),
(186, 6, 'Default', 18, 1, 'Top Trouble Tickets'),
(187, 7, 'Default', 18, 1, 'Upcoming Activities'),
(188, 8, 'Default', 18, 1, 'My Group Allocation'),
(189, 9, 'Default', 18, 1, 'Top Sales Orders'),
(190, 10, 'Default', 18, 1, 'Top Invoices'),
(191, 11, 'Default', 18, 1, 'My New Leads'),
(192, 12, 'Default', 18, 1, 'Top Purchase Orders'),
(193, 13, 'Default', 18, 1, 'Pending Activities'),
(194, 14, 'Default', 18, 1, 'My Recent FAQs'),
(195, 15, 'Tag Cloud', 18, 0, 'Tag Cloud'),
(196, 1, 'Default', 19, 1, 'Top Accounts'),
(197, 2, 'Default', 19, 1, 'Home Page Dashboard'),
(198, 3, 'Default', 19, 1, 'Top Potentials'),
(199, 4, 'Default', 19, 1, 'Top Quotes'),
(200, 5, 'Default', 19, 1, 'Key Metrics'),
(201, 6, 'Default', 19, 1, 'Top Trouble Tickets'),
(202, 7, 'Default', 19, 1, 'Upcoming Activities'),
(203, 8, 'Default', 19, 1, 'My Group Allocation'),
(204, 9, 'Default', 19, 1, 'Top Sales Orders'),
(205, 10, 'Default', 19, 1, 'Top Invoices'),
(206, 11, 'Default', 19, 1, 'My New Leads'),
(207, 12, 'Default', 19, 1, 'Top Purchase Orders'),
(208, 13, 'Default', 19, 1, 'Pending Activities'),
(209, 14, 'Default', 19, 1, 'My Recent FAQs'),
(210, 15, 'Tag Cloud', 19, 0, 'Tag Cloud');

-- --------------------------------------------------------

--
-- 表的结构 `vtiger_homestuff_seq`
--

CREATE TABLE IF NOT EXISTS `vtiger_homestuff_seq` (
  `id` int(11) NOT NULL
) ENGINE=InnoDB DEFAULT CHARSET=utf8;

--
-- 转存表中的数据 `vtiger_homestuff_seq`
--

INSERT INTO `vtiger_homestuff_seq` (`id`) VALUES
(210);

-- --------------------------------------------------------

--
-- 表的结构 `vtiger_home_layout`
--

CREATE TABLE IF NOT EXISTS `vtiger_home_layout` (
  `userid` int(19) NOT NULL,
  `layout` int(19) NOT NULL DEFAULT '4'
) ENGINE=InnoDB DEFAULT CHARSET=utf8;

-- --------------------------------------------------------

--
-- 表的结构 `vtiger_hour_format`
--

CREATE TABLE IF NOT EXISTS `vtiger_hour_format` (
  `hour_formatid` int(11) NOT NULL,
  `hour_format` varchar(200) NOT NULL,
  `sortorderid` int(11) DEFAULT NULL,
  `presence` int(11) NOT NULL DEFAULT '1'
) ENGINE=InnoDB AUTO_INCREMENT=3 DEFAULT CHARSET=utf8;

--
-- 转存表中的数据 `vtiger_hour_format`
--

INSERT INTO `vtiger_hour_format` (`hour_formatid`, `hour_format`, `sortorderid`, `presence`) VALUES
(1, '12', 1, 1),
(2, '24', 2, 1);

-- --------------------------------------------------------

--
-- 表的结构 `vtiger_hour_format_seq`
--

CREATE TABLE IF NOT EXISTS `vtiger_hour_format_seq` (
  `id` int(11) NOT NULL
) ENGINE=InnoDB DEFAULT CHARSET=utf8;

--
-- 转存表中的数据 `vtiger_hour_format_seq`
--

INSERT INTO `vtiger_hour_format_seq` (`id`) VALUES
(2);

-- --------------------------------------------------------

--
-- 表的结构 `vtiger_import_locks`
--

CREATE TABLE IF NOT EXISTS `vtiger_import_locks` (
  `vtiger_import_lock_id` int(11) NOT NULL,
  `userid` int(11) NOT NULL,
  `tabid` int(11) NOT NULL,
  `importid` int(11) NOT NULL,
  `locked_since` datetime DEFAULT NULL
) ENGINE=InnoDB DEFAULT CHARSET=utf8;

-- --------------------------------------------------------

--
-- 表的结构 `vtiger_import_maps`
--

CREATE TABLE IF NOT EXISTS `vtiger_import_maps` (
  `id` int(19) NOT NULL,
  `name` varchar(36) NOT NULL,
  `module` varchar(36) NOT NULL,
  `content` longblob,
  `has_header` int(1) NOT NULL DEFAULT '1',
  `deleted` int(1) NOT NULL DEFAULT '0',
  `date_entered` timestamp NOT NULL DEFAULT CURRENT_TIMESTAMP ON UPDATE CURRENT_TIMESTAMP,
  `date_modified` timestamp NOT NULL DEFAULT '0000-00-00 00:00:00',
  `assigned_user_id` varchar(36) DEFAULT NULL,
  `is_published` varchar(3) NOT NULL DEFAULT 'no'
) ENGINE=InnoDB DEFAULT CHARSET=utf8;

-- --------------------------------------------------------

--
-- 表的结构 `vtiger_import_queue`
--

CREATE TABLE IF NOT EXISTS `vtiger_import_queue` (
  `importid` int(11) NOT NULL,
  `userid` int(11) NOT NULL,
  `tabid` int(11) NOT NULL,
  `field_mapping` text,
  `default_values` text,
  `merge_type` int(11) DEFAULT NULL,
  `merge_fields` text,
  `status` int(11) DEFAULT '0'
) ENGINE=InnoDB DEFAULT CHARSET=utf8;

-- --------------------------------------------------------

--
-- 表的结构 `vtiger_industry`
--

CREATE TABLE IF NOT EXISTS `vtiger_industry` (
  `industryid` int(19) NOT NULL,
  `industry` varchar(200) NOT NULL,
  `presence` int(1) NOT NULL DEFAULT '1',
  `picklist_valueid` int(19) NOT NULL DEFAULT '0',
  `sortorderid` int(11) DEFAULT NULL
) ENGINE=InnoDB AUTO_INCREMENT=33 DEFAULT CHARSET=utf8;

--
-- 转存表中的数据 `vtiger_industry`
--

INSERT INTO `vtiger_industry` (`industryid`, `industry`, `presence`, `picklist_valueid`, `sortorderid`) VALUES
(2, 'Apparel', 1, 61, 1),
(3, 'Banking', 1, 62, 2),
(4, 'Biotechnology', 1, 63, 3),
(5, 'Chemicals', 1, 64, 4),
(6, 'Communications', 1, 65, 5),
(7, 'Construction', 1, 66, 6),
(8, 'Consulting', 1, 67, 7),
(9, 'Education', 1, 68, 8),
(10, 'Electronics', 1, 69, 9),
(11, 'Energy', 1, 70, 10),
(12, 'Engineering', 1, 71, 11),
(13, 'Entertainment', 1, 72, 12),
(14, 'Environmental', 1, 73, 13),
(15, 'Finance', 1, 74, 14),
(16, 'Food & Beverage', 1, 75, 15),
(17, 'Government', 1, 76, 16),
(18, 'Healthcare', 1, 77, 17),
(19, 'Hospitality', 1, 78, 18),
(20, 'Insurance', 1, 79, 19),
(21, 'Machinery', 1, 80, 20),
(22, 'Manufacturing', 1, 81, 21),
(23, 'Media', 1, 82, 22),
(24, 'Not For Profit', 1, 83, 23),
(25, 'Recreation', 1, 84, 24),
(26, 'Retail', 1, 85, 25),
(27, 'Shipping', 1, 86, 26),
(28, 'Technology', 1, 87, 27),
(29, 'Telecommunications', 1, 88, 28),
(30, 'Transportation', 1, 89, 29),
(31, 'Utilities', 1, 90, 30),
(32, 'Other', 1, 91, 31);

-- --------------------------------------------------------

--
-- 表的结构 `vtiger_industry_seq`
--

CREATE TABLE IF NOT EXISTS `vtiger_industry_seq` (
  `id` int(11) NOT NULL
) ENGINE=InnoDB DEFAULT CHARSET=utf8;

--
-- 转存表中的数据 `vtiger_industry_seq`
--

INSERT INTO `vtiger_industry_seq` (`id`) VALUES
(32);

-- --------------------------------------------------------

--
-- 表的结构 `vtiger_inventorynotification`
--

CREATE TABLE IF NOT EXISTS `vtiger_inventorynotification` (
  `notificationid` int(19) NOT NULL,
  `notificationname` varchar(200) DEFAULT NULL,
  `notificationsubject` varchar(200) DEFAULT NULL,
  `notificationbody` text,
  `label` varchar(50) DEFAULT NULL,
  `status` varchar(30) DEFAULT NULL
) ENGINE=InnoDB AUTO_INCREMENT=4 DEFAULT CHARSET=utf8;

--
-- 转存表中的数据 `vtiger_inventorynotification`
--

INSERT INTO `vtiger_inventorynotification` (`notificationid`, `notificationname`, `notificationsubject`, `notificationbody`, `label`, `status`) VALUES
(1, 'InvoiceNotification', '{PRODUCTNAME} Stock Level is Low', 'Dear {HANDLER},\n\nThe current stock of {PRODUCTNAME} in our warehouse is {CURRENTSTOCK}. Kindly procure required number of units as the stock level is below reorder level {REORDERLEVELVALUE}.\n\nPlease treat this information as Urgent as the invoice is already sent  to the customer.\n\nSeverity: Critical\n\nThanks,\n{CURRENTUSER} ', 'InvoiceNotificationDescription', NULL),
(2, 'QuoteNotification', 'Quote given for {PRODUCTNAME}', 'Dear {HANDLER},\n\nQuote is generated for {QUOTEQUANTITY} units of {PRODUCTNAME}. The current stock of {PRODUCTNAME} in our warehouse is {CURRENTSTOCK}.\n\nSeverity: Minor\n\nThanks,\n{CURRENTUSER} ', 'QuoteNotificationDescription', NULL),
(3, 'SalesOrderNotification', 'Sales Order generated for {PRODUCTNAME}', 'Dear {HANDLER},\n\nSalesOrder is generated for {SOQUANTITY} units of {PRODUCTNAME}. The current stock of {PRODUCTNAME} in our warehouse is {CURRENTSTOCK}.\n\nPlease treat this information  with priority as the sales order is already generated.\n\nSeverity: Major\n\nThanks,\n{CURRENTUSER} ', 'SalesOrderNotificationDescription', NULL);

-- --------------------------------------------------------

--
-- 表的结构 `vtiger_inventorynotification_seq`
--

CREATE TABLE IF NOT EXISTS `vtiger_inventorynotification_seq` (
  `id` int(11) NOT NULL
) ENGINE=InnoDB DEFAULT CHARSET=utf8;

--
-- 转存表中的数据 `vtiger_inventorynotification_seq`
--

INSERT INTO `vtiger_inventorynotification_seq` (`id`) VALUES
(3);

-- --------------------------------------------------------

--
-- 表的结构 `vtiger_inventoryproductrel`
--

CREATE TABLE IF NOT EXISTS `vtiger_inventoryproductrel` (
  `id` int(19) DEFAULT NULL,
  `productid` int(19) DEFAULT NULL,
  `sequence_no` int(4) DEFAULT NULL,
  `quantity` decimal(25,3) DEFAULT NULL,
  `listprice` decimal(27,8) DEFAULT NULL,
  `discount_percent` decimal(7,3) DEFAULT NULL,
  `discount_amount` decimal(27,8) DEFAULT NULL,
  `comment` varchar(500) DEFAULT NULL,
  `description` text,
  `incrementondel` int(11) NOT NULL DEFAULT '0',
  `lineitem_id` int(11) NOT NULL,
  `tax1` decimal(7,3) DEFAULT NULL,
  `tax2` decimal(7,3) DEFAULT NULL,
  `tax3` decimal(7,3) DEFAULT NULL
) ENGINE=InnoDB AUTO_INCREMENT=9 DEFAULT CHARSET=utf8;

--
-- 转存表中的数据 `vtiger_inventoryproductrel`
--

INSERT INTO `vtiger_inventoryproductrel` (`id`, `productid`, `sequence_no`, `quantity`, `listprice`, `discount_percent`, `discount_amount`, `comment`, `description`, `incrementondel`, `lineitem_id`, `tax1`, `tax2`, `tax3`) VALUES
(14, 13, 1, '1.000', '35000.00000000', NULL, NULL, '', NULL, 0, 1, '0.000', '0.000', '0.000'),
(15, 13, 1, '1.000', '35000.00000000', NULL, NULL, '', NULL, 0, 3, '0.000', '0.000', '0.000'),
(17, 4, 1, '1.000', '500.00000000', NULL, NULL, '', NULL, 0, 5, '0.000', '0.000', '0.000'),
(146, 23, 1, '1.000', '1900.00000000', NULL, NULL, 'In-House Man Power', NULL, 1, 6, '4.500', '10.000', '12.500'),
(147, 21, 1, '1.000', '1900.00000000', NULL, NULL, 'Out-source Man Power', NULL, 1, 8, NULL, NULL, NULL);

-- --------------------------------------------------------

--
-- 表的结构 `vtiger_inventoryproductrel_seq`
--

CREATE TABLE IF NOT EXISTS `vtiger_inventoryproductrel_seq` (
  `id` int(11) NOT NULL
) ENGINE=InnoDB DEFAULT CHARSET=utf8;

--
-- 转存表中的数据 `vtiger_inventoryproductrel_seq`
--

INSERT INTO `vtiger_inventoryproductrel_seq` (`id`) VALUES
(0);

-- --------------------------------------------------------

--
-- 表的结构 `vtiger_inventoryshippingrel`
--

CREATE TABLE IF NOT EXISTS `vtiger_inventoryshippingrel` (
  `id` int(19) DEFAULT NULL,
  `shtax1` decimal(7,3) DEFAULT NULL,
  `shtax2` decimal(7,3) DEFAULT NULL,
  `shtax3` decimal(7,3) DEFAULT NULL
) ENGINE=InnoDB DEFAULT CHARSET=utf8;

--
-- 转存表中的数据 `vtiger_inventoryshippingrel`
--

INSERT INTO `vtiger_inventoryshippingrel` (`id`, `shtax1`, `shtax2`, `shtax3`) VALUES
(14, '4.500', '10.000', '12.500'),
(15, '4.500', '10.000', '12.500'),
(17, '4.500', '10.000', '12.500'),
(146, '4.500', '10.000', '12.500'),
(147, NULL, NULL, NULL);

-- --------------------------------------------------------

--
-- 表的结构 `vtiger_inventorysubproductrel`
--

CREATE TABLE IF NOT EXISTS `vtiger_inventorysubproductrel` (
  `id` int(19) NOT NULL,
  `sequence_no` int(10) NOT NULL,
  `productid` int(19) NOT NULL
) ENGINE=InnoDB DEFAULT CHARSET=utf8;

-- --------------------------------------------------------

--
-- 表的结构 `vtiger_inventorytaxinfo`
--

CREATE TABLE IF NOT EXISTS `vtiger_inventorytaxinfo` (
  `taxid` int(3) NOT NULL,
  `taxname` varchar(50) DEFAULT NULL,
  `taxlabel` varchar(50) DEFAULT NULL,
  `percentage` decimal(7,3) DEFAULT NULL,
  `deleted` int(1) DEFAULT NULL
) ENGINE=InnoDB DEFAULT CHARSET=utf8;

--
-- 转存表中的数据 `vtiger_inventorytaxinfo`
--

INSERT INTO `vtiger_inventorytaxinfo` (`taxid`, `taxname`, `taxlabel`, `percentage`, `deleted`) VALUES
(1, 'tax1', 'VAT', '4.500', 1),
(2, 'tax2', 'Sales', '10.000', 1),
(3, 'tax3', 'Service', '12.500', 1);

-- --------------------------------------------------------

--
-- 表的结构 `vtiger_inventorytaxinfo_seq`
--

CREATE TABLE IF NOT EXISTS `vtiger_inventorytaxinfo_seq` (
  `id` int(11) NOT NULL
) ENGINE=InnoDB DEFAULT CHARSET=utf8;

--
-- 转存表中的数据 `vtiger_inventorytaxinfo_seq`
--

INSERT INTO `vtiger_inventorytaxinfo_seq` (`id`) VALUES
(3);

-- --------------------------------------------------------

--
-- 表的结构 `vtiger_inventory_tandc`
--

CREATE TABLE IF NOT EXISTS `vtiger_inventory_tandc` (
  `id` int(19) NOT NULL,
  `type` varchar(30) NOT NULL,
  `tandc` text
) ENGINE=InnoDB DEFAULT CHARSET=utf8;

--
-- 转存表中的数据 `vtiger_inventory_tandc`
--

INSERT INTO `vtiger_inventory_tandc` (`id`, `type`, `tandc`) VALUES
(1, 'Inventory', '\n - Unless otherwise agreed in writing by the supplier all invoices are payable within thirty (30) days of the date of invoice, in the currency of the invoice, drawn on a bank based in India or by such other method as is agreed in advance by the Supplier.\n\n - All prices are not inclusive of VAT which shall be payable in addition by the Customer at the applicable rate.');

-- --------------------------------------------------------

--
-- 表的结构 `vtiger_inventory_tandc_seq`
--

CREATE TABLE IF NOT EXISTS `vtiger_inventory_tandc_seq` (
  `id` int(11) NOT NULL
) ENGINE=InnoDB DEFAULT CHARSET=utf8;

--
-- 转存表中的数据 `vtiger_inventory_tandc_seq`
--

INSERT INTO `vtiger_inventory_tandc_seq` (`id`) VALUES
(1);

-- --------------------------------------------------------

--
-- 表的结构 `vtiger_invitees`
--

CREATE TABLE IF NOT EXISTS `vtiger_invitees` (
  `activityid` int(19) NOT NULL,
  `inviteeid` int(19) NOT NULL
) ENGINE=InnoDB DEFAULT CHARSET=utf8;

--
-- 转存表中的数据 `vtiger_invitees`
--

INSERT INTO `vtiger_invitees` (`activityid`, `inviteeid`) VALUES
(71, 9),
(71, 15);

-- --------------------------------------------------------

--
-- 表的结构 `vtiger_invoice`
--

CREATE TABLE IF NOT EXISTS `vtiger_invoice` (
  `invoiceid` int(19) NOT NULL DEFAULT '0',
  `subject` varchar(100) DEFAULT NULL,
  `salesorderid` int(19) DEFAULT NULL,
  `customerno` varchar(100) DEFAULT NULL,
  `contactid` int(19) DEFAULT NULL,
  `notes` varchar(100) DEFAULT NULL,
  `invoicedate` date DEFAULT NULL,
  `duedate` date DEFAULT NULL,
  `invoiceterms` varchar(100) DEFAULT NULL,
  `type` varchar(100) DEFAULT NULL,
  `adjustment` decimal(25,8) DEFAULT NULL,
  `salescommission` decimal(25,3) DEFAULT NULL,
  `exciseduty` decimal(25,3) DEFAULT NULL,
  `subtotal` decimal(25,8) DEFAULT NULL,
  `total` decimal(25,8) DEFAULT NULL,
  `taxtype` varchar(25) DEFAULT NULL,
  `discount_percent` decimal(25,3) DEFAULT NULL,
  `discount_amount` decimal(25,8) DEFAULT NULL,
  `s_h_amount` decimal(25,8) DEFAULT NULL,
  `shipping` varchar(100) DEFAULT NULL,
  `accountid` int(19) DEFAULT NULL,
  `terms_conditions` text,
  `purchaseorder` varchar(200) DEFAULT NULL,
  `invoicestatus` varchar(200) DEFAULT NULL,
  `invoice_no` varchar(100) DEFAULT NULL,
  `currency_id` int(19) NOT NULL DEFAULT '1',
  `conversion_rate` decimal(10,3) NOT NULL DEFAULT '1.000',
  `pre_tax_total` decimal(25,8) DEFAULT NULL,
  `received` decimal(25,8) DEFAULT NULL,
  `balance` decimal(25,8) DEFAULT NULL,
  `s_h_percent` int(11) DEFAULT NULL
) ENGINE=InnoDB DEFAULT CHARSET=utf8;

--
-- 转存表中的数据 `vtiger_invoice`
--

INSERT INTO `vtiger_invoice` (`invoiceid`, `subject`, `salesorderid`, `customerno`, `contactid`, `notes`, `invoicedate`, `duedate`, `invoiceterms`, `type`, `adjustment`, `salescommission`, `exciseduty`, `subtotal`, `total`, `taxtype`, `discount_percent`, `discount_amount`, `s_h_amount`, `shipping`, `accountid`, `terms_conditions`, `purchaseorder`, `invoicestatus`, `invoice_no`, `currency_id`, `conversion_rate`, `pre_tax_total`, `received`, `balance`, `s_h_percent`) VALUES
(146, 'Savills-service-inv', NULL, '', 0, NULL, NULL, NULL, NULL, NULL, '0.00000000', '0.000', '0.000', '1900.00000000', '2413.00000000', 'group', '0.000', '0.00000000', '0.00000000', NULL, 19, '- Unless otherwise agreed in writing by the supplier all invoices are payable within thirty (30) days of the date of invoice, in the currency of the invoice, drawn on a bank based in India or by such other method as is agreed in advance by the Supplier.\n\n - All prices are not inclusive of VAT which shall be payable in addition by the Customer at the applicable rate.', '', '', 'INV1', 2, '0.860', '1900.00000000', '0.00000000', '2413.00000000', 27),
(147, 'Savills-service-inv160705002', NULL, '', 0, NULL, NULL, NULL, NULL, NULL, '0.00000000', '0.000', '0.000', '1900.00000000', '1900.00000000', 'group', NULL, NULL, '0.00000000', NULL, 19, 'Payment terms: 100% payment with 14 days credit against invoice.\n\nBank Information\nBeneficiary Bank: Fubon Bank(Hong Kong) Ltd\nSwift Code: IBALHKHH\nAccount Name: SHINY BEST TECHNOLOGY LIMITED\nAccount Number:  858-070-61835\n\n\n - All prices are not inclusive of VAT which shall be payable in addition by the Customer at the applicable rate.', '', '', 'INV2', 2, '0.860', '1900.00000000', '0.00000000', '1900.00000000', 0);

-- --------------------------------------------------------

--
-- 表的结构 `vtiger_invoicebillads`
--

CREATE TABLE IF NOT EXISTS `vtiger_invoicebillads` (
  `invoicebilladdressid` int(19) NOT NULL DEFAULT '0',
  `bill_city` varchar(30) DEFAULT NULL,
  `bill_code` varchar(30) DEFAULT NULL,
  `bill_country` varchar(30) DEFAULT NULL,
  `bill_state` varchar(30) DEFAULT NULL,
  `bill_street` varchar(250) DEFAULT NULL,
  `bill_pobox` varchar(30) DEFAULT NULL
) ENGINE=InnoDB DEFAULT CHARSET=utf8;

--
-- 转存表中的数据 `vtiger_invoicebillads`
--

INSERT INTO `vtiger_invoicebillads` (`invoicebilladdressid`, `bill_city`, `bill_code`, `bill_country`, `bill_state`, `bill_street`, `bill_pobox`) VALUES
(146, '', '', '', '', 'Unit A, 3/F., Cheong Sun Tower,116-118\n         Wing Lok Street, Sheung Wan, Hong Kong', ''),
(147, '', '', '', '', 'Unit A, 3/F., Cheong Sun Tower,116-118\n         Wing Lok Street, Sheung Wan, Hong Kong', '');

-- --------------------------------------------------------

--
-- 表的结构 `vtiger_invoicecf`
--

CREATE TABLE IF NOT EXISTS `vtiger_invoicecf` (
  `invoiceid` int(19) NOT NULL DEFAULT '0'
) ENGINE=InnoDB DEFAULT CHARSET=utf8;

--
-- 转存表中的数据 `vtiger_invoicecf`
--

INSERT INTO `vtiger_invoicecf` (`invoiceid`) VALUES
(146),
(147);

-- --------------------------------------------------------

--
-- 表的结构 `vtiger_invoiceshipads`
--

CREATE TABLE IF NOT EXISTS `vtiger_invoiceshipads` (
  `invoiceshipaddressid` int(19) NOT NULL DEFAULT '0',
  `ship_city` varchar(30) DEFAULT NULL,
  `ship_code` varchar(30) DEFAULT NULL,
  `ship_country` varchar(30) DEFAULT NULL,
  `ship_state` varchar(30) DEFAULT NULL,
  `ship_street` varchar(250) DEFAULT NULL,
  `ship_pobox` varchar(30) DEFAULT NULL
) ENGINE=InnoDB DEFAULT CHARSET=utf8;

--
-- 转存表中的数据 `vtiger_invoiceshipads`
--

INSERT INTO `vtiger_invoiceshipads` (`invoiceshipaddressid`, `ship_city`, `ship_code`, `ship_country`, `ship_state`, `ship_street`, `ship_pobox`) VALUES
(146, '', '', '', '', 'Unit A, 3/F., Cheong Sun Tower,116-118\n         Wing Lok Street, Sheung Wan, Hong Kong', ''),
(147, '', '', '', '', 'Unit A, 3/F., Cheong Sun Tower,116-118\n         Wing Lok Street, Sheung Wan, Hong Kong', '');

-- --------------------------------------------------------

--
-- 表的结构 `vtiger_invoicestatus`
--

CREATE TABLE IF NOT EXISTS `vtiger_invoicestatus` (
  `invoicestatusid` int(19) NOT NULL,
  `invoicestatus` varchar(200) NOT NULL,
  `presence` int(1) NOT NULL DEFAULT '1',
  `picklist_valueid` int(19) NOT NULL DEFAULT '0',
  `sortorderid` int(11) DEFAULT NULL
) ENGINE=InnoDB AUTO_INCREMENT=8 DEFAULT CHARSET=utf8;

--
-- 转存表中的数据 `vtiger_invoicestatus`
--

INSERT INTO `vtiger_invoicestatus` (`invoicestatusid`, `invoicestatus`, `presence`, `picklist_valueid`, `sortorderid`) VALUES
(1, 'AutoCreated', 0, 92, 0),
(2, 'Created', 0, 93, 1),
(3, 'Approved', 0, 94, 2),
(4, 'Sent', 0, 95, 3),
(5, 'Credit Invoice', 0, 96, 4),
(6, 'Paid', 0, 97, 5),
(7, 'Cancel', 1, 288, 1);

-- --------------------------------------------------------

--
-- 表的结构 `vtiger_invoicestatushistory`
--

CREATE TABLE IF NOT EXISTS `vtiger_invoicestatushistory` (
  `historyid` int(19) NOT NULL,
  `invoiceid` int(19) NOT NULL,
  `accountname` varchar(100) DEFAULT NULL,
  `total` decimal(10,0) DEFAULT NULL,
  `invoicestatus` varchar(200) DEFAULT NULL,
  `lastmodified` datetime DEFAULT NULL
) ENGINE=InnoDB DEFAULT CHARSET=utf8;

-- --------------------------------------------------------

--
-- 表的结构 `vtiger_invoicestatus_seq`
--

CREATE TABLE IF NOT EXISTS `vtiger_invoicestatus_seq` (
  `id` int(11) NOT NULL
) ENGINE=InnoDB DEFAULT CHARSET=utf8;

--
-- 转存表中的数据 `vtiger_invoicestatus_seq`
--

INSERT INTO `vtiger_invoicestatus_seq` (`id`) VALUES
(7);

-- --------------------------------------------------------

--
-- 表的结构 `vtiger_invoice_recurring_info`
--

CREATE TABLE IF NOT EXISTS `vtiger_invoice_recurring_info` (
  `salesorderid` int(11) NOT NULL DEFAULT '0',
  `recurring_frequency` varchar(200) DEFAULT NULL,
  `start_period` date DEFAULT NULL,
  `end_period` date DEFAULT NULL,
  `last_recurring_date` date DEFAULT NULL,
  `payment_duration` varchar(200) DEFAULT NULL,
  `invoice_status` varchar(200) DEFAULT NULL
) ENGINE=InnoDB DEFAULT CHARSET=utf8;

-- --------------------------------------------------------

--
-- 表的结构 `vtiger_language`
--

CREATE TABLE IF NOT EXISTS `vtiger_language` (
  `id` int(11) NOT NULL,
  `name` varchar(50) DEFAULT NULL,
  `prefix` varchar(10) DEFAULT NULL,
  `label` varchar(30) DEFAULT NULL,
  `lastupdated` datetime DEFAULT NULL,
  `sequence` int(11) DEFAULT NULL,
  `isdefault` int(1) DEFAULT NULL,
  `active` int(1) DEFAULT NULL
) ENGINE=InnoDB AUTO_INCREMENT=18 DEFAULT CHARSET=utf8;

--
-- 转存表中的数据 `vtiger_language`
--

INSERT INTO `vtiger_language` (`id`, `name`, `prefix`, `label`, `lastupdated`, `sequence`, `isdefault`, `active`) VALUES
(1, 'English', 'en_us', 'US English', '2016-07-02 16:45:00', NULL, 1, 1),
(2, 'Swedish', 'sv_se', 'Swedish', '2016-07-02 16:45:46', NULL, 0, 1),
(3, 'Pack de langue français', 'fr_fr', 'Pack de langue français', '2016-07-02 16:45:39', NULL, 0, 1),
(4, 'Język Polski', 'pl_pl', 'Język Polski', '2016-07-02 16:45:39', NULL, 0, 1),
(5, 'Deutsch', 'de_de', 'DE Deutsch', '2016-07-02 16:45:30', NULL, 0, 1),
(6, 'British English', 'en_gb', 'British English', '2016-07-02 16:45:30', NULL, 0, 1),
(7, 'Dutch', 'nl_nl', 'NL-Dutch', '2016-07-02 16:45:30', NULL, 0, 1),
(8, 'Russian', 'ru_ru', 'Russian', '2016-07-02 16:45:30', NULL, 0, 1),
(9, 'Brazilian', 'pt_br', 'PT Brasil', '2016-07-02 16:45:39', NULL, 0, 1),
(10, 'Italian', 'it_it', 'IT Italian', '2016-07-02 16:45:31', NULL, 0, 1),
(11, 'Spanish', 'es_es', 'ES Spanish', '2016-07-02 16:45:32', NULL, 0, 1),
(12, 'Turkce', 'tr_tr', 'Turkce Dil Paketi', '2016-07-02 16:45:32', NULL, 0, 1),
(13, 'Romana', 'ro_ro', 'Romana', '2016-07-02 16:45:39', NULL, 0, 1),
(14, 'Mexican Spanish', 'es_mx', 'ES Mexico', '2016-07-02 16:45:32', NULL, 0, 1),
(15, 'Arabic', 'ar_ae', 'Arabic', '2016-07-02 16:45:46', NULL, 0, 1),
(16, 'Hungarian', 'hu_hu', 'HU Magyar', '2016-07-02 16:45:33', NULL, 0, 1),
(17, 'Traditional Chinese', 'zh_tw', '台灣繁體', '2016-07-02 15:57:16', NULL, 0, 1);

-- --------------------------------------------------------

--
-- 表的结构 `vtiger_language_seq`
--

CREATE TABLE IF NOT EXISTS `vtiger_language_seq` (
  `id` int(11) NOT NULL
) ENGINE=InnoDB DEFAULT CHARSET=utf8;

--
-- 转存表中的数据 `vtiger_language_seq`
--

INSERT INTO `vtiger_language_seq` (`id`) VALUES
(17);

-- --------------------------------------------------------

--
-- 表的结构 `vtiger_leadaddress`
--

CREATE TABLE IF NOT EXISTS `vtiger_leadaddress` (
  `leadaddressid` int(19) NOT NULL DEFAULT '0',
  `city` varchar(30) DEFAULT NULL,
  `code` varchar(30) DEFAULT NULL,
  `state` varchar(30) DEFAULT NULL,
  `pobox` varchar(30) DEFAULT NULL,
  `country` varchar(30) DEFAULT NULL,
  `phone` varchar(50) DEFAULT NULL,
  `mobile` varchar(50) DEFAULT NULL,
  `fax` varchar(50) DEFAULT NULL,
  `lane` varchar(250) DEFAULT NULL,
  `leadaddresstype` varchar(30) DEFAULT 'Billing'
) ENGINE=InnoDB DEFAULT CHARSET=utf8;

--
-- 转存表中的数据 `vtiger_leadaddress`
--

INSERT INTO `vtiger_leadaddress` (`leadaddressid`, `city`, `code`, `state`, `pobox`, `country`, `phone`, `mobile`, `fax`, `lane`, `leadaddresstype`) VALUES
(85, '', '', '', '', '', '', '', '', '', 'Billing');

-- --------------------------------------------------------

--
-- 表的结构 `vtiger_leaddetails`
--

CREATE TABLE IF NOT EXISTS `vtiger_leaddetails` (
  `leadid` int(19) NOT NULL,
  `lead_no` varchar(100) NOT NULL,
  `email` varchar(100) DEFAULT NULL,
  `interest` varchar(50) DEFAULT NULL,
  `firstname` varchar(40) DEFAULT NULL,
  `salutation` varchar(200) DEFAULT NULL,
  `lastname` varchar(80) NOT NULL,
  `company` varchar(100) NOT NULL,
  `annualrevenue` decimal(25,8) DEFAULT NULL,
  `industry` varchar(200) DEFAULT NULL,
  `campaign` varchar(30) DEFAULT NULL,
  `rating` varchar(200) DEFAULT NULL,
  `leadstatus` varchar(50) DEFAULT NULL,
  `leadsource` varchar(200) DEFAULT NULL,
  `converted` int(1) DEFAULT '0',
  `designation` varchar(50) DEFAULT 'SalesMan',
  `licencekeystatus` varchar(50) DEFAULT NULL,
  `space` varchar(250) DEFAULT NULL,
  `comments` text,
  `priority` varchar(50) DEFAULT NULL,
  `demorequest` varchar(50) DEFAULT NULL,
  `partnercontact` varchar(50) DEFAULT NULL,
  `productversion` varchar(20) DEFAULT NULL,
  `product` varchar(50) DEFAULT NULL,
  `maildate` date DEFAULT NULL,
  `nextstepdate` date DEFAULT NULL,
  `fundingsituation` varchar(50) DEFAULT NULL,
  `purpose` varchar(50) DEFAULT NULL,
  `evaluationstatus` varchar(50) DEFAULT NULL,
  `transferdate` date DEFAULT NULL,
  `revenuetype` varchar(50) DEFAULT NULL,
  `noofemployees` int(50) DEFAULT NULL,
  `secondaryemail` varchar(100) DEFAULT NULL,
  `assignleadchk` int(1) DEFAULT '0',
  `emailoptout` varchar(3) DEFAULT NULL
) ENGINE=InnoDB DEFAULT CHARSET=utf8;

--
-- 转存表中的数据 `vtiger_leaddetails`
--

INSERT INTO `vtiger_leaddetails` (`leadid`, `lead_no`, `email`, `interest`, `firstname`, `salutation`, `lastname`, `company`, `annualrevenue`, `industry`, `campaign`, `rating`, `leadstatus`, `leadsource`, `converted`, `designation`, `licencekeystatus`, `space`, `comments`, `priority`, `demorequest`, `partnercontact`, `productversion`, `product`, `maildate`, `nextstepdate`, `fundingsituation`, `purpose`, `evaluationstatus`, `transferdate`, `revenuetype`, `noofemployees`, `secondaryemail`, `assignleadchk`, `emailoptout`) VALUES
(85, 'LEA1', '', NULL, 'Eddie', 'Mr.', 'Lam', 'KGI', '0.00000000', 'Finance', NULL, 'Active', 'Qualified', 'Self Generated', 0, '', NULL, NULL, NULL, NULL, NULL, NULL, NULL, NULL, NULL, NULL, NULL, NULL, NULL, NULL, NULL, 0, '', 0, '0');

-- --------------------------------------------------------

--
-- 表的结构 `vtiger_leadscf`
--

CREATE TABLE IF NOT EXISTS `vtiger_leadscf` (
  `leadid` int(19) NOT NULL DEFAULT '0'
) ENGINE=InnoDB DEFAULT CHARSET=utf8;

--
-- 转存表中的数据 `vtiger_leadscf`
--

INSERT INTO `vtiger_leadscf` (`leadid`) VALUES
(85);

-- --------------------------------------------------------

--
-- 表的结构 `vtiger_leadsource`
--

CREATE TABLE IF NOT EXISTS `vtiger_leadsource` (
  `leadsourceid` int(19) NOT NULL,
  `leadsource` varchar(200) NOT NULL,
  `presence` int(1) NOT NULL DEFAULT '1',
  `picklist_valueid` int(19) NOT NULL DEFAULT '0',
  `sortorderid` int(11) DEFAULT NULL
) ENGINE=InnoDB AUTO_INCREMENT=14 DEFAULT CHARSET=utf8;

--
-- 转存表中的数据 `vtiger_leadsource`
--

INSERT INTO `vtiger_leadsource` (`leadsourceid`, `leadsource`, `presence`, `picklist_valueid`, `sortorderid`) VALUES
(2, 'Cold Call', 1, 99, 1),
(3, 'Existing Customer', 1, 100, 2),
(4, 'Self Generated', 1, 101, 3),
(5, 'Employee', 1, 102, 4),
(6, 'Partner', 1, 103, 5),
(7, 'Public Relations', 1, 104, 6),
(8, 'Direct Mail', 1, 105, 7),
(9, 'Conference', 1, 106, 8),
(10, 'Trade Show', 1, 107, 9),
(11, 'Web Site', 1, 108, 10),
(12, 'Word of mouth', 1, 109, 11),
(13, 'Other', 1, 110, 12);

-- --------------------------------------------------------

--
-- 表的结构 `vtiger_leadsource_seq`
--

CREATE TABLE IF NOT EXISTS `vtiger_leadsource_seq` (
  `id` int(11) NOT NULL
) ENGINE=InnoDB DEFAULT CHARSET=utf8;

--
-- 转存表中的数据 `vtiger_leadsource_seq`
--

INSERT INTO `vtiger_leadsource_seq` (`id`) VALUES
(13);

-- --------------------------------------------------------

--
-- 表的结构 `vtiger_leadstage`
--

CREATE TABLE IF NOT EXISTS `vtiger_leadstage` (
  `leadstageid` int(19) NOT NULL,
  `stage` varchar(200) NOT NULL,
  `sortorderid` int(19) NOT NULL DEFAULT '0',
  `presence` int(1) NOT NULL DEFAULT '1'
) ENGINE=InnoDB DEFAULT CHARSET=utf8;

-- --------------------------------------------------------

--
-- 表的结构 `vtiger_leadstatus`
--

CREATE TABLE IF NOT EXISTS `vtiger_leadstatus` (
  `leadstatusid` int(19) NOT NULL,
  `leadstatus` varchar(200) NOT NULL,
  `presence` int(1) NOT NULL DEFAULT '1',
  `picklist_valueid` int(19) NOT NULL DEFAULT '0',
  `sortorderid` int(11) DEFAULT NULL
) ENGINE=InnoDB AUTO_INCREMENT=13 DEFAULT CHARSET=utf8;

--
-- 转存表中的数据 `vtiger_leadstatus`
--

INSERT INTO `vtiger_leadstatus` (`leadstatusid`, `leadstatus`, `presence`, `picklist_valueid`, `sortorderid`) VALUES
(2, 'Attempted to Contact', 1, 112, 1),
(3, 'Cold', 1, 113, 2),
(4, 'Contact in Future', 1, 114, 3),
(5, 'Contacted', 1, 115, 4),
(6, 'Hot', 1, 116, 5),
(7, 'Junk Lead', 1, 117, 6),
(8, 'Lost Lead', 1, 118, 7),
(9, 'Not Contacted', 1, 119, 8),
(10, 'Pre Qualified', 1, 120, 9),
(11, 'Qualified', 1, 121, 10),
(12, 'Warm', 1, 122, 11);

-- --------------------------------------------------------

--
-- 表的结构 `vtiger_leadstatus_seq`
--

CREATE TABLE IF NOT EXISTS `vtiger_leadstatus_seq` (
  `id` int(11) NOT NULL
) ENGINE=InnoDB DEFAULT CHARSET=utf8;

--
-- 转存表中的数据 `vtiger_leadstatus_seq`
--

INSERT INTO `vtiger_leadstatus_seq` (`id`) VALUES
(12);

-- --------------------------------------------------------

--
-- 表的结构 `vtiger_leadsubdetails`
--

CREATE TABLE IF NOT EXISTS `vtiger_leadsubdetails` (
  `leadsubscriptionid` int(19) NOT NULL DEFAULT '0',
  `website` varchar(255) DEFAULT NULL,
  `callornot` int(1) DEFAULT '0',
  `readornot` int(1) DEFAULT '0',
  `empct` int(10) DEFAULT '0'
) ENGINE=InnoDB DEFAULT CHARSET=utf8;

--
-- 转存表中的数据 `vtiger_leadsubdetails`
--

INSERT INTO `vtiger_leadsubdetails` (`leadsubscriptionid`, `website`, `callornot`, `readornot`, `empct`) VALUES
(85, '', 0, 0, 0);

-- --------------------------------------------------------

--
-- 表的结构 `vtiger_lead_view`
--

CREATE TABLE IF NOT EXISTS `vtiger_lead_view` (
  `lead_viewid` int(19) NOT NULL,
  `lead_view` varchar(200) NOT NULL,
  `sortorderid` int(19) NOT NULL DEFAULT '0',
  `presence` int(1) NOT NULL DEFAULT '1'
) ENGINE=InnoDB AUTO_INCREMENT=4 DEFAULT CHARSET=utf8;

--
-- 转存表中的数据 `vtiger_lead_view`
--

INSERT INTO `vtiger_lead_view` (`lead_viewid`, `lead_view`, `sortorderid`, `presence`) VALUES
(1, 'Today', 0, 1),
(2, 'Last 2 Days', 1, 1),
(3, 'Last Week', 2, 1);

-- --------------------------------------------------------

--
-- 表的结构 `vtiger_lead_view_seq`
--

CREATE TABLE IF NOT EXISTS `vtiger_lead_view_seq` (
  `id` int(11) NOT NULL
) ENGINE=InnoDB DEFAULT CHARSET=utf8;

--
-- 转存表中的数据 `vtiger_lead_view_seq`
--

INSERT INTO `vtiger_lead_view_seq` (`id`) VALUES
(3);

-- --------------------------------------------------------

--
-- 表的结构 `vtiger_links`
--

CREATE TABLE IF NOT EXISTS `vtiger_links` (
  `linkid` int(11) NOT NULL,
  `tabid` int(11) DEFAULT NULL,
  `linktype` varchar(50) DEFAULT NULL,
  `linklabel` varchar(50) DEFAULT NULL,
  `linkurl` varchar(255) DEFAULT NULL,
  `linkicon` varchar(100) DEFAULT NULL,
  `sequence` int(11) DEFAULT NULL,
  `handler_path` varchar(128) DEFAULT NULL,
  `handler_class` varchar(50) DEFAULT NULL,
  `handler` varchar(50) DEFAULT NULL
) ENGINE=InnoDB DEFAULT CHARSET=utf8;

--
-- 转存表中的数据 `vtiger_links`
--

INSERT INTO `vtiger_links` (`linkid`, `tabid`, `linktype`, `linklabel`, `linkurl`, `linkicon`, `sequence`, `handler_path`, `handler_class`, `handler`) VALUES
(1, 6, 'DETAILVIEWBASIC', 'LBL_ADD_NOTE', 'index.php?module=Documents&action=EditView&return_module=$MODULE$&return_action=DetailView&return_id=$RECORD$&parent_id=$RECORD$', 'themes/images/bookMark.gif', 0, 'modules/Documents/Documents.php', 'Documents', 'isLinkPermitted'),
(2, 6, 'DETAILVIEWBASIC', 'LBL_SHOW_ACCOUNT_HIERARCHY', 'index.php?module=Accounts&action=AccountHierarchy&accountid=$RECORD$', '', 0, NULL, NULL, NULL),
(3, 7, 'DETAILVIEWBASIC', 'LBL_ADD_NOTE', 'index.php?module=Documents&action=EditView&return_module=$MODULE$&return_action=DetailView&return_id=$RECORD$&parent_id=$RECORD$', 'themes/images/bookMark.gif', 0, 'modules/Documents/Documents.php', 'Documents', 'isLinkPermitted'),
(4, 4, 'DETAILVIEWBASIC', 'LBL_ADD_NOTE', 'index.php?module=Documents&action=EditView&return_module=$MODULE$&return_action=DetailView&return_id=$RECORD$&parent_id=$RECORD$', 'themes/images/bookMark.gif', 0, 'modules/Documents/Documents.php', 'Documents', 'isLinkPermitted'),
(5, 0, 'HEADERSCRIPT', 'Incoming Calls', 'modules/PBXManager/resources/PBXManagerJS.js', '', 0, 'modules/PBXManager/PBXManager.php', 'PBXManager', 'checkLinkPermission'),
(6, 39, 'DETAILVIEWBASIC', 'LBL_CHECK_STATUS', 'javascript:SMSNotifier.checkstatus($RECORD$)', 'themes/images/reload.gif', 0, NULL, NULL, NULL),
(8, 39, 'HEADERSCRIPT', 'SMSNotifierCommonJS', 'modules/SMSNotifier/SMSNotifierCommon.js', '', 0, NULL, NULL, NULL),
(9, 7, 'LISTVIEWBASIC', 'Send SMS', 'SMSNotifierCommon.displaySelectWizard(this, ''$MODULE$'');', '', 0, NULL, NULL, NULL),
(10, 7, 'DETAILVIEWBASIC', 'Send SMS', 'javascript:SMSNotifierCommon.displaySelectWizard_DetailView(''$MODULE$'', ''$RECORD$'');', '', 0, NULL, NULL, NULL),
(11, 4, 'LISTVIEWBASIC', 'Send SMS', 'SMSNotifierCommon.displaySelectWizard(this, ''$MODULE$'');', '', 0, NULL, NULL, NULL),
(12, 4, 'DETAILVIEWBASIC', 'Send SMS', 'javascript:SMSNotifierCommon.displaySelectWizard_DetailView(''$MODULE$'', ''$RECORD$'');', '', 0, NULL, NULL, NULL),
(13, 6, 'LISTVIEWBASIC', 'Send SMS', 'SMSNotifierCommon.displaySelectWizard(this, ''$MODULE$'');', '', 0, NULL, NULL, NULL),
(14, 6, 'DETAILVIEWBASIC', 'Send SMS', 'javascript:SMSNotifierCommon.displaySelectWizard_DetailView(''$MODULE$'', ''$RECORD$'');', '', 0, NULL, NULL, NULL),
(15, 4, 'DETAILVIEWSIDEBARWIDGET', 'Google Map', 'module=Google&view=Map&mode=showMap&viewtype=detail', '', 0, NULL, NULL, NULL),
(16, 7, 'DETAILVIEWSIDEBARWIDGET', 'Google Map', 'module=Google&view=Map&mode=showMap&viewtype=detail', '', 0, NULL, NULL, NULL),
(17, 6, 'DETAILVIEWSIDEBARWIDGET', 'Google Map', 'module=Google&view=Map&mode=showMap&viewtype=detail', '', 0, NULL, NULL, NULL),
(18, 4, 'LISTVIEWSIDEBARWIDGET', 'Google Contacts', 'module=Google&view=List&sourcemodule=Contacts', '', 0, NULL, NULL, NULL),
(19, 9, 'LISTVIEWSIDEBARWIDGET', 'Google Calendar', 'module=Google&view=List&sourcemodule=Calendar', '', 0, NULL, NULL, NULL),
(20, 42, 'HEADERSCRIPT', 'ModCommentsCommonHeaderScript', 'modules/ModComments/ModCommentsCommon.js', '', 0, NULL, NULL, NULL),
(21, 7, 'DETAILVIEWWIDGET', 'DetailViewBlockCommentWidget', 'block://ModComments:modules/ModComments/ModComments.php', '', 0, NULL, NULL, NULL),
(22, 4, 'DETAILVIEWWIDGET', 'DetailViewBlockCommentWidget', 'block://ModComments:modules/ModComments/ModComments.php', '', 0, NULL, NULL, NULL),
(23, 6, 'DETAILVIEWWIDGET', 'DetailViewBlockCommentWidget', 'block://ModComments:modules/ModComments/ModComments.php', '', 0, NULL, NULL, NULL),
(24, 2, 'DETAILVIEWWIDGET', 'DetailViewBlockCommentWidget', 'block://ModComments:modules/ModComments/ModComments.php', '', 0, NULL, NULL, NULL),
(30, 45, 'DETAILVIEWBASIC', 'Add Note', 'index.php?module=Documents&action=EditView&return_module=ProjectTask&return_action=DetailView&return_id=$RECORD$&parent_id=$RECORD$', '', 0, 'modules/Documents/Documents.php', 'Documents', 'isLinkPermitted'),
(31, 45, 'DETAILVIEWWIDGET', 'DetailViewBlockCommentWidget', 'block://ModComments:modules/ModComments/ModComments.php', '', 0, NULL, NULL, NULL),
(32, 46, 'DETAILVIEWBASIC', 'Add Project Task', 'index.php?module=ProjectTask&action=EditView&projectid=$RECORD$&return_module=Project&return_action=DetailView&return_id=$RECORD$', '', 0, 'modules/ProjectTask/ProjectTask.php', 'ProjectTask', 'isLinkPermitted'),
(33, 46, 'DETAILVIEWBASIC', 'Add Note', 'index.php?module=Documents&action=EditView&return_module=Project&return_action=DetailView&return_id=$RECORD$&parent_id=$RECORD$', '', 1, 'modules/Documents/Documents.php', 'Documents', 'isLinkPermitted'),
(34, 46, 'DETAILVIEWWIDGET', 'DetailViewBlockCommentWidget', 'block://ModComments:modules/ModComments/ModComments.php', '', 0, NULL, NULL, NULL),
(35, 2, 'DASHBOARDWIDGET', 'History', 'index.php?module=Potentials&view=ShowWidget&name=History', '', 1, NULL, NULL, NULL),
(36, 2, 'DASHBOARDWIDGET', 'Upcoming Activities', 'index.php?module=Potentials&view=ShowWidget&name=CalendarActivities', '', 2, NULL, NULL, NULL),
(37, 2, 'DASHBOARDWIDGET', 'Funnel', 'index.php?module=Potentials&view=ShowWidget&name=GroupedBySalesStage', '', 3, NULL, NULL, NULL),
(38, 2, 'DASHBOARDWIDGET', 'Potentials by Stage', 'index.php?module=Potentials&view=ShowWidget&name=GroupedBySalesPerson', '', 4, NULL, NULL, NULL),
(39, 2, 'DASHBOARDWIDGET', 'Pipelined Amount', 'index.php?module=Potentials&view=ShowWidget&name=PipelinedAmountPerSalesPerson', '', 5, NULL, NULL, NULL),
(40, 2, 'DASHBOARDWIDGET', 'Total Revenue', 'index.php?module=Potentials&view=ShowWidget&name=TotalRevenuePerSalesPerson', '', 6, NULL, NULL, NULL),
(41, 2, 'DASHBOARDWIDGET', 'Top Potentials', 'index.php?module=Potentials&view=ShowWidget&name=TopPotentials', '', 7, NULL, NULL, NULL),
(42, 2, 'DASHBOARDWIDGET', 'Overdue Activities', 'index.php?module=Potentials&view=ShowWidget&name=OverdueActivities', '', 9, NULL, NULL, NULL),
(43, 6, 'DASHBOARDWIDGET', 'History', 'index.php?module=Accounts&view=ShowWidget&name=History', '', 1, NULL, NULL, NULL),
(44, 6, 'DASHBOARDWIDGET', 'Upcoming Activities', 'index.php?module=Accounts&view=ShowWidget&name=CalendarActivities', '', 2, NULL, NULL, NULL),
(45, 6, 'DASHBOARDWIDGET', 'Overdue Activities', 'index.php?module=Accounts&view=ShowWidget&name=OverdueActivities', '', 3, NULL, NULL, NULL),
(46, 4, 'DASHBOARDWIDGET', 'History', 'index.php?module=Contacts&view=ShowWidget&name=History', '', 1, NULL, NULL, NULL),
(47, 4, 'DASHBOARDWIDGET', 'Upcoming Activities', 'index.php?module=Contacts&view=ShowWidget&name=CalendarActivities', '', 2, NULL, NULL, NULL),
(48, 4, 'DASHBOARDWIDGET', 'Overdue Activities', 'index.php?module=Contacts&view=ShowWidget&name=OverdueActivities', '', 3, NULL, NULL, NULL),
(49, 7, 'DASHBOARDWIDGET', 'History', 'index.php?module=Leads&view=ShowWidget&name=History', '', 1, NULL, NULL, NULL),
(50, 7, 'DASHBOARDWIDGET', 'Upcoming Activities', 'index.php?module=Leads&view=ShowWidget&name=CalendarActivities', '', 2, NULL, NULL, NULL),
(51, 7, 'DASHBOARDWIDGET', 'Leads by Status', 'index.php?module=Leads&view=ShowWidget&name=LeadsByStatus', '', 4, NULL, NULL, NULL),
(52, 7, 'DASHBOARDWIDGET', 'Leads by Source', 'index.php?module=Leads&view=ShowWidget&name=LeadsBySource', '', 5, NULL, NULL, NULL),
(53, 7, 'DASHBOARDWIDGET', 'Leads by Industry', 'index.php?module=Leads&view=ShowWidget&name=LeadsByIndustry', '', 6, NULL, NULL, NULL),
(54, 7, 'DASHBOARDWIDGET', 'Overdue Activities', 'index.php?module=Leads&view=ShowWidget&name=OverdueActivities', '', 7, NULL, NULL, NULL),
(55, 13, 'DASHBOARDWIDGET', 'Tickets by Status', 'index.php?module=HelpDesk&view=ShowWidget&name=TicketsByStatus', '', 1, NULL, NULL, NULL),
(56, 13, 'DASHBOARDWIDGET', 'Open Tickets', 'index.php?module=HelpDesk&view=ShowWidget&name=OpenTickets', '', 2, NULL, NULL, NULL),
(57, 3, 'DASHBOARDWIDGET', 'History', 'index.php?module=Home&view=ShowWidget&name=History', '', 1, NULL, NULL, NULL),
(58, 3, 'DASHBOARDWIDGET', 'Upcoming Activities', 'index.php?module=Home&view=ShowWidget&name=CalendarActivities', '', 2, NULL, NULL, NULL),
(59, 3, 'DASHBOARDWIDGET', 'Funnel', 'index.php?module=Potentials&view=ShowWidget&name=GroupedBySalesStage', '', 3, NULL, NULL, NULL),
(60, 3, 'DASHBOARDWIDGET', 'Potentials by Stage', 'index.php?module=Potentials&view=ShowWidget&name=GroupedBySalesPerson', '', 4, NULL, NULL, NULL),
(61, 3, 'DASHBOARDWIDGET', 'Pipelined Amount', 'index.php?module=Potentials&view=ShowWidget&name=PipelinedAmountPerSalesPerson', '', 5, NULL, NULL, NULL),
(62, 3, 'DASHBOARDWIDGET', 'Total Revenue', 'index.php?module=Potentials&view=ShowWidget&name=TotalRevenuePerSalesPerson', '', 6, NULL, NULL, NULL),
(63, 3, 'DASHBOARDWIDGET', 'Top Potentials', 'index.php?module=Potentials&view=ShowWidget&name=TopPotentials', '', 7, NULL, NULL, NULL),
(64, 3, 'DASHBOARDWIDGET', 'Leads by Status', 'index.php?module=Leads&view=ShowWidget&name=LeadsByStatus', '', 10, NULL, NULL, NULL),
(65, 3, 'DASHBOARDWIDGET', 'Leads by Source', 'index.php?module=Leads&view=ShowWidget&name=LeadsBySource', '', 11, NULL, NULL, NULL),
(66, 3, 'DASHBOARDWIDGET', 'Leads by Industry', 'index.php?module=Leads&view=ShowWidget&name=LeadsByIndustry', '', 12, NULL, NULL, NULL),
(67, 3, 'DASHBOARDWIDGET', 'Overdue Activities', 'index.php?module=Home&view=ShowWidget&name=OverdueActivities', '', 13, NULL, NULL, NULL),
(68, 3, 'DASHBOARDWIDGET', 'Tickets by Status', 'index.php?module=HelpDesk&view=ShowWidget&name=TicketsByStatus', '', 13, NULL, NULL, NULL),
(69, 3, 'DASHBOARDWIDGET', 'Open Tickets', 'index.php?module=HelpDesk&view=ShowWidget&name=OpenTickets', '', 14, NULL, NULL, NULL),
(70, 13, 'DETAILVIEWWIDGET', 'DetailViewBlockCommentWidget', 'block://ModComments:modules/ModComments/ModComments.php', '', 0, NULL, NULL, NULL),
(71, 15, 'DETAILVIEWWIDGET', 'DetailViewBlockCommentWidget', 'block://ModComments:modules/ModComments/ModComments.php', '', 0, NULL, NULL, NULL),
(100, 3, 'DASHBOARDWIDGET', 'Key Metrics', 'index.php?module=Home&view=ShowWidget&name=KeyMetrics', '', 0, NULL, NULL, NULL),
(101, 3, 'DASHBOARDWIDGET', 'Mini List', 'index.php?module=Home&view=ShowWidget&name=MiniList', '', 0, NULL, NULL, NULL),
(102, 3, 'DASHBOARDWIDGET', 'Tag Cloud', 'index.php?module=Home&view=ShowWidget&name=TagCloud', '', 0, NULL, NULL, NULL),
(103, 2, 'DASHBOARDWIDGET', 'Funnel Amount', 'index.php?module=Potentials&view=ShowWidget&name=FunnelAmount', '', 10, NULL, NULL, NULL),
(104, 3, 'DASHBOARDWIDGET', 'Funnel Amount', 'index.php?module=Potentials&view=ShowWidget&name=FunnelAmount', '', 10, NULL, NULL, NULL),
(105, 3, 'DASHBOARDWIDGET', 'Notebook', 'index.php?module=Home&view=ShowWidget&name=Notebook', '', 0, NULL, NULL, NULL),
(106, 49, 'HEADERSCRIPT', 'ExtensionStoreCommonHeaderScript', 'modules/ExtensionStore/ExtensionStore.js', '', 0, NULL, NULL, NULL);

-- --------------------------------------------------------

--
-- 表的结构 `vtiger_links_seq`
--

CREATE TABLE IF NOT EXISTS `vtiger_links_seq` (
  `id` int(11) NOT NULL
) ENGINE=InnoDB DEFAULT CHARSET=utf8;

--
-- 转存表中的数据 `vtiger_links_seq`
--

INSERT INTO `vtiger_links_seq` (`id`) VALUES
(106);

-- --------------------------------------------------------

--
-- 表的结构 `vtiger_loginhistory`
--

CREATE TABLE IF NOT EXISTS `vtiger_loginhistory` (
  `login_id` int(11) NOT NULL,
  `user_name` varchar(255) DEFAULT NULL,
  `user_ip` varchar(25) NOT NULL,
  `logout_time` timestamp NOT NULL DEFAULT CURRENT_TIMESTAMP ON UPDATE CURRENT_TIMESTAMP,
  `login_time` timestamp NOT NULL DEFAULT '0000-00-00 00:00:00',
  `status` varchar(25) DEFAULT NULL
) ENGINE=InnoDB AUTO_INCREMENT=164 DEFAULT CHARSET=utf8;

--
-- 转存表中的数据 `vtiger_loginhistory`
--

INSERT INTO `vtiger_loginhistory` (`login_id`, `user_name`, `user_ip`, `logout_time`, `login_time`, `status`) VALUES
(1, 'admin', '114.83.196.235', '0000-00-00 00:00:00', '2016-07-02 07:45:50', 'Signed in'),
(2, 'admin', '119.136.222.166', '0000-00-00 00:00:00', '2016-07-03 00:25:34', 'Signed in'),
(3, 'admin', '114.83.196.235', '2016-07-03 05:18:10', '2016-07-03 05:10:47', 'Signed off'),
(4, 'admin', '183.179.42.172', '2016-07-03 07:05:42', '2016-07-03 06:54:25', 'Signed off'),
(5, 'Kenny', '183.179.42.172', '0000-00-00 00:00:00', '2016-07-03 07:05:59', 'Signed in'),
(6, 'admin', '183.179.42.172', '0000-00-00 00:00:00', '2016-07-03 07:10:45', 'Signed in'),
(7, 'admin', '183.179.42.172', '0000-00-00 00:00:00', '2016-07-03 07:42:59', 'Signed in'),
(8, 'admin', '183.179.42.172', '0000-00-00 00:00:00', '2016-07-03 07:47:32', 'Signed in'),
(9, 'admin', '183.179.42.172', '0000-00-00 00:00:00', '2016-07-03 07:48:38', 'Signed in'),
(10, 'Kenny', '42.98.22.103', '0000-00-00 00:00:00', '2016-07-03 14:22:15', 'Signed in'),
(11, 'Ruth', '61.93.241.26', '0000-00-00 00:00:00', '2016-07-03 17:47:12', 'Signed in'),
(12, 'admin', '61.93.241.26', '2016-07-03 20:12:46', '2016-07-03 20:02:15', 'Signed off'),
(13, 'admin', '61.93.241.26', '2016-07-03 22:47:38', '2016-07-03 22:04:48', 'Signed off'),
(14, 'admin', '61.93.241.26', '0000-00-00 00:00:00', '2016-07-03 22:50:50', 'Signed in'),
(15, 'admin', '222.72.30.31', '0000-00-00 00:00:00', '2016-07-04 06:01:24', 'Signed in'),
(16, 'Ruth', '61.93.241.26', '0000-00-00 00:00:00', '2016-07-04 17:21:51', 'Signed in'),
(17, 'admin', '203.198.130.212', '0000-00-00 00:00:00', '2016-07-05 04:18:40', 'Signed in'),
(18, 'admin', '183.179.42.172', '0000-00-00 00:00:00', '2016-07-05 07:49:39', 'Signed in'),
(19, 'admin', '222.72.30.31', '0000-00-00 00:00:00', '2016-07-05 14:33:43', 'Signed in'),
(20, 'Ruth', '61.93.241.26', '0000-00-00 00:00:00', '2016-07-05 17:47:07', 'Signed in'),
(21, 'admin', '183.179.42.172', '0000-00-00 00:00:00', '2016-07-06 05:46:41', 'Signed in'),
(22, 'admin', '222.72.30.31', '0000-00-00 00:00:00', '2016-07-06 06:03:35', 'Signed in'),
(23, 'Ruth', '61.93.241.26', '0000-00-00 00:00:00', '2016-07-06 22:30:48', 'Signed in'),
(24, 'admin', '61.93.241.26', '0000-00-00 00:00:00', '2016-07-10 17:25:06', 'Signed in'),
(25, 'admin', '61.93.241.26', '0000-00-00 00:00:00', '2016-07-10 17:40:47', 'Signed in'),
(26, 'Sampraswong', '61.93.241.26', '0000-00-00 00:00:00', '2016-07-11 00:57:24', 'Signed in'),
(27, 'Ruth', '61.93.241.26', '2016-07-11 01:23:11', '2016-07-11 01:22:11', 'Signed off'),
(28, 'Ericchu', '61.93.241.26', '2016-07-11 01:23:55', '2016-07-11 01:23:22', 'Signed off'),
(29, 'Ruth', '61.93.241.26', '0000-00-00 00:00:00', '2016-07-11 01:24:22', 'Signed in'),
(30, 'Ericchu', '61.93.241.26', '0000-00-00 00:00:00', '2016-07-11 01:29:37', 'Signed in'),
(31, 'Sampraswong', '61.93.241.26', '0000-00-00 00:00:00', '2016-07-28 18:44:06', 'Signed in'),
(32, 'Ericchu', '61.93.241.26', '2016-07-31 22:53:53', '2016-07-31 22:53:45', 'Signed off'),
(33, 'admin', '61.93.241.26', '0000-00-00 00:00:00', '2016-07-31 23:04:13', 'Signed in'),
(34, 'Ruth', '61.93.241.26', '0000-00-00 00:00:00', '2016-07-31 23:04:25', 'Signed in'),
(35, 'Sampraswong', '61.93.241.26', '0000-00-00 00:00:00', '2016-07-31 23:04:31', 'Signed in'),
(36, 'chrislee', '61.93.241.26', '0000-00-00 00:00:00', '2016-07-31 23:20:46', 'Signed in'),
(37, 'Ericchu', '61.93.241.26', '2016-07-31 23:29:40', '2016-07-31 23:25:04', 'Signed off'),
(38, 'Ruth', '61.93.241.26', '2016-07-31 23:34:12', '2016-07-31 23:30:39', 'Signed off'),
(39, 'Ericchu', '61.93.241.26', '0000-00-00 00:00:00', '2016-07-31 23:34:24', 'Signed in'),
(40, 'admin', '61.93.241.26', '0000-00-00 00:00:00', '2016-08-01 00:15:14', 'Signed in'),
(41, 'admin', '61.93.241.26', '0000-00-00 00:00:00', '2016-08-01 00:16:37', 'Signed in'),
(42, 'admin', '61.93.241.26', '2016-08-01 00:26:38', '2016-08-01 00:16:38', 'Signed off'),
(43, 'admin', '183.194.73.162', '2016-08-01 00:32:54', '2016-08-01 00:31:49', 'Signed off'),
(44, 'admin', '183.179.42.172', '0000-00-00 00:00:00', '2016-08-01 03:07:21', 'Signed in'),
(45, 'lewis', '61.93.241.26', '2016-08-02 20:18:06', '2016-08-02 19:43:16', 'Signed off'),
(46, 'chrislee', '61.93.241.26', '0000-00-00 00:00:00', '2016-08-04 01:01:38', 'Signed in'),
(47, 'Ericchu', '61.93.241.26', '2016-08-04 01:16:31', '2016-08-04 01:16:17', 'Signed off'),
(48, 'Ruth', '61.93.241.26', '0000-00-00 00:00:00', '2016-08-04 01:18:28', 'Signed in'),
(49, 'admin', '61.93.241.26', '0000-00-00 00:00:00', '2016-08-04 01:25:27', 'Signed in'),
(50, 'admin', '61.93.241.26', '0000-00-00 00:00:00', '2016-08-04 01:28:40', 'Signed in'),
(51, 'Ruth', '61.93.241.26', '0000-00-00 00:00:00', '2016-08-04 01:34:51', 'Signed in'),
(52, 'Ruth', '61.93.241.26', '0000-00-00 00:00:00', '2016-08-07 18:10:29', 'Signed in'),
(53, 'Sampras Wong', '61.93.241.26', '0000-00-00 00:00:00', '2016-08-07 18:12:46', 'Signed in'),
(54, 'Sampras Wong', '61.93.241.26', '0000-00-00 00:00:00', '2016-08-07 22:56:12', 'Signed in'),
(55, 'kevinmo', '61.93.241.26', '2016-08-08 00:08:13', '2016-08-07 23:03:00', 'Signed off'),
(56, 'Lewiskwok', '61.93.241.26', '0000-00-00 00:00:00', '2016-08-08 00:08:22', 'Signed in'),
(57, 'Ruth', '61.93.241.26', '0000-00-00 00:00:00', '2016-08-08 23:13:57', 'Signed in'),
(58, 'kevinmo', '61.93.241.26', '0000-00-00 00:00:00', '2016-08-08 23:16:19', 'Signed in'),
(59, 'Sampras Wong', '61.93.241.26', '0000-00-00 00:00:00', '2016-08-08 23:54:30', 'Signed in'),
(60, 'kevinmo', '61.93.241.26', '0000-00-00 00:00:00', '2016-08-08 23:55:41', 'Signed in'),
(61, 'Ruth', '61.93.241.26', '0000-00-00 00:00:00', '2016-08-09 00:36:08', 'Signed in'),
(62, 'jenniferyau', '61.93.241.26', '0000-00-00 00:00:00', '2016-08-09 01:08:12', 'Signed in'),
(63, 'Ruth', '61.93.241.26', '0000-00-00 00:00:00', '2016-08-09 17:17:52', 'Signed in'),
(64, 'jenniferyau', '61.93.241.26', '0000-00-00 00:00:00', '2016-08-09 19:15:13', 'Signed in'),
(65, 'Ruth', '61.93.241.26', '0000-00-00 00:00:00', '2016-08-10 17:28:44', 'Signed in'),
(66, 'jenniferyau', '61.93.241.26', '0000-00-00 00:00:00', '2016-08-10 17:37:22', 'Signed in'),
(67, 'Sampras Wong', '61.93.241.26', '0000-00-00 00:00:00', '2016-08-14 17:46:28', 'Signed in'),
(68, 'jenniferyau', '61.93.241.26', '0000-00-00 00:00:00', '2016-08-14 17:49:22', 'Signed in'),
(69, 'Sampras Wong', '61.93.241.26', '0000-00-00 00:00:00', '2016-08-14 22:38:13', 'Signed in'),
(70, 'chrislee', '61.93.241.26', '0000-00-00 00:00:00', '2016-08-14 23:48:56', 'Signed in'),
(71, 'lewis', '61.93.241.26', '0000-00-00 00:00:00', '2016-08-15 18:01:24', 'Signed in'),
(72, 'lewis', '61.93.241.26', '0000-00-00 00:00:00', '2016-08-15 18:02:30', 'Signed in'),
(73, 'Kenny', '61.93.241.26', '0000-00-00 00:00:00', '2016-08-15 18:04:18', 'Signed in'),
(74, 'Ruth', '61.93.241.26', '0000-00-00 00:00:00', '2016-08-15 19:55:03', 'Signed in'),
(75, 'Sampras Wong', '61.93.241.26', '0000-00-00 00:00:00', '2016-08-15 20:05:48', 'Signed in'),
(76, 'admin', '180.156.28.71', '0000-00-00 00:00:00', '2016-08-16 06:42:57', 'Signed in'),
(77, 'Kenny', '203.198.130.212', '0000-00-00 00:00:00', '2016-08-16 06:58:18', 'Signed in'),
(78, 'admin', '180.156.28.71', '0000-00-00 00:00:00', '2016-08-16 08:09:10', 'Signed in'),
(79, 'admin', '180.156.28.71', '0000-00-00 00:00:00', '2016-08-16 08:09:14', 'Signed in'),
(80, 'kevinmo', '61.93.241.26', '0000-00-00 00:00:00', '2016-08-16 17:38:44', 'Signed in'),
(81, 'Ruth', '61.93.241.26', '0000-00-00 00:00:00', '2016-08-16 17:42:47', 'Signed in'),
(82, 'lewis', '61.93.241.26', '0000-00-00 00:00:00', '2016-08-16 18:37:26', 'Signed in'),
(83, 'lewis', '61.93.241.26', '2016-08-16 19:15:33', '2016-08-16 18:37:27', 'Signed off'),
(84, 'Sampras Wong', '61.93.241.26', '0000-00-00 00:00:00', '2016-08-16 19:55:04', 'Signed in'),
(85, 'chrislee', '61.93.241.26', '0000-00-00 00:00:00', '2016-08-18 01:20:40', 'Signed in'),
(86, 'Ruth', '61.93.241.26', '0000-00-00 00:00:00', '2016-08-21 17:44:02', 'Signed in'),
(87, 'venchow', '61.93.241.26', '2016-08-21 21:15:20', '2016-08-21 20:40:33', 'Signed off'),
(88, 'Kenny', '61.93.241.26', '0000-00-00 00:00:00', '2016-08-22 00:37:21', 'Signed in'),
(89, 'Kenny', '203.198.130.212', '2016-08-22 05:06:32', '2016-08-22 04:29:09', 'Signed off'),
(90, 'Kenny', '58.40.36.251', '0000-00-00 00:00:00', '2016-08-22 04:29:22', 'Signed in'),
(91, 'Kenny', '203.198.130.212', '2016-08-22 05:06:40', '2016-08-22 05:06:36', 'Signed off'),
(92, 'admin', '203.198.130.212', '0000-00-00 00:00:00', '2016-08-22 05:06:45', 'Signed in'),
(93, 'kevinmo', '61.93.241.26', '0000-00-00 00:00:00', '2016-08-22 17:46:58', 'Signed in'),
(94, 'Ruth', '61.93.241.26', '0000-00-00 00:00:00', '2016-08-22 17:49:46', 'Signed in'),
(95, 'Sampras Wong', '61.93.241.26', '0000-00-00 00:00:00', '2016-08-22 17:51:19', 'Signed in'),
(96, 'lewis', '61.93.241.26', '0000-00-00 00:00:00', '2016-08-22 18:07:29', 'Signed in'),
(97, 'lewis', '61.93.241.26', '0000-00-00 00:00:00', '2016-08-22 18:07:32', 'Signed in'),
(98, 'Sampras Wong', '61.93.241.26', '0000-00-00 00:00:00', '2016-08-22 18:08:38', 'Signed in'),
(99, 'admin', '61.93.241.26', '0000-00-00 00:00:00', '2016-08-22 18:13:35', 'Signed in'),
(100, 'Kenny', '61.93.241.26', '0000-00-00 00:00:00', '2016-08-22 18:16:07', 'Signed in'),
(101, 'venchow', '61.93.241.26', '2016-08-22 19:51:08', '2016-08-22 18:17:07', 'Signed off'),
(102, 'jenniferyau', '61.93.241.26', '2016-08-23 20:05:56', '2016-08-22 18:23:49', 'Signed off'),
(103, 'chrislee', '61.93.241.26', '0000-00-00 00:00:00', '2016-08-22 18:24:37', 'Signed in'),
(104, 'lewis', '61.93.241.26', '2016-08-23 20:17:12', '2016-08-23 19:20:54', 'Signed off'),
(105, 'Ruth', '61.93.241.26', '0000-00-00 00:00:00', '2016-08-23 20:43:46', 'Signed in'),
(106, 'Sampras Wong', '61.93.241.26', '0000-00-00 00:00:00', '2016-08-28 18:39:49', 'Signed in'),
(107, 'Ruth', '61.93.241.26', '0000-00-00 00:00:00', '2016-08-29 02:08:56', 'Signed in'),
(108, 'Sampras Wong', '61.93.241.26', '0000-00-00 00:00:00', '2016-08-29 17:46:02', 'Signed in'),
(109, 'Ruth', '61.93.241.26', '0000-00-00 00:00:00', '2016-08-29 18:56:57', 'Signed in'),
(110, 'chrislee', '61.93.241.26', '0000-00-00 00:00:00', '2016-08-29 19:48:20', 'Signed in'),
(111, 'Ruth', '61.93.241.26', '0000-00-00 00:00:00', '2016-08-30 00:38:55', 'Signed in'),
(112, 'Sampras Wong', '61.93.241.26', '0000-00-00 00:00:00', '2016-08-30 01:29:41', 'Signed in'),
(113, 'chrislee', '61.93.241.26', '0000-00-00 00:00:00', '2016-08-30 20:35:19', 'Signed in'),
(114, 'kevinmo', '61.93.241.26', '0000-00-00 00:00:00', '2016-08-31 16:57:05', 'Signed in'),
(115, 'Kenny', '61.93.241.26', '0000-00-00 00:00:00', '2016-08-31 17:11:11', 'Signed in'),
(116, 'jenniferyau', '61.93.241.26', '0000-00-00 00:00:00', '2016-08-31 19:50:32', 'Signed in'),
(117, 'Kenny', '61.93.241.26', '0000-00-00 00:00:00', '2016-09-01 20:48:13', 'Signed in'),
(118, 'Sampras Wong', '61.93.241.26', '0000-00-00 00:00:00', '2016-09-02 00:34:21', 'Signed in'),
(119, 'chrislee', '61.93.241.26', '0000-00-00 00:00:00', '2016-09-05 01:26:37', 'Signed in'),
(120, 'kevinmo', '61.93.241.26', '0000-00-00 00:00:00', '2016-09-05 17:32:26', 'Signed in'),
(121, 'lewis', '61.93.241.26', '0000-00-00 00:00:00', '2016-09-05 17:42:36', 'Signed in'),
(122, 'chrislee', '61.93.241.26', '0000-00-00 00:00:00', '2016-09-05 19:05:42', 'Signed in'),
(123, 'Sampras Wong', '61.93.241.26', '0000-00-00 00:00:00', '2016-09-05 19:16:01', 'Signed in'),
(124, 'Ruth', '61.93.241.26', '0000-00-00 00:00:00', '2016-09-11 17:52:37', 'Signed in'),
(125, 'kevinmo', '14.0.157.246', '0000-00-00 00:00:00', '2016-09-12 15:30:24', 'Signed in'),
(126, 'kevinmo', '61.93.241.26', '0000-00-00 00:00:00', '2016-09-12 17:33:18', 'Signed in'),
(127, 'venchow', '61.93.241.26', '0000-00-00 00:00:00', '2016-09-12 17:33:46', 'Signed in'),
(128, 'lewis', '61.93.241.26', '0000-00-00 00:00:00', '2016-09-12 17:33:53', 'Signed in'),
(129, 'Kenny', '61.93.241.26', '0000-00-00 00:00:00', '2016-09-12 17:35:29', 'Signed in'),
(130, 'Sampras Wong', '61.93.241.26', '0000-00-00 00:00:00', '2016-09-12 18:03:26', 'Signed in'),
(131, 'lewis', '61.93.241.26', '2016-09-12 19:44:11', '2016-09-12 18:15:32', 'Signed off'),
(132, 'chrislee', '61.93.241.26', '0000-00-00 00:00:00', '2016-09-12 18:42:46', 'Signed in'),
(133, 'chrislee', '61.93.241.26', '0000-00-00 00:00:00', '2016-09-14 18:17:50', 'Signed in'),
(134, 'Sampras Wong', '61.93.241.26', '0000-00-00 00:00:00', '2016-09-19 19:50:09', 'Signed in'),
(135, 'kevinmo', '61.93.241.26', '0000-00-00 00:00:00', '2016-09-19 22:03:05', 'Signed in'),
(136, 'lewis', '61.93.241.26', '0000-00-00 00:00:00', '2016-09-19 22:03:17', 'Signed in'),
(137, 'venchow', '61.93.241.26', '0000-00-00 00:00:00', '2016-09-19 22:25:12', 'Signed in'),
(138, 'chrislee', '61.93.241.26', '0000-00-00 00:00:00', '2016-09-19 22:25:24', 'Signed in'),
(139, 'lewis', '61.93.241.26', '0000-00-00 00:00:00', '2016-09-19 23:36:39', 'Signed in'),
(140, 'lewis', '61.93.241.26', '2016-09-19 23:58:59', '2016-09-19 23:36:40', 'Signed off'),
(141, 'Sampras Wong', '61.93.241.26', '0000-00-00 00:00:00', '2016-09-21 18:08:14', 'Signed in'),
(142, 'chrislee', '61.93.241.26', '0000-00-00 00:00:00', '2016-09-22 23:24:58', 'Signed in'),
(143, 'kevinmo', '61.93.241.26', '0000-00-00 00:00:00', '2016-09-26 18:03:23', 'Signed in'),
(144, 'Sampras Wong', '61.93.241.26', '0000-00-00 00:00:00', '2016-09-26 18:06:40', 'Signed in'),
(145, 'lewis', '61.93.241.26', '0000-00-00 00:00:00', '2016-09-26 18:08:50', 'Signed in'),
(146, 'Kenny', '61.93.241.26', '0000-00-00 00:00:00', '2016-09-27 18:49:48', 'Signed in'),
(147, 'Ruth', '61.93.241.26', '0000-00-00 00:00:00', '2016-10-02 18:40:54', 'Signed in'),
(148, 'kevinmo', '61.93.241.26', '0000-00-00 00:00:00', '2016-10-03 17:30:40', 'Signed in'),
(149, 'Sampras Wong', '61.93.241.26', '0000-00-00 00:00:00', '2016-10-03 17:44:00', 'Signed in'),
(150, 'chrislee', '61.93.241.26', '0000-00-00 00:00:00', '2016-10-03 18:17:47', 'Signed in'),
(151, 'lewis', '61.93.241.26', '0000-00-00 00:00:00', '2016-10-03 18:19:48', 'Signed in'),
(152, 'Sampras Wong', '61.93.241.26', '0000-00-00 00:00:00', '2016-10-10 18:10:28', 'Signed in'),
(153, 'chrislee', '61.93.241.26', '0000-00-00 00:00:00', '2016-10-10 18:35:19', 'Signed in'),
(154, 'lewis', '61.93.241.26', '0000-00-00 00:00:00', '2016-10-10 18:57:15', 'Signed in'),
(155, 'venchow', '61.93.241.26', '0000-00-00 00:00:00', '2016-10-10 19:06:25', 'Signed in'),
(156, 'lewis', '61.93.241.26', '0000-00-00 00:00:00', '2016-10-10 19:09:22', 'Signed in'),
(157, 'kevinmo', '61.93.241.26', '0000-00-00 00:00:00', '2016-10-10 19:12:12', 'Signed in'),
(158, 'Ruth', '61.93.241.26', '0000-00-00 00:00:00', '2016-10-11 17:44:32', 'Signed in'),
(159, 'Ruth', '61.93.241.26', '0000-00-00 00:00:00', '2016-10-13 21:56:21', 'Signed in'),
(160, 'Ruth', '61.93.241.26', '0000-00-00 00:00:00', '2016-10-16 23:04:57', 'Signed in'),
(161, 'Ruth', '61.93.241.26', '0000-00-00 00:00:00', '2016-10-17 23:59:38', 'Signed in'),
(162, 'admin', '58.176.171.15', '0000-00-00 00:00:00', '2016-10-18 08:51:11', 'Signed in'),
(163, 'admin', '180.174.169.91', '0000-00-00 00:00:00', '2016-10-19 06:41:51', 'Signed in');

-- --------------------------------------------------------

--
-- 表的结构 `vtiger_mailmanager_mailattachments`
--

CREATE TABLE IF NOT EXISTS `vtiger_mailmanager_mailattachments` (
  `userid` int(11) DEFAULT NULL,
  `muid` int(11) DEFAULT NULL,
  `aname` varchar(100) DEFAULT NULL,
  `lastsavedtime` int(11) DEFAULT NULL,
  `attachid` int(19) NOT NULL,
  `path` varchar(200) NOT NULL,
  `cid` varchar(50) DEFAULT NULL
) ENGINE=InnoDB DEFAULT CHARSET=utf8;

-- --------------------------------------------------------

--
-- 表的结构 `vtiger_mailmanager_mailrecord`
--

CREATE TABLE IF NOT EXISTS `vtiger_mailmanager_mailrecord` (
  `userid` int(11) DEFAULT NULL,
  `mfrom` varchar(255) DEFAULT NULL,
  `mto` varchar(255) DEFAULT NULL,
  `mcc` varchar(500) DEFAULT NULL,
  `mbcc` varchar(500) DEFAULT NULL,
  `mdate` varchar(20) DEFAULT NULL,
  `msubject` varchar(500) DEFAULT NULL,
  `mbody` text,
  `mcharset` varchar(10) DEFAULT NULL,
  `misbodyhtml` int(1) DEFAULT NULL,
  `mplainmessage` int(1) DEFAULT NULL,
  `mhtmlmessage` int(1) DEFAULT NULL,
  `muniqueid` varchar(500) DEFAULT NULL,
  `mbodyparsed` int(1) DEFAULT NULL,
  `muid` int(11) DEFAULT NULL,
  `lastsavedtime` int(11) DEFAULT NULL
) ENGINE=InnoDB DEFAULT CHARSET=utf8;

-- --------------------------------------------------------

--
-- 表的结构 `vtiger_mailmanager_mailrel`
--

CREATE TABLE IF NOT EXISTS `vtiger_mailmanager_mailrel` (
  `mailuid` varchar(999) DEFAULT NULL,
  `crmid` int(11) DEFAULT NULL,
  `emailid` int(11) DEFAULT NULL
) ENGINE=InnoDB DEFAULT CHARSET=utf8;

-- --------------------------------------------------------

--
-- 表的结构 `vtiger_mailscanner`
--

CREATE TABLE IF NOT EXISTS `vtiger_mailscanner` (
  `scannerid` int(11) NOT NULL,
  `scannername` varchar(30) DEFAULT NULL,
  `server` varchar(100) DEFAULT NULL,
  `protocol` varchar(10) DEFAULT NULL,
  `username` varchar(255) DEFAULT NULL,
  `password` varchar(255) DEFAULT NULL,
  `ssltype` varchar(10) DEFAULT NULL,
  `sslmethod` varchar(30) DEFAULT NULL,
  `connecturl` varchar(255) DEFAULT NULL,
  `searchfor` varchar(10) DEFAULT NULL,
  `markas` varchar(10) DEFAULT NULL,
  `isvalid` int(1) DEFAULT NULL,
  `time_zone` varchar(10) DEFAULT NULL
) ENGINE=InnoDB DEFAULT CHARSET=utf8;

-- --------------------------------------------------------

--
-- 表的结构 `vtiger_mailscanner_actions`
--

CREATE TABLE IF NOT EXISTS `vtiger_mailscanner_actions` (
  `actionid` int(11) NOT NULL,
  `scannerid` int(11) DEFAULT NULL,
  `actiontype` varchar(10) DEFAULT NULL,
  `module` varchar(30) DEFAULT NULL,
  `lookup` varchar(30) DEFAULT NULL,
  `sequence` int(11) DEFAULT NULL
) ENGINE=InnoDB DEFAULT CHARSET=utf8;

-- --------------------------------------------------------

--
-- 表的结构 `vtiger_mailscanner_folders`
--

CREATE TABLE IF NOT EXISTS `vtiger_mailscanner_folders` (
  `folderid` int(11) NOT NULL,
  `scannerid` int(11) DEFAULT NULL,
  `foldername` varchar(255) DEFAULT NULL,
  `lastscan` varchar(30) DEFAULT NULL,
  `rescan` int(1) DEFAULT NULL,
  `enabled` int(1) DEFAULT NULL
) ENGINE=InnoDB DEFAULT CHARSET=utf8;

-- --------------------------------------------------------

--
-- 表的结构 `vtiger_mailscanner_ids`
--

CREATE TABLE IF NOT EXISTS `vtiger_mailscanner_ids` (
  `scannerid` int(11) DEFAULT NULL,
  `messageid` varchar(512) DEFAULT NULL,
  `crmid` int(11) DEFAULT NULL
) ENGINE=InnoDB DEFAULT CHARSET=utf8;

-- --------------------------------------------------------

--
-- 表的结构 `vtiger_mailscanner_ruleactions`
--

CREATE TABLE IF NOT EXISTS `vtiger_mailscanner_ruleactions` (
  `ruleid` int(11) DEFAULT NULL,
  `actionid` int(11) DEFAULT NULL
) ENGINE=InnoDB DEFAULT CHARSET=utf8;

-- --------------------------------------------------------

--
-- 表的结构 `vtiger_mailscanner_rules`
--

CREATE TABLE IF NOT EXISTS `vtiger_mailscanner_rules` (
  `ruleid` int(11) NOT NULL,
  `scannerid` int(11) DEFAULT NULL,
  `fromaddress` varchar(255) DEFAULT NULL,
  `toaddress` varchar(255) DEFAULT NULL,
  `subjectop` varchar(20) DEFAULT NULL,
  `subject` varchar(255) DEFAULT NULL,
  `bodyop` varchar(20) DEFAULT NULL,
  `body` varchar(255) DEFAULT NULL,
  `matchusing` varchar(5) DEFAULT NULL,
  `sequence` int(11) DEFAULT NULL,
  `assigned_to` int(10) DEFAULT NULL,
  `cc` varchar(255) DEFAULT NULL,
  `bcc` varchar(255) DEFAULT NULL
) ENGINE=InnoDB DEFAULT CHARSET=utf8;

-- --------------------------------------------------------

--
-- 表的结构 `vtiger_mail_accounts`
--

CREATE TABLE IF NOT EXISTS `vtiger_mail_accounts` (
  `account_id` int(11) NOT NULL,
  `user_id` int(11) NOT NULL,
  `display_name` varchar(50) DEFAULT NULL,
  `mail_id` varchar(50) DEFAULT NULL,
  `account_name` varchar(50) DEFAULT NULL,
  `mail_protocol` varchar(20) DEFAULT NULL,
  `mail_username` varchar(50) NOT NULL,
  `mail_password` varchar(250) NOT NULL,
  `mail_servername` varchar(50) DEFAULT NULL,
  `box_refresh` int(10) DEFAULT NULL,
  `mails_per_page` int(10) DEFAULT NULL,
  `ssltype` varchar(50) DEFAULT NULL,
  `sslmeth` varchar(50) DEFAULT NULL,
  `int_mailer` int(1) DEFAULT '0',
  `status` varchar(10) DEFAULT NULL,
  `set_default` int(2) DEFAULT NULL,
  `sent_folder` varchar(50) DEFAULT NULL
) ENGINE=InnoDB DEFAULT CHARSET=utf8;

-- --------------------------------------------------------

--
-- 表的结构 `vtiger_manufacturer`
--

CREATE TABLE IF NOT EXISTS `vtiger_manufacturer` (
  `manufacturerid` int(19) NOT NULL,
  `manufacturer` varchar(200) NOT NULL,
  `presence` int(1) NOT NULL DEFAULT '1',
  `picklist_valueid` int(19) NOT NULL DEFAULT '0',
  `sortorderid` int(11) DEFAULT NULL
) ENGINE=InnoDB AUTO_INCREMENT=5 DEFAULT CHARSET=utf8;

--
-- 转存表中的数据 `vtiger_manufacturer`
--

INSERT INTO `vtiger_manufacturer` (`manufacturerid`, `manufacturer`, `presence`, `picklist_valueid`, `sortorderid`) VALUES
(2, 'AltvetPet Inc.', 1, 124, 1),
(3, 'LexPon Inc.', 1, 125, 2),
(4, 'MetBeat Corp', 1, 126, 3);

-- --------------------------------------------------------

--
-- 表的结构 `vtiger_manufacturer_seq`
--

CREATE TABLE IF NOT EXISTS `vtiger_manufacturer_seq` (
  `id` int(11) NOT NULL
) ENGINE=InnoDB DEFAULT CHARSET=utf8;

--
-- 转存表中的数据 `vtiger_manufacturer_seq`
--

INSERT INTO `vtiger_manufacturer_seq` (`id`) VALUES
(4);

-- --------------------------------------------------------

--
-- 表的结构 `vtiger_mobile_alerts`
--

CREATE TABLE IF NOT EXISTS `vtiger_mobile_alerts` (
  `id` int(11) NOT NULL,
  `handler_path` varchar(500) DEFAULT NULL,
  `handler_class` varchar(50) DEFAULT NULL,
  `sequence` int(11) DEFAULT NULL,
  `deleted` int(11) NOT NULL DEFAULT '0'
) ENGINE=InnoDB AUTO_INCREMENT=8 DEFAULT CHARSET=utf8;

--
-- 转存表中的数据 `vtiger_mobile_alerts`
--

INSERT INTO `vtiger_mobile_alerts` (`id`, `handler_path`, `handler_class`, `sequence`, `deleted`) VALUES
(1, 'modules/Mobile/api/ws/models/alerts/IdleTicketsOfMine.php', 'Mobile_WS_AlertModel_IdleTicketsOfMine', NULL, 0),
(2, 'modules/Mobile/api/ws/models/alerts/NewTicketOfMine.php', 'Mobile_WS_AlertModel_NewTicketOfMine', NULL, 0),
(3, 'modules/Mobile/api/ws/models/alerts/PendingTicketsOfMine.php', 'Mobile_WS_AlertModel_PendingTicketsOfMine', NULL, 0),
(4, 'modules/Mobile/api/ws/models/alerts/PotentialsDueIn5Days.php', 'Mobile_WS_AlertModel_PotentialsDueIn5Days', NULL, 0),
(5, 'modules/Mobile/api/ws/models/alerts/EventsOfMineToday.php', 'Mobile_WS_AlertModel_EventsOfMineToday', NULL, 0),
(6, 'modules/Mobile/api/ws/models/alerts/ProjectTasksOfMine.php', 'Mobile_WS_AlertModel_ProjectTasksOfMine', NULL, 0),
(7, 'modules/Mobile/api/ws/models/alerts/Projects.php', 'Mobile_WS_AlertModel_Projects', NULL, 0);

-- --------------------------------------------------------

--
-- 表的结构 `vtiger_modcomments`
--

CREATE TABLE IF NOT EXISTS `vtiger_modcomments` (
  `modcommentsid` int(11) DEFAULT NULL,
  `commentcontent` text,
  `related_to` int(19) DEFAULT NULL,
  `parent_comments` varchar(100) DEFAULT NULL,
  `customer` varchar(100) DEFAULT NULL,
  `userid` varchar(100) DEFAULT NULL,
  `reasontoedit` varchar(100) DEFAULT NULL
) ENGINE=InnoDB DEFAULT CHARSET=utf8;

--
-- 转存表中的数据 `vtiger_modcomments`
--

INSERT INTO `vtiger_modcomments` (`modcommentsid`, `commentcontent`, `related_to`, `parent_comments`, `customer`, `userid`, `reasontoedit`) VALUES
(112, 'toby test ', 97, '', '', '5', ''),
(113, 'toby test ', 94, '', '', '5', ''),
(114, 'toby test ', 100, '', '', '5', ''),
(115, 'toby test again ', 100, '', '', '5', ''),
(117, 'test toby ', 116, '', '', '1', ''),
(118, 'test test test again ', 116, '', '', '1', ''),
(120, 'toby test ', 105, '', '', '1', ''),
(121, 'toby ', 77, '', '', '1', ''),
(123, 'toby', 105, '', '', '16', ''),
(124, 'test toby', 105, '', '', '16', ''),
(144, 'New MTR education room - installation service for 10 PC, 10 AP, 2 switches, 1 rack, 20 cabling', 7, '', '', '7', '');

-- --------------------------------------------------------

--
-- 表的结构 `vtiger_modcommentscf`
--

CREATE TABLE IF NOT EXISTS `vtiger_modcommentscf` (
  `modcommentsid` int(11) NOT NULL
) ENGINE=InnoDB DEFAULT CHARSET=utf8;

--
-- 转存表中的数据 `vtiger_modcommentscf`
--

INSERT INTO `vtiger_modcommentscf` (`modcommentsid`) VALUES
(112),
(113),
(114),
(115),
(117),
(118),
(120),
(121),
(123),
(124),
(144);

-- --------------------------------------------------------

--
-- 表的结构 `vtiger_modentity_num`
--

CREATE TABLE IF NOT EXISTS `vtiger_modentity_num` (
  `num_id` int(19) NOT NULL,
  `semodule` varchar(50) NOT NULL,
  `prefix` varchar(50) NOT NULL DEFAULT '',
  `start_id` varchar(50) NOT NULL,
  `cur_id` varchar(50) NOT NULL,
  `active` varchar(2) NOT NULL
) ENGINE=InnoDB DEFAULT CHARSET=utf8;

--
-- 转存表中的数据 `vtiger_modentity_num`
--

INSERT INTO `vtiger_modentity_num` (`num_id`, `semodule`, `prefix`, `start_id`, `cur_id`, `active`) VALUES
(1, 'Leads', 'LEA', '1', '2', '1'),
(2, 'Accounts', 'ACC', '1', '38', '1'),
(3, 'Campaigns', 'CAM', '1', '1', '1'),
(4, 'Contacts', 'CON', '1', '27', '1'),
(5, 'Potentials', 'POT', '1', '72', '1'),
(6, 'HelpDesk', 'TT', '1', '1', '1'),
(7, 'Quotes', 'QUO', '1', '3', '1'),
(8, 'SalesOrder', 'SO', '1', '2', '1'),
(9, 'PurchaseOrder', 'PO', '1', '1', '1'),
(10, 'Invoice', 'INV', '1', '3', '1'),
(11, 'Products', 'PRO', '1', '11', '1'),
(12, 'Vendors', 'VEN', '1', '6', '1'),
(13, 'PriceBooks', 'PB', '1', '1', '1'),
(14, 'Faq', 'FAQ', '1', '1', '1'),
(15, 'Documents', 'DOC', '1', '1', '1'),
(16, 'Services', 'SER', '1', '2', '1'),
(17, 'ServiceContracts', 'SERCON', '1', '1', '1'),
(18, 'ProjectMilestone', 'PM', '1', '1', '1'),
(19, 'ProjectTask', 'PT', '1', '1', '1'),
(20, 'Project', 'PROJ', '1', '1', '1'),
(21, 'Assets', 'ASSET', '1', '1', '1');

-- --------------------------------------------------------

--
-- 表的结构 `vtiger_modentity_num_seq`
--

CREATE TABLE IF NOT EXISTS `vtiger_modentity_num_seq` (
  `id` int(11) NOT NULL
) ENGINE=InnoDB DEFAULT CHARSET=utf8;

--
-- 转存表中的数据 `vtiger_modentity_num_seq`
--

INSERT INTO `vtiger_modentity_num_seq` (`id`) VALUES
(21);

-- --------------------------------------------------------

--
-- 表的结构 `vtiger_modtracker_basic`
--

CREATE TABLE IF NOT EXISTS `vtiger_modtracker_basic` (
  `id` int(20) NOT NULL,
  `crmid` int(20) DEFAULT NULL,
  `module` varchar(50) DEFAULT NULL,
  `whodid` int(20) DEFAULT NULL,
  `changedon` datetime DEFAULT NULL,
  `status` int(1) DEFAULT '0'
) ENGINE=InnoDB DEFAULT CHARSET=utf8;

--
-- 转存表中的数据 `vtiger_modtracker_basic`
--

INSERT INTO `vtiger_modtracker_basic` (`id`, `crmid`, `module`, `whodid`, `changedon`, `status`) VALUES
(1, 2, 'Events', 1, '2016-07-06 13:47:37', 2),
(2, 3, 'Calendar', 1, '2016-07-06 14:42:05', 2),
(3, 2, 'Events', 1, '2016-07-06 14:46:39', 1),
(4, 4, 'Products', 6, '2016-07-07 09:52:54', 2),
(5, 5, 'Services', 6, '2016-07-07 10:20:21', 2),
(6, 6, 'Contacts', 7, '2016-07-11 09:15:47', 2),
(7, 7, 'Accounts', 7, '2016-07-11 09:16:11', 2),
(8, 6, 'Contacts', 7, '2016-07-11 09:16:42', 0),
(9, 8, 'Potentials', 7, '2016-07-11 09:19:18', 2),
(10, 8, 'Potentials', 7, '2016-07-11 09:19:42', 0),
(11, 8, 'Potentials', 7, '2016-07-11 09:22:07', 0),
(12, 8, 'Potentials', 7, '2016-07-11 09:22:14', 0),
(13, 9, 'Products', 7, '2016-07-11 09:42:48', 2),
(14, 10, 'Accounts', 7, '2016-07-29 02:45:42', 2),
(15, 11, 'Contacts', 7, '2016-07-29 02:46:38', 2),
(16, 12, 'Potentials', 7, '2016-07-29 02:47:29', 2),
(17, 13, 'Products', 7, '2016-07-29 02:49:20', 2),
(18, 13, 'Products', 7, '2016-07-29 02:49:30', 0),
(19, 14, 'Quotes', 7, '2016-07-29 02:51:11', 2),
(20, 12, 'Potentials', 7, '2016-07-29 02:51:11', 4),
(21, 14, 'Quotes', 7, '2016-07-29 02:52:32', 0),
(22, 15, 'SalesOrder', 7, '2016-07-29 02:54:16', 2),
(23, 4, 'Products', 7, '2016-07-29 03:00:56', 0),
(24, 16, 'Potentials', 7, '2016-07-29 03:03:08', 2),
(25, 17, 'Quotes', 7, '2016-07-29 03:04:14', 2),
(26, 16, 'Potentials', 7, '2016-07-29 03:04:14', 4),
(27, 7, 'Accounts', 7, '2016-07-29 03:05:07', 0),
(28, 17, 'Quotes', 7, '2016-07-29 03:05:33', 0),
(29, 13, 'Products', 7, '2016-07-29 03:10:06', 0),
(30, 12, 'Potentials', 7, '2016-08-01 07:14:55', 0),
(31, 16, 'Potentials', 7, '2016-08-01 07:15:18', 0),
(32, 8, 'Potentials', 7, '2016-08-01 07:18:30', 0),
(33, 18, 'Contacts', 8, '2016-08-01 07:31:14', 2),
(34, 19, 'Accounts', 8, '2016-08-01 07:34:21', 2),
(35, 18, 'Contacts', 8, '2016-08-01 07:35:34', 0),
(36, 20, 'Vendors', 8, '2016-08-01 07:50:36', 2),
(37, 21, 'Products', 8, '2016-08-01 07:51:21', 2),
(38, 22, 'Vendors', 8, '2016-08-01 07:52:41', 2),
(39, 23, 'Products', 8, '2016-08-01 07:53:17', 2),
(40, 24, 'Potentials', 8, '2016-08-01 07:55:29', 2),
(41, 25, 'Potentials', 8, '2016-08-01 07:57:09', 2),
(42, 24, 'Potentials', 8, '2016-08-01 07:57:48', 0),
(43, 25, 'Potentials', 8, '2016-08-01 07:59:37', 0),
(44, 23, 'Products', 7, '2016-08-01 08:00:51', 0),
(45, 21, 'Products', 8, '2016-08-01 08:01:21', 0),
(46, 9, 'Products', 7, '2016-08-01 08:01:58', 0),
(47, 23, 'Products', 8, '2016-08-01 08:02:05', 0),
(48, 25, 'Potentials', 8, '2016-08-01 08:02:45', 0),
(49, 25, 'Potentials', 8, '2016-08-01 08:03:02', 0),
(50, 25, 'Potentials', 8, '2016-08-01 08:03:12', 0),
(51, 24, 'Potentials', 8, '2016-08-01 08:03:32', 0),
(52, 25, 'Potentials', 8, '2016-08-01 08:03:48', 0),
(53, 8, 'Potentials', 7, '2016-08-01 08:05:28', 0),
(54, 26, 'Vendors', 8, '2016-08-01 08:06:11', 2),
(55, 27, 'Vendors', 8, '2016-08-01 08:06:33', 2),
(56, 28, 'Vendors', 8, '2016-08-01 08:06:47', 2),
(57, 29, 'Products', 8, '2016-08-01 08:07:43', 2),
(58, 30, 'Potentials', 7, '2016-08-01 08:08:11', 2),
(59, 30, 'Potentials', 7, '2016-08-01 08:08:40', 0),
(60, 12, 'Potentials', 7, '2016-08-01 08:09:01', 0),
(61, 31, 'Products', 8, '2016-08-01 08:09:08', 2),
(62, 32, 'Products', 8, '2016-08-01 08:10:54', 2),
(63, 33, 'Potentials', 7, '2016-08-01 08:11:02', 2),
(64, 34, 'Accounts', 8, '2016-08-01 08:12:47', 2),
(65, 35, 'Accounts', 7, '2016-08-01 08:13:25', 2),
(66, 36, 'Contacts', 8, '2016-08-01 08:13:44', 2),
(67, 37, 'Contacts', 7, '2016-08-01 08:13:56', 2),
(68, 38, 'Potentials', 8, '2016-08-01 08:14:54', 2),
(69, 39, 'Potentials', 7, '2016-08-01 08:15:01', 2),
(70, 38, 'Potentials', 8, '2016-08-01 08:15:11', 0),
(71, 38, 'Potentials', 8, '2016-08-01 08:15:42', 0),
(72, 39, 'Potentials', 7, '2016-08-01 08:15:46', 0),
(73, 39, 'Potentials', 7, '2016-08-01 08:15:57', 0),
(74, 33, 'Potentials', 7, '2016-08-01 08:17:01', 0),
(75, 40, 'Potentials', 8, '2016-08-01 08:17:15', 2),
(76, 40, 'Potentials', 8, '2016-08-01 08:17:27', 0),
(77, 41, 'Potentials', 8, '2016-08-01 08:18:58', 2),
(78, 33, 'Potentials', 7, '2016-08-01 08:19:09', 0),
(79, 30, 'Potentials', 7, '2016-08-01 08:19:39', 0),
(80, 41, 'Potentials', 8, '2016-08-01 08:19:46', 0),
(81, 8, 'Potentials', 7, '2016-08-01 08:20:21', 0),
(82, 31, 'Products', 8, '2016-08-01 08:20:28', 0),
(83, 31, 'Products', 8, '2016-08-01 08:21:04', 0),
(84, 16, 'Potentials', 7, '2016-08-01 08:23:35', 0),
(85, 41, 'Potentials', 8, '2016-08-01 08:26:36', 0),
(86, 41, 'Potentials', 8, '2016-08-01 08:27:58', 0),
(87, 16, 'Potentials', 7, '2016-08-01 08:34:54', 0),
(88, 39, 'Potentials', 7, '2016-08-01 08:35:13', 0),
(89, 16, 'Potentials', 7, '2016-08-02 07:33:40', 0),
(90, 12, 'Potentials', 7, '2016-08-02 07:34:18', 0),
(91, 42, 'Products', 8, '2016-08-02 07:36:38', 2),
(92, 43, 'Contacts', 8, '2016-08-02 07:37:16', 2),
(93, 44, 'Accounts', 8, '2016-08-02 07:37:34', 2),
(94, 45, 'Potentials', 7, '2016-08-02 07:38:13', 2),
(95, 46, 'Potentials', 8, '2016-08-02 07:38:35', 2),
(96, 47, 'Accounts', 7, '2016-08-02 07:39:02', 2),
(97, 46, 'Potentials', 8, '2016-08-02 07:39:03', 0),
(98, 48, 'Accounts', 8, '2016-08-02 07:39:48', 2),
(99, 49, 'Contacts', 7, '2016-08-02 07:40:27', 2),
(100, 47, 'Accounts', 7, '2016-08-02 07:40:43', 0),
(101, 50, 'Potentials', 8, '2016-08-02 07:40:44', 2),
(102, 49, 'Contacts', 7, '2016-08-02 07:41:06', 0),
(103, 51, 'Accounts', 8, '2016-08-02 07:41:12', 2),
(104, 52, 'Potentials', 7, '2016-08-02 07:42:08', 2),
(105, 53, 'Potentials', 8, '2016-08-02 07:42:10', 2),
(106, 52, 'Potentials', 7, '2016-08-02 07:42:16', 0),
(107, 54, 'Potentials', 8, '2016-08-02 07:43:25', 2),
(108, 33, 'Potentials', 7, '2016-08-02 07:44:24', 0),
(109, 55, 'Accounts', 7, '2016-08-02 07:46:12', 2),
(110, 56, 'Potentials', 7, '2016-08-02 07:47:01', 2),
(111, 57, 'Potentials', 7, '2016-08-02 07:47:54', 2),
(112, 57, 'Potentials', 7, '2016-08-02 07:48:05', 0),
(113, 58, 'Accounts', 7, '2016-08-02 07:49:29', 2),
(114, 59, 'Contacts', 7, '2016-08-02 07:49:53', 2),
(115, 60, 'Potentials', 7, '2016-08-02 07:50:38', 2),
(116, 60, 'Potentials', 7, '2016-08-02 07:50:44', 0),
(117, 61, 'Accounts', 8, '2016-08-02 07:51:00', 2),
(118, 62, 'Potentials', 8, '2016-08-02 07:51:36', 2),
(119, 63, 'Accounts', 8, '2016-08-02 07:52:04', 2),
(120, 64, 'Potentials', 7, '2016-08-02 07:52:30', 2),
(121, 65, 'Potentials', 8, '2016-08-02 07:53:41', 2),
(122, 66, 'Accounts', 8, '2016-08-02 07:54:32', 2),
(123, 67, 'Potentials', 8, '2016-08-02 07:55:53', 2),
(124, 60, 'Potentials', 7, '2016-08-03 03:42:40', 0),
(125, 56, 'Potentials', 7, '2016-08-03 03:43:09', 0),
(126, 64, 'Potentials', 7, '2016-08-03 03:46:42', 0),
(127, 33, 'Potentials', 7, '2016-08-03 03:55:42', 0),
(128, 52, 'Potentials', 7, '2016-08-03 04:08:55', 0),
(129, 60, 'Potentials', 7, '2016-08-03 04:09:51', 0),
(130, 60, 'Potentials', 7, '2016-08-03 04:10:12', 0),
(131, 57, 'Potentials', 7, '2016-08-03 04:11:20', 0),
(132, 39, 'Potentials', 7, '2016-08-03 04:12:17', 0),
(133, 68, 'Potentials', 7, '2016-08-04 09:59:25', 2),
(134, 68, 'Potentials', 7, '2016-08-04 09:59:39', 0),
(135, 69, 'Potentials', 7, '2016-08-04 10:03:12', 2),
(136, 70, 'Potentials', 7, '2016-08-09 07:56:32', 2),
(137, 33, 'Potentials', 7, '2016-08-09 08:00:49', 0),
(138, 33, 'Potentials', 7, '2016-08-09 08:01:12', 0),
(139, 33, 'Potentials', 7, '2016-08-09 08:02:35', 0),
(140, 71, 'Events', 18, '2016-08-10 03:26:54', 2),
(141, 71, 'Events', 18, '2016-08-10 03:27:02', 0),
(142, 72, 'Accounts', 7, '2016-08-15 01:49:02', 2),
(143, 73, 'Contacts', 7, '2016-08-15 01:49:58', 2),
(144, 74, 'Potentials', 7, '2016-08-15 01:51:39', 2),
(145, 75, 'Accounts', 7, '2016-08-15 01:53:56', 2),
(146, 76, 'Contacts', 7, '2016-08-15 01:54:13', 2),
(147, 77, 'Potentials', 7, '2016-08-15 01:55:10', 2),
(148, 74, 'Potentials', 7, '2016-08-15 02:48:18', 0),
(149, 77, 'Potentials', 7, '2016-08-15 02:48:34', 0),
(150, 78, 'Accounts', 7, '2016-08-15 06:38:26', 2),
(151, 79, 'Contacts', 7, '2016-08-15 06:38:50', 2),
(152, 80, 'Potentials', 7, '2016-08-15 06:39:53', 2),
(153, 81, 'Potentials', 8, '2016-08-15 07:59:20', 2),
(154, 82, 'Potentials', 8, '2016-08-15 08:00:23', 2),
(155, 83, 'Potentials', 8, '2016-08-15 08:01:43', 2),
(156, 80, 'Potentials', 7, '2016-08-16 02:04:13', 0),
(157, 78, 'Accounts', 15, '2016-08-16 02:13:26', 0),
(158, 80, 'Potentials', 15, '2016-08-16 02:17:34', 0),
(159, 80, 'Potentials', 15, '2016-08-16 02:18:19', 0),
(160, 80, 'Potentials', 15, '2016-08-16 02:19:21', 0),
(161, 80, 'Potentials', 7, '2016-08-16 02:23:54', 0),
(162, 77, 'Potentials', 15, '2016-08-16 02:27:45', 0),
(163, 77, 'Potentials', 7, '2016-08-16 02:30:11', 0),
(164, 77, 'Potentials', 15, '2016-08-16 02:31:29', 0),
(165, 77, 'Potentials', 15, '2016-08-16 02:34:08', 0),
(166, 77, 'Potentials', 7, '2016-08-16 02:42:31', 0),
(167, 77, 'Potentials', 15, '2016-08-16 02:47:18', 0),
(168, 77, 'Potentials', 15, '2016-08-16 02:52:18', 0),
(169, 77, 'Potentials', 15, '2016-08-16 02:53:12', 0),
(170, 77, 'Potentials', 15, '2016-08-16 02:54:52', 0),
(171, 77, 'Potentials', 15, '2016-08-16 03:02:53', 0),
(172, 77, 'Potentials', 15, '2016-08-16 03:03:29', 0),
(173, 77, 'Potentials', 15, '2016-08-16 03:03:44', 0),
(174, 77, 'Potentials', 15, '2016-08-16 03:04:05', 0),
(175, 77, 'Potentials', 15, '2016-08-16 03:04:40', 0),
(176, 77, 'Potentials', 15, '2016-08-16 03:06:21', 0),
(177, 77, 'Potentials', 15, '2016-08-16 03:06:48', 0),
(178, 77, 'Potentials', 15, '2016-08-16 03:08:23', 0),
(179, 74, 'Potentials', 15, '2016-08-16 03:16:35', 0),
(180, 74, 'Potentials', 15, '2016-08-16 03:17:32', 0),
(181, 69, 'Potentials', 15, '2016-08-16 03:34:56', 0),
(182, 69, 'Potentials', 15, '2016-08-16 03:35:08', 0),
(183, 69, 'Potentials', 15, '2016-08-16 03:35:46', 0),
(184, 69, 'Potentials', 15, '2016-08-16 03:36:05', 0),
(185, 80, 'Potentials', 15, '2016-08-16 03:43:33', 0),
(186, 69, 'Potentials', 7, '2016-08-16 03:45:06', 0),
(187, 80, 'Potentials', 7, '2016-08-16 03:45:22', 0),
(188, 84, 'Potentials', 1, '2016-08-16 14:44:59', 2),
(189, 84, 'Potentials', 1, '2016-08-16 15:05:42', 0),
(190, 84, 'Potentials', 1, '2016-08-16 15:06:16', 0),
(191, 84, 'Potentials', 1, '2016-08-16 16:09:57', 0),
(192, 84, 'Potentials', 1, '2016-08-16 16:10:47', 0),
(193, 85, 'Leads', 16, '2016-08-17 01:40:49', 2),
(194, 86, 'Contacts', 16, '2016-08-17 01:42:50', 2),
(195, 87, 'Accounts', 16, '2016-08-17 01:42:58', 2),
(196, 88, 'Potentials', 16, '2016-08-17 01:43:51', 2),
(197, 89, 'Contacts', 16, '2016-08-17 01:45:13', 2),
(198, 90, 'Accounts', 16, '2016-08-17 01:45:28', 2),
(199, 91, 'Potentials', 16, '2016-08-17 01:50:26', 2),
(200, 92, 'Contacts', 16, '2016-08-17 01:51:31', 2),
(201, 93, 'Accounts', 16, '2016-08-17 01:51:54', 2),
(202, 94, 'Potentials', 16, '2016-08-17 01:52:52', 2),
(203, 95, 'Accounts', 16, '2016-08-17 01:58:45', 2),
(204, 96, 'Contacts', 16, '2016-08-17 01:59:01', 2),
(205, 97, 'Potentials', 16, '2016-08-17 01:59:44', 2),
(206, 98, 'Accounts', 16, '2016-08-17 02:12:22', 2),
(207, 99, 'Contacts', 16, '2016-08-17 02:12:50', 2),
(208, 100, 'Potentials', 16, '2016-08-17 02:13:30', 2),
(209, 101, 'Accounts', 16, '2016-08-17 02:14:59', 2),
(210, 102, 'Potentials', 16, '2016-08-17 02:18:08', 2),
(211, 102, 'Potentials', 16, '2016-08-17 02:19:07', 0),
(212, 103, 'Accounts', 16, '2016-08-17 02:31:12', 2),
(213, 104, 'Contacts', 16, '2016-08-17 02:32:05', 2),
(214, 105, 'Potentials', 16, '2016-08-17 02:32:09', 2),
(215, 102, 'Potentials', 16, '2016-08-17 02:35:35', 0),
(216, 106, 'Accounts', 16, '2016-08-17 02:36:01', 2),
(217, 88, 'Potentials', 16, '2016-08-17 02:36:04', 0),
(218, 88, 'Potentials', 16, '2016-08-17 02:36:51', 0),
(219, 107, 'Contacts', 16, '2016-08-17 02:37:46', 2),
(220, 102, 'Potentials', 16, '2016-08-17 02:38:05', 0),
(221, 102, 'Potentials', 16, '2016-08-17 02:38:17', 0),
(222, 102, 'Potentials', 15, '2016-08-17 02:45:31', 0),
(223, 88, 'Potentials', 15, '2016-08-17 02:48:45', 0),
(224, 88, 'Potentials', 15, '2016-08-17 02:50:18', 0),
(225, 105, 'Potentials', 15, '2016-08-17 02:51:51', 0),
(226, 105, 'Potentials', 15, '2016-08-17 02:51:56', 0),
(227, 100, 'Potentials', 15, '2016-08-17 02:57:34', 0),
(228, 97, 'Potentials', 15, '2016-08-17 03:04:08', 0),
(229, 97, 'Potentials', 15, '2016-08-17 03:04:46', 0),
(230, 94, 'Potentials', 15, '2016-08-17 03:07:45', 0),
(231, 94, 'Potentials', 15, '2016-08-17 03:07:56', 0),
(232, 60, 'Potentials', 7, '2016-08-17 07:13:47', 0),
(233, 108, 'Contacts', 19, '2016-08-22 04:55:53', 2),
(234, 109, 'Accounts', 19, '2016-08-22 05:01:04', 2),
(235, 110, 'Products', 19, '2016-08-22 05:12:47', 2),
(236, 111, 'Potentials', 5, '2016-08-22 12:31:16', 2),
(237, 111, 'Potentials', 5, '2016-08-22 12:33:15', 0),
(238, 97, 'Potentials', 5, '2016-08-22 12:34:56', 0),
(239, 112, 'ModComments', 5, '2016-08-22 12:35:07', 2),
(240, 94, 'Potentials', 5, '2016-08-22 12:36:43', 0),
(241, 113, 'ModComments', 5, '2016-08-22 12:36:56', 2),
(242, 100, 'Potentials', 5, '2016-08-22 12:38:03', 0),
(243, 114, 'ModComments', 5, '2016-08-22 12:38:12', 2),
(244, 115, 'ModComments', 5, '2016-08-22 12:42:18', 2),
(245, 116, 'Potentials', 1, '2016-08-22 13:08:46', 2),
(246, 117, 'ModComments', 1, '2016-08-22 13:16:33', 2),
(247, 118, 'ModComments', 1, '2016-08-22 13:16:42', 2),
(248, 119, 'Potentials', 16, '2016-08-23 01:49:24', 2),
(249, 80, 'Potentials', 7, '2016-08-23 01:52:43', 0),
(250, 105, 'Potentials', 16, '2016-08-23 02:08:08', 0),
(251, 105, 'Potentials', 16, '2016-08-23 02:09:10', 0),
(252, 77, 'Potentials', 7, '2016-08-23 02:09:19', 0),
(253, 105, 'Potentials', 16, '2016-08-23 02:09:45', 0),
(254, 77, 'Potentials', 7, '2016-08-23 02:09:55', 0),
(255, 105, 'Potentials', 15, '2016-08-23 02:11:44', 0),
(256, 105, 'Potentials', 16, '2016-08-23 02:12:33', 0),
(257, 105, 'Potentials', 1, '2016-08-23 02:13:54', 0),
(258, 120, 'ModComments', 1, '2016-08-23 02:14:00', 2),
(259, 103, 'Accounts', 15, '2016-08-23 02:14:15', 0),
(260, 77, 'Potentials', 1, '2016-08-23 02:15:17', 0),
(261, 121, 'ModComments', 1, '2016-08-23 02:15:24', 2),
(262, 77, 'Potentials', 7, '2016-08-23 02:17:04', 0),
(263, 80, 'Potentials', 7, '2016-08-23 02:17:17', 0),
(264, 122, 'Potentials', 5, '2016-08-23 02:17:17', 2),
(265, 80, 'Potentials', 7, '2016-08-23 02:17:33', 0),
(266, 52, 'Potentials', 7, '2016-08-23 02:17:52', 0),
(267, 105, 'Potentials', 16, '2016-08-23 02:18:03', 0),
(268, 68, 'Potentials', 7, '2016-08-23 02:18:18', 0),
(269, 68, 'Potentials', 7, '2016-08-23 02:18:32', 0),
(270, 90, 'Accounts', 15, '2016-08-23 02:18:41', 0),
(271, 45, 'Potentials', 7, '2016-08-23 02:18:48', 0),
(272, 123, 'ModComments', 16, '2016-08-23 02:18:57', 2),
(273, 105, 'Potentials', 16, '2016-08-23 02:20:22', 0),
(274, 124, 'ModComments', 16, '2016-08-23 02:21:13', 2),
(275, 105, 'Potentials', 15, '2016-08-23 02:21:24', 0),
(276, 88, 'Potentials', 16, '2016-08-23 02:22:33', 0),
(277, 102, 'Potentials', 16, '2016-08-23 02:22:59', 0),
(278, 119, 'Potentials', 16, '2016-08-23 02:24:07', 0),
(279, 91, 'Potentials', 16, '2016-08-23 02:24:29', 0),
(280, 97, 'Potentials', 16, '2016-08-23 02:24:57', 0),
(281, 100, 'Potentials', 16, '2016-08-23 02:25:17', 0),
(282, 94, 'Potentials', 16, '2016-08-23 02:26:42', 0),
(283, 100, 'Potentials', 15, '2016-08-23 02:32:18', 0),
(284, 95, 'Accounts', 15, '2016-08-23 02:39:37', 0),
(285, 102, 'Potentials', 15, '2016-08-23 02:43:06', 0),
(286, 106, 'Accounts', 15, '2016-08-23 02:45:20', 0),
(287, 106, 'Accounts', 15, '2016-08-23 02:47:14', 0),
(288, 88, 'Potentials', 15, '2016-08-23 02:49:05', 0),
(289, 105, 'Potentials', 15, '2016-08-23 02:52:02', 0),
(290, 61, 'Accounts', 15, '2016-08-24 03:32:26', 0),
(291, 61, 'Accounts', 15, '2016-08-24 03:32:50', 0),
(292, 69, 'Potentials', 15, '2016-08-24 04:11:38', 0),
(293, 125, 'Potentials', 8, '2016-08-26 07:57:32', 2),
(294, 70, 'Potentials', 7, '2016-08-31 04:39:33', 0),
(295, 74, 'Potentials', 7, '2016-08-31 04:41:26', 0),
(296, 126, 'Contacts', 16, '2016-09-01 00:58:58', 2),
(297, 127, 'Accounts', 16, '2016-09-01 00:59:19', 2),
(298, 128, 'Potentials', 16, '2016-09-01 01:00:28', 2),
(299, 128, 'Potentials', 16, '2016-09-01 01:02:59', 0),
(300, 129, 'Contacts', 16, '2016-09-01 01:04:59', 2),
(301, 130, 'Accounts', 16, '2016-09-01 01:05:50', 2),
(302, 131, 'Potentials', 16, '2016-09-01 01:07:13', 2),
(303, 131, 'Potentials', 16, '2016-09-01 01:08:22', 0),
(304, 128, 'Potentials', 16, '2016-09-01 01:09:09', 0),
(305, 132, 'Accounts', 16, '2016-09-01 01:11:09', 2),
(306, 133, 'Potentials', 16, '2016-09-01 01:11:31', 2),
(307, 131, 'Potentials', 16, '2016-09-01 01:12:11', 0),
(308, 134, 'Accounts', 7, '2016-09-02 08:38:16', 2),
(309, 135, 'Contacts', 7, '2016-09-02 08:38:53', 2),
(310, 136, 'Potentials', 7, '2016-09-02 08:39:20', 2),
(311, 136, 'Potentials', 7, '2016-09-02 08:43:05', 0),
(312, 137, 'Potentials', 16, '2016-09-06 01:33:45', 2),
(313, 137, 'Potentials', 16, '2016-09-06 01:35:25', 0),
(314, 138, 'Accounts', 16, '2016-09-06 01:39:26', 2),
(315, 139, 'Contacts', 16, '2016-09-06 01:41:40', 2),
(316, 140, 'Potentials', 16, '2016-09-06 01:42:06', 2),
(317, 141, 'Potentials', 16, '2016-09-06 01:44:50', 2),
(318, 140, 'Potentials', 16, '2016-09-06 01:45:13', 0),
(319, 137, 'Potentials', 16, '2016-09-06 01:45:44', 0),
(320, 136, 'Potentials', 7, '2016-09-06 02:10:06', 0),
(321, 98, 'Accounts', 15, '2016-09-06 02:16:05', 0),
(322, 98, 'Accounts', 15, '2016-09-06 02:17:06', 0),
(323, 141, 'Potentials', 15, '2016-09-06 02:17:49', 0),
(324, 130, 'Accounts', 15, '2016-09-06 02:21:49', 0),
(325, 132, 'Accounts', 15, '2016-09-06 02:22:53', 0),
(326, 127, 'Accounts', 15, '2016-09-06 02:24:47', 0),
(327, 106, 'Accounts', 15, '2016-09-06 02:29:22', 0),
(328, 101, 'Accounts', 15, '2016-09-06 02:32:41', 0),
(329, 98, 'Accounts', 15, '2016-09-06 02:33:46', 0),
(330, 93, 'Accounts', 15, '2016-09-06 02:35:39', 0),
(331, 142, 'Contacts', 16, '2016-09-06 02:38:53', 2),
(332, 133, 'Potentials', 16, '2016-09-06 02:39:00', 0),
(333, 143, 'Potentials', 7, '2016-09-06 02:42:38', 2),
(334, 90, 'Accounts', 15, '2016-09-06 02:47:15', 0),
(335, 144, 'ModComments', 7, '2016-09-06 02:47:23', 2),
(336, 7, 'Accounts', 7, '2016-09-06 02:47:37', 0),
(337, 145, 'Potentials', 8, '2016-09-06 03:07:03', 2),
(338, 134, 'Accounts', 7, '2016-09-06 03:16:58', 0),
(339, 7, 'Accounts', 7, '2016-09-06 03:17:35', 0),
(340, 48, 'Accounts', 15, '2016-09-06 03:18:31', 0),
(341, 77, 'Potentials', 15, '2016-09-06 03:33:11', 0),
(342, 146, 'Invoice', 6, '2016-09-12 02:50:54', 2),
(343, 147, 'Invoice', 6, '2016-09-12 03:06:05', 2),
(344, 147, 'Invoice', 6, '2016-09-12 03:07:06', 0),
(345, 146, 'Invoice', 6, '2016-09-12 03:08:52', 0),
(346, 23, 'Products', 6, '2016-09-12 04:47:01', 0),
(347, 148, 'Potentials', 7, '2016-09-12 07:00:35', 2),
(348, 148, 'Potentials', 7, '2016-09-12 07:01:24', 0),
(349, 94, 'Potentials', 15, '2016-09-13 01:36:03', 0),
(350, 94, 'Potentials', 15, '2016-09-13 01:38:32', 0),
(351, 148, 'Potentials', 7, '2016-09-13 02:03:55', 0),
(352, 148, 'Potentials', 7, '2016-09-13 02:04:21', 0),
(353, 143, 'Potentials', 7, '2016-09-13 02:09:20', 0),
(354, 136, 'Potentials', 7, '2016-09-13 02:09:35', 0),
(355, 33, 'Potentials', 7, '2016-09-13 02:20:30', 0),
(356, 57, 'Potentials', 7, '2016-09-13 02:23:13', 0),
(357, 57, 'Potentials', 7, '2016-09-13 02:23:22', 0),
(358, 148, 'Potentials', 7, '2016-09-20 04:57:24', 0),
(359, 57, 'Potentials', 7, '2016-09-20 04:58:28', 0),
(360, 149, 'Potentials', 7, '2016-09-20 05:05:01', 2),
(361, 69, 'Potentials', 7, '2016-09-20 06:25:20', 0),
(362, 150, 'Potentials', 8, '2016-09-20 06:26:57', 2),
(363, 151, 'Potentials', 7, '2016-09-27 02:07:32', 2),
(364, 151, 'Potentials', 7, '2016-09-27 02:07:50', 0),
(365, 119, 'Potentials', 16, '2016-09-27 02:09:06', 0),
(366, 152, 'Potentials', 7, '2016-09-27 02:09:13', 2),
(367, 8, 'Potentials', 7, '2016-09-27 02:10:15', 0),
(368, 105, 'Potentials', 16, '2016-09-27 02:24:34', 1),
(369, 151, 'Potentials', 7, '2016-09-27 02:27:45', 0),
(370, 153, 'Potentials', 7, '2016-09-27 03:25:12', 2),
(371, 153, 'Potentials', 7, '2016-09-27 03:29:15', 0),
(372, 154, 'Accounts', 8, '2016-09-27 03:34:26', 2),
(373, 151, 'Potentials', 7, '2016-09-27 03:35:52', 0),
(374, 155, 'Potentials', 8, '2016-09-27 03:36:26', 2),
(375, 155, 'Potentials', 8, '2016-09-27 03:37:03', 0),
(376, 56, 'Potentials', 7, '2016-09-27 03:46:35', 0),
(377, 156, 'Potentials', 16, '2016-10-04 01:38:07', 2),
(378, 157, 'Contacts', 16, '2016-10-04 01:39:03', 2),
(379, 158, 'Contacts', 16, '2016-10-04 01:39:22', 2),
(380, 159, 'Accounts', 16, '2016-10-04 01:41:01', 2),
(381, 160, 'Potentials', 16, '2016-10-04 01:41:06', 2),
(382, 161, 'Potentials', 16, '2016-10-04 01:42:23', 2),
(383, 80, 'Potentials', 7, '2016-10-04 01:44:39', 0),
(384, 161, 'Potentials', 16, '2016-10-04 01:44:40', 0),
(385, 136, 'Potentials', 7, '2016-10-04 01:55:23', 0),
(386, 145, 'Potentials', 8, '2016-10-04 02:19:51', 0),
(387, 150, 'Potentials', 8, '2016-10-04 02:22:39', 0),
(388, 150, 'Potentials', 8, '2016-10-04 02:22:56', 0),
(389, 145, 'Potentials', 8, '2016-10-04 02:23:13', 0),
(390, 82, 'Potentials', 8, '2016-10-04 02:24:14', 0),
(391, 143, 'Potentials', 7, '2016-10-04 02:34:25', 0),
(392, 162, 'Potentials', 7, '2016-10-11 02:12:11', 2),
(393, 163, 'Potentials', 7, '2016-10-11 02:13:28', 2),
(394, 164, 'Accounts', 7, '2016-10-11 02:13:56', 2),
(395, 163, 'Potentials', 7, '2016-10-11 02:14:11', 0),
(396, 165, 'Accounts', 7, '2016-10-11 02:14:29', 2),
(397, 166, 'Accounts', 7, '2016-10-11 02:14:43', 2),
(398, 167, 'Potentials', 7, '2016-10-11 02:15:19', 2),
(399, 162, 'Potentials', 7, '2016-10-11 02:15:32', 0),
(400, 77, 'Potentials', 7, '2016-10-11 02:18:38', 0),
(401, 168, 'Accounts', 8, '2016-10-11 02:35:50', 2),
(402, 169, 'Potentials', 8, '2016-10-11 02:37:18', 2),
(403, 170, 'Potentials', 8, '2016-10-11 02:38:22', 2),
(404, 171, 'Potentials', 8, '2016-10-11 02:39:21', 2),
(405, 172, 'Events', 6, '2016-10-12 01:47:45', 2),
(406, 173, 'Events', 6, '2016-10-12 01:49:15', 2);

-- --------------------------------------------------------

--
-- 表的结构 `vtiger_modtracker_basic_seq`
--

CREATE TABLE IF NOT EXISTS `vtiger_modtracker_basic_seq` (
  `id` int(11) NOT NULL
) ENGINE=InnoDB DEFAULT CHARSET=utf8;

--
-- 转存表中的数据 `vtiger_modtracker_basic_seq`
--

INSERT INTO `vtiger_modtracker_basic_seq` (`id`) VALUES
(406);

-- --------------------------------------------------------

--
-- 表的结构 `vtiger_modtracker_detail`
--

CREATE TABLE IF NOT EXISTS `vtiger_modtracker_detail` (
  `id` int(11) DEFAULT NULL,
  `fieldname` varchar(100) DEFAULT NULL,
  `prevalue` text,
  `postvalue` text
) ENGINE=InnoDB DEFAULT CHARSET=utf8;

--
-- 转存表中的数据 `vtiger_modtracker_detail`
--

INSERT INTO `vtiger_modtracker_detail` (`id`, `fieldname`, `prevalue`, `postvalue`) VALUES
(1, 'subject', NULL, 'asa'),
(1, 'assigned_user_id', NULL, '1'),
(1, 'date_start', NULL, '2016-07-02'),
(1, 'time_start', NULL, '16:00:00'),
(1, 'time_end', NULL, '16:05:00'),
(1, 'due_date', NULL, '2016-07-02'),
(1, 'eventstatus', NULL, 'Not Held'),
(1, 'createdtime', NULL, '2016-07-06 13:47:37'),
(1, 'activitytype', NULL, 'Meeting'),
(1, 'visibility', NULL, 'Public'),
(1, 'duration_minutes', NULL, '5'),
(1, 'modifiedby', NULL, '1'),
(1, 'created_user_id', NULL, '1'),
(1, 'record_id', NULL, '2'),
(1, 'record_module', NULL, 'Events'),
(2, 'subject', NULL, 'good morning'),
(2, 'assigned_user_id', NULL, '1'),
(2, 'date_start', NULL, '2016-07-07'),
(2, 'time_start', NULL, '13:00:00'),
(2, 'due_date', NULL, '2016-07-08'),
(2, 'taskstatus', NULL, 'Not Started'),
(2, 'createdtime', NULL, '2016-07-06 14:42:05'),
(2, 'activitytype', NULL, 'Task'),
(2, 'visibility', NULL, 'Private'),
(2, 'duration_hours', NULL, '-407701'),
(2, 'modifiedby', NULL, '1'),
(2, 'created_user_id', NULL, '1'),
(2, 'record_id', NULL, '3'),
(2, 'record_module', NULL, 'Calendar'),
(4, 'productname', NULL, 'Man Day'),
(4, 'product_no', NULL, 'PRO1'),
(4, 'discontinued', NULL, '1'),
(4, 'createdtime', NULL, '2016-07-07 09:52:54'),
(4, 'modifiedby', NULL, '6'),
(4, 'unit_price', NULL, '1.00000000'),
(4, 'commissionrate', NULL, '0.000'),
(4, 'qty_per_unit', NULL, '0.00'),
(4, 'qtyinstock', NULL, '0.000'),
(4, 'assigned_user_id', NULL, '6'),
(4, 'record_id', NULL, '4'),
(4, 'record_module', NULL, 'Products'),
(5, 'servicename', NULL, 'Man Day'),
(5, 'service_no', NULL, 'SER1'),
(5, 'sales_end_date', NULL, '2016-05-11'),
(5, 'expiry_date', NULL, '2016-05-11'),
(5, 'createdtime', NULL, '2016-07-07 10:20:21'),
(5, 'modifiedby', NULL, '6'),
(5, 'service_usageunit', NULL, 'Days'),
(5, 'qty_per_unit', NULL, '0.00'),
(5, 'assigned_user_id', NULL, '8'),
(5, 'servicecategory', NULL, 'Support'),
(5, 'unit_price', NULL, '1900.00000000'),
(5, 'commissionrate', NULL, '0.000'),
(5, 'record_id', NULL, '5'),
(5, 'record_module', NULL, 'Services'),
(6, 'salutationtype', NULL, 'Mr.'),
(6, 'firstname', NULL, 'Roland'),
(6, 'contact_no', NULL, 'CON1'),
(6, 'lastname', NULL, 'Yiu'),
(6, 'mobile', NULL, '6380 5688'),
(6, 'email', NULL, 'Roland.YL.Yiu@pccw.com'),
(6, 'assigned_user_id', NULL, '7'),
(6, 'createdtime', NULL, '2016-07-11 09:15:47'),
(6, 'modifiedby', NULL, '7'),
(6, 'support_start_date', NULL, '2016-07-11'),
(6, 'support_end_date', NULL, '2017-07-11'),
(6, 'record_id', NULL, '6'),
(6, 'record_module', NULL, 'Contacts'),
(7, 'accountname', NULL, 'PCCW Solutions Ltd'),
(7, 'account_no', NULL, 'ACC1'),
(7, 'annual_revenue', NULL, '0.00000000'),
(7, 'assigned_user_id', NULL, '7'),
(7, 'createdtime', NULL, '2016-07-11 09:16:11'),
(7, 'modifiedby', NULL, '7'),
(7, 'record_id', NULL, '7'),
(7, 'record_module', NULL, 'Accounts'),
(8, 'account_id', '0', '7'),
(9, 'potentialname', NULL, 'ZeedAsia Cloud'),
(9, 'potential_no', NULL, 'POT1'),
(9, 'amount', NULL, '511627.90697674'),
(9, 'closingdate', NULL, '2016-07-30'),
(9, 'sales_stage', NULL, 'Proposal or Price Quote'),
(9, 'assigned_user_id', NULL, '7'),
(9, 'probability', NULL, '60.000'),
(9, 'createdtime', NULL, '2016-07-11 09:19:17'),
(9, 'modifiedby', NULL, '7'),
(9, 'description', NULL, '3 x HK Cloud service, need Windows OS and SQL Std server'),
(9, 'forecast_amount', NULL, '306976.74418605'),
(9, 'contact_id', NULL, '6'),
(9, 'record_id', NULL, '8'),
(9, 'record_module', NULL, 'Potentials'),
(10, 'potentialname', 'ZeedAsia Cloud', 'ZeedAsia Cloud / PCCW'),
(11, 'amount', '511627.90697674', '1.16279070'),
(11, 'forecast_amount', '306976.74418605', '0.69767442'),
(12, 'amount', '1.16279070', '5116.27906977'),
(12, 'forecast_amount', '0.69767442', '3069.76744186'),
(13, 'productname', NULL, 'QingCloud'),
(13, 'product_no', NULL, 'PRO2'),
(13, 'createdtime', NULL, '2016-07-11 09:42:48'),
(13, 'modifiedby', NULL, '7'),
(13, 'unit_price', NULL, '0.00000000'),
(13, 'commissionrate', NULL, '0.000'),
(13, 'qty_per_unit', NULL, '0.00'),
(13, 'qtyinstock', NULL, '0.000'),
(13, 'assigned_user_id', NULL, '7'),
(13, 'record_id', NULL, '9'),
(13, 'record_module', NULL, 'Products'),
(14, 'accountname', NULL, 'Bright Future Pharmaceutical Laboratories Limited'),
(14, 'account_no', NULL, 'ACC2'),
(14, 'phone', NULL, '26750230'),
(14, 'annual_revenue', NULL, '0.00000000'),
(14, 'assigned_user_id', NULL, '7'),
(14, 'createdtime', NULL, '2016-07-29 02:45:42'),
(14, 'modifiedby', NULL, '7'),
(14, 'bill_street', NULL, '38 Wang Lee Street, Yuen Long Industrial Estate, \nBright Future Pharmaceutical Centre, Yuen Long, N.T., Hong Kong'),
(14, 'ship_street', NULL, '38 Wang Lee Street, Yuen Long Industrial Estate, \nBright Future Pharmaceutical Centre, Yuen Long, N.T., Hong Kong'),
(14, 'record_id', NULL, '10'),
(14, 'record_module', NULL, 'Accounts'),
(15, 'salutationtype', NULL, 'Ms.'),
(15, 'firstname', NULL, 'Cherry'),
(15, 'contact_no', NULL, 'CON2'),
(15, 'phone', NULL, '22112441'),
(15, 'lastname', NULL, 'Cho'),
(15, 'account_id', NULL, '10'),
(15, 'leadsource', NULL, 'Existing Customer'),
(15, 'email', NULL, 'cherry.cho@brightfuture.com.hk'),
(15, 'assigned_user_id', NULL, '7'),
(15, 'createdtime', NULL, '2016-07-29 02:46:38'),
(15, 'modifiedby', NULL, '7'),
(15, 'support_start_date', NULL, '2016-07-29'),
(15, 'support_end_date', NULL, '2017-07-29'),
(15, 'mailingstreet', NULL, '38 Wang Lee Street, Yuen Long Industrial Estate, \nBright Future Pharmaceutical Centre, Yuen Long, N.T., Hong Kong'),
(15, 'otherstreet', NULL, '38 Wang Lee Street, Yuen Long Industrial Estate, \nBright Future Pharmaceutical Centre, Yuen Long, N.T., Hong Kong'),
(15, 'record_id', NULL, '11'),
(15, 'record_module', NULL, 'Contacts'),
(16, 'potentialname', NULL, 'Hydraulic Test for FM200'),
(16, 'potential_no', NULL, 'POT2'),
(16, 'amount', NULL, '40697.67441861'),
(16, 'related_to', NULL, '10'),
(16, 'closingdate', NULL, '2016-08-02'),
(16, 'sales_stage', NULL, 'Negotiation or Review'),
(16, 'assigned_user_id', NULL, '7'),
(16, 'probability', NULL, '0.000'),
(16, 'createdtime', NULL, '2016-07-29 02:47:29'),
(16, 'modifiedby', NULL, '7'),
(16, 'forecast_amount', NULL, '0.00000000'),
(16, 'record_id', NULL, '12'),
(16, 'record_module', NULL, 'Potentials'),
(17, 'productname', NULL, 'Hydraulic Test for FM200'),
(17, 'product_no', NULL, 'PRO3'),
(17, 'productcategory', NULL, 'Software'),
(17, 'sales_start_date', NULL, '2016-07-28'),
(17, 'createdtime', NULL, '2016-07-29 02:49:20'),
(17, 'modifiedby', NULL, '7'),
(17, 'unit_price', NULL, '28000.00000000'),
(17, 'commissionrate', NULL, '0.000'),
(17, 'usageunit', NULL, 'Each'),
(17, 'qty_per_unit', NULL, '1.00'),
(17, 'qtyinstock', NULL, '1.000'),
(17, 'assigned_user_id', NULL, '7'),
(17, 'record_id', NULL, '13'),
(17, 'record_module', NULL, 'Products'),
(18, 'discontinued', '0', '1'),
(19, 'quote_no', NULL, 'QUO1'),
(19, 'subject', NULL, 'Quotation of Hydraulic Test FM200'),
(19, 'potential_id', NULL, '12'),
(19, 'quotestage', NULL, 'Reviewed'),
(19, 'hdnsubtotal', NULL, '35000.00000000'),
(19, 'txtadjustment', NULL, '0.00000000'),
(19, 'hdngrandtotal', NULL, '35000.00000000'),
(19, 'hdntaxtype', NULL, 'group'),
(19, 'hdns_h_amount', NULL, '0.00000000'),
(19, 'account_id', NULL, '10'),
(19, 'assigned_user_id', NULL, '7'),
(19, 'createdtime', NULL, '2016-07-29 02:51:11'),
(19, 'modifiedby', NULL, '7'),
(19, 'currency_id', NULL, '2'),
(19, 'conversion_rate', NULL, '0.860'),
(19, 'bill_street', NULL, '38 Wang Lee Street, Yuen Long Industrial Estate, \nBright Future Pharmaceutical Centre, Yuen Long, N.T., Hong Kong'),
(19, 'ship_street', NULL, '38 Wang Lee Street, Yuen Long Industrial Estate, \nBright Future Pharmaceutical Centre, Yuen Long, N.T., Hong Kong'),
(19, 'terms_conditions', NULL, '- Unless otherwise agreed in writing by the supplier all invoices are payable within thirty (30) days of the date of invoice, in the currency of the invoice, drawn on a bank based in India or by such other method as is agreed in advance by the Supplier.\n\n - All prices are not inclusive of VAT which shall be payable in addition by the Customer at the applicable rate.'),
(19, 'productid', NULL, '13'),
(19, 'quantity', NULL, '1.000'),
(19, 'listprice', NULL, '35000.00000000'),
(19, 'tax1', NULL, '0.000'),
(19, 'tax2', NULL, '0.000'),
(19, 'tax3', NULL, '0.000'),
(19, 'pre_tax_total', NULL, '35000.00000000'),
(19, 'hdns_h_percent', NULL, '27'),
(19, 'record_id', NULL, '14'),
(19, 'record_module', NULL, 'Quotes'),
(21, 'hdndiscountpercent', '', '0.000'),
(21, 'hdndiscountamount', '', '0.00000000'),
(22, 'salesorder_no', NULL, 'SO1'),
(22, 'subject', NULL, 'Quotation of Hydraulic Test FM200'),
(22, 'potential_id', NULL, '12'),
(22, 'quote_id', NULL, '14'),
(22, 'sostatus', NULL, 'Created'),
(22, 'txtadjustment', NULL, '0.00000000'),
(22, 'salescommission', NULL, '0.000'),
(22, 'exciseduty', NULL, '0.000'),
(22, 'hdngrandtotal', NULL, '35000.00000000'),
(22, 'hdnsubtotal', NULL, '35000.00000000'),
(22, 'hdntaxtype', NULL, 'group'),
(22, 'hdndiscountpercent', NULL, '0.000'),
(22, 'hdns_h_amount', NULL, '0.00000000'),
(22, 'account_id', NULL, '10'),
(22, 'assigned_user_id', NULL, '7'),
(22, 'createdtime', NULL, '2016-07-29 02:54:16'),
(22, 'modifiedby', NULL, '7'),
(22, 'currency_id', NULL, '2'),
(22, 'conversion_rate', NULL, '0.860'),
(22, 'bill_street', NULL, '38 Wang Lee Street, Yuen Long Industrial Estate, \nBright Future Pharmaceutical Centre, Yuen Long, N.T., Hong Kong'),
(22, 'ship_street', NULL, '38 Wang Lee Street, Yuen Long Industrial Estate, \nBright Future Pharmaceutical Centre, Yuen Long, N.T., Hong Kong'),
(22, 'terms_conditions', NULL, '- Unless otherwise agreed in writing by the supplier all invoices are payable within thirty (30) days of the date of invoice, in the currency of the invoice, drawn on a bank based in India or by such other method as is agreed in advance by the Supplier.\n\n - All prices are not inclusive of VAT which shall be payable in addition by the Customer at the applicable rate.'),
(22, 'productid', NULL, '13'),
(22, 'quantity', NULL, '1.000'),
(22, 'listprice', NULL, '35000.00000000'),
(22, 'tax1', NULL, '0.000'),
(22, 'tax2', NULL, '0.000'),
(22, 'tax3', NULL, '0.000'),
(22, 'pre_tax_total', NULL, '35000.00000000'),
(22, 'hdns_h_percent', NULL, '27'),
(22, 'record_id', NULL, '15'),
(22, 'record_module', NULL, 'SalesOrder'),
(23, 'productname', 'Man Day', 'Professional service'),
(23, 'modifiedby', '6', '7'),
(23, 'unit_price', '1.00000000', '500.00000000'),
(23, 'qty_per_unit', '0.00', '1.00'),
(23, 'qtyinstock', '0.000', '1.000'),
(24, 'potentialname', NULL, 'BOSG/PCCW professional service'),
(24, 'potential_no', NULL, 'POT3'),
(24, 'amount', NULL, '0.00000000'),
(24, 'related_to', NULL, '7'),
(24, 'closingdate', NULL, '2016-07-30'),
(24, 'sales_stage', NULL, 'Negotiation or Review'),
(24, 'assigned_user_id', NULL, '7'),
(24, 'probability', NULL, '0.000'),
(24, 'createdtime', NULL, '2016-07-29 03:03:07'),
(24, 'modifiedby', NULL, '7'),
(24, 'forecast_amount', NULL, '0.00000000'),
(24, 'record_id', NULL, '16'),
(24, 'record_module', NULL, 'Potentials'),
(25, 'quote_no', NULL, 'QUO2'),
(25, 'subject', NULL, 'quotation of BOSG professional service'),
(25, 'potential_id', NULL, '16'),
(25, 'quotestage', NULL, 'Reviewed'),
(25, 'hdnsubtotal', NULL, '500.00000000'),
(25, 'txtadjustment', NULL, '0.00000000'),
(25, 'hdngrandtotal', NULL, '500.00000000'),
(25, 'hdntaxtype', NULL, 'group'),
(25, 'hdns_h_amount', NULL, '0.00000000'),
(25, 'account_id', NULL, '7'),
(25, 'assigned_user_id', NULL, '7'),
(25, 'createdtime', NULL, '2016-07-29 03:04:14'),
(25, 'modifiedby', NULL, '7'),
(25, 'currency_id', NULL, '2'),
(25, 'conversion_rate', NULL, '0.860'),
(25, 'bill_street', NULL, '7'),
(25, 'ship_street', NULL, '7'),
(25, 'terms_conditions', NULL, '- Unless otherwise agreed in writing by the supplier all invoices are payable within thirty (30) days of the date of invoice, in the currency of the invoice, drawn on a bank based in India or by such other method as is agreed in advance by the Supplier.\n\n - All prices are not inclusive of VAT which shall be payable in addition by the Customer at the applicable rate.'),
(25, 'productid', NULL, '4'),
(25, 'quantity', NULL, '1.000'),
(25, 'listprice', NULL, '500.00000000'),
(25, 'tax1', NULL, '0.000'),
(25, 'tax2', NULL, '0.000'),
(25, 'tax3', NULL, '0.000'),
(25, 'pre_tax_total', NULL, '500.00000000'),
(25, 'hdns_h_percent', NULL, '27'),
(25, 'record_id', NULL, '17'),
(25, 'record_module', NULL, 'Quotes'),
(27, 'bill_street', '', 'Level 2, The Long Beach Commercial Podium, 8 Hoi Fai Road, Kowloon, HK'),
(27, 'ship_street', '', 'Level 2, The Long Beach Commercial Podium, 8 Hoi Fai Road, Kowloon, HK'),
(28, 'bill_street', '7', 'Level 2, The Long Beach Commercial Podium, 8 Hoi Fai Road, Kowloon, HK'),
(28, 'ship_street', '7', 'Level 2, The Long Beach Commercial Podium, 8 Hoi Fai Road, Kowloon, HK'),
(29, 'description', '', 'To perform the FM200 Gas cylinder hydraulic test		\nScope of service :		\nDisconnect the gas cylinder		\nDeliver to the factory		\nPerform the FM200 gas cylinder hydraulic test		\nReplace the o-ring		\nRefill the FM200 gas (&lt;20%)		\nDeliver to the client location		\nRe-connect the gas cylinder		\nPerform the system check with present of FS251 form'),
(30, 'sales_stage', 'Negotiation or Review', 'Closed Won'),
(31, 'amount', '0.00000000', '581.39534884'),
(31, 'sales_stage', 'Negotiation or Review', 'Closed Won'),
(32, 'description', '3 x HK Cloud service, need Windows OS and SQL Std server', '$4400/mth, $52800/Year\n3 x HK Cloud service, need Windows OS and SQL Std server'),
(33, 'salutationtype', NULL, 'Mr.'),
(33, 'firstname', NULL, 'Ivan'),
(33, 'contact_no', NULL, 'CON3'),
(33, 'phone', NULL, '25341688'),
(33, 'lastname', NULL, 'Wan'),
(33, 'assigned_user_id', NULL, '8'),
(33, 'createdtime', NULL, '2016-08-01 07:31:14'),
(33, 'modifiedby', NULL, '8'),
(33, 'support_start_date', NULL, '2016-08-01'),
(33, 'support_end_date', NULL, '2017-08-01'),
(33, 'record_id', NULL, '18'),
(33, 'record_module', NULL, 'Contacts'),
(34, 'accountname', NULL, 'Savills Property Management Ltd'),
(34, 'account_no', NULL, 'ACC3'),
(34, 'phone', NULL, '25341688'),
(34, 'annual_revenue', NULL, '0.00000000'),
(34, 'assigned_user_id', NULL, '8'),
(34, 'createdtime', NULL, '2016-08-01 07:34:21'),
(34, 'modifiedby', NULL, '8'),
(34, 'bill_street', NULL, '7/F, Cityplaza One, 1111 King&#039;s Road'),
(34, 'record_id', NULL, '19'),
(34, 'record_module', NULL, 'Accounts'),
(35, 'account_id', '0', '19'),
(35, 'leadsource', '', 'Existing Customer'),
(35, 'mailingstreet', '', '7/F, Cityplaza One, 1111 King&#039;s Road'),
(36, 'vendorname', NULL, 'One Solution'),
(36, 'vendor_no', NULL, 'VEN1'),
(36, 'createdtime', NULL, '2016-08-01 07:50:36'),
(36, 'modifiedby', NULL, '8'),
(36, 'assigned_user_id', NULL, '8'),
(36, 'record_id', NULL, '20'),
(36, 'record_module', NULL, 'Vendors'),
(37, 'productname', NULL, 'Professional Service'),
(37, 'product_no', NULL, 'PRO4'),
(37, 'discontinued', NULL, '1'),
(37, 'sales_end_date', NULL, '2016-05-11'),
(37, 'start_date', NULL, '2016-05-11'),
(37, 'expiry_date', NULL, '2016-05-11'),
(37, 'vendor_id', NULL, '20'),
(37, 'createdtime', NULL, '2016-08-01 07:51:21'),
(37, 'modifiedby', NULL, '8'),
(37, 'unit_price', NULL, '1500.00000000'),
(37, 'commissionrate', NULL, '0.000'),
(37, 'qty_per_unit', NULL, '1.00'),
(37, 'qtyinstock', NULL, '1.000'),
(37, 'assigned_user_id', NULL, '8'),
(37, 'record_id', NULL, '21'),
(37, 'record_module', NULL, 'Products'),
(38, 'vendorname', NULL, 'Shiny Best (In-House)'),
(38, 'vendor_no', NULL, 'VEN2'),
(38, 'createdtime', NULL, '2016-08-01 07:52:41'),
(38, 'modifiedby', NULL, '8'),
(38, 'assigned_user_id', NULL, '8'),
(38, 'record_id', NULL, '22'),
(38, 'record_module', NULL, 'Vendors'),
(39, 'productname', NULL, 'Professional Servicec'),
(39, 'product_no', NULL, 'PRO5'),
(39, 'discontinued', NULL, '1'),
(39, 'sales_start_date', NULL, '2016-06-22'),
(39, 'sales_end_date', NULL, '2016-06-22'),
(39, 'start_date', NULL, '2016-06-22'),
(39, 'expiry_date', NULL, '2016-06-22'),
(39, 'vendor_id', NULL, '22'),
(39, 'createdtime', NULL, '2016-08-01 07:53:17'),
(39, 'modifiedby', NULL, '8'),
(39, 'unit_price', NULL, '0.00000000'),
(39, 'commissionrate', NULL, '0.000'),
(39, 'qty_per_unit', NULL, '1.00'),
(39, 'qtyinstock', NULL, '1.000'),
(39, 'assigned_user_id', NULL, '8'),
(39, 'record_id', NULL, '23'),
(39, 'record_module', NULL, 'Products'),
(40, 'potentialname', NULL, 'Professional Service'),
(40, 'potential_no', NULL, 'POT4'),
(40, 'amount', NULL, '220930.23255814'),
(40, 'related_to', NULL, '19'),
(40, 'closingdate', NULL, '2016-05-11'),
(40, 'opportunity_type', NULL, 'New Business'),
(40, 'leadsource', NULL, 'Existing Customer'),
(40, 'sales_stage', NULL, 'Closed Won'),
(40, 'assigned_user_id', NULL, '8'),
(40, 'probability', NULL, '0.000'),
(40, 'createdtime', NULL, '2016-08-01 07:55:29'),
(40, 'modifiedby', NULL, '8'),
(40, 'description', NULL, 'Close on 11th May 2016'),
(40, 'forecast_amount', NULL, '0.00000000'),
(40, 'contact_id', NULL, '18'),
(40, 'record_id', NULL, '24'),
(40, 'record_module', NULL, 'Potentials'),
(41, 'potentialname', NULL, 'Professional Service'),
(41, 'potential_no', NULL, 'POT5'),
(41, 'amount', NULL, '220930.23255814'),
(41, 'related_to', NULL, '19'),
(41, 'closingdate', NULL, '2016-06-22'),
(41, 'opportunity_type', NULL, 'New Business'),
(41, 'leadsource', NULL, 'Existing Customer'),
(41, 'sales_stage', NULL, 'Closed Won'),
(41, 'assigned_user_id', NULL, '8'),
(41, 'probability', NULL, '0.000'),
(41, 'createdtime', NULL, '2016-08-01 07:57:09'),
(41, 'modifiedby', NULL, '8'),
(41, 'description', NULL, 'Close on 22nd June 2016'),
(41, 'forecast_amount', NULL, '0.00000000'),
(41, 'contact_id', NULL, '18'),
(41, 'record_id', NULL, '25'),
(41, 'record_module', NULL, 'Potentials'),
(42, 'amount', '220930.23255814', '116.27906977'),
(43, 'amount', '220930.23255814', '116.27906977'),
(44, 'modifiedby', '8', '7'),
(44, 'unit_price', '0.00000000', '1090.00000000'),
(45, 'unit_price', '1500.00000000', '1900.00000000'),
(45, 'description', '', 'Out-source Man Power'),
(46, 'discontinued', '0', '1'),
(46, 'unit_price', '0.00000000', '1.00000000'),
(47, 'modifiedby', '7', '8'),
(47, 'unit_price', '1090.00000000', '1900.00000000'),
(47, 'description', '', 'In-House Man Power'),
(48, 'amount', '116.27906977', '220930.23255814'),
(49, 'amount', '220930.23255814', '2209.30232558'),
(50, 'amount', '2209.30232558', '220930.23255814'),
(51, 'amount', '116.27906977', '2209.30232558'),
(52, 'amount', '220930.23255814', '2209.30232558'),
(53, 'related_to', '0', '7'),
(54, 'vendorname', NULL, 'B&amp;DATA'),
(54, 'vendor_no', NULL, 'VEN3'),
(54, 'createdtime', NULL, '2016-08-01 08:06:11'),
(54, 'modifiedby', NULL, '8'),
(54, 'assigned_user_id', NULL, '8'),
(54, 'record_id', NULL, '26'),
(54, 'record_module', NULL, 'Vendors'),
(55, 'vendorname', NULL, 'B &amp; DATA'),
(55, 'vendor_no', NULL, 'VEN4'),
(55, 'createdtime', NULL, '2016-08-01 08:06:33'),
(55, 'modifiedby', NULL, '8'),
(55, 'assigned_user_id', NULL, '8'),
(55, 'record_id', NULL, '27'),
(55, 'record_module', NULL, 'Vendors'),
(56, 'vendorname', NULL, 'B and Data'),
(56, 'vendor_no', NULL, 'VEN5'),
(56, 'createdtime', NULL, '2016-08-01 08:06:47'),
(56, 'modifiedby', NULL, '8'),
(56, 'assigned_user_id', NULL, '8'),
(56, 'record_id', NULL, '28'),
(56, 'record_module', NULL, 'Vendors'),
(57, 'productname', NULL, 'McAfee IPS'),
(57, 'product_no', NULL, 'PRO6'),
(57, 'discontinued', NULL, '1'),
(57, 'sales_start_date', NULL, '2016-07-25'),
(57, 'sales_end_date', NULL, '2016-07-29'),
(57, 'start_date', NULL, '2016-07-25'),
(57, 'vendor_id', NULL, '28'),
(57, 'createdtime', NULL, '2016-08-01 08:07:43'),
(57, 'modifiedby', NULL, '8'),
(57, 'unit_price', NULL, '395000.00000000'),
(57, 'commissionrate', NULL, '0.000'),
(57, 'qty_per_unit', NULL, '1.00'),
(57, 'qtyinstock', NULL, '1.000'),
(57, 'assigned_user_id', NULL, '8'),
(57, 'description', NULL, 'Back to back product from B&amp;DATA'),
(57, 'record_id', NULL, '29'),
(57, 'record_module', NULL, 'Products'),
(58, 'potentialname', NULL, 'BOSG/PCCW Server and F5 Project'),
(58, 'potential_no', NULL, 'POT6'),
(58, 'amount', NULL, '813953.48837209'),
(58, 'related_to', NULL, '7'),
(58, 'closingdate', NULL, '2016-08-31'),
(58, 'sales_stage', NULL, 'Negotiation or Review'),
(58, 'assigned_user_id', NULL, '7'),
(58, 'probability', NULL, '90.000'),
(58, 'createdtime', NULL, '2016-08-01 08:08:11'),
(58, 'modifiedby', NULL, '7'),
(58, 'description', NULL, 'For HK - 2 x F5 and 3 x Lenovo Server\nFor SG - 1 x F5 and 2 x Lenovo Server'),
(58, 'forecast_amount', NULL, '732558.13953488'),
(58, 'record_id', NULL, '30'),
(58, 'record_module', NULL, 'Potentials'),
(59, 'leadsource', '', 'Existing Customer'),
(59, 'contact_id', '0', '6'),
(60, 'leadsource', '', 'Existing Customer'),
(60, 'contact_id', '0', '11'),
(61, 'productname', NULL, 'F5'),
(61, 'product_no', NULL, 'PRO7'),
(61, 'discontinued', NULL, '1'),
(61, 'sales_start_date', NULL, '2016-07-25'),
(61, 'sales_end_date', NULL, '2016-07-30'),
(61, 'start_date', NULL, '2016-07-30'),
(61, 'vendor_id', NULL, '28'),
(61, 'createdtime', NULL, '2016-08-01 08:09:08'),
(61, 'modifiedby', NULL, '8'),
(61, 'unit_price', NULL, '162300.00000000'),
(61, 'commissionrate', NULL, '0.000'),
(61, 'qty_per_unit', NULL, '0.00'),
(61, 'qtyinstock', NULL, '0.000'),
(61, 'assigned_user_id', NULL, '8'),
(61, 'description', NULL, 'Back to back product from B&amp;DATA'),
(61, 'record_id', NULL, '31'),
(61, 'record_module', NULL, 'Products'),
(62, 'productname', NULL, 'Peplink'),
(62, 'product_no', NULL, 'PRO8'),
(62, 'discontinued', NULL, '1'),
(62, 'sales_start_date', NULL, '2016-07-25'),
(62, 'sales_end_date', NULL, '2016-07-29'),
(62, 'start_date', NULL, '2016-07-29'),
(62, 'vendor_id', NULL, '28'),
(62, 'createdtime', NULL, '2016-08-01 08:10:54'),
(62, 'modifiedby', NULL, '8'),
(62, 'unit_price', NULL, '45620.00000000'),
(62, 'commissionrate', NULL, '0.000'),
(62, 'qty_per_unit', NULL, '1.00'),
(62, 'qtyinstock', NULL, '1.000'),
(62, 'assigned_user_id', NULL, '8'),
(62, 'description', NULL, 'Back to Back product from B&amp;DATA'),
(62, 'record_id', NULL, '32'),
(62, 'record_module', NULL, 'Products'),
(63, 'potentialname', NULL, 'DR solution for 79 VMware'),
(63, 'potential_no', NULL, 'POT7'),
(63, 'amount', NULL, '63953.48837209'),
(63, 'related_to', NULL, '7'),
(63, 'closingdate', NULL, '2016-08-31'),
(63, 'leadsource', NULL, 'Existing Customer'),
(63, 'sales_stage', NULL, 'Proposal or Price Quote'),
(63, 'assigned_user_id', NULL, '7'),
(63, 'probability', NULL, '0.000'),
(63, 'createdtime', NULL, '2016-08-01 08:11:02'),
(63, 'modifiedby', NULL, '7'),
(63, 'description', NULL, '$55000/mth, $1.32M for 2 years contract.\nDR solution for 79 VMware, need support Veeam backup software'),
(63, 'forecast_amount', NULL, '0.00000000'),
(63, 'contact_id', NULL, '6'),
(63, 'record_id', NULL, '33'),
(63, 'record_module', NULL, 'Potentials'),
(64, 'accountname', NULL, 'Intertek'),
(64, 'account_no', NULL, 'ACC4'),
(64, 'annual_revenue', NULL, '0.00000000'),
(64, 'assigned_user_id', NULL, '8'),
(64, 'createdtime', NULL, '2016-08-01 08:12:47'),
(64, 'modifiedby', NULL, '8'),
(64, 'record_id', NULL, '34'),
(64, 'record_module', NULL, 'Accounts'),
(65, 'accountname', NULL, 'Appsicon'),
(65, 'account_no', NULL, 'ACC5'),
(65, 'annual_revenue', NULL, '0.00000000'),
(65, 'assigned_user_id', NULL, '7'),
(65, 'createdtime', NULL, '2016-08-01 08:13:25'),
(65, 'modifiedby', NULL, '7'),
(65, 'record_id', NULL, '35'),
(65, 'record_module', NULL, 'Accounts'),
(66, 'salutationtype', NULL, 'Mr.'),
(66, 'firstname', NULL, 'Samson'),
(66, 'contact_no', NULL, 'CON4'),
(66, 'lastname', NULL, 'Cheng'),
(66, 'account_id', NULL, '34'),
(66, 'assigned_user_id', NULL, '8'),
(66, 'createdtime', NULL, '2016-08-01 08:13:44'),
(66, 'modifiedby', NULL, '8'),
(66, 'support_start_date', NULL, '2016-07-25'),
(66, 'support_end_date', NULL, '2017-07-29'),
(66, 'mailingstreet', NULL, '2/F, Garment Centre'),
(66, 'record_id', NULL, '36'),
(66, 'record_module', NULL, 'Contacts'),
(67, 'firstname', NULL, 'Michael'),
(67, 'contact_no', NULL, 'CON5'),
(67, 'lastname', NULL, 'Chan'),
(67, 'account_id', NULL, '35'),
(67, 'assigned_user_id', NULL, '7'),
(67, 'createdtime', NULL, '2016-08-01 08:13:56'),
(67, 'modifiedby', NULL, '7'),
(67, 'support_start_date', NULL, '2016-08-01'),
(67, 'support_end_date', NULL, '2017-08-01'),
(67, 'record_id', NULL, '37'),
(67, 'record_module', NULL, 'Contacts'),
(68, 'potentialname', NULL, 'McAfee'),
(68, 'potential_no', NULL, 'POT8'),
(68, 'amount', NULL, '45930232.55814000'),
(68, 'related_to', NULL, '34'),
(68, 'closingdate', NULL, '2016-07-29'),
(68, 'opportunity_type', NULL, 'New Business'),
(68, 'leadsource', NULL, 'Existing Customer'),
(68, 'sales_stage', NULL, 'Closed Won'),
(68, 'assigned_user_id', NULL, '8'),
(68, 'probability', NULL, '0.000'),
(68, 'createdtime', NULL, '2016-08-01 08:14:54'),
(68, 'modifiedby', NULL, '8'),
(68, 'forecast_amount', NULL, '0.00000000'),
(68, 'record_id', NULL, '38'),
(68, 'record_module', NULL, 'Potentials'),
(69, 'potentialname', NULL, 'Cisco Nexus 93120TX Switch'),
(69, 'potential_no', NULL, 'POT9'),
(69, 'amount', NULL, '0.00000000'),
(69, 'related_to', NULL, '35'),
(69, 'closingdate', NULL, '2016-09-30'),
(69, 'sales_stage', NULL, 'Proposal or Price Quote'),
(69, 'assigned_user_id', NULL, '7'),
(69, 'probability', NULL, '0.000'),
(69, 'createdtime', NULL, '2016-08-01 08:15:01'),
(69, 'modifiedby', NULL, '7'),
(69, 'forecast_amount', NULL, '0.00000000'),
(69, 'contact_id', NULL, '37'),
(69, 'record_id', NULL, '39'),
(69, 'record_module', NULL, 'Potentials'),
(70, 'amount', '45930232.55814000', '45930.23255814'),
(71, 'amount', '45930.23255814', '459302.32558140'),
(72, 'opportunity_type', '', 'New Business'),
(72, 'leadsource', '', 'Partner'),
(73, 'amount', '0.00000000', '325581.39534884'),
(74, 'leadsource', 'Existing Customer', 'Partner'),
(75, 'potentialname', NULL, 'F5'),
(75, 'potential_no', NULL, 'POT10'),
(75, 'amount', NULL, '459302.32558140'),
(75, 'related_to', NULL, '34'),
(75, 'closingdate', NULL, '2016-07-29'),
(75, 'opportunity_type', NULL, 'New Business'),
(75, 'leadsource', NULL, 'Existing Customer'),
(75, 'sales_stage', NULL, 'Closed Won'),
(75, 'assigned_user_id', NULL, '8'),
(75, 'probability', NULL, '0.000'),
(75, 'createdtime', NULL, '2016-08-01 08:17:14'),
(75, 'modifiedby', NULL, '8'),
(75, 'forecast_amount', NULL, '0.00000000'),
(75, 'record_id', NULL, '40'),
(75, 'record_module', NULL, 'Potentials'),
(76, 'amount', '459302.32558140', '188720.93023256'),
(77, 'potentialname', NULL, 'Peplink'),
(77, 'potential_no', NULL, 'POT11'),
(77, 'amount', NULL, '530465.11627907'),
(77, 'related_to', NULL, '34'),
(77, 'closingdate', NULL, '2016-07-29'),
(77, 'sales_stage', NULL, 'Closed Won'),
(77, 'assigned_user_id', NULL, '8'),
(77, 'probability', NULL, '0.000'),
(77, 'createdtime', NULL, '2016-08-01 08:18:58'),
(77, 'modifiedby', NULL, '8'),
(77, 'forecast_amount', NULL, '0.00000000'),
(77, 'record_id', NULL, '41'),
(77, 'record_module', NULL, 'Potentials'),
(78, 'amount', '63953.48837209', '767441.86046512'),
(78, 'description', '$55000/mth, $1.32M for 2 years contract.\nDR solution for 79 VMware, need support Veeam backup software', '$55000/mth, $660K/Yr, 2 years contract.\nDR solution for 79 VMware, need support Veeam backup software'),
(79, 'leadsource', 'Existing Customer', 'Partner'),
(80, 'amount', '530465.11627907', '5304651.16279070'),
(81, 'potentialname', 'ZeedAsia Cloud / PCCW', 'Qing Cloud - ZeedAsia'),
(81, 'amount', '5116.27906977', '61395.34883721'),
(81, 'leadsource', '', 'Partner'),
(81, 'forecast_amount', '3069.76744186', '36837.20930233'),
(82, 'unit_price', '162300.00000000', '16230000.00000000'),
(82, 'qty_per_unit', '0.00', '1.00'),
(82, 'qtyinstock', '0.000', '1.000'),
(83, 'unit_price', '16230000.00000000', '162300.00000000'),
(84, 'leadsource', '', 'Partner'),
(85, 'amount', '5304651.16279070', '53046.51162791'),
(86, 'opportunity_type', '', 'New Business'),
(86, 'leadsource', '', 'Existing Customer'),
(87, 'description', '', 'Firewall relocation'),
(88, 'description', '', 'Cisco Nexus 93120TX Switch'),
(89, 'probability', '0.000', '100.000'),
(89, 'forecast_amount', '0.00000000', '581.39534884'),
(90, 'probability', '0.000', '100.000'),
(90, 'forecast_amount', '0.00000000', '40697.67441861'),
(91, 'productname', NULL, 'SevOne'),
(91, 'product_no', NULL, 'PRO9'),
(91, 'discontinued', NULL, '1'),
(91, 'sales_start_date', NULL, '2016-07-04'),
(91, 'sales_end_date', NULL, '2016-08-27'),
(91, 'start_date', NULL, '2016-07-04'),
(91, 'expiry_date', NULL, '2016-08-31'),
(91, 'createdtime', NULL, '2016-08-02 07:36:38'),
(91, 'modifiedby', NULL, '8'),
(91, 'unit_price', NULL, '0.00000000'),
(91, 'commissionrate', NULL, '0.000'),
(91, 'usageunit', NULL, 'Box'),
(91, 'qty_per_unit', NULL, '1.00'),
(91, 'qtyinstock', NULL, '1.000'),
(91, 'assigned_user_id', NULL, '8'),
(91, 'record_id', NULL, '42'),
(91, 'record_module', NULL, 'Products'),
(92, 'firstname', NULL, 'Gary'),
(92, 'contact_no', NULL, 'CON6'),
(92, 'lastname', NULL, 'Chan'),
(92, 'assigned_user_id', NULL, '8'),
(92, 'createdtime', NULL, '2016-08-02 07:37:16'),
(92, 'modifiedby', NULL, '8'),
(92, 'support_start_date', NULL, '2016-08-02'),
(92, 'support_end_date', NULL, '2017-08-02'),
(92, 'record_id', NULL, '43'),
(92, 'record_module', NULL, 'Contacts'),
(93, 'accountname', NULL, 'City Super Ltd'),
(93, 'account_no', NULL, 'ACC6'),
(93, 'annual_revenue', NULL, '0.00000000'),
(93, 'assigned_user_id', NULL, '8'),
(93, 'createdtime', NULL, '2016-08-02 07:37:34'),
(93, 'modifiedby', NULL, '8'),
(93, 'record_id', NULL, '44'),
(93, 'record_module', NULL, 'Accounts'),
(94, 'potentialname', NULL, 'JEC new office'),
(94, 'potential_no', NULL, 'POT12'),
(94, 'amount', NULL, '19767.44186047'),
(94, 'related_to', NULL, '7'),
(94, 'closingdate', NULL, '2016-08-31'),
(94, 'leadsource', NULL, 'Partner'),
(94, 'sales_stage', NULL, 'Negotiation or Review'),
(94, 'assigned_user_id', NULL, '7'),
(94, 'probability', NULL, '90.000'),
(94, 'createdtime', NULL, '2016-08-02 07:38:13'),
(94, 'modifiedby', NULL, '7'),
(94, 'description', NULL, 'install 20 x PCs and software, 50 x Cabling'),
(94, 'forecast_amount', NULL, '17790.69767442'),
(94, 'contact_id', NULL, '6'),
(94, 'record_id', NULL, '45'),
(94, 'record_module', NULL, 'Potentials'),
(95, 'potentialname', NULL, 'SevOne'),
(95, 'potential_no', NULL, 'POT13'),
(95, 'amount', NULL, '0.00000000'),
(95, 'related_to', NULL, '44'),
(95, 'closingdate', NULL, '2016-08-31'),
(95, 'sales_stage', NULL, 'Perception Analysis'),
(95, 'assigned_user_id', NULL, '8'),
(95, 'probability', NULL, '0.000'),
(95, 'createdtime', NULL, '2016-08-02 07:38:35'),
(95, 'modifiedby', NULL, '8'),
(95, 'description', NULL, 'During the PoC Stage'),
(95, 'forecast_amount', NULL, '0.00000000'),
(95, 'contact_id', NULL, '43'),
(95, 'record_id', NULL, '46'),
(95, 'record_module', NULL, 'Potentials'),
(96, 'accountname', NULL, 'Microware Ltd'),
(96, 'account_no', NULL, 'ACC7'),
(96, 'annual_revenue', NULL, '0.00000000'),
(96, 'assigned_user_id', NULL, '7'),
(96, 'createdtime', NULL, '2016-08-02 07:39:02'),
(96, 'modifiedby', NULL, '7'),
(96, 'record_id', NULL, '47'),
(96, 'record_module', NULL, 'Accounts'),
(97, 'opportunity_type', '', 'New Business'),
(97, 'leadsource', '', 'Existing Customer'),
(98, 'accountname', NULL, 'PT Bank'),
(98, 'account_no', NULL, 'ACC8'),
(98, 'annual_revenue', NULL, '0.00000000'),
(98, 'assigned_user_id', NULL, '8'),
(98, 'createdtime', NULL, '2016-08-02 07:39:48'),
(98, 'modifiedby', NULL, '8'),
(98, 'record_id', NULL, '48'),
(98, 'record_module', NULL, 'Accounts'),
(99, 'firstname', NULL, 'Martin'),
(99, 'contact_no', NULL, 'CON7'),
(99, 'lastname', NULL, 'Cheung'),
(99, 'assigned_user_id', NULL, '7'),
(99, 'createdtime', NULL, '2016-08-02 07:40:27'),
(99, 'modifiedby', NULL, '7'),
(99, 'support_start_date', NULL, '2016-08-02'),
(99, 'support_end_date', NULL, '2017-08-02'),
(99, 'mailingstreet', NULL, '1/F, Century Center, 44-46 Hung To road, Kwun Tong, HK'),
(99, 'otherstreet', NULL, '1/F, Century Center, 44-46 Hung To road, Kwun Tong, HK'),
(99, 'record_id', NULL, '49'),
(99, 'record_module', NULL, 'Contacts'),
(100, 'bill_street', '', '1/F, Century Center, 44-46 Hung To road, Kwun Tong, HK'),
(100, 'ship_street', '', '1/F, Century Center, 44-46 Hung To road, Kwun Tong, HK'),
(101, 'potentialname', NULL, 'SevOne'),
(101, 'potential_no', NULL, 'POT14'),
(101, 'amount', NULL, '0.00000000'),
(101, 'related_to', NULL, '48'),
(101, 'closingdate', NULL, '2016-10-28'),
(101, 'opportunity_type', NULL, 'New Business'),
(101, 'leadsource', NULL, 'Existing Customer'),
(101, 'sales_stage', NULL, 'Prospecting'),
(101, 'assigned_user_id', NULL, '8'),
(101, 'probability', NULL, '0.000'),
(101, 'createdtime', NULL, '2016-08-02 07:40:44'),
(101, 'modifiedby', NULL, '8'),
(101, 'description', NULL, 'Send the Product information to customer and waiting for the PoC stage'),
(101, 'forecast_amount', NULL, '0.00000000'),
(101, 'record_id', NULL, '50'),
(101, 'record_module', NULL, 'Potentials'),
(102, 'account_id', '0', '47'),
(103, 'accountname', NULL, 'Smart Shirt'),
(103, 'account_no', NULL, 'ACC9'),
(103, 'annual_revenue', NULL, '0.00000000'),
(103, 'assigned_user_id', NULL, '8'),
(103, 'createdtime', NULL, '2016-08-02 07:41:12'),
(103, 'modifiedby', NULL, '8'),
(103, 'record_id', NULL, '51'),
(103, 'record_module', NULL, 'Accounts'),
(104, 'potentialname', NULL, 'Swire - SevOne'),
(104, 'potential_no', NULL, 'POT15'),
(104, 'amount', NULL, '1279069.76744190'),
(104, 'related_to', NULL, '47'),
(104, 'closingdate', NULL, '2016-08-31'),
(104, 'sales_stage', NULL, 'Negotiation or Review'),
(104, 'assigned_user_id', NULL, '7'),
(104, 'probability', NULL, '80.000'),
(104, 'createdtime', NULL, '2016-08-02 07:42:08'),
(104, 'modifiedby', NULL, '7'),
(104, 'forecast_amount', NULL, '1023255.81395350'),
(104, 'contact_id', NULL, '49'),
(104, 'record_id', NULL, '52'),
(104, 'record_module', NULL, 'Potentials'),
(105, 'potentialname', NULL, 'SevOne'),
(105, 'potential_no', NULL, 'POT16'),
(105, 'amount', NULL, '0.00000000'),
(105, 'related_to', NULL, '51'),
(105, 'closingdate', NULL, '2016-09-30'),
(105, 'opportunity_type', NULL, 'New Business'),
(105, 'leadsource', NULL, 'Existing Customer'),
(105, 'sales_stage', NULL, 'Prospecting'),
(105, 'assigned_user_id', NULL, '8'),
(105, 'probability', NULL, '0.000'),
(105, 'createdtime', NULL, '2016-08-02 07:42:10'),
(105, 'modifiedby', NULL, '8'),
(105, 'description', NULL, 'Send the Product information to customer and waiting for PoC.'),
(105, 'forecast_amount', NULL, '0.00000000'),
(105, 'record_id', NULL, '53'),
(105, 'record_module', NULL, 'Potentials'),
(106, 'closingdate', '2016-08-31', '2016-09-30'),
(107, 'potentialname', NULL, 'SevOne'),
(107, 'potential_no', NULL, 'POT17'),
(107, 'amount', NULL, '0.00000000'),
(107, 'related_to', NULL, '34'),
(107, 'closingdate', NULL, '2016-09-30'),
(107, 'opportunity_type', NULL, 'New Business'),
(107, 'leadsource', NULL, 'Existing Customer'),
(107, 'sales_stage', NULL, 'Perception Analysis'),
(107, 'assigned_user_id', NULL, '8'),
(107, 'probability', NULL, '0.000'),
(107, 'createdtime', NULL, '2016-08-02 07:43:25'),
(107, 'modifiedby', NULL, '8'),
(107, 'description', NULL, 'During the PoC stage'),
(107, 'forecast_amount', NULL, '0.00000000'),
(107, 'record_id', NULL, '54'),
(107, 'record_module', NULL, 'Potentials'),
(108, 'potentialname', 'DR solution for 79 VMware', 'QingCloud - DR solution for 79 VMware'),
(109, 'accountname', NULL, 'Variante Ltd'),
(109, 'account_no', NULL, 'ACC10'),
(109, 'annual_revenue', NULL, '0.00000000'),
(109, 'assigned_user_id', NULL, '7'),
(109, 'createdtime', NULL, '2016-08-02 07:46:12'),
(109, 'modifiedby', NULL, '7'),
(109, 'record_id', NULL, '55'),
(109, 'record_module', NULL, 'Accounts'),
(110, 'potentialname', NULL, 'Dell PC'),
(110, 'potential_no', NULL, 'POT18'),
(110, 'amount', NULL, '523255.81395349'),
(110, 'closingdate', NULL, '2016-08-31'),
(110, 'leadsource', NULL, 'Existing Customer'),
(110, 'sales_stage', NULL, 'Negotiation or Review'),
(110, 'assigned_user_id', NULL, '7'),
(110, 'probability', NULL, '0.000'),
(110, 'createdtime', NULL, '2016-08-02 07:47:01'),
(110, 'modifiedby', NULL, '7'),
(110, 'description', NULL, '55 x Dell notebook'),
(110, 'forecast_amount', NULL, '0.00000000'),
(110, 'record_id', NULL, '56'),
(110, 'record_module', NULL, 'Potentials'),
(111, 'potentialname', NULL, 'IRD - 1600 PCs installation'),
(111, 'potential_no', NULL, 'POT19'),
(111, 'amount', NULL, '465116.27906977'),
(111, 'closingdate', NULL, '2016-11-30'),
(111, 'sales_stage', NULL, 'Value Proposition'),
(111, 'assigned_user_id', NULL, '7'),
(111, 'probability', NULL, '0.000'),
(111, 'createdtime', NULL, '2016-08-02 07:47:54'),
(111, 'modifiedby', NULL, '7'),
(111, 'forecast_amount', NULL, '0.00000000'),
(111, 'record_id', NULL, '57'),
(111, 'record_module', NULL, 'Potentials'),
(112, 'related_to', '0', '7'),
(112, 'contact_id', '0', '6'),
(113, 'accountname', NULL, 'Motive Power Ltd'),
(113, 'account_no', NULL, 'ACC11'),
(113, 'annual_revenue', NULL, '0.00000000'),
(113, 'assigned_user_id', NULL, '7'),
(113, 'createdtime', NULL, '2016-08-02 07:49:29'),
(113, 'modifiedby', NULL, '7'),
(113, 'bill_street', NULL, 'Room D, Block G, 15/K, Phrase 2, Kwai Shing Ind Building, 42-46 Tai Lin Pai RD, Kwai Chung, NT'),
(113, 'ship_street', NULL, 'Room D, Block G, 15/K, Phrase 2, Kwai Shing Ind Building, 42-46 Tai Lin Pai RD, Kwai Chung, NT'),
(113, 'record_id', NULL, '58'),
(113, 'record_module', NULL, 'Accounts'),
(114, 'firstname', NULL, 'Alan'),
(114, 'contact_no', NULL, 'CON8'),
(114, 'lastname', NULL, 'Law'),
(114, 'account_id', NULL, '58'),
(114, 'assigned_user_id', NULL, '7'),
(114, 'createdtime', NULL, '2016-08-02 07:49:53'),
(114, 'modifiedby', NULL, '7'),
(114, 'support_start_date', NULL, '2016-08-02'),
(114, 'support_end_date', NULL, '2017-08-02'),
(114, 'mailingstreet', NULL, 'Room D, Block G, 15/K, Phrase 2, Kwai Shing Ind Building, 42-46 Tai Lin Pai RD, Kwai Chung, NT'),
(114, 'otherstreet', NULL, 'Room D, Block G, 15/K, Phrase 2, Kwai Shing Ind Building, 42-46 Tai Lin Pai RD, Kwai Chung, NT'),
(114, 'record_id', NULL, '59'),
(114, 'record_module', NULL, 'Contacts'),
(115, 'potentialname', NULL, 'QingCoud - small cloud for Web'),
(115, 'potential_no', NULL, 'POT20'),
(115, 'amount', NULL, '3348.83720930'),
(115, 'closingdate', NULL, '2016-08-20'),
(115, 'sales_stage', NULL, 'Negotiation or Review'),
(115, 'assigned_user_id', NULL, '7'),
(115, 'probability', NULL, '99.000'),
(115, 'createdtime', NULL, '2016-08-02 07:50:38'),
(115, 'modifiedby', NULL, '7'),
(115, 'forecast_amount', NULL, '3315.11627907'),
(115, 'record_id', NULL, '60'),
(115, 'record_module', NULL, 'Potentials'),
(116, 'probability', '99.000', '90.000'),
(116, 'forecast_amount', '3315.11627907', '3013.95348837'),
(117, 'accountname', NULL, 'Threesixty Sourcing'),
(117, 'account_no', NULL, 'ACC12'),
(117, 'annual_revenue', NULL, '0.00000000'),
(117, 'assigned_user_id', NULL, '8'),
(117, 'createdtime', NULL, '2016-08-02 07:51:00'),
(117, 'modifiedby', NULL, '8'),
(117, 'record_id', NULL, '61'),
(117, 'record_module', NULL, 'Accounts'),
(118, 'potentialname', NULL, 'SevOne'),
(118, 'potential_no', NULL, 'POT21'),
(118, 'amount', NULL, '0.00000000'),
(118, 'related_to', NULL, '61'),
(118, 'closingdate', NULL, '2016-10-14'),
(118, 'opportunity_type', NULL, 'New Business'),
(118, 'leadsource', NULL, 'Existing Customer'),
(118, 'sales_stage', NULL, 'Prospecting'),
(118, 'assigned_user_id', NULL, '8'),
(118, 'probability', NULL, '0.000'),
(118, 'createdtime', NULL, '2016-08-02 07:51:36'),
(118, 'modifiedby', NULL, '8'),
(118, 'description', NULL, 'Send the Product information to customer and waiting for PoC.'),
(118, 'forecast_amount', NULL, '0.00000000'),
(118, 'record_id', NULL, '62'),
(118, 'record_module', NULL, 'Potentials'),
(119, 'accountname', NULL, 'Marco Polo'),
(119, 'account_no', NULL, 'ACC13'),
(119, 'annual_revenue', NULL, '0.00000000'),
(119, 'assigned_user_id', NULL, '8'),
(119, 'createdtime', NULL, '2016-08-02 07:52:04'),
(119, 'modifiedby', NULL, '8'),
(119, 'record_id', NULL, '63'),
(119, 'record_module', NULL, 'Accounts'),
(120, 'potentialname', NULL, 'QingCoud - ERP'),
(120, 'potential_no', NULL, 'POT22'),
(120, 'amount', NULL, '111627.90697674'),
(120, 'related_to', NULL, '58'),
(120, 'closingdate', NULL, '2016-09-30'),
(120, 'sales_stage', NULL, 'Value Proposition'),
(120, 'assigned_user_id', NULL, '7'),
(120, 'probability', NULL, '0.000'),
(120, 'createdtime', NULL, '2016-08-02 07:52:30'),
(120, 'modifiedby', NULL, '7'),
(120, 'description', NULL, '$8000/mth, $96000/YR\n3 x Cloud (Web, App, DB) for KingKee'),
(120, 'forecast_amount', NULL, '0.00000000'),
(120, 'contact_id', NULL, '59'),
(120, 'record_id', NULL, '64'),
(120, 'record_module', NULL, 'Potentials'),
(121, 'potentialname', NULL, 'PA Firewall'),
(121, 'potential_no', NULL, 'POT23'),
(121, 'amount', NULL, '232558.13953488'),
(121, 'related_to', NULL, '63'),
(121, 'closingdate', NULL, '2016-09-30'),
(121, 'opportunity_type', NULL, 'New Business'),
(121, 'leadsource', NULL, 'Existing Customer'),
(121, 'sales_stage', NULL, 'Needs Analysis'),
(121, 'assigned_user_id', NULL, '8'),
(121, 'probability', NULL, '0.000'),
(121, 'createdtime', NULL, '2016-08-02 07:53:41'),
(121, 'modifiedby', NULL, '8'),
(121, 'description', NULL, 'Waiting for customer evaluation of PA Firewall'),
(121, 'forecast_amount', NULL, '0.00000000'),
(121, 'record_id', NULL, '65'),
(121, 'record_module', NULL, 'Potentials'),
(122, 'accountname', NULL, 'AB Concept Ltd'),
(122, 'account_no', NULL, 'ACC14'),
(122, 'annual_revenue', NULL, '0.00000000'),
(122, 'assigned_user_id', NULL, '8'),
(122, 'createdtime', NULL, '2016-08-02 07:54:32'),
(122, 'modifiedby', NULL, '8'),
(122, 'record_id', NULL, '66'),
(122, 'record_module', NULL, 'Accounts'),
(123, 'potentialname', NULL, 'VDI'),
(123, 'potential_no', NULL, 'POT24'),
(123, 'amount', NULL, '732558.13953488'),
(123, 'related_to', NULL, '66'),
(123, 'closingdate', NULL, '2016-10-28'),
(123, 'opportunity_type', NULL, 'New Business'),
(123, 'leadsource', NULL, 'Existing Customer'),
(123, 'sales_stage', NULL, 'Prospecting'),
(123, 'assigned_user_id', NULL, '8'),
(123, 'probability', NULL, '0.000'),
(123, 'createdtime', NULL, '2016-08-02 07:55:52'),
(123, 'modifiedby', NULL, '8'),
(123, 'description', NULL, 'Send the draft Quotation &amp; SOW to customer.\nWaiting for technical review.'),
(123, 'forecast_amount', NULL, '0.00000000'),
(123, 'record_id', NULL, '67'),
(123, 'record_module', NULL, 'Potentials'),
(124, 'related_to', '0', '58'),
(124, 'contact_id', '0', '59'),
(125, 'related_to', '0', '55'),
(126, 'amount', '111627.90697674', '9302.32558140'),
(127, 'amount', '767441.86046512', '63953.48837209'),
(128, 'description', '', 'Total 11800 Objects, Semi Final POC, will propose CIO for purchase within Aug.'),
(129, 'description', '', 'QingCloud account created, will sign quotation shortly.\nICP applying'),
(130, 'description', 'QingCloud account created, will sign quotation shortly.\nICP applying', 'order will sign shortly.\nICP applying'),
(131, 'description', '', 'Tender will be issue on Oct, and close around Nov 2016'),
(132, 'description', 'Cisco Nexus 93120TX Switch', 'Network revam, Cisco Nexus 93120TX Switch'),
(133, 'potentialname', NULL, '80 PC clone and 30 AP fireware'),
(133, 'potential_no', NULL, 'POT25'),
(133, 'amount', NULL, '40116.27906977'),
(133, 'related_to', NULL, '7'),
(133, 'closingdate', NULL, '2016-08-31'),
(133, 'sales_stage', NULL, 'Negotiation or Review'),
(133, 'assigned_user_id', NULL, '7'),
(133, 'probability', NULL, '80.000'),
(133, 'createdtime', NULL, '2016-08-04 09:59:25'),
(133, 'modifiedby', NULL, '7'),
(133, 'description', NULL, '80 PC clone and 30 AP fireware change\nQuotation sent'),
(133, 'forecast_amount', NULL, '32093.02325581'),
(133, 'contact_id', NULL, '6'),
(133, 'record_id', NULL, '68'),
(133, 'record_module', NULL, 'Potentials'),
(134, 'leadsource', '', 'Partner'),
(135, 'potentialname', NULL, 'NowTV project - Network and Cabling'),
(135, 'potential_no', NULL, 'POT26'),
(135, 'amount', NULL, '2302325.58139530'),
(135, 'related_to', NULL, '7'),
(135, 'closingdate', NULL, '2016-09-30'),
(135, 'sales_stage', NULL, 'Negotiation or Review'),
(135, 'assigned_user_id', NULL, '7'),
(135, 'probability', NULL, '50.000'),
(135, 'createdtime', NULL, '2016-08-04 10:03:11'),
(135, 'modifiedby', NULL, '7'),
(135, 'description', NULL, '$650K Installation NowTV product, boardcast, Data network \n$330K 1st yr labor onsite support\n$1M Cabling service'),
(135, 'forecast_amount', NULL, '1151162.79069770'),
(135, 'contact_id', NULL, '6'),
(135, 'record_id', NULL, '69'),
(135, 'record_module', NULL, 'Potentials'),
(136, 'potentialname', NULL, '政務'),
(136, 'potential_no', NULL, 'POT27'),
(136, 'amount', NULL, '290697.67441860'),
(136, 'related_to', NULL, '7'),
(136, 'closingdate', NULL, '2016-09-30'),
(136, 'leadsource', NULL, 'Partner'),
(136, 'sales_stage', NULL, 'Negotiation or Review'),
(136, 'assigned_user_id', NULL, '7'),
(136, 'probability', NULL, '50.000'),
(136, 'createdtime', NULL, '2016-08-09 07:56:32'),
(136, 'modifiedby', NULL, '7'),
(136, 'description', NULL, 'installation 200 component to existing server and SAN'),
(136, 'forecast_amount', NULL, '145348.83720930'),
(136, 'contact_id', NULL, '6'),
(136, 'record_id', NULL, '70'),
(136, 'record_module', NULL, 'Potentials'),
(137, 'closingdate', '2016-08-31', '2016-08-30'),
(138, 'description', '$55000/mth, $660K/Yr, 2 years contract.\nDR solution for 79 VMware, need support Veeam backup software', '$70000/mth, $840000K/Yr, 2 years contract.\nDR solution for 79 VMware, need support Veeam backup software'),
(139, 'potentialname', 'QingCloud - DR solution for 79 VMware', 'QingCloud - DR solution for 88 VMware'),
(140, 'subject', NULL, 'Digital China meeting'),
(140, 'assigned_user_id', NULL, '18'),
(140, 'date_start', NULL, '2016-08-11'),
(140, 'time_start', NULL, '07:30:00'),
(140, 'time_end', NULL, '09:00:00'),
(140, 'due_date', NULL, '2016-08-11'),
(140, 'eventstatus', NULL, 'Planned'),
(140, 'createdtime', NULL, '2016-08-10 03:26:54'),
(140, 'activitytype', NULL, 'Meeting'),
(140, 'visibility', NULL, 'Public'),
(140, 'duration_hours', NULL, '1'),
(140, 'duration_minutes', NULL, '30'),
(140, 'recurringtype', NULL, '--None--'),
(140, 'modifiedby', NULL, '18'),
(140, 'created_user_id', NULL, '18'),
(140, 'record_id', NULL, '71'),
(140, 'record_module', NULL, 'Events'),
(141, 'time_start', '07:30:00', '07:00:00'),
(141, 'duration_hours', '1', '2'),
(141, 'duration_minutes', '30', '0'),
(142, 'accountname', NULL, 'Media World'),
(142, 'account_no', NULL, 'ACC15'),
(142, 'annual_revenue', NULL, '0.00000000'),
(142, 'assigned_user_id', NULL, '7'),
(142, 'createdtime', NULL, '2016-08-15 01:49:02'),
(142, 'modifiedby', NULL, '7'),
(142, 'record_id', NULL, '72'),
(142, 'record_module', NULL, 'Accounts'),
(143, 'contact_no', NULL, 'CON9'),
(143, 'lastname', NULL, 'Garfield'),
(143, 'account_id', NULL, '72'),
(143, 'assigned_user_id', NULL, '7'),
(143, 'createdtime', NULL, '2016-08-15 01:49:58'),
(143, 'modifiedby', NULL, '7'),
(143, 'support_start_date', NULL, '2016-08-15'),
(143, 'support_end_date', NULL, '2017-08-15'),
(143, 'record_id', NULL, '73'),
(143, 'record_module', NULL, 'Contacts'),
(144, 'potentialname', NULL, 'Server Room'),
(144, 'potential_no', NULL, 'POT28'),
(144, 'amount', NULL, '465116.27906977'),
(144, 'closingdate', NULL, '2016-11-30'),
(144, 'sales_stage', NULL, 'Qualification'),
(144, 'assigned_user_id', NULL, '7'),
(144, 'probability', NULL, '20.000'),
(144, 'createdtime', NULL, '2016-08-15 01:51:39'),
(144, 'modifiedby', NULL, '7'),
(144, 'description', NULL, 'Innovix seek for re-build server room, main competitor is JOS'),
(144, 'forecast_amount', NULL, '93023.25581395'),
(144, 'record_id', NULL, '74'),
(144, 'record_module', NULL, 'Potentials'),
(145, 'accountname', NULL, 'Tech One'),
(145, 'account_no', NULL, 'ACC16'),
(145, 'annual_revenue', NULL, '0.00000000'),
(145, 'assigned_user_id', NULL, '7'),
(145, 'createdtime', NULL, '2016-08-15 01:53:56'),
(145, 'modifiedby', NULL, '7'),
(145, 'record_id', NULL, '75'),
(145, 'record_module', NULL, 'Accounts'),
(146, 'contact_no', NULL, 'CON10'),
(146, 'lastname', NULL, 'Emma'),
(146, 'account_id', NULL, '75'),
(146, 'assigned_user_id', NULL, '7'),
(146, 'createdtime', NULL, '2016-08-15 01:54:13'),
(146, 'modifiedby', NULL, '7'),
(146, 'support_start_date', NULL, '2016-08-15'),
(146, 'support_end_date', NULL, '2017-08-15'),
(146, 'record_id', NULL, '76'),
(146, 'record_module', NULL, 'Contacts'),
(147, 'potentialname', NULL, 'BU - IP Phone project'),
(147, 'potential_no', NULL, 'POT29'),
(147, 'amount', NULL, '418604.65116279'),
(147, 'closingdate', NULL, '2016-08-31'),
(147, 'sales_stage', NULL, 'Negotiation or Review'),
(147, 'assigned_user_id', NULL, '7'),
(147, 'probability', NULL, '90.000'),
(147, 'createdtime', NULL, '2016-08-15 01:55:09'),
(147, 'modifiedby', NULL, '7'),
(147, 'description', NULL, '28+1 Switch, 5 yr 7x24x4 MA'),
(147, 'forecast_amount', NULL, '376744.18604651'),
(147, 'record_id', NULL, '77'),
(147, 'record_module', NULL, 'Potentials'),
(148, 'related_to', '0', '72'),
(149, 'related_to', '0', '75'),
(150, 'accountname', NULL, 'Ovest'),
(150, 'account_no', NULL, 'ACC17'),
(150, 'annual_revenue', NULL, '0.00000000'),
(150, 'assigned_user_id', NULL, '7'),
(150, 'createdtime', NULL, '2016-08-15 06:38:26'),
(150, 'modifiedby', NULL, '7'),
(150, 'record_id', NULL, '78'),
(150, 'record_module', NULL, 'Accounts'),
(151, 'contact_no', NULL, 'CON11'),
(151, 'lastname', NULL, 'Terry'),
(151, 'account_id', NULL, '78'),
(151, 'assigned_user_id', NULL, '7'),
(151, 'createdtime', NULL, '2016-08-15 06:38:50'),
(151, 'modifiedby', NULL, '7'),
(151, 'support_start_date', NULL, '2016-08-15'),
(151, 'support_end_date', NULL, '2017-08-15'),
(151, 'record_id', NULL, '79'),
(151, 'record_module', NULL, 'Contacts'),
(152, 'potentialname', NULL, 'Network Revamp'),
(152, 'potential_no', NULL, 'POT30'),
(152, 'amount', NULL, '81395.34883721'),
(152, 'related_to', NULL, '78'),
(152, 'closingdate', NULL, '2016-08-31'),
(152, 'sales_stage', NULL, 'Negotiation or Review'),
(152, 'assigned_user_id', NULL, '7'),
(152, 'probability', NULL, '30.000'),
(152, 'createdtime', NULL, '2016-08-15 06:39:52'),
(152, 'modifiedby', NULL, '7'),
(152, 'forecast_amount', NULL, '24418.60465116'),
(152, 'record_id', NULL, '80'),
(152, 'record_module', NULL, 'Potentials'),
(153, 'potentialname', NULL, 'Wifi deployment'),
(153, 'potential_no', NULL, 'POT31'),
(153, 'amount', NULL, '0.00000000'),
(153, 'related_to', NULL, '66'),
(153, 'closingdate', NULL, '2016-09-30'),
(153, 'opportunity_type', NULL, 'New Business'),
(153, 'leadsource', NULL, 'Existing Customer'),
(153, 'sales_stage', NULL, 'Prospecting'),
(153, 'assigned_user_id', NULL, '8'),
(153, 'probability', NULL, '0.000'),
(153, 'createdtime', NULL, '2016-08-15 07:59:20'),
(153, 'modifiedby', NULL, '8'),
(153, 'description', NULL, '5 x Ruckus R710 AP + 1 x Controller, estimated price at HK$60,000'),
(153, 'forecast_amount', NULL, '0.00000000'),
(153, 'record_id', NULL, '81'),
(153, 'record_module', NULL, 'Potentials'),
(154, 'potentialname', NULL, 'Cabling'),
(154, 'potential_no', NULL, 'POT32'),
(154, 'amount', NULL, '0.00000000'),
(154, 'related_to', NULL, '66'),
(154, 'closingdate', NULL, '2016-09-30'),
(154, 'opportunity_type', NULL, 'Existing Business'),
(154, 'leadsource', NULL, 'Existing Customer'),
(154, 'sales_stage', NULL, 'Prospecting'),
(154, 'assigned_user_id', NULL, '8'),
(154, 'probability', NULL, '0.000'),
(154, 'createdtime', NULL, '2016-08-15 08:00:23'),
(154, 'modifiedby', NULL, '8'),
(154, 'description', NULL, 'SOW is under estimating.'),
(154, 'forecast_amount', NULL, '0.00000000'),
(154, 'record_id', NULL, '82'),
(154, 'record_module', NULL, 'Potentials'),
(155, 'potentialname', NULL, 'IP Cam'),
(155, 'potential_no', NULL, 'POT33'),
(155, 'amount', NULL, '0.00000000'),
(155, 'related_to', NULL, '66'),
(155, 'closingdate', NULL, '2016-09-30');
INSERT INTO `vtiger_modtracker_detail` (`id`, `fieldname`, `prevalue`, `postvalue`) VALUES
(155, 'opportunity_type', NULL, 'New Business'),
(155, 'leadsource', NULL, 'Existing Customer'),
(155, 'sales_stage', NULL, 'Prospecting'),
(155, 'assigned_user_id', NULL, '8'),
(155, 'probability', NULL, '0.000'),
(155, 'createdtime', NULL, '2016-08-15 08:01:42'),
(155, 'modifiedby', NULL, '8'),
(155, 'description', NULL, '12 x IP Cam with 1 x NAS for storage, 1 x Cloud Storage for backup.'),
(155, 'forecast_amount', NULL, '0.00000000'),
(155, 'record_id', NULL, '83'),
(155, 'record_module', NULL, 'Potentials'),
(156, 'description', '', 'network revamp, 6 x switches, 20 tokens'),
(157, 'modifiedby', '7', '15'),
(157, 'description', '', 'Ovest is Business Centre Service provider. 9 months later will be stopped IP phone service. Now Internet service has been stopped. The owner(何鴻燊太太) prefer pure rental business.The property management is 第一太平戴維斯 - Savills.'),
(158, 'amount', '81395.34883721', '813953488.37209000'),
(158, 'modifiedby', '7', '15'),
(158, 'description', 'network revamp, 6 x switches, 20 tokens', 'Ovest is Business Centre Service provider. 9 months later will be stopped IP phone service. Now Internet service has been stopped. The owner(何鴻燊太太) prefer pure rental business.The property management is 第一太平戴維斯 - Savills.\nProject: network revamp, 6 x switches, 20 tokens'),
(158, 'forecast_amount', '24418.60465116', '244186046.51163000'),
(159, 'amount', '813953488.37209000', '8139534883720.90000000'),
(159, 'forecast_amount', '244186046.51163000', '2441860465116.30000000'),
(160, 'amount', '8139534883720.90000000', '8139534.88372090'),
(160, 'forecast_amount', '2441860465116.30000000', '2441860.46511630'),
(161, 'amount', '8139534.88372090', '81395.34883721'),
(161, 'modifiedby', '15', '7'),
(161, 'forecast_amount', '2441860.46511630', '24418.60465116'),
(162, 'amount', '418604.65116279', '4186046511.62790000'),
(162, 'modifiedby', '7', '15'),
(162, 'description', '28+1 Switch, 5 yr 7x24x4 MA', 'Huawei 28+1 Switch, 5 yr 7x24x4 MA'),
(162, 'forecast_amount', '376744.18604651', '3767441860.46510000'),
(163, 'amount', '4186046511.62790000', '418604.65116279'),
(163, 'modifiedby', '15', '7'),
(163, 'forecast_amount', '3767441860.46510000', '376744.18604651'),
(164, 'amount', '418604.65116279', '4186046511.62790000'),
(164, 'modifiedby', '7', '15'),
(164, 'description', 'Huawei 28+1 Switch, 5 yr 7x24x4 MA', 'Huawei 28+1 Switch, 5 yr 7x24x4 MA and expected project closing Early of September'),
(164, 'forecast_amount', '376744.18604651', '3767441860.46510000'),
(165, 'amount', '4186046511.62790000', '41860465116279.00000000'),
(165, 'forecast_amount', '3767441860.46510000', '37674418604651.00000000'),
(166, 'amount', '41860465116279.00000000', '418604.65116279'),
(166, 'modifiedby', '15', '7'),
(166, 'forecast_amount', '37674418604651.00000000', '376744.18604651'),
(167, 'amount', '418604.65116279', '37674418.60465100'),
(167, 'modifiedby', '7', '15'),
(167, 'forecast_amount', '376744.18604651', '33906976.74418600'),
(168, 'probability', '90.000', '0.000'),
(168, 'forecast_amount', '33906976.74418600', '0.00000000'),
(169, 'probability', '0.000', '1.000'),
(169, 'forecast_amount', '0.00000000', '376744.18604651'),
(170, 'probability', '1.000', '90.000'),
(170, 'forecast_amount', '376744.18604651', '33906976.74418600'),
(171, 'probability', '90.000', '0.000'),
(171, 'forecast_amount', '33906976.74418600', '0.00000000'),
(172, 'probability', '0.000', '1.000'),
(172, 'forecast_amount', '0.00000000', '376744.18604651'),
(173, 'amount', '37674418.60465100', '376744186046.51000000'),
(173, 'probability', '1.000', '90.000'),
(173, 'forecast_amount', '376744.18604651', '339069767441.86000000'),
(174, 'amount', '376744186046.51000000', '37674418.60465100'),
(174, 'probability', '90.000', '100.000'),
(174, 'forecast_amount', '339069767441.86000000', '37674418.60465100'),
(175, 'amount', '37674418.60465100', '376744186046.51000000'),
(175, 'probability', '100.000', '90.000'),
(175, 'forecast_amount', '37674418.60465100', '339069767441.86000000'),
(176, 'amount', '376744186046.51000000', '37674418.60465100'),
(176, 'probability', '90.000', '1.000'),
(176, 'forecast_amount', '339069767441.86000000', '376744.18604651'),
(177, 'amount', '37674418.60465100', '376744186046.51000000'),
(177, 'probability', '1.000', '90.000'),
(177, 'forecast_amount', '376744.18604651', '339069767441.86000000'),
(178, 'amount', '376744186046.51000000', '37674418.60465100'),
(178, 'forecast_amount', '339069767441.86000000', '33906976.74418600'),
(179, 'amount', '465116.27906977', '4651162790.69770000'),
(179, 'modifiedby', '7', '15'),
(179, 'forecast_amount', '93023.25581395', '930232558.13953000'),
(180, 'amount', '4651162790.69770000', '46511627.90697700'),
(180, 'forecast_amount', '930232558.13953000', '9302325.58139530'),
(181, 'amount', '2302325.58139530', '23023255813.95300000'),
(181, 'modifiedby', '7', '15'),
(181, 'description', '$650K Installation NowTV product, boardcast, Data network \n$330K 1st yr labor onsite support\n$1M Cabling service', '$650K Installation NowTV product, boardcast, Data network \n$330K 1st yr labor onsite support\n$1M Cabling service\nHuawei Products quoted'),
(181, 'forecast_amount', '1151162.79069770', '11511627906.97700000'),
(182, 'amount', '23023255813.95300000', '230232558.13953000'),
(182, 'forecast_amount', '11511627906.97700000', '115116279.06977000'),
(183, 'amount', '230232558.13953000', '116.27906977'),
(183, 'forecast_amount', '115116279.06977000', '58.13953488'),
(184, 'amount', '116.27906977', '230232558.13953000'),
(184, 'forecast_amount', '58.13953488', '115116279.06977000'),
(185, 'amount', '81395.34883721', '813953488.37209000'),
(185, 'modifiedby', '7', '15'),
(185, 'forecast_amount', '24418.60465116', '244186046.51163000'),
(186, 'amount', '230232558.13953000', '2302325.58139530'),
(186, 'modifiedby', '15', '7'),
(186, 'forecast_amount', '115116279.06977000', '1151162.79069770'),
(187, 'amount', '813953488.37209000', '81395.34883721'),
(187, 'modifiedby', '15', '7'),
(187, 'forecast_amount', '244186046.51163000', '24418.60465116'),
(188, 'potentialname', NULL, '测试'),
(188, 'potential_no', NULL, 'POT34'),
(188, 'amount', NULL, '116.27906977'),
(188, 'closingdate', NULL, '2016-08-17'),
(188, 'sales_stage', NULL, 'Prospecting'),
(188, 'assigned_user_id', NULL, '1'),
(188, 'probability', NULL, '0.000'),
(188, 'createdtime', NULL, '2016-08-16 14:44:59'),
(188, 'modifiedby', NULL, '1'),
(188, 'forecast_amount', NULL, '0.00000000'),
(188, 'record_id', NULL, '84'),
(188, 'record_module', NULL, 'Potentials'),
(189, 'probability', '0.000', '100.000'),
(189, 'forecast_amount', '0.00000000', '116.27906977'),
(190, 'amount', '116.27906977', '11627.90697674'),
(190, 'forecast_amount', '116.27906977', '11627.90697674'),
(191, 'amount', '11627.90697674', '116279.06976744'),
(191, 'probability', '100.000', '99.000'),
(191, 'forecast_amount', '11627.90697674', '115116.27906977'),
(192, 'probability', '99.000', '100.000'),
(192, 'forecast_amount', '115116.27906977', '116279.06976744'),
(193, 'salutationtype', NULL, 'Mr.'),
(193, 'firstname', NULL, 'Eddie'),
(193, 'lead_no', NULL, 'LEA1'),
(193, 'lastname', NULL, 'Lam'),
(193, 'company', NULL, 'KGI'),
(193, 'leadsource', NULL, 'Self Generated'),
(193, 'industry', NULL, 'Finance'),
(193, 'leadstatus', NULL, 'Qualified'),
(193, 'annualrevenue', NULL, '0.00000000'),
(193, 'rating', NULL, 'Active'),
(193, 'assigned_user_id', NULL, '16'),
(193, 'createdtime', NULL, '2016-08-17 01:40:49'),
(193, 'modifiedby', NULL, '16'),
(193, 'record_id', NULL, '85'),
(193, 'record_module', NULL, 'Leads'),
(194, 'firstname', NULL, 'Eddie'),
(194, 'contact_no', NULL, 'CON12'),
(194, 'lastname', NULL, 'Lam'),
(194, 'assigned_user_id', NULL, '16'),
(194, 'createdtime', NULL, '2016-08-17 01:42:50'),
(194, 'modifiedby', NULL, '16'),
(194, 'support_start_date', NULL, '2016-08-17'),
(194, 'support_end_date', NULL, '2017-08-17'),
(194, 'record_id', NULL, '86'),
(194, 'record_module', NULL, 'Contacts'),
(195, 'accountname', NULL, 'kgi'),
(195, 'account_no', NULL, 'ACC18'),
(195, 'annual_revenue', NULL, '0.00000000'),
(195, 'assigned_user_id', NULL, '16'),
(195, 'createdtime', NULL, '2016-08-17 01:42:58'),
(195, 'modifiedby', NULL, '16'),
(195, 'record_id', NULL, '87'),
(195, 'record_module', NULL, 'Accounts'),
(196, 'potentialname', NULL, 'PLDsec'),
(196, 'potential_no', NULL, 'POT35'),
(196, 'amount', NULL, '35000000.00000000'),
(196, 'related_to', NULL, '87'),
(196, 'closingdate', NULL, '2016-09-30'),
(196, 'opportunity_type', NULL, 'New Business'),
(196, 'nextstep', NULL, 'meeting with customer'),
(196, 'leadsource', NULL, 'Self Generated'),
(196, 'sales_stage', NULL, 'Qualification'),
(196, 'assigned_user_id', NULL, '16'),
(196, 'probability', NULL, '50.000'),
(196, 'createdtime', NULL, '2016-08-17 01:43:50'),
(196, 'modifiedby', NULL, '16'),
(196, 'forecast_amount', NULL, '17500000.00000000'),
(196, 'contact_id', NULL, '86'),
(196, 'record_id', NULL, '88'),
(196, 'record_module', NULL, 'Potentials'),
(197, 'firstname', NULL, 'Jacky'),
(197, 'contact_no', NULL, 'CON13'),
(197, 'lastname', NULL, 'Lee'),
(197, 'assigned_user_id', NULL, '16'),
(197, 'createdtime', NULL, '2016-08-17 01:45:13'),
(197, 'modifiedby', NULL, '16'),
(197, 'support_start_date', NULL, '2016-08-17'),
(197, 'support_end_date', NULL, '2017-08-17'),
(197, 'record_id', NULL, '89'),
(197, 'record_module', NULL, 'Contacts'),
(198, 'accountname', NULL, 'China Merchants Securities'),
(198, 'account_no', NULL, 'ACC19'),
(198, 'annual_revenue', NULL, '0.00000000'),
(198, 'assigned_user_id', NULL, '16'),
(198, 'createdtime', NULL, '2016-08-17 01:45:28'),
(198, 'modifiedby', NULL, '16'),
(198, 'record_id', NULL, '90'),
(198, 'record_module', NULL, 'Accounts'),
(199, 'potentialname', NULL, 'CMS FT'),
(199, 'potential_no', NULL, 'POT36'),
(199, 'amount', NULL, '20000000.00000000'),
(199, 'related_to', NULL, '90'),
(199, 'closingdate', NULL, '2016-08-31'),
(199, 'opportunity_type', NULL, 'New Business'),
(199, 'nextstep', NULL, 'Wating PO'),
(199, 'leadsource', NULL, 'Self Generated'),
(199, 'sales_stage', NULL, 'Negotiation or Review'),
(199, 'assigned_user_id', NULL, '16'),
(199, 'probability', NULL, '90.000'),
(199, 'createdtime', NULL, '2016-08-17 01:50:25'),
(199, 'modifiedby', NULL, '16'),
(199, 'forecast_amount', NULL, '18000000.00000000'),
(199, 'contact_id', NULL, '89'),
(199, 'record_id', NULL, '91'),
(199, 'record_module', NULL, 'Potentials'),
(200, 'firstname', NULL, 'Sam'),
(200, 'contact_no', NULL, 'CON14'),
(200, 'lastname', NULL, 'Chiu'),
(200, 'assigned_user_id', NULL, '16'),
(200, 'createdtime', NULL, '2016-08-17 01:51:31'),
(200, 'modifiedby', NULL, '16'),
(200, 'support_start_date', NULL, '2016-08-17'),
(200, 'support_end_date', NULL, '2017-08-17'),
(200, 'record_id', NULL, '92'),
(200, 'record_module', NULL, 'Contacts'),
(201, 'accountname', NULL, 'China Galaxy International'),
(201, 'account_no', NULL, 'ACC20'),
(201, 'annual_revenue', NULL, '0.00000000'),
(201, 'assigned_user_id', NULL, '16'),
(201, 'createdtime', NULL, '2016-08-17 01:51:54'),
(201, 'modifiedby', NULL, '16'),
(201, 'record_id', NULL, '93'),
(201, 'record_module', NULL, 'Accounts'),
(202, 'potentialname', NULL, 'Galaxy FT'),
(202, 'potential_no', NULL, 'POT37'),
(202, 'amount', NULL, '22000000.00000000'),
(202, 'related_to', NULL, '93'),
(202, 'closingdate', NULL, '2016-09-30'),
(202, 'opportunity_type', NULL, 'New Business'),
(202, 'nextstep', NULL, 'Wating RFQ'),
(202, 'leadsource', NULL, 'Self Generated'),
(202, 'sales_stage', NULL, 'Value Proposition'),
(202, 'assigned_user_id', NULL, '16'),
(202, 'probability', NULL, '0.000'),
(202, 'createdtime', NULL, '2016-08-17 01:52:52'),
(202, 'modifiedby', NULL, '16'),
(202, 'forecast_amount', NULL, '0.00000000'),
(202, 'contact_id', NULL, '92'),
(202, 'record_id', NULL, '94'),
(202, 'record_module', NULL, 'Potentials'),
(203, 'accountname', NULL, 'Goldenway'),
(203, 'account_no', NULL, 'ACC21'),
(203, 'annual_revenue', NULL, '0.00000000'),
(203, 'assigned_user_id', NULL, '16'),
(203, 'createdtime', NULL, '2016-08-17 01:58:45'),
(203, 'modifiedby', NULL, '16'),
(203, 'record_id', NULL, '95'),
(203, 'record_module', NULL, 'Accounts'),
(204, 'firstname', NULL, 'Ivan'),
(204, 'contact_no', NULL, 'CON15'),
(204, 'lastname', NULL, 'Cheng'),
(204, 'assigned_user_id', NULL, '16'),
(204, 'createdtime', NULL, '2016-08-17 01:59:01'),
(204, 'modifiedby', NULL, '16'),
(204, 'support_start_date', NULL, '2016-08-17'),
(204, 'support_end_date', NULL, '2017-08-17'),
(204, 'record_id', NULL, '96'),
(204, 'record_module', NULL, 'Contacts'),
(205, 'potentialname', NULL, 'Switch and Server MA'),
(205, 'potential_no', NULL, 'POT38'),
(205, 'amount', NULL, '20000000.00000000'),
(205, 'related_to', NULL, '95'),
(205, 'closingdate', NULL, '2016-10-31'),
(205, 'opportunity_type', NULL, 'New Business'),
(205, 'leadsource', NULL, 'Self Generated'),
(205, 'sales_stage', NULL, 'Value Proposition'),
(205, 'assigned_user_id', NULL, '16'),
(205, 'probability', NULL, '0.000'),
(205, 'createdtime', NULL, '2016-08-17 01:59:44'),
(205, 'modifiedby', NULL, '16'),
(205, 'forecast_amount', NULL, '0.00000000'),
(205, 'contact_id', NULL, '96'),
(205, 'record_id', NULL, '97'),
(205, 'record_module', NULL, 'Potentials'),
(206, 'accountname', NULL, 'BuildKing'),
(206, 'account_no', NULL, 'ACC22'),
(206, 'annual_revenue', NULL, '0.00000000'),
(206, 'assigned_user_id', NULL, '16'),
(206, 'createdtime', NULL, '2016-08-17 02:12:22'),
(206, 'modifiedby', NULL, '16'),
(206, 'record_id', NULL, '98'),
(206, 'record_module', NULL, 'Accounts'),
(207, 'firstname', NULL, 'Brayant'),
(207, 'contact_no', NULL, 'CON16'),
(207, 'lastname', NULL, 'Lee'),
(207, 'assigned_user_id', NULL, '16'),
(207, 'createdtime', NULL, '2016-08-17 02:12:50'),
(207, 'modifiedby', NULL, '16'),
(207, 'support_start_date', NULL, '2016-08-17'),
(207, 'support_end_date', NULL, '2017-08-17'),
(207, 'record_id', NULL, '99'),
(207, 'record_module', NULL, 'Contacts'),
(208, 'potentialname', NULL, 'Email Archive'),
(208, 'potential_no', NULL, 'POT39'),
(208, 'amount', NULL, '12000000.00000000'),
(208, 'related_to', NULL, '98'),
(208, 'closingdate', NULL, '2016-09-30'),
(208, 'opportunity_type', NULL, 'New Business'),
(208, 'nextstep', NULL, 'DEMO'),
(208, 'leadsource', NULL, 'Self Generated'),
(208, 'sales_stage', NULL, 'Value Proposition'),
(208, 'assigned_user_id', NULL, '16'),
(208, 'probability', NULL, '0.000'),
(208, 'createdtime', NULL, '2016-08-17 02:13:30'),
(208, 'modifiedby', NULL, '16'),
(208, 'forecast_amount', NULL, '0.00000000'),
(208, 'contact_id', NULL, '99'),
(208, 'record_id', NULL, '100'),
(208, 'record_module', NULL, 'Potentials'),
(209, 'accountname', NULL, 'Industrial Bank'),
(209, 'account_no', NULL, 'ACC23'),
(209, 'annual_revenue', NULL, '0.00000000'),
(209, 'assigned_user_id', NULL, '16'),
(209, 'createdtime', NULL, '2016-08-17 02:14:59'),
(209, 'modifiedby', NULL, '16'),
(209, 'record_id', NULL, '101'),
(209, 'record_module', NULL, 'Accounts'),
(210, 'potentialname', NULL, 'APT'),
(210, 'potential_no', NULL, 'POT40'),
(210, 'amount', NULL, '15000000.00000000'),
(210, 'related_to', NULL, '101'),
(210, 'closingdate', NULL, '2016-09-30'),
(210, 'nextstep', NULL, 'Customer Meeting'),
(210, 'sales_stage', NULL, 'Needs Analysis'),
(210, 'assigned_user_id', NULL, '16'),
(210, 'probability', NULL, '0.000'),
(210, 'createdtime', NULL, '2016-08-17 02:18:08'),
(210, 'modifiedby', NULL, '16'),
(210, 'forecast_amount', NULL, '0.00000000'),
(210, 'record_id', NULL, '102'),
(210, 'record_module', NULL, 'Potentials'),
(211, 'amount', '15000000.00000000', '150000000000.00000000'),
(211, 'opportunity_type', '', 'New Business'),
(211, 'leadsource', '', 'Self Generated'),
(212, 'accountname', NULL, 'Rapid Shield'),
(212, 'account_no', NULL, 'ACC24'),
(212, 'annual_revenue', NULL, '0.00000000'),
(212, 'assigned_user_id', NULL, '16'),
(212, 'createdtime', NULL, '2016-08-17 02:31:12'),
(212, 'modifiedby', NULL, '16'),
(212, 'record_id', NULL, '103'),
(212, 'record_module', NULL, 'Accounts'),
(213, 'firstname', NULL, 'Hoi Yin'),
(213, 'contact_no', NULL, 'CON17'),
(213, 'lastname', NULL, 'Ma'),
(213, 'assigned_user_id', NULL, '16'),
(213, 'createdtime', NULL, '2016-08-17 02:32:05'),
(213, 'modifiedby', NULL, '16'),
(213, 'support_start_date', NULL, '2016-08-17'),
(213, 'support_end_date', NULL, '2017-08-17'),
(213, 'record_id', NULL, '104'),
(213, 'record_module', NULL, 'Contacts'),
(214, 'potentialname', NULL, 'SevOne'),
(214, 'potential_no', NULL, 'POT41'),
(214, 'amount', NULL, '12000000.00000000'),
(214, 'related_to', NULL, '103'),
(214, 'closingdate', NULL, '2016-09-30'),
(214, 'opportunity_type', NULL, 'New Business'),
(214, 'leadsource', NULL, 'Self Generated'),
(214, 'sales_stage', NULL, 'Negotiation or Review'),
(214, 'assigned_user_id', NULL, '16'),
(214, 'probability', NULL, '0.000'),
(214, 'createdtime', NULL, '2016-08-17 02:32:09'),
(214, 'modifiedby', NULL, '16'),
(214, 'forecast_amount', NULL, '0.00000000'),
(214, 'contact_id', NULL, '104'),
(214, 'record_id', NULL, '105'),
(214, 'record_module', NULL, 'Potentials'),
(215, 'amount', '150000000000.00000000', '15000000.00000000'),
(216, 'accountname', NULL, 'KGI'),
(216, 'account_no', NULL, 'ACC25'),
(216, 'annual_revenue', NULL, '0.00000000'),
(216, 'assigned_user_id', NULL, '16'),
(216, 'createdtime', NULL, '2016-08-17 02:36:01'),
(216, 'modifiedby', NULL, '16'),
(216, 'record_id', NULL, '106'),
(216, 'record_module', NULL, 'Accounts'),
(217, 'amount', '35000000.00000000', '350000000000.00000000'),
(217, 'related_to', '87', '106'),
(217, 'forecast_amount', '17500000.00000000', '175000000000.00000000'),
(218, 'amount', '350000000000.00000000', '15000000.00000000'),
(218, 'forecast_amount', '175000000000.00000000', '7500000.00000000'),
(219, 'firstname', NULL, 'Angus'),
(219, 'contact_no', NULL, 'CON18'),
(219, 'lastname', NULL, 'Lam'),
(219, 'assigned_user_id', NULL, '16'),
(219, 'createdtime', NULL, '2016-08-17 02:37:46'),
(219, 'modifiedby', NULL, '16'),
(219, 'support_start_date', NULL, '2016-08-17'),
(219, 'support_end_date', NULL, '2017-08-17'),
(219, 'record_id', NULL, '107'),
(219, 'record_module', NULL, 'Contacts'),
(220, 'amount', '15000000.00000000', '150000000000.00000000'),
(220, 'contact_id', '0', '107'),
(221, 'amount', '150000000000.00000000', '15000000.00000000'),
(222, 'amount', '15000000.00000000', '150000000000.00000000'),
(222, 'modifiedby', '16', '15'),
(222, 'description', '', 'End User Hing Yip Bank, Project Size HK$500,000 expected GPHK$150,000, Palo alto Advance Presistant Theat, competitor MicroView, ASL'),
(223, 'amount', '15000000.00000000', '150000000000.00000000'),
(223, 'modifiedby', '16', '15'),
(223, 'description', '', 'Pldsec 堡壘機Password management Project Sizing HK$350,000 and Expected GPHK$150,000, NO competitor'),
(223, 'forecast_amount', '7500000.00000000', '75000000000.00000000'),
(224, 'amount', '150000000000.00000000', '1500000000000000.00000000'),
(224, 'description', 'Pldsec 堡壘機Password management Project Sizing HK$350,000 and Expected GPHK$150,000, NO competitor', 'Pldsec 堡壘機Password management Project Sizing HK$350,000 and Expected GPHK$150,000, competitor Cyber ARK and pricing is 5 times higher than Pldsec 堡壘機'),
(224, 'forecast_amount', '75000000000.00000000', '750000000000000.00000000'),
(225, 'amount', '12000000.00000000', '120000000000.00000000'),
(225, 'modifiedby', '16', '15'),
(225, 'description', '', 'No Competitor, project sizing HK$350,000 and expected GPHK$120,000'),
(226, 'amount', '120000000000.00000000', '1200000000000000.00000000'),
(227, 'amount', '12000000.00000000', '120000000000.00000000'),
(227, 'modifiedby', '16', '15'),
(227, 'description', '', 'comvalut email arching demo setting project sizing HK$350,000 and expected GPHK$150,000. Case registered..'),
(228, 'amount', '20000000.00000000', '200000000000.00000000'),
(228, 'modifiedby', '16', '15'),
(228, 'description', '', 'DELL, IBM  and HP MA maintenance project sizing HK$550,000 and expected GPHK$120,000'),
(229, 'amount', '200000000000.00000000', '2000000000000000.00000000'),
(230, 'amount', '22000000.00000000', '220000000000.00000000'),
(230, 'modifiedby', '16', '15'),
(230, 'description', '', 'NEC FT x 2 Project Sizing HK$400,000 x 2 = Total HK$800,000 and Expected  GPHK$200,000'),
(231, 'amount', '220000000000.00000000', '2200000000000000.00000000'),
(232, 'sales_stage', 'Negotiation or Review', 'Closed Won'),
(233, 'firstname', NULL, 'James'),
(233, 'contact_no', NULL, 'CON19'),
(233, 'phone', NULL, '60557146'),
(233, 'lastname', NULL, 'Wong'),
(233, 'email', NULL, 'kf1382@gmail.com'),
(233, 'assigned_user_id', NULL, '12'),
(233, 'createdtime', NULL, '2016-08-22 04:55:53'),
(233, 'modifiedby', NULL, '19'),
(233, 'support_start_date', NULL, '2016-08-22'),
(233, 'support_end_date', NULL, '2017-08-22'),
(233, 'record_id', NULL, '108'),
(233, 'record_module', NULL, 'Contacts'),
(234, 'accountname', NULL, 'FB Trading (HK) Limited'),
(234, 'account_no', NULL, 'ACC26'),
(234, 'phone', NULL, '60557146'),
(234, 'email1', NULL, 'kf1382@gmail.com'),
(234, 'annual_revenue', NULL, '0.00000000'),
(234, 'assigned_user_id', NULL, '12'),
(234, 'createdtime', NULL, '2016-08-22 05:01:04'),
(234, 'modifiedby', NULL, '19'),
(234, 'bill_street', NULL, 'Rm 6, 6/F., Sun Fung Ctr.,\n88 Kwok Shui Rd., Kwai Chung, N.T.'),
(234, 'bill_country', NULL, 'Hong Kong'),
(234, 'record_id', NULL, '109'),
(234, 'record_module', NULL, 'Accounts'),
(235, 'productname', NULL, 'Cloud Endpoint LIC'),
(235, 'product_no', NULL, 'PRO10'),
(235, 'productcode', NULL, 'CES13CSAA'),
(235, 'discontinued', NULL, '1'),
(235, 'sales_start_date', NULL, '2016-08-22'),
(235, 'sales_end_date', NULL, '2016-08-27'),
(235, 'start_date', NULL, '2016-08-23'),
(235, 'expiry_date', NULL, '2019-08-22'),
(235, 'createdtime', NULL, '2016-08-22 05:12:47'),
(235, 'modifiedby', NULL, '19'),
(235, 'unit_price', NULL, '400.00000000'),
(235, 'commissionrate', NULL, '0.000'),
(235, 'usageunit', NULL, 'Each'),
(235, 'qty_per_unit', NULL, '1.00'),
(235, 'qtyinstock', NULL, '0.000'),
(235, 'assigned_user_id', NULL, '19'),
(235, 'description', NULL, 'Cloud Endpoint Protection Std (10-24 user) - 36 months\nSubscription License\nIncludes : Antimalware, Live Protect, Web Security, multiple platform support\n(Windows/Mac), Sophos Anti-Virus for vShield (for Windows, Desktop Guest VMs); Windows only : Host intrusion Prevention(HIPS)'),
(235, 'record_id', NULL, '110'),
(235, 'record_module', NULL, 'Products'),
(236, 'potentialname', NULL, '测试'),
(236, 'potential_no', NULL, 'POT42'),
(236, 'amount', NULL, '1162790.69767440'),
(236, 'closingdate', NULL, '2016-08-23'),
(236, 'opportunity_type', NULL, 'New Business'),
(236, 'leadsource', NULL, 'Cold Call'),
(236, 'sales_stage', NULL, 'Prospecting'),
(236, 'assigned_user_id', NULL, '5'),
(236, 'probability', NULL, '0.000'),
(236, 'createdtime', NULL, '2016-08-22 12:31:16'),
(236, 'modifiedby', NULL, '5'),
(236, 'forecast_amount', NULL, '0.00000000'),
(236, 'record_id', NULL, '111'),
(236, 'record_module', NULL, 'Potentials'),
(237, 'amount', '1162790.69767440', '11627.90697674'),
(238, 'amount', '2000000000000000.00000000', '20000.00000000'),
(238, 'modifiedby', '15', '5'),
(239, 'commentcontent', NULL, 'toby test '),
(239, 'assigned_user_id', NULL, '5'),
(239, 'createdtime', NULL, '2016-08-22 12:35:07'),
(239, 'related_to', NULL, '97'),
(239, 'creator', NULL, '5'),
(239, 'userid', NULL, '5'),
(239, 'record_id', NULL, '112'),
(239, 'record_module', NULL, 'ModComments'),
(240, 'amount', '2200000000000000.00000000', '22000.00000000'),
(240, 'modifiedby', '15', '5'),
(241, 'commentcontent', NULL, 'toby test '),
(241, 'assigned_user_id', NULL, '5'),
(241, 'createdtime', NULL, '2016-08-22 12:36:56'),
(241, 'related_to', NULL, '94'),
(241, 'creator', NULL, '5'),
(241, 'userid', NULL, '5'),
(241, 'record_id', NULL, '113'),
(241, 'record_module', NULL, 'ModComments'),
(242, 'amount', '120000000000.00000000', '120000.00000000'),
(242, 'modifiedby', '15', '5'),
(243, 'commentcontent', NULL, 'toby test '),
(243, 'assigned_user_id', NULL, '5'),
(243, 'createdtime', NULL, '2016-08-22 12:38:12'),
(243, 'related_to', NULL, '100'),
(243, 'creator', NULL, '5'),
(243, 'userid', NULL, '5'),
(243, 'record_id', NULL, '114'),
(243, 'record_module', NULL, 'ModComments'),
(244, 'commentcontent', NULL, 'toby test again '),
(244, 'assigned_user_id', NULL, '5'),
(244, 'createdtime', NULL, '2016-08-22 12:42:18'),
(244, 'related_to', NULL, '100'),
(244, 'creator', NULL, '5'),
(244, 'userid', NULL, '5'),
(244, 'record_id', NULL, '115'),
(244, 'record_module', NULL, 'ModComments'),
(245, 'potentialname', NULL, 'test test'),
(245, 'potential_no', NULL, 'POT43'),
(245, 'amount', NULL, '200708.13953488'),
(245, 'closingdate', NULL, '2016-08-31'),
(245, 'opportunity_type', NULL, 'New Business'),
(245, 'leadsource', NULL, 'Existing Customer'),
(245, 'sales_stage', NULL, 'Prospecting'),
(245, 'assigned_user_id', NULL, '1'),
(245, 'probability', NULL, '0.000'),
(245, 'createdtime', NULL, '2016-08-22 13:08:46'),
(245, 'modifiedby', NULL, '1'),
(245, 'description', NULL, 'just  for test'),
(245, 'forecast_amount', NULL, '0.00000000'),
(245, 'contact_id', NULL, '76'),
(245, 'record_id', NULL, '116'),
(245, 'record_module', NULL, 'Potentials'),
(246, 'commentcontent', NULL, 'test toby '),
(246, 'assigned_user_id', NULL, '1'),
(246, 'createdtime', NULL, '2016-08-22 13:16:33'),
(246, 'related_to', NULL, '116'),
(246, 'creator', NULL, '1'),
(246, 'userid', NULL, '1'),
(246, 'record_id', NULL, '117'),
(246, 'record_module', NULL, 'ModComments'),
(247, 'commentcontent', NULL, 'test test test again '),
(247, 'assigned_user_id', NULL, '1'),
(247, 'createdtime', NULL, '2016-08-22 13:16:42'),
(247, 'related_to', NULL, '116'),
(247, 'creator', NULL, '1'),
(247, 'userid', NULL, '1'),
(247, 'record_id', NULL, '118'),
(247, 'record_module', NULL, 'ModComments'),
(248, 'potentialname', NULL, 'STRATUS RENEW'),
(248, 'potential_no', NULL, 'POT44'),
(248, 'amount', NULL, '2325581.39534880'),
(248, 'related_to', NULL, '90'),
(248, 'closingdate', NULL, '2016-08-31'),
(248, 'opportunity_type', NULL, 'New Business'),
(248, 'nextstep', NULL, 'preare quotation'),
(248, 'leadsource', NULL, 'Self Generated'),
(248, 'sales_stage', NULL, 'Proposal or Price Quote'),
(248, 'assigned_user_id', NULL, '16'),
(248, 'probability', NULL, '0.000'),
(248, 'createdtime', NULL, '2016-08-23 01:49:24'),
(248, 'modifiedby', NULL, '16'),
(248, 'forecast_amount', NULL, '0.00000000'),
(248, 'contact_id', NULL, '89'),
(248, 'record_id', NULL, '119'),
(248, 'record_module', NULL, 'Potentials'),
(249, 'amount', '81395.34883721', '83720.93023256'),
(249, 'probability', '30.000', '80.000'),
(249, 'forecast_amount', '24418.60465116', '66976.74418605'),
(250, 'amount', '1200000000000000.00000000', '15116279.06976700'),
(250, 'modifiedby', '15', '16'),
(251, 'amount', '15116279.06976700', '151162790697.67000000'),
(252, 'modifiedby', '15', '7'),
(253, 'amount', '151162790697.67000000', '15116279.06976700'),
(254, 'description', 'Huawei 28+1 Switch, 5 yr 7x24x4 MA and expected project closing Early of September', 'Will win within Aug\nHuawei 28+1 Switch, 5 yr 7x24x4 MA and expected project closing Early of September'),
(255, 'probability', '0.000', '90.000'),
(255, 'modifiedby', '16', '15'),
(255, 'forecast_amount', '0.00000000', '13604651.16279100'),
(256, 'amount', '15116279.06976700', '13953488.37209300'),
(256, 'modifiedby', '15', '16'),
(256, 'forecast_amount', '13604651.16279100', '12558139.53488400'),
(257, 'amount', '13953488.37209300', '13953.48837209'),
(257, 'modifiedby', '16', '1'),
(257, 'forecast_amount', '12558139.53488400', '12558.13953488'),
(258, 'commentcontent', NULL, 'toby test '),
(258, 'assigned_user_id', NULL, '1'),
(258, 'createdtime', NULL, '2016-08-23 02:14:00'),
(258, 'related_to', NULL, '105'),
(258, 'creator', NULL, '1'),
(258, 'userid', NULL, '1'),
(258, 'record_id', NULL, '120'),
(258, 'record_module', NULL, 'ModComments'),
(259, 'modifiedby', '16', '15'),
(259, 'description', '', 'Rapid Shield SevOne Products GP HK$120,000'),
(260, 'amount', '37674418.60465100', '37674.41860465'),
(260, 'modifiedby', '7', '1'),
(260, 'forecast_amount', '33906976.74418600', '33906.97674419'),
(261, 'commentcontent', NULL, 'toby '),
(261, 'assigned_user_id', NULL, '1'),
(261, 'createdtime', NULL, '2016-08-23 02:15:24'),
(261, 'related_to', NULL, '77'),
(261, 'creator', NULL, '1'),
(261, 'userid', NULL, '1'),
(261, 'record_id', NULL, '121'),
(261, 'record_module', NULL, 'ModComments'),
(262, 'probability', '90.000', '99.000'),
(262, 'modifiedby', '1', '7'),
(262, 'forecast_amount', '33906.97674419', '37297.67441861'),
(263, 'probability', '80.000', '99.000'),
(263, 'forecast_amount', '66976.74418605', '82883.72093023'),
(264, 'potentialname', NULL, 'test from Toby'),
(264, 'potential_no', NULL, 'POT45'),
(264, 'amount', NULL, '209302.32558140'),
(264, 'related_to', NULL, '103'),
(264, 'closingdate', NULL, '2016-08-27'),
(264, 'sales_stage', NULL, 'Prospecting'),
(264, 'assigned_user_id', NULL, '1'),
(264, 'probability', NULL, '0.000'),
(264, 'createdtime', NULL, '2016-08-23 02:17:17'),
(264, 'modifiedby', NULL, '5'),
(264, 'description', NULL, 'just for test'),
(264, 'forecast_amount', NULL, '0.00000000'),
(264, 'contact_id', NULL, '108'),
(264, 'record_id', NULL, '122'),
(264, 'record_module', NULL, 'Potentials'),
(265, 'probability', '99.000', '90.000'),
(265, 'forecast_amount', '82883.72093023', '75348.83720930'),
(266, 'probability', '80.000', '90.000'),
(266, 'forecast_amount', '1023255.81395350', '1151162.79069770'),
(267, 'amount', '13953.48837209', '13953488.37209300'),
(267, 'modifiedby', '1', '16'),
(267, 'forecast_amount', '12558.13953488', '12558139.53488400'),
(268, 'probability', '80.000', '90.000'),
(268, 'forecast_amount', '32093.02325581', '36104.65116279'),
(269, 'probability', '90.000', '80.000'),
(269, 'forecast_amount', '36104.65116279', '32093.02325581'),
(270, 'modifiedby', '16', '15'),
(270, 'description', '', 'Stratus Renew MA 6th Six year (MA already expired) Cost HK$50,000 and selling HK$70,000. GP HK$20,000'),
(271, 'probability', '90.000', '80.000'),
(271, 'forecast_amount', '17790.69767442', '15813.95348837'),
(272, 'commentcontent', NULL, 'toby'),
(272, 'assigned_user_id', NULL, '16'),
(272, 'createdtime', NULL, '2016-08-23 02:18:57'),
(272, 'related_to', NULL, '105'),
(272, 'creator', NULL, '16'),
(272, 'userid', NULL, '16'),
(272, 'record_id', NULL, '123'),
(272, 'record_module', NULL, 'ModComments'),
(273, 'amount', '13953488.37209300', '139534.88372093'),
(273, 'forecast_amount', '12558139.53488400', '125581.39534884'),
(274, 'commentcontent', NULL, 'test toby'),
(274, 'assigned_user_id', NULL, '16'),
(274, 'createdtime', NULL, '2016-08-23 02:21:13'),
(274, 'related_to', NULL, '105'),
(274, 'creator', NULL, '16'),
(274, 'userid', NULL, '16'),
(274, 'record_id', NULL, '124'),
(274, 'record_module', NULL, 'ModComments'),
(275, 'amount', '139534.88372093', '151162.79069767'),
(275, 'modifiedby', '16', '15'),
(275, 'forecast_amount', '125581.39534884', '136046.51162791'),
(276, 'amount', '1500000000000000.00000000', '174418.60465116'),
(276, 'modifiedby', '15', '16'),
(276, 'forecast_amount', '750000000000000.00000000', '87209.30232558'),
(277, 'amount', '150000000000.00000000', '174418.60465116'),
(277, 'modifiedby', '15', '16'),
(278, 'amount', '2325581.39534880', '23255.81395349'),
(279, 'amount', '20000000.00000000', '232558.13953488'),
(279, 'forecast_amount', '18000000.00000000', '209302.32558140'),
(280, 'amount', '20000.00000000', '174418.60465116'),
(280, 'modifiedby', '5', '16'),
(281, 'amount', '120000.00000000', '174418.60465116'),
(281, 'modifiedby', '5', '16'),
(282, 'amount', '22000.00000000', '232558.13953488'),
(282, 'modifiedby', '5', '16'),
(283, 'modifiedby', '16', '15'),
(283, 'description', 'comvalut email arching demo setting project sizing HK$350,000 and expected GPHK$150,000. Case registered..', 'comvalut email arching demo setting project sizing HK$350,000 and expected GPHK$150,000. Case registered from mid of May 2016. 23rd August 2016 considering to change the solutions'),
(284, 'modifiedby', '16', '15'),
(284, 'description', '', 'DELL Severs (not yet quote) will quote this week (23rd August 2016) &amp; CISCO Switches 80 units (selling price HK$1,200 and cost HK$800 (MA renew project GP HK$32,000) Deadline November 2016'),
(285, 'modifiedby', '16', '15'),
(285, 'description', 'End User Hing Yip Bank, Project Size HK$500,000 expected GPHK$150,000, Palo alto Advance Presistant Theat, competitor MicroView, ASL', 'End User Hing Yip Bank, Project Size HK$500,000 expected GPHK$150,000, Palo alto Advance Presistant Theat, competitor MicroView, ASL. Project will be  expected to close within 30th September 2016'),
(286, 'modifiedby', '16', '15'),
(286, 'description', '', '堡壘機,'),
(287, 'description', '堡壘機,', ''),
(288, 'modifiedby', '16', '15'),
(288, 'description', 'Pldsec 堡壘機Password management Project Sizing HK$350,000 and Expected GPHK$150,000, competitor Cyber ARK and pricing is 5 times higher than Pldsec 堡壘機', 'Pldsec 堡壘機Password management Project Sizing HK$350,000 and Expected GPHK$150,000, competitor Cyber ARK and pricing is 5 times higher than Pldsec 堡壘機 project closing within September 2016 and order received within October 2016'),
(289, 'description', 'No Competitor, project sizing HK$350,000 and expected GPHK$120,000', 'No Competitor, project sizing HK$350,000 and expected GPHK$120,000 SevOne monitoring tool 23 August 2016 meeting. Final Decision on 26th August 2016'),
(290, 'modifiedby', '8', '15'),
(290, 'description', '', 'customer wants to migrate existing MS to office 365 and no schedule'),
(291, 'description', 'customer wants to migrate existing MS to office 365 and no schedule', 'customer wants to migrate existing MS to office 365 and no schedule (Meeting 24/8/2016)'),
(292, 'modifiedby', '7', '15'),
(292, 'description', '$650K Installation NowTV product, boardcast, Data network \n$330K 1st yr labor onsite support\n$1M Cabling service\nHuawei Products quoted', '$650K Installation NowTV product, boardcast, Data network \n$330K 1st yr labor onsite support\n$1M Cabling service\nHuawei Products quoted\naround Mid of September Tender Award'),
(293, 'potentialname', NULL, 'Cabling'),
(293, 'potential_no', NULL, 'POT46'),
(293, 'amount', NULL, '1744.18604651'),
(293, 'related_to', NULL, '19'),
(293, 'closingdate', NULL, '2016-08-25'),
(293, 'opportunity_type', NULL, 'New Business'),
(293, 'leadsource', NULL, 'Existing Customer'),
(293, 'sales_stage', NULL, 'Closed Won'),
(293, 'assigned_user_id', NULL, '8'),
(293, 'probability', NULL, '100.000'),
(293, 'createdtime', NULL, '2016-08-26 07:57:32'),
(293, 'modifiedby', NULL, '8'),
(293, 'description', NULL, 'Order Closed on 25th August 2016'),
(293, 'forecast_amount', NULL, '1744.18604651'),
(293, 'record_id', NULL, '125'),
(293, 'record_module', NULL, 'Potentials'),
(294, 'sales_stage', 'Negotiation or Review', 'Closed Lost'),
(295, 'amount', '46511627.90697700', '930232.55813953'),
(295, 'modifiedby', '15', '7'),
(295, 'forecast_amount', '9302325.58139530', '186046.51162791'),
(296, 'contact_no', NULL, 'CON20'),
(296, 'lastname', NULL, 'Stanley Chan'),
(296, 'assigned_user_id', NULL, '16'),
(296, 'createdtime', NULL, '2016-09-01 00:58:58'),
(296, 'modifiedby', NULL, '16'),
(296, 'support_start_date', NULL, '2016-09-01'),
(296, 'support_end_date', NULL, '2017-09-01'),
(296, 'record_id', NULL, '126'),
(296, 'record_module', NULL, 'Contacts'),
(297, 'accountname', NULL, 'Fulbright'),
(297, 'account_no', NULL, 'ACC27'),
(297, 'annual_revenue', NULL, '0.00000000'),
(297, 'assigned_user_id', NULL, '16'),
(297, 'createdtime', NULL, '2016-09-01 00:59:19'),
(297, 'modifiedby', NULL, '16'),
(297, 'record_id', NULL, '127'),
(297, 'record_module', NULL, 'Accounts'),
(298, 'potentialname', NULL, 'v-scan'),
(298, 'potential_no', NULL, 'POT47'),
(298, 'amount', NULL, '0.00000000'),
(298, 'related_to', NULL, '127'),
(298, 'closingdate', NULL, '2016-10-31'),
(298, 'sales_stage', NULL, 'Qualification'),
(298, 'assigned_user_id', NULL, '16'),
(298, 'probability', NULL, '0.000'),
(298, 'createdtime', NULL, '2016-09-01 01:00:28'),
(298, 'modifiedby', NULL, '16'),
(298, 'forecast_amount', NULL, '0.00000000'),
(298, 'contact_id', NULL, '126'),
(298, 'record_id', NULL, '128'),
(298, 'record_module', NULL, 'Potentials'),
(299, 'potentialname', 'v-scan', 'Log management'),
(300, 'contact_no', NULL, 'CON21'),
(300, 'lastname', NULL, 'Tony Wai'),
(300, 'assigned_user_id', NULL, '16'),
(300, 'createdtime', NULL, '2016-09-01 01:04:59'),
(300, 'modifiedby', NULL, '16'),
(300, 'support_start_date', NULL, '2016-09-01'),
(300, 'support_end_date', NULL, '2017-09-01'),
(300, 'record_id', NULL, '129'),
(300, 'record_module', NULL, 'Contacts'),
(301, 'accountname', NULL, 'RHB OSK'),
(301, 'account_no', NULL, 'ACC28'),
(301, 'annual_revenue', NULL, '0.00000000'),
(301, 'assigned_user_id', NULL, '16'),
(301, 'createdtime', NULL, '2016-09-01 01:05:50'),
(301, 'modifiedby', NULL, '16'),
(301, 'record_id', NULL, '130'),
(301, 'record_module', NULL, 'Accounts'),
(302, 'potentialname', NULL, 'V-Scan'),
(302, 'potential_no', NULL, 'POT48'),
(302, 'amount', NULL, '232558.13953488'),
(302, 'related_to', NULL, '130'),
(302, 'closingdate', NULL, '2016-09-30'),
(302, 'sales_stage', NULL, 'Id. Decision Makers'),
(302, 'assigned_user_id', NULL, '16'),
(302, 'probability', NULL, '0.000'),
(302, 'createdtime', NULL, '2016-09-01 01:07:13'),
(302, 'modifiedby', NULL, '16'),
(302, 'forecast_amount', NULL, '0.00000000'),
(302, 'contact_id', NULL, '129'),
(302, 'record_id', NULL, '131'),
(302, 'record_module', NULL, 'Potentials'),
(303, 'opportunity_type', '', 'New Business'),
(303, 'leadsource', '', 'Self Generated'),
(304, 'amount', '0.00000000', '69767.44186047'),
(304, 'opportunity_type', '', 'New Business'),
(304, 'leadsource', '', 'Self Generated'),
(305, 'accountname', NULL, 'GUO YUAN securities'),
(305, 'account_no', NULL, 'ACC29'),
(305, 'annual_revenue', NULL, '0.00000000'),
(305, 'assigned_user_id', NULL, '16'),
(305, 'createdtime', NULL, '2016-09-01 01:11:09'),
(305, 'modifiedby', NULL, '16'),
(305, 'record_id', NULL, '132'),
(305, 'record_module', NULL, 'Accounts'),
(306, 'potentialname', NULL, 'V-Scan'),
(306, 'potential_no', NULL, 'POT49'),
(306, 'amount', NULL, '139534.88372093'),
(306, 'related_to', NULL, '132'),
(306, 'closingdate', NULL, '2016-10-31'),
(306, 'opportunity_type', NULL, 'New Business'),
(306, 'leadsource', NULL, 'Self Generated'),
(306, 'sales_stage', NULL, 'Value Proposition'),
(306, 'assigned_user_id', NULL, '16'),
(306, 'probability', NULL, '0.000'),
(306, 'createdtime', NULL, '2016-09-01 01:11:30'),
(306, 'modifiedby', NULL, '16'),
(306, 'forecast_amount', NULL, '0.00000000'),
(306, 'record_id', NULL, '133'),
(306, 'record_module', NULL, 'Potentials'),
(307, 'closingdate', '2016-09-30', '2016-10-31'),
(308, 'accountname', NULL, 'Hoi Meng Group'),
(308, 'account_no', NULL, 'ACC30'),
(308, 'annual_revenue', NULL, '0.00000000'),
(308, 'assigned_user_id', NULL, '7'),
(308, 'createdtime', NULL, '2016-09-02 08:38:16'),
(308, 'modifiedby', NULL, '7'),
(308, 'record_id', NULL, '134'),
(308, 'record_module', NULL, 'Accounts'),
(309, 'firstname', NULL, 'x'),
(309, 'contact_no', NULL, 'CON22'),
(309, 'lastname', NULL, 'Michael'),
(309, 'account_id', NULL, '134'),
(309, 'assigned_user_id', NULL, '7'),
(309, 'createdtime', NULL, '2016-09-02 08:38:53'),
(309, 'modifiedby', NULL, '7'),
(309, 'support_start_date', NULL, '2016-09-02'),
(309, 'support_end_date', NULL, '2017-09-02'),
(309, 'record_id', NULL, '135'),
(309, 'record_module', NULL, 'Contacts'),
(310, 'potentialname', NULL, 'IEPL 2M'),
(310, 'potential_no', NULL, 'POT50'),
(310, 'amount', NULL, '0.00000000'),
(310, 'related_to', NULL, '134'),
(310, 'closingdate', NULL, '2016-10-29'),
(310, 'sales_stage', NULL, 'Prospecting'),
(310, 'assigned_user_id', NULL, '7'),
(310, 'probability', NULL, '0.000'),
(310, 'createdtime', NULL, '2016-09-02 08:39:20'),
(310, 'modifiedby', NULL, '7'),
(310, 'forecast_amount', NULL, '0.00000000'),
(310, 'record_id', NULL, '136'),
(310, 'record_module', NULL, 'Potentials'),
(311, 'probability', '0.000', '60.000'),
(311, 'description', '', 'Referred by Arcon system, They handle VC solution, we handle bandwidth.\nPropose phrase 1 subscrpt 2M bandwidth for VC and Data. Phrase will increase bandwidth for shop POS and File server and via HK for internet use.'),
(312, 'potentialname', NULL, 'New Server'),
(312, 'potential_no', NULL, 'POT51'),
(312, 'amount', NULL, '93023.25581395'),
(312, 'closingdate', NULL, '2016-10-31'),
(312, 'opportunity_type', NULL, 'New Business'),
(312, 'leadsource', NULL, 'Self Generated'),
(312, 'sales_stage', NULL, 'Value Proposition'),
(312, 'assigned_user_id', NULL, '16'),
(312, 'probability', NULL, '0.000'),
(312, 'createdtime', NULL, '2016-09-06 01:33:44'),
(312, 'modifiedby', NULL, '16'),
(312, 'forecast_amount', NULL, '0.00000000'),
(312, 'contact_id', NULL, '89'),
(312, 'record_id', NULL, '137'),
(312, 'record_module', NULL, 'Potentials'),
(313, 'related_to', '0', '90'),
(314, 'accountname', NULL, 'IMPERIUM'),
(314, 'account_no', NULL, 'ACC31'),
(314, 'annual_revenue', NULL, '0.00000000'),
(314, 'assigned_user_id', NULL, '16'),
(314, 'createdtime', NULL, '2016-09-06 01:39:26'),
(314, 'modifiedby', NULL, '16'),
(314, 'record_id', NULL, '138'),
(314, 'record_module', NULL, 'Accounts'),
(315, 'contact_no', NULL, 'CON23'),
(315, 'lastname', NULL, 'Bayert'),
(315, 'assigned_user_id', NULL, '16'),
(315, 'createdtime', NULL, '2016-09-06 01:41:40'),
(315, 'modifiedby', NULL, '16'),
(315, 'support_start_date', NULL, '2016-09-06'),
(315, 'support_end_date', NULL, '2017-09-06'),
(315, 'record_id', NULL, '139'),
(315, 'record_module', NULL, 'Contacts'),
(316, 'potentialname', NULL, 'Online Storage'),
(316, 'potential_no', NULL, 'POT52'),
(316, 'amount', NULL, '29069.76744186'),
(316, 'related_to', NULL, '98'),
(316, 'closingdate', NULL, '2016-09-30'),
(316, 'opportunity_type', NULL, 'New Business'),
(316, 'leadsource', NULL, 'Self Generated'),
(316, 'sales_stage', NULL, 'Qualification'),
(316, 'assigned_user_id', NULL, '16'),
(316, 'probability', NULL, '0.000'),
(316, 'createdtime', NULL, '2016-09-06 01:42:06'),
(316, 'modifiedby', NULL, '16'),
(316, 'forecast_amount', NULL, '0.00000000'),
(316, 'contact_id', NULL, '139'),
(316, 'record_id', NULL, '140'),
(316, 'record_module', NULL, 'Potentials'),
(317, 'potentialname', NULL, 'Procurement system'),
(317, 'potential_no', NULL, 'POT53'),
(317, 'amount', NULL, '34883.72093023'),
(317, 'related_to', NULL, '98'),
(317, 'closingdate', NULL, '2016-11-30'),
(317, 'opportunity_type', NULL, 'New Business'),
(317, 'leadsource', NULL, 'Self Generated'),
(317, 'sales_stage', NULL, 'Qualification'),
(317, 'assigned_user_id', NULL, '16'),
(317, 'probability', NULL, '30.000'),
(317, 'createdtime', NULL, '2016-09-06 01:44:50'),
(317, 'modifiedby', NULL, '16'),
(317, 'forecast_amount', NULL, '10465.11627907'),
(317, 'contact_id', NULL, '139'),
(317, 'record_id', NULL, '141'),
(317, 'record_module', NULL, 'Potentials'),
(318, 'probability', '0.000', '50.000'),
(318, 'forecast_amount', '0.00000000', '14534.88372093'),
(319, 'probability', '0.000', '40.000'),
(319, 'forecast_amount', '0.00000000', '37209.30232558'),
(320, 'potentialname', 'IEPL 2M', 'Cross Connect 2M'),
(321, 'modifiedby', '16', '15'),
(321, 'description', '', 'procurement System Expectation 31 Dec 2016'),
(322, 'description', 'procurement System Expectation 31 Dec 2016', 'Deadline: project closing at 30 September 2016'),
(323, 'modifiedby', '16', '15'),
(323, 'description', '', 'project expected to close at 31 Dec 2016'),
(324, 'modifiedby', '16', '15'),
(324, 'description', '', 'vulnerability Scan project schedule: testing on Oct and award at Dec 2016'),
(325, 'modifiedby', '16', '15'),
(325, 'description', '', 'vulnerability scan: Project schedule- Dec 2016 implementation'),
(326, 'modifiedby', '16', '15'),
(326, 'description', '', 'SevOne products, Schedule - Oct 2016 Issue PO'),
(327, 'description', '', 'Password management and section recording. Project schedule Expected 2017'),
(328, 'modifiedby', '16', '15'),
(328, 'description', '', 'PA x 2 and PA APT schedule end of Sept 2016 &amp; early of Oct 2016'),
(329, 'description', 'Deadline: project closing at 30 September 2016', 'Demo at 13th September 2016\nDeadline: project closing at 30 September 2016'),
(330, 'modifiedby', '16', '15'),
(330, 'description', '', 'Issue RFQ end of September 2016'),
(331, 'contact_no', NULL, 'CON24'),
(331, 'lastname', NULL, 'Tim'),
(331, 'assigned_user_id', NULL, '16'),
(331, 'createdtime', NULL, '2016-09-06 02:38:53'),
(331, 'modifiedby', NULL, '16'),
(331, 'support_start_date', NULL, '2016-09-06'),
(331, 'support_end_date', NULL, '2017-09-06'),
(331, 'record_id', NULL, '142'),
(331, 'record_module', NULL, 'Contacts'),
(332, 'contact_id', '0', '142'),
(333, 'potentialname', NULL, 'MTR new room / PCCW'),
(333, 'potential_no', NULL, 'POT54'),
(333, 'amount', NULL, '0.00000000'),
(333, 'related_to', NULL, '7'),
(333, 'closingdate', NULL, '2016-09-30'),
(333, 'sales_stage', NULL, 'Qualification'),
(333, 'assigned_user_id', NULL, '7'),
(333, 'probability', NULL, '50.000'),
(333, 'createdtime', NULL, '2016-09-06 02:42:38'),
(333, 'modifiedby', NULL, '7'),
(333, 'forecast_amount', NULL, '0.00000000'),
(333, 'record_id', NULL, '143'),
(333, 'record_module', NULL, 'Potentials'),
(334, 'description', 'Stratus Renew MA 6th Six year (MA already expired) Cost HK$50,000 and selling HK$70,000. GP HK$20,000', 'NEC FT Server,  project Schedule end of September 2016'),
(335, 'commentcontent', NULL, 'New MTR education room - installation service for 10 PC, 10 AP, 2 switches, 1 rack, 20 cabling'),
(335, 'assigned_user_id', NULL, '7'),
(335, 'createdtime', NULL, '2016-09-06 02:47:23'),
(335, 'related_to', NULL, '7'),
(335, 'creator', NULL, '7'),
(335, 'userid', NULL, '7'),
(335, 'record_id', NULL, '144'),
(335, 'record_module', NULL, 'ModComments'),
(336, 'description', '', 'New MTR education room - installation service for 10 PC, 10 AP, 2 switches, 1 rack, 20 cabling'),
(337, 'potentialname', NULL, 'Man Day'),
(337, 'potential_no', NULL, 'POT55'),
(337, 'amount', NULL, '13953.48837209'),
(337, 'related_to', NULL, '48'),
(337, 'closingdate', NULL, '2016-09-15'),
(337, 'opportunity_type', NULL, 'New Business'),
(337, 'leadsource', NULL, 'Existing Customer'),
(337, 'sales_stage', NULL, 'Needs Analysis'),
(337, 'assigned_user_id', NULL, '8'),
(337, 'probability', NULL, '0.000'),
(337, 'createdtime', NULL, '2016-09-06 03:07:03'),
(337, 'modifiedby', NULL, '8'),
(337, 'description', NULL, 'Waiting for customer VLAN ID information.'),
(337, 'forecast_amount', NULL, '0.00000000'),
(337, 'record_id', NULL, '145'),
(337, 'record_module', NULL, 'Potentials'),
(338, 'annual_revenue', '0.00000000', '61395.34883721'),
(339, 'annual_revenue', '0.00000000', '34883.72093023'),
(340, 'modifiedby', '8', '15'),
(340, 'description', '', 'Expected mid of September 2016 closing'),
(341, 'amount', '37674.41860465', '424418.60465116'),
(341, 'modifiedby', '7', '15'),
(341, 'forecast_amount', '37297.67441861', '420174.41860465'),
(342, 'subject', NULL, 'Savills-service-inv'),
(342, 'txtadjustment', NULL, '0.00000000'),
(342, 'salescommission', NULL, '0.000'),
(342, 'exciseduty', NULL, '0.000'),
(342, 'hdnsubtotal', NULL, '1900.00000000'),
(342, 'hdngrandtotal', NULL, '2413.00000000'),
(342, 'hdntaxtype', NULL, 'group'),
(342, 'hdns_h_amount', NULL, '0.00000000'),
(342, 'account_id', NULL, '19'),
(342, 'assigned_user_id', NULL, '6'),
(342, 'createdtime', NULL, '2016-09-12 02:50:54'),
(342, 'modifiedby', NULL, '6'),
(342, 'currency_id', NULL, '2'),
(342, 'conversion_rate', NULL, '0.860'),
(342, 'bill_street', NULL, 'Unit A, 3/F., Cheong Sun Tower,116-118\n         Wing Lok Street, Sheung Wan, Hong Kong'),
(342, 'ship_street', NULL, 'Unit A, 3/F., Cheong Sun Tower,116-118\n         Wing Lok Street, Sheung Wan, Hong Kong'),
(342, 'terms_conditions', NULL, '- Unless otherwise agreed in writing by the supplier all invoices are payable within thirty (30) days of the date of invoice, in the currency of the invoice, drawn on a bank based in India or by such other method as is agreed in advance by the Supplier.\n\n - All prices are not inclusive of VAT which shall be payable in addition by the Customer at the applicable rate.'),
(342, 'invoice_no', NULL, 'INV1'),
(342, 'productid', NULL, '23'),
(342, 'quantity', NULL, '1.000'),
(342, 'listprice', NULL, '1900.00000000'),
(342, 'comment', NULL, 'In-House Man Power'),
(342, 'tax1', NULL, '4.500'),
(342, 'tax2', NULL, '10.000'),
(342, 'tax3', NULL, '12.500'),
(342, 'pre_tax_total', NULL, '1900.00000000'),
(342, 'received', NULL, '0.00000000'),
(342, 'balance', NULL, '2413.00000000'),
(342, 'hdns_h_percent', NULL, '27'),
(342, 'record_id', NULL, '146'),
(342, 'record_module', NULL, 'Invoice'),
(343, 'subject', NULL, 'Savills-service-inv160705002'),
(343, 'txtadjustment', NULL, '0.00000000'),
(343, 'salescommission', NULL, '0.000'),
(343, 'exciseduty', NULL, '0.000'),
(343, 'hdnsubtotal', NULL, '1900.00000000'),
(343, 'hdngrandtotal', NULL, '1900.00000000'),
(343, 'hdntaxtype', NULL, 'group'),
(343, 'hdns_h_amount', NULL, '0.00000000'),
(343, 'account_id', NULL, '19'),
(343, 'assigned_user_id', NULL, '6'),
(343, 'createdtime', NULL, '2016-09-12 03:06:05'),
(343, 'modifiedby', NULL, '6'),
(343, 'currency_id', NULL, '2'),
(343, 'conversion_rate', NULL, '0.860'),
(343, 'bill_street', NULL, 'Unit A, 3/F., Cheong Sun Tower,116-118\n         Wing Lok Street, Sheung Wan, Hong Kong'),
(343, 'ship_street', NULL, 'Unit A, 3/F., Cheong Sun Tower,116-118\n         Wing Lok Street, Sheung Wan, Hong Kong'),
(343, 'terms_conditions', NULL, '- Unless otherwise agreed in writing by the supplier all invoices are payable within thirty (30) days of the date of invoice, in the currency of the invoice, drawn on a bank based in India or by such other method as is agreed in advance by the Supplier.\n\n - All prices are not inclusive of VAT which shall be payable in addition by the Customer at the applicable rate.'),
(343, 'invoice_no', NULL, 'INV2'),
(343, 'productid', NULL, '21'),
(343, 'quantity', NULL, '1.000'),
(343, 'listprice', NULL, '1900.00000000'),
(343, 'comment', NULL, 'Out-source Man Power'),
(343, 'pre_tax_total', NULL, '1900.00000000'),
(343, 'received', NULL, '0.00000000'),
(343, 'balance', NULL, '1900.00000000'),
(343, 'record_id', NULL, '147'),
(343, 'record_module', NULL, 'Invoice'),
(344, 'terms_conditions', '- Unless otherwise agreed in writing by the supplier all invoices are payable within thirty (30) days of the date of invoice, in the currency of the invoice, drawn on a bank based in India or by such other method as is agreed in advance by the Supplier.\n\n - All prices are not inclusive of VAT which shall be payable in addition by the Customer at the applicable rate.', 'Payment terms: 100% payment with 14 days credit against invoice.\n\nBank Information\nBeneficiary Bank: Fubon Bank(Hong Kong) Ltd\nSwift Code: IBALHKHH\nAccount Name: SHINY BEST TECHNOLOGY LIMITED\nAccount Number:  858-070-61835\n\n\n - All prices are not inclusive of VAT which shall be payable in addition by the Customer at the applicable rate.'),
(345, 'hdndiscountpercent', '', '0.000'),
(345, 'hdndiscountamount', '', '0.00000000'),
(346, 'productname', 'Professional Servicec', 'Professional Service'),
(346, 'modifiedby', '8', '6'),
(347, 'potentialname', NULL, 'BOSH x3650M5 server'),
(347, 'potential_no', NULL, 'POT56'),
(347, 'amount', NULL, '58139.53488372'),
(347, 'closingdate', NULL, '2016-09-24'),
(347, 'sales_stage', NULL, 'Negotiation or Review'),
(347, 'assigned_user_id', NULL, '7'),
(347, 'probability', NULL, '90.000'),
(347, 'createdtime', NULL, '2016-09-12 07:00:35'),
(347, 'modifiedby', NULL, '7'),
(347, 'description', NULL, '1 x3650M5 server');
INSERT INTO `vtiger_modtracker_detail` (`id`, `fieldname`, `prevalue`, `postvalue`) VALUES
(347, 'forecast_amount', NULL, '52325.58139535'),
(347, 'record_id', NULL, '148'),
(347, 'record_module', NULL, 'Potentials'),
(348, 'related_to', '0', '7'),
(349, 'amount', '232558.13953488', '174418.60465116'),
(349, 'modifiedby', '16', '15'),
(350, 'description', 'NEC FT x 2 Project Sizing HK$400,000 x 2 = Total HK$800,000 and Expected  GPHK$200,000', 'NEC FT x 2 Project Sizing HK$400,000 x 1, 250,000 x 1 = Total HK$650,000 and Expected  GPHK$140,000'),
(351, 'probability', '90.000', '100.000'),
(351, 'forecast_amount', '52325.58139535', '58139.53488372'),
(352, 'description', '1 x3650M5 server', '1 x3650M5 server, GP $5800 + installation $1000'),
(353, 'amount', '0.00000000', '58139.53488372'),
(353, 'forecast_amount', '0.00000000', '29069.76744186'),
(354, 'amount', '0.00000000', '5116.27906977'),
(354, 'forecast_amount', '0.00000000', '3069.76744186'),
(355, 'description', '$70000/mth, $840000K/Yr, 2 years contract.\nDR solution for 79 VMware, need support Veeam backup software', '$70000/mth, $840000K/Yr, 3 years contract.\nDR solution for 79 VMware, need support Veeam backup software'),
(356, 'amount', '465116.27906977', '767441.86046512'),
(357, 'amount', '767441.86046512', '813953.48837209'),
(358, 'amount', '58139.53488372', '58240.69767442'),
(358, 'description', '1 x3650M5 server, GP $5800 + installation $1000', 'Case Won:  1 x3650M5 server, GP $5832 + installation $1000'),
(358, 'forecast_amount', '58139.53488372', '58240.69767442'),
(359, 'description', 'Tender will be issue on Oct, and close around Nov 2016', 'Tender issued, tender close at 01 Nov.\nneed go throw tender and quote the actual price'),
(360, 'potentialname', NULL, 'MaaS - Microware'),
(360, 'potential_no', NULL, 'POT57'),
(360, 'amount', NULL, '0.00000000'),
(360, 'closingdate', NULL, '2016-10-29'),
(360, 'sales_stage', NULL, 'Proposal or Price Quote'),
(360, 'assigned_user_id', NULL, '7'),
(360, 'probability', NULL, '80.000'),
(360, 'createdtime', NULL, '2016-09-20 05:05:00'),
(360, 'modifiedby', NULL, '7'),
(360, 'description', NULL, 'MaaS Service propose to Microware, \n21 Sept will hold Sale enablement meeting, Order form, deployment form, demo a/c template are already.\nBronze package - $55/device/mth (around 10% margin)\nSilver package - $100/device/mth (around 10% margin)\nonetime installation - $1500 for 1-20 devices, $5000 for 21-50 devices'),
(360, 'forecast_amount', NULL, '0.00000000'),
(360, 'record_id', NULL, '149'),
(360, 'record_module', NULL, 'Potentials'),
(361, 'sales_stage', 'Negotiation or Review', 'Closed Lost'),
(361, 'modifiedby', '15', '7'),
(362, 'potentialname', NULL, 'Man Day'),
(362, 'potential_no', NULL, 'POT58'),
(362, 'amount', NULL, '13953.48837209'),
(362, 'related_to', NULL, '66'),
(362, 'closingdate', NULL, '2016-09-30'),
(362, 'opportunity_type', NULL, 'New Business'),
(362, 'leadsource', NULL, 'Existing Customer'),
(362, 'sales_stage', NULL, 'Needs Analysis'),
(362, 'assigned_user_id', NULL, '8'),
(362, 'probability', NULL, '0.000'),
(362, 'createdtime', NULL, '2016-09-20 06:26:57'),
(362, 'modifiedby', NULL, '8'),
(362, 'description', NULL, 'Man day for devices relocation and configuration.'),
(362, 'forecast_amount', NULL, '0.00000000'),
(362, 'record_id', NULL, '150'),
(362, 'record_module', NULL, 'Potentials'),
(363, 'potentialname', NULL, 'Sun Fook Hong - SevOne'),
(363, 'potential_no', NULL, 'POT59'),
(363, 'amount', NULL, '116279.06976744'),
(363, 'closingdate', NULL, '2016-10-29'),
(363, 'sales_stage', NULL, 'Prospecting'),
(363, 'assigned_user_id', NULL, '7'),
(363, 'probability', NULL, '60.000'),
(363, 'createdtime', NULL, '2016-09-27 02:07:32'),
(363, 'modifiedby', NULL, '7'),
(363, 'forecast_amount', NULL, '69767.44186047'),
(363, 'record_id', NULL, '151'),
(363, 'record_module', NULL, 'Potentials'),
(364, 'related_to', '0', '47'),
(365, 'amount', '23255.81395349', '44767.44186047'),
(366, 'potentialname', NULL, 'installation - VMware'),
(366, 'potential_no', NULL, 'POT60'),
(366, 'amount', NULL, '40697.67441861'),
(366, 'related_to', NULL, '7'),
(366, 'closingdate', NULL, '2016-10-29'),
(366, 'sales_stage', NULL, 'Negotiation or Review'),
(366, 'assigned_user_id', NULL, '7'),
(366, 'probability', NULL, '70.000'),
(366, 'createdtime', NULL, '2016-09-27 02:09:12'),
(366, 'modifiedby', NULL, '7'),
(366, 'description', NULL, 'Installation 5 x Win 2012R2, 1 x VMware, 2 x SAN (with replication feature)'),
(366, 'forecast_amount', NULL, '28488.37209302'),
(366, 'record_id', NULL, '152'),
(366, 'record_module', NULL, 'Potentials'),
(367, 'sales_stage', 'Proposal or Price Quote', 'Closed Lost'),
(369, 'amount', '116279.06976744', '93023.25581395'),
(369, 'description', '', 'SevOne for 15 Server and 6 x Switch+ firewall'),
(369, 'forecast_amount', '69767.44186047', '55813.95348837'),
(370, 'potentialname', NULL, 'SevOne - PCCW'),
(370, 'potential_no', NULL, 'POT61'),
(370, 'amount', NULL, '232558.13953488'),
(370, 'related_to', NULL, '7'),
(370, 'closingdate', NULL, '2016-10-29'),
(370, 'sales_stage', NULL, 'Qualification'),
(370, 'assigned_user_id', NULL, '7'),
(370, 'probability', NULL, '0.000'),
(370, 'createdtime', NULL, '2016-09-27 03:25:12'),
(370, 'modifiedby', NULL, '7'),
(370, 'forecast_amount', NULL, '0.00000000'),
(370, 'record_id', NULL, '153'),
(370, 'record_module', NULL, 'Potentials'),
(371, 'description', '', 'Monitoring around 2500 x IP Phone, Sun Hung Kei'),
(372, 'accountname', NULL, 'BC &amp; D International Ltd'),
(372, 'account_no', NULL, 'ACC32'),
(372, 'annual_revenue', NULL, '0.00000000'),
(372, 'assigned_user_id', NULL, '8'),
(372, 'createdtime', NULL, '2016-09-27 03:34:26'),
(372, 'modifiedby', NULL, '8'),
(372, 'record_id', NULL, '154'),
(372, 'record_module', NULL, 'Accounts'),
(373, 'amount', '93023.25581395', '116279.06976744'),
(373, 'forecast_amount', '55813.95348837', '69767.44186047'),
(374, 'potentialname', NULL, 'Network infrastructure project'),
(374, 'potential_no', NULL, 'POT62'),
(374, 'amount', NULL, '257605.81395349'),
(374, 'related_to', NULL, '154'),
(374, 'closingdate', NULL, '2016-09-26'),
(374, 'sales_stage', NULL, 'Closed Won'),
(374, 'assigned_user_id', NULL, '8'),
(374, 'probability', NULL, '100.000'),
(374, 'createdtime', NULL, '2016-09-27 03:36:26'),
(374, 'modifiedby', NULL, '8'),
(374, 'description', NULL, 'TCV = HK$221,541.2, GP around HK$55,000'),
(374, 'forecast_amount', NULL, '257605.81395349'),
(374, 'record_id', NULL, '155'),
(374, 'record_module', NULL, 'Potentials'),
(375, 'opportunity_type', '', 'New Business'),
(375, 'leadsource', '', 'Self Generated'),
(376, 'sales_stage', 'Negotiation or Review', 'Closed Lost'),
(377, 'potentialname', NULL, 'Firewall revamp'),
(377, 'potential_no', NULL, 'POT63'),
(377, 'amount', NULL, '58139.53488372'),
(377, 'related_to', NULL, '101'),
(377, 'closingdate', NULL, '2016-12-31'),
(377, 'opportunity_type', NULL, 'New Business'),
(377, 'leadsource', NULL, 'Self Generated'),
(377, 'sales_stage', NULL, 'Value Proposition'),
(377, 'assigned_user_id', NULL, '16'),
(377, 'probability', NULL, '30.000'),
(377, 'createdtime', NULL, '2016-10-04 01:38:06'),
(377, 'modifiedby', NULL, '16'),
(377, 'forecast_amount', NULL, '17441.86046512'),
(377, 'contact_id', NULL, '107'),
(377, 'record_id', NULL, '156'),
(377, 'record_module', NULL, 'Potentials'),
(378, 'contact_no', NULL, 'CON25'),
(378, 'lastname', NULL, 'brian'),
(378, 'assigned_user_id', NULL, '16'),
(378, 'createdtime', NULL, '2016-10-04 01:39:03'),
(378, 'modifiedby', NULL, '16'),
(378, 'support_start_date', NULL, '2016-10-04'),
(378, 'support_end_date', NULL, '2017-10-04'),
(378, 'record_id', NULL, '157'),
(378, 'record_module', NULL, 'Contacts'),
(379, 'contact_no', NULL, 'CON26'),
(379, 'lastname', NULL, 'South West'),
(379, 'assigned_user_id', NULL, '16'),
(379, 'createdtime', NULL, '2016-10-04 01:39:22'),
(379, 'modifiedby', NULL, '16'),
(379, 'support_start_date', NULL, '2016-10-04'),
(379, 'support_end_date', NULL, '2017-10-04'),
(379, 'record_id', NULL, '158'),
(379, 'record_module', NULL, 'Contacts'),
(380, 'accountname', NULL, 'South West'),
(380, 'account_no', NULL, 'ACC33'),
(380, 'annual_revenue', NULL, '0.00000000'),
(380, 'assigned_user_id', NULL, '16'),
(380, 'createdtime', NULL, '2016-10-04 01:41:01'),
(380, 'modifiedby', NULL, '16'),
(380, 'record_id', NULL, '159'),
(380, 'record_module', NULL, 'Accounts'),
(381, 'potentialname', NULL, 'V-Scan'),
(381, 'potential_no', NULL, 'POT64'),
(381, 'amount', NULL, '116279.06976744'),
(381, 'related_to', NULL, '159'),
(381, 'closingdate', NULL, '2016-12-31'),
(381, 'opportunity_type', NULL, 'New Business'),
(381, 'leadsource', NULL, 'Self Generated'),
(381, 'sales_stage', NULL, 'Value Proposition'),
(381, 'assigned_user_id', NULL, '16'),
(381, 'probability', NULL, '0.000'),
(381, 'createdtime', NULL, '2016-10-04 01:41:06'),
(381, 'modifiedby', NULL, '16'),
(381, 'forecast_amount', NULL, '0.00000000'),
(381, 'contact_id', NULL, '157'),
(381, 'record_id', NULL, '160'),
(381, 'record_module', NULL, 'Potentials'),
(382, 'potentialname', NULL, 'Express Cluster'),
(382, 'potential_no', NULL, 'POT65'),
(382, 'amount', NULL, '211627.90697674'),
(382, 'related_to', NULL, '159'),
(382, 'closingdate', NULL, '2017-01-31'),
(382, 'sales_stage', NULL, 'Value Proposition'),
(382, 'assigned_user_id', NULL, '16'),
(382, 'probability', NULL, '30.000'),
(382, 'createdtime', NULL, '2016-10-04 01:42:23'),
(382, 'modifiedby', NULL, '16'),
(382, 'forecast_amount', NULL, '63488.37209302'),
(382, 'record_id', NULL, '161'),
(382, 'record_module', NULL, 'Potentials'),
(383, 'amount', '83720.93023256', '87209.30232558'),
(383, 'sales_stage', 'Negotiation or Review', 'Closed Won'),
(383, 'probability', '90.000', '100.000'),
(383, 'description', 'Ovest is Business Centre Service provider. 9 months later will be stopped IP phone service. Now Internet service has been stopped. The owner(何鴻燊太太) prefer pure rental business.The property management is 第一太平戴維斯 - Savills.\nProject: network revamp, 6 x switches, 20 tokens', 'Won, GP 45000\n\nOvest is Business Centre Service provider. 9 months later will be stopped IP phone service. Now Internet service has been stopped. The owner(何鴻燊太太) prefer pure rental business.The property management is 第一太平戴維斯 - Savills.\nProject: network revamp, 6 x switches, 20 tokens'),
(383, 'forecast_amount', '75348.83720930', '87209.30232558'),
(384, 'opportunity_type', '', 'New Business'),
(384, 'leadsource', '', 'Self Generated'),
(384, 'contact_id', '0', '157'),
(385, 'description', 'Referred by Arcon system, They handle VC solution, we handle bandwidth.\nPropose phrase 1 subscrpt 2M bandwidth for VC and Data. Phrase will increase bandwidth for shop POS and File server and via HK for internet use.', 'Customer deploying ERP and POS system, target testing CC service in the mid of Ocb\n\nReferred by Arcon system, They handle VC solution, we handle bandwidth.\nPropose phrase 1 subscrpt 2M bandwidth for VC and Data. Phrase will increase bandwidth for shop POS and File server and via HK for internet use.'),
(386, 'amount', '13953.48837209', '27906.97674419'),
(387, 'amount', '13953.48837209', '46511.62790698'),
(387, 'sales_stage', 'Needs Analysis', 'Negotiation or Review'),
(387, 'description', 'Man day for devices relocation and configuration.', 'Man day for devices configuration.'),
(388, 'closingdate', '2016-09-30', '2016-10-14'),
(389, 'closingdate', '2016-09-15', '2016-10-14'),
(390, 'amount', '0.00000000', '87674.41860465'),
(390, 'sales_stage', 'Prospecting', 'Negotiation or Review'),
(391, 'sales_stage', 'Qualification', 'Closed Lost'),
(392, 'potentialname', NULL, 'partner - ChinaComm'),
(392, 'potential_no', NULL, 'POT66'),
(392, 'amount', NULL, '0.00000000'),
(392, 'closingdate', NULL, '2016-11-26'),
(392, 'sales_stage', NULL, 'Prospecting'),
(392, 'assigned_user_id', NULL, '7'),
(392, 'probability', NULL, '0.000'),
(392, 'createdtime', NULL, '2016-10-11 02:12:11'),
(392, 'modifiedby', NULL, '7'),
(392, 'description', NULL, 'reseller SevOne, meeting 17 Oct'),
(392, 'forecast_amount', NULL, '0.00000000'),
(392, 'record_id', NULL, '162'),
(392, 'record_module', NULL, 'Potentials'),
(393, 'potentialname', NULL, 'partner - MNT'),
(393, 'potential_no', NULL, 'POT67'),
(393, 'amount', NULL, '116279.06976744'),
(393, 'closingdate', NULL, '2016-11-26'),
(393, 'sales_stage', NULL, 'Prospecting'),
(393, 'assigned_user_id', NULL, '7'),
(393, 'probability', NULL, '60.000'),
(393, 'createdtime', NULL, '2016-10-11 02:13:28'),
(393, 'modifiedby', NULL, '7'),
(393, 'description', NULL, 'interest in one off purchase SevOne and provide proactive MA service to customer'),
(393, 'forecast_amount', NULL, '69767.44186047'),
(393, 'record_id', NULL, '163'),
(393, 'record_module', NULL, 'Potentials'),
(394, 'accountname', NULL, 'Motion Networks Tech'),
(394, 'account_no', NULL, 'ACC34'),
(394, 'annual_revenue', NULL, '0.00000000'),
(394, 'assigned_user_id', NULL, '7'),
(394, 'createdtime', NULL, '2016-10-11 02:13:56'),
(394, 'modifiedby', NULL, '7'),
(394, 'record_id', NULL, '164'),
(394, 'record_module', NULL, 'Accounts'),
(395, 'related_to', '0', '164'),
(396, 'accountname', NULL, 'ChinaComm'),
(396, 'account_no', NULL, 'ACC35'),
(396, 'annual_revenue', NULL, '0.00000000'),
(396, 'assigned_user_id', NULL, '7'),
(396, 'createdtime', NULL, '2016-10-11 02:14:29'),
(396, 'modifiedby', NULL, '7'),
(396, 'record_id', NULL, '165'),
(396, 'record_module', NULL, 'Accounts'),
(397, 'accountname', NULL, 'Super Light'),
(397, 'account_no', NULL, 'ACC36'),
(397, 'annual_revenue', NULL, '0.00000000'),
(397, 'assigned_user_id', NULL, '7'),
(397, 'createdtime', NULL, '2016-10-11 02:14:43'),
(397, 'modifiedby', NULL, '7'),
(397, 'record_id', NULL, '166'),
(397, 'record_module', NULL, 'Accounts'),
(398, 'potentialname', NULL, 'partner - Super Light'),
(398, 'potential_no', NULL, 'POT68'),
(398, 'amount', NULL, '0.00000000'),
(398, 'related_to', NULL, '166'),
(398, 'closingdate', NULL, '2016-11-30'),
(398, 'sales_stage', NULL, 'Prospecting'),
(398, 'assigned_user_id', NULL, '7'),
(398, 'probability', NULL, '0.000'),
(398, 'createdtime', NULL, '2016-10-11 02:15:19'),
(398, 'modifiedby', NULL, '7'),
(398, 'description', NULL, 'interest in reseller SevOne'),
(398, 'forecast_amount', NULL, '0.00000000'),
(398, 'record_id', NULL, '167'),
(398, 'record_module', NULL, 'Potentials'),
(399, 'related_to', '0', '165'),
(400, 'sales_stage', 'Negotiation or Review', 'Closed Lost'),
(400, 'modifiedby', '15', '7'),
(401, 'accountname', NULL, 'CPC'),
(401, 'account_no', NULL, 'ACC37'),
(401, 'annual_revenue', NULL, '0.00000000'),
(401, 'assigned_user_id', NULL, '8'),
(401, 'createdtime', NULL, '2016-10-11 02:35:50'),
(401, 'modifiedby', NULL, '8'),
(401, 'record_id', NULL, '168'),
(401, 'record_module', NULL, 'Accounts'),
(402, 'potentialname', NULL, 'CCTV Project'),
(402, 'potential_no', NULL, 'POT69'),
(402, 'amount', NULL, '209302.32558140'),
(402, 'related_to', NULL, '168'),
(402, 'closingdate', NULL, '2016-10-29'),
(402, 'opportunity_type', NULL, 'New Business'),
(402, 'leadsource', NULL, 'Existing Customer'),
(402, 'sales_stage', NULL, 'Prospecting'),
(402, 'assigned_user_id', NULL, '8'),
(402, 'probability', NULL, '0.000'),
(402, 'createdtime', NULL, '2016-10-11 02:37:18'),
(402, 'modifiedby', NULL, '8'),
(402, 'description', NULL, 'The final Quotation is under preparing and will be sent to customer on 11th or 12th Oct 2016.'),
(402, 'forecast_amount', NULL, '0.00000000'),
(402, 'record_id', NULL, '169'),
(402, 'record_module', NULL, 'Potentials'),
(403, 'potentialname', NULL, 'Cabling'),
(403, 'potential_no', NULL, 'POT70'),
(403, 'amount', NULL, '93023.25581395'),
(403, 'related_to', NULL, '154'),
(403, 'closingdate', NULL, '2016-10-29'),
(403, 'opportunity_type', NULL, 'New Business'),
(403, 'leadsource', NULL, 'Existing Customer'),
(403, 'sales_stage', NULL, 'Prospecting'),
(403, 'assigned_user_id', NULL, '8'),
(403, 'probability', NULL, '0.000'),
(403, 'createdtime', NULL, '2016-10-11 02:38:22'),
(403, 'modifiedby', NULL, '8'),
(403, 'description', NULL, 'The SOW is under estimating and waiting for vendor reply.'),
(403, 'forecast_amount', NULL, '0.00000000'),
(403, 'record_id', NULL, '170'),
(403, 'record_module', NULL, 'Potentials'),
(404, 'potentialname', NULL, 'IP Phone system'),
(404, 'potential_no', NULL, 'POT71'),
(404, 'amount', NULL, '0.00000000'),
(404, 'related_to', NULL, '154'),
(404, 'closingdate', NULL, '2016-10-29'),
(404, 'opportunity_type', NULL, 'New Business'),
(404, 'leadsource', NULL, 'Existing Customer'),
(404, 'sales_stage', NULL, 'Prospecting'),
(404, 'assigned_user_id', NULL, '8'),
(404, 'probability', NULL, '0.000'),
(404, 'createdtime', NULL, '2016-10-11 02:39:21'),
(404, 'modifiedby', NULL, '8'),
(404, 'description', NULL, 'The SOW is under estimating and waiting for vendor reply.'),
(404, 'forecast_amount', NULL, '0.00000000'),
(404, 'record_id', NULL, '171'),
(404, 'record_module', NULL, 'Potentials'),
(405, 'subject', NULL, 'Meeting with smeoa'),
(405, 'assigned_user_id', NULL, '6'),
(405, 'date_start', NULL, '2016-10-12'),
(405, 'time_start', NULL, '02:00:00'),
(405, 'time_end', NULL, '02:05:00'),
(405, 'due_date', NULL, '2016-10-12'),
(405, 'eventstatus', NULL, 'Planned'),
(405, 'createdtime', NULL, '2016-10-12 01:47:45'),
(405, 'activitytype', NULL, 'Call'),
(405, 'visibility', NULL, 'Public'),
(405, 'duration_minutes', NULL, '5'),
(405, 'modifiedby', NULL, '6'),
(405, 'created_user_id', NULL, '6'),
(405, 'record_id', NULL, '172'),
(405, 'record_module', NULL, 'Events'),
(406, 'subject', NULL, 'TFI Training'),
(406, 'assigned_user_id', NULL, '5'),
(406, 'date_start', NULL, '2016-10-14'),
(406, 'time_start', NULL, '01:30:00'),
(406, 'time_end', NULL, '03:30:00'),
(406, 'due_date', NULL, '2016-10-14'),
(406, 'eventstatus', NULL, 'Planned'),
(406, 'createdtime', NULL, '2016-10-12 01:49:15'),
(406, 'activitytype', NULL, 'Meeting'),
(406, 'visibility', NULL, 'Public'),
(406, 'duration_hours', NULL, '2'),
(406, 'modifiedby', NULL, '6'),
(406, 'created_user_id', NULL, '6'),
(406, 'record_id', NULL, '173'),
(406, 'record_module', NULL, 'Events');

-- --------------------------------------------------------

--
-- 表的结构 `vtiger_modtracker_relations`
--

CREATE TABLE IF NOT EXISTS `vtiger_modtracker_relations` (
  `id` int(19) NOT NULL,
  `targetmodule` varchar(100) NOT NULL,
  `targetid` int(19) NOT NULL,
  `changedon` datetime DEFAULT NULL
) ENGINE=InnoDB DEFAULT CHARSET=utf8;

--
-- 转存表中的数据 `vtiger_modtracker_relations`
--

INSERT INTO `vtiger_modtracker_relations` (`id`, `targetmodule`, `targetid`, `changedon`) VALUES
(20, 'Quotes', 14, '2016-07-29 02:51:11'),
(26, 'Quotes', 17, '2016-07-29 03:04:14');

-- --------------------------------------------------------

--
-- 表的结构 `vtiger_modtracker_tabs`
--

CREATE TABLE IF NOT EXISTS `vtiger_modtracker_tabs` (
  `tabid` int(11) NOT NULL,
  `visible` int(11) DEFAULT '0'
) ENGINE=InnoDB DEFAULT CHARSET=utf8;

--
-- 转存表中的数据 `vtiger_modtracker_tabs`
--

INSERT INTO `vtiger_modtracker_tabs` (`tabid`, `visible`) VALUES
(2, 1),
(4, 1),
(6, 1),
(7, 1),
(8, 1),
(9, 1),
(10, 1),
(13, 1),
(14, 1),
(15, 1),
(16, 1),
(18, 1),
(19, 1),
(20, 1),
(21, 1),
(22, 1),
(23, 1),
(26, 1),
(28, 1),
(30, 1),
(33, 1),
(35, 1),
(39, 1),
(42, 1),
(44, 1),
(45, 1),
(46, 1),
(47, 1);

-- --------------------------------------------------------

--
-- 表的结构 `vtiger_module_dashboard_widgets`
--

CREATE TABLE IF NOT EXISTS `vtiger_module_dashboard_widgets` (
  `id` int(19) NOT NULL,
  `linkid` int(19) DEFAULT NULL,
  `userid` int(19) DEFAULT NULL,
  `filterid` int(19) DEFAULT NULL,
  `title` varchar(100) DEFAULT NULL,
  `data` text,
  `position` varchar(50) DEFAULT NULL
) ENGINE=InnoDB AUTO_INCREMENT=12 DEFAULT CHARSET=utf8;

--
-- 转存表中的数据 `vtiger_module_dashboard_widgets`
--

INSERT INTO `vtiger_module_dashboard_widgets` (`id`, `linkid`, `userid`, `filterid`, `title`, `data`, `position`) VALUES
(1, 37, 16, NULL, NULL, 'null', NULL),
(2, 58, 6, NULL, NULL, 'null', '{"row":"1","col":"1"}'),
(3, 60, 6, NULL, NULL, 'null', '{"row":"1","col":"5"}'),
(7, 104, 6, NULL, NULL, 'null', '{"row":"1","col":"11"}'),
(8, 100, 6, NULL, NULL, 'null', '{"row":"2","col":"5"}'),
(9, 61, 6, NULL, NULL, 'null', '{"row":"2","col":"5"}'),
(11, 101, 6, 4, NULL, '{"module":"Accounts","fields":["accountname"]}', NULL);

-- --------------------------------------------------------

--
-- 表的结构 `vtiger_notebook_contents`
--

CREATE TABLE IF NOT EXISTS `vtiger_notebook_contents` (
  `userid` int(19) NOT NULL,
  `notebookid` int(19) NOT NULL,
  `contents` text
) ENGINE=InnoDB DEFAULT CHARSET=utf8;

-- --------------------------------------------------------

--
-- 表的结构 `vtiger_notes`
--

CREATE TABLE IF NOT EXISTS `vtiger_notes` (
  `notesid` int(19) NOT NULL DEFAULT '0',
  `note_no` varchar(100) NOT NULL,
  `title` varchar(50) NOT NULL,
  `filename` varchar(200) DEFAULT NULL,
  `notecontent` text,
  `folderid` int(19) NOT NULL DEFAULT '1',
  `filetype` varchar(50) DEFAULT NULL,
  `filelocationtype` varchar(5) DEFAULT NULL,
  `filedownloadcount` int(19) DEFAULT NULL,
  `filestatus` int(19) DEFAULT NULL,
  `filesize` int(19) NOT NULL DEFAULT '0',
  `fileversion` varchar(50) DEFAULT NULL
) ENGINE=InnoDB DEFAULT CHARSET=utf8;

-- --------------------------------------------------------

--
-- 表的结构 `vtiger_notescf`
--

CREATE TABLE IF NOT EXISTS `vtiger_notescf` (
  `notesid` int(19) NOT NULL DEFAULT '0'
) ENGINE=InnoDB DEFAULT CHARSET=utf8;

-- --------------------------------------------------------

--
-- 表的结构 `vtiger_notificationscheduler`
--

CREATE TABLE IF NOT EXISTS `vtiger_notificationscheduler` (
  `schedulednotificationid` int(19) NOT NULL,
  `schedulednotificationname` varchar(200) DEFAULT NULL,
  `active` int(1) DEFAULT NULL,
  `notificationsubject` varchar(200) DEFAULT NULL,
  `notificationbody` text,
  `label` varchar(50) DEFAULT NULL,
  `type` varchar(10) DEFAULT NULL
) ENGINE=InnoDB AUTO_INCREMENT=9 DEFAULT CHARSET=utf8;

--
-- 转存表中的数据 `vtiger_notificationscheduler`
--

INSERT INTO `vtiger_notificationscheduler` (`schedulednotificationid`, `schedulednotificationname`, `active`, `notificationsubject`, `notificationbody`, `label`, `type`) VALUES
(1, 'LBL_TASK_NOTIFICATION_DESCRITPION', 1, 'Task Delay Notification', 'Tasks delayed beyond 24 hrs ', 'LBL_TASK_NOTIFICATION', NULL),
(2, 'LBL_BIG_DEAL_DESCRIPTION', 1, 'Big Deal notification', 'Success! A big deal has been won! ', 'LBL_BIG_DEAL', NULL),
(3, 'LBL_TICKETS_DESCRIPTION', 1, 'Pending Tickets notification', 'Ticket pending please ', 'LBL_PENDING_TICKETS', NULL),
(4, 'LBL_MANY_TICKETS_DESCRIPTION', 1, 'Too many tickets Notification', 'Too many tickets pending against this entity ', 'LBL_MANY_TICKETS', NULL),
(5, 'LBL_START_DESCRIPTION', 1, 'Support Start Notification', '10', 'LBL_START_NOTIFICATION', 'select'),
(6, 'LBL_SUPPORT_DESCRIPTION', 1, 'Support ending please', '11', 'LBL_SUPPORT_NOTICIATION', 'select'),
(7, 'LBL_SUPPORT_DESCRIPTION_MONTH', 1, 'Support ending please', '12', 'LBL_SUPPORT_NOTICIATION_MONTH', 'select'),
(8, 'LBL_ACTIVITY_REMINDER_DESCRIPTION', 1, 'Activity Reminder Notification', 'This is a reminder notification for the Activity', 'LBL_ACTIVITY_NOTIFICATION', NULL);

-- --------------------------------------------------------

--
-- 表的结构 `vtiger_notificationscheduler_seq`
--

CREATE TABLE IF NOT EXISTS `vtiger_notificationscheduler_seq` (
  `id` int(11) NOT NULL
) ENGINE=InnoDB DEFAULT CHARSET=utf8;

--
-- 转存表中的数据 `vtiger_notificationscheduler_seq`
--

INSERT INTO `vtiger_notificationscheduler_seq` (`id`) VALUES
(8);

-- --------------------------------------------------------

--
-- 表的结构 `vtiger_no_of_currency_decimals`
--

CREATE TABLE IF NOT EXISTS `vtiger_no_of_currency_decimals` (
  `no_of_currency_decimalsid` int(11) NOT NULL,
  `no_of_currency_decimals` varchar(200) NOT NULL,
  `sortorderid` int(11) DEFAULT NULL,
  `presence` int(11) NOT NULL DEFAULT '1'
) ENGINE=InnoDB AUTO_INCREMENT=8 DEFAULT CHARSET=utf8;

--
-- 转存表中的数据 `vtiger_no_of_currency_decimals`
--

INSERT INTO `vtiger_no_of_currency_decimals` (`no_of_currency_decimalsid`, `no_of_currency_decimals`, `sortorderid`, `presence`) VALUES
(2, '2', 2, 1),
(3, '3', 3, 1),
(4, '4', 4, 1),
(5, '5', 5, 1),
(6, '0', 0, 1),
(7, '1', 1, 1);

-- --------------------------------------------------------

--
-- 表的结构 `vtiger_no_of_currency_decimals_seq`
--

CREATE TABLE IF NOT EXISTS `vtiger_no_of_currency_decimals_seq` (
  `id` int(11) NOT NULL
) ENGINE=InnoDB DEFAULT CHARSET=utf8;

--
-- 转存表中的数据 `vtiger_no_of_currency_decimals_seq`
--

INSERT INTO `vtiger_no_of_currency_decimals_seq` (`id`) VALUES
(7);

-- --------------------------------------------------------

--
-- 表的结构 `vtiger_opportunitystage`
--

CREATE TABLE IF NOT EXISTS `vtiger_opportunitystage` (
  `potstageid` int(19) NOT NULL,
  `stage` varchar(200) NOT NULL,
  `sortorderid` int(19) NOT NULL DEFAULT '0',
  `presence` int(1) NOT NULL DEFAULT '1',
  `probability` decimal(3,2) DEFAULT '0.00'
) ENGINE=InnoDB DEFAULT CHARSET=utf8;

-- --------------------------------------------------------

--
-- 表的结构 `vtiger_opportunity_type`
--

CREATE TABLE IF NOT EXISTS `vtiger_opportunity_type` (
  `opptypeid` int(19) NOT NULL,
  `opportunity_type` varchar(200) NOT NULL,
  `presence` int(1) NOT NULL DEFAULT '1',
  `picklist_valueid` int(19) NOT NULL DEFAULT '0',
  `sortorderid` int(11) DEFAULT NULL
) ENGINE=InnoDB AUTO_INCREMENT=4 DEFAULT CHARSET=utf8;

--
-- 转存表中的数据 `vtiger_opportunity_type`
--

INSERT INTO `vtiger_opportunity_type` (`opptypeid`, `opportunity_type`, `presence`, `picklist_valueid`, `sortorderid`) VALUES
(2, 'Existing Business', 1, 128, 1),
(3, 'New Business', 1, 129, 2);

-- --------------------------------------------------------

--
-- 表的结构 `vtiger_opportunity_type_seq`
--

CREATE TABLE IF NOT EXISTS `vtiger_opportunity_type_seq` (
  `id` int(11) NOT NULL
) ENGINE=InnoDB DEFAULT CHARSET=utf8;

--
-- 转存表中的数据 `vtiger_opportunity_type_seq`
--

INSERT INTO `vtiger_opportunity_type_seq` (`id`) VALUES
(3);

-- --------------------------------------------------------

--
-- 表的结构 `vtiger_organizationdetails`
--

CREATE TABLE IF NOT EXISTS `vtiger_organizationdetails` (
  `organization_id` int(11) NOT NULL,
  `organizationname` varchar(60) DEFAULT NULL,
  `address` varchar(150) DEFAULT NULL,
  `city` varchar(100) DEFAULT NULL,
  `state` varchar(100) DEFAULT NULL,
  `country` varchar(100) DEFAULT NULL,
  `code` varchar(30) DEFAULT NULL,
  `phone` varchar(30) DEFAULT NULL,
  `fax` varchar(30) DEFAULT NULL,
  `website` varchar(100) DEFAULT NULL,
  `logoname` varchar(50) DEFAULT NULL,
  `logo` text,
  `vatid` varchar(100) DEFAULT NULL
) ENGINE=InnoDB DEFAULT CHARSET=utf8;

--
-- 转存表中的数据 `vtiger_organizationdetails`
--

INSERT INTO `vtiger_organizationdetails` (`organization_id`, `organizationname`, `address`, `city`, `state`, `country`, `code`, `phone`, `fax`, `website`, `logoname`, `logo`, `vatid`) VALUES
(1, 'Shiny Best Technology Limited', 'Rm 8, 21/F, Lemmi Centre, No. 50 Hoi Yuen Road, Kwun Tong,Kowloon', 'Hong Kong', 'Hong Kong', 'China', '', '+852 39569461', '', 'www.shinybesthk.com', 'logo.jpg', NULL, '');

-- --------------------------------------------------------

--
-- 表的结构 `vtiger_organizationdetails_seq`
--

CREATE TABLE IF NOT EXISTS `vtiger_organizationdetails_seq` (
  `id` int(11) NOT NULL
) ENGINE=InnoDB DEFAULT CHARSET=utf8;

--
-- 转存表中的数据 `vtiger_organizationdetails_seq`
--

INSERT INTO `vtiger_organizationdetails_seq` (`id`) VALUES
(1);

-- --------------------------------------------------------

--
-- 表的结构 `vtiger_org_share_action2tab`
--

CREATE TABLE IF NOT EXISTS `vtiger_org_share_action2tab` (
  `share_action_id` int(19) NOT NULL,
  `tabid` int(19) NOT NULL
) ENGINE=InnoDB DEFAULT CHARSET=utf8;

--
-- 转存表中的数据 `vtiger_org_share_action2tab`
--

INSERT INTO `vtiger_org_share_action2tab` (`share_action_id`, `tabid`) VALUES
(0, 2),
(0, 4),
(0, 6),
(0, 7),
(0, 8),
(0, 9),
(0, 10),
(0, 13),
(0, 14),
(0, 16),
(0, 18),
(0, 20),
(0, 21),
(0, 22),
(0, 23),
(0, 26),
(0, 30),
(0, 33),
(0, 35),
(0, 39),
(0, 42),
(0, 44),
(0, 45),
(0, 46),
(0, 47),
(1, 2),
(1, 4),
(1, 6),
(1, 7),
(1, 8),
(1, 9),
(1, 10),
(1, 13),
(1, 14),
(1, 16),
(1, 18),
(1, 20),
(1, 21),
(1, 22),
(1, 23),
(1, 26),
(1, 30),
(1, 33),
(1, 35),
(1, 39),
(1, 42),
(1, 44),
(1, 45),
(1, 46),
(1, 47),
(2, 2),
(2, 4),
(2, 6),
(2, 7),
(2, 8),
(2, 9),
(2, 10),
(2, 13),
(2, 14),
(2, 16),
(2, 18),
(2, 20),
(2, 21),
(2, 22),
(2, 23),
(2, 26),
(2, 30),
(2, 33),
(2, 35),
(2, 39),
(2, 42),
(2, 44),
(2, 45),
(2, 46),
(2, 47),
(3, 2),
(3, 4),
(3, 6),
(3, 7),
(3, 8),
(3, 9),
(3, 10),
(3, 13),
(3, 14),
(3, 16),
(3, 18),
(3, 20),
(3, 21),
(3, 22),
(3, 23),
(3, 26),
(3, 30),
(3, 33),
(3, 35),
(3, 39),
(3, 42),
(3, 44),
(3, 45),
(3, 46),
(3, 47);

-- --------------------------------------------------------

--
-- 表的结构 `vtiger_org_share_action_mapping`
--

CREATE TABLE IF NOT EXISTS `vtiger_org_share_action_mapping` (
  `share_action_id` int(19) NOT NULL,
  `share_action_name` varchar(200) DEFAULT NULL
) ENGINE=InnoDB DEFAULT CHARSET=utf8;

--
-- 转存表中的数据 `vtiger_org_share_action_mapping`
--

INSERT INTO `vtiger_org_share_action_mapping` (`share_action_id`, `share_action_name`) VALUES
(0, 'Public: Read Only'),
(1, 'Public: Read, Create/Edit'),
(2, 'Public: Read, Create/Edit, Delete'),
(3, 'Private'),
(4, 'Hide Details'),
(5, 'Hide Details and Add Events'),
(6, 'Show Details'),
(7, 'Show Details and Add Events');

-- --------------------------------------------------------

--
-- 表的结构 `vtiger_othereventduration`
--

CREATE TABLE IF NOT EXISTS `vtiger_othereventduration` (
  `othereventdurationid` int(11) NOT NULL,
  `othereventduration` varchar(200) NOT NULL,
  `sortorderid` int(11) DEFAULT NULL,
  `presence` int(11) NOT NULL DEFAULT '1'
) ENGINE=InnoDB AUTO_INCREMENT=6 DEFAULT CHARSET=utf8;

--
-- 转存表中的数据 `vtiger_othereventduration`
--

INSERT INTO `vtiger_othereventduration` (`othereventdurationid`, `othereventduration`, `sortorderid`, `presence`) VALUES
(1, '5', 1, 1),
(2, '10', 2, 1),
(3, '30', 3, 1),
(4, '60', 4, 1),
(5, '120', 5, 1);

-- --------------------------------------------------------

--
-- 表的结构 `vtiger_othereventduration_seq`
--

CREATE TABLE IF NOT EXISTS `vtiger_othereventduration_seq` (
  `id` int(11) NOT NULL
) ENGINE=InnoDB DEFAULT CHARSET=utf8;

--
-- 转存表中的数据 `vtiger_othereventduration_seq`
--

INSERT INTO `vtiger_othereventduration_seq` (`id`) VALUES
(5);

-- --------------------------------------------------------

--
-- 表的结构 `vtiger_parenttab`
--

CREATE TABLE IF NOT EXISTS `vtiger_parenttab` (
  `parenttabid` int(19) NOT NULL,
  `parenttab_label` varchar(100) NOT NULL,
  `sequence` int(10) NOT NULL,
  `visible` int(2) NOT NULL DEFAULT '0'
) ENGINE=InnoDB DEFAULT CHARSET=utf8;

--
-- 转存表中的数据 `vtiger_parenttab`
--

INSERT INTO `vtiger_parenttab` (`parenttabid`, `parenttab_label`, `sequence`, `visible`) VALUES
(1, 'My Home Page', 1, 0),
(2, 'Marketing', 2, 0),
(3, 'Sales', 3, 0),
(4, 'Support', 4, 0),
(5, 'Analytics', 5, 0),
(6, 'Inventory', 6, 0),
(7, 'Tools', 7, 0),
(8, 'Settings', 8, 0);

-- --------------------------------------------------------

--
-- 表的结构 `vtiger_parenttabrel`
--

CREATE TABLE IF NOT EXISTS `vtiger_parenttabrel` (
  `parenttabid` int(19) NOT NULL,
  `tabid` int(19) NOT NULL,
  `sequence` int(3) NOT NULL
) ENGINE=InnoDB DEFAULT CHARSET=utf8;

--
-- 转存表中的数据 `vtiger_parenttabrel`
--

INSERT INTO `vtiger_parenttabrel` (`parenttabid`, `tabid`, `sequence`) VALUES
(1, 9, 2),
(1, 28, 4),
(1, 3, 1),
(3, 7, 1),
(3, 6, 2),
(3, 4, 3),
(3, 2, 4),
(3, 20, 5),
(3, 22, 6),
(3, 23, 7),
(3, 19, 8),
(3, 8, 9),
(4, 13, 1),
(4, 15, 2),
(4, 6, 3),
(4, 4, 4),
(4, 8, 5),
(5, 1, 2),
(5, 25, 1),
(6, 14, 1),
(6, 18, 2),
(6, 19, 3),
(6, 21, 4),
(6, 22, 5),
(6, 20, 6),
(6, 23, 7),
(7, 24, 1),
(7, 27, 2),
(7, 8, 3),
(2, 26, 1),
(2, 6, 2),
(2, 4, 3),
(2, 28, 4),
(4, 28, 7),
(2, 7, 5),
(2, 9, 6),
(4, 9, 8),
(2, 8, 8),
(3, 9, 11),
(6, 30, 8),
(6, 30, 9),
(7, 31, 4),
(7, 31, 5),
(4, 33, 9),
(4, 33, 10),
(7, 35, 6),
(7, 35, 7),
(7, 39, 8),
(7, 39, 9),
(7, 41, 10),
(7, 41, 11),
(7, 42, 12),
(7, 42, 13),
(4, 44, 11),
(4, 44, 12),
(4, 45, 13),
(4, 45, 14),
(4, 46, 15),
(4, 46, 16),
(6, 47, 10),
(6, 47, 11),
(7, 48, 14),
(7, 48, 15),
(8, 49, 1),
(8, 49, 2);

-- --------------------------------------------------------

--
-- 表的结构 `vtiger_payment_duration`
--

CREATE TABLE IF NOT EXISTS `vtiger_payment_duration` (
  `payment_duration_id` int(11) DEFAULT NULL,
  `payment_duration` varchar(200) DEFAULT NULL,
  `sortorderid` int(11) DEFAULT NULL,
  `presence` int(11) DEFAULT NULL
) ENGINE=InnoDB DEFAULT CHARSET=utf8;

--
-- 转存表中的数据 `vtiger_payment_duration`
--

INSERT INTO `vtiger_payment_duration` (`payment_duration_id`, `payment_duration`, `sortorderid`, `presence`) VALUES
(1, 'Net 30 days', 0, 1),
(2, 'Net 45 days', 1, 1),
(3, 'Net 60 days', 2, 1);

-- --------------------------------------------------------

--
-- 表的结构 `vtiger_payment_duration_seq`
--

CREATE TABLE IF NOT EXISTS `vtiger_payment_duration_seq` (
  `id` int(11) NOT NULL
) ENGINE=InnoDB DEFAULT CHARSET=utf8;

--
-- 转存表中的数据 `vtiger_payment_duration_seq`
--

INSERT INTO `vtiger_payment_duration_seq` (`id`) VALUES
(3);

-- --------------------------------------------------------

--
-- 表的结构 `vtiger_pbxmanager`
--

CREATE TABLE IF NOT EXISTS `vtiger_pbxmanager` (
  `pbxmanagerid` int(20) NOT NULL,
  `direction` varchar(10) DEFAULT NULL,
  `callstatus` varchar(20) DEFAULT NULL,
  `starttime` datetime DEFAULT NULL,
  `endtime` datetime DEFAULT NULL,
  `totalduration` int(11) DEFAULT NULL,
  `billduration` int(11) DEFAULT NULL,
  `recordingurl` varchar(200) DEFAULT NULL,
  `sourceuuid` varchar(100) DEFAULT NULL,
  `gateway` varchar(20) DEFAULT NULL,
  `customer` varchar(100) DEFAULT NULL,
  `user` varchar(100) DEFAULT NULL,
  `customernumber` varchar(100) DEFAULT NULL,
  `customertype` varchar(100) DEFAULT NULL
) ENGINE=InnoDB DEFAULT CHARSET=utf8;

-- --------------------------------------------------------

--
-- 表的结构 `vtiger_pbxmanagercf`
--

CREATE TABLE IF NOT EXISTS `vtiger_pbxmanagercf` (
  `pbxmanagerid` int(11) NOT NULL
) ENGINE=InnoDB DEFAULT CHARSET=utf8;

-- --------------------------------------------------------

--
-- 表的结构 `vtiger_pbxmanager_gateway`
--

CREATE TABLE IF NOT EXISTS `vtiger_pbxmanager_gateway` (
  `id` int(11) NOT NULL,
  `gateway` varchar(20) DEFAULT NULL,
  `parameters` text
) ENGINE=InnoDB DEFAULT CHARSET=utf8;

-- --------------------------------------------------------

--
-- 表的结构 `vtiger_pbxmanager_phonelookup`
--

CREATE TABLE IF NOT EXISTS `vtiger_pbxmanager_phonelookup` (
  `crmid` int(20) DEFAULT NULL,
  `setype` varchar(30) DEFAULT NULL,
  `fnumber` varchar(100) DEFAULT NULL,
  `rnumber` varchar(100) DEFAULT NULL,
  `fieldname` varchar(50) DEFAULT NULL
) ENGINE=InnoDB DEFAULT CHARSET=utf8;

--
-- 转存表中的数据 `vtiger_pbxmanager_phonelookup`
--

INSERT INTO `vtiger_pbxmanager_phonelookup` (`crmid`, `setype`, `fnumber`, `rnumber`, `fieldname`) VALUES
(6, 'Contacts', '63805688', '88650836', 'mobile'),
(10, 'Accounts', '26750230', '03205762', 'phone'),
(11, 'Contacts', '22112441', '14421122', 'phone'),
(18, 'Contacts', '25341688', '88614352', 'phone'),
(19, 'Accounts', '25341688', '88614352', 'phone'),
(108, 'Contacts', '60557146', '64175506', 'phone'),
(109, 'Accounts', '60557146', '64175506', 'phone');

-- --------------------------------------------------------

--
-- 表的结构 `vtiger_picklist`
--

CREATE TABLE IF NOT EXISTS `vtiger_picklist` (
  `picklistid` int(11) NOT NULL,
  `name` varchar(200) NOT NULL
) ENGINE=InnoDB AUTO_INCREMENT=49 DEFAULT CHARSET=utf8;

--
-- 转存表中的数据 `vtiger_picklist`
--

INSERT INTO `vtiger_picklist` (`picklistid`, `name`) VALUES
(1, 'accounttype'),
(2, 'activitytype'),
(45, 'assetstatus'),
(3, 'campaignstatus'),
(4, 'campaigntype'),
(5, 'carrier'),
(35, 'contract_priority'),
(34, 'contract_status'),
(36, 'contract_type'),
(48, 'defaultactivitytype'),
(47, 'defaulteventstatus'),
(6, 'eventstatus'),
(7, 'expectedresponse'),
(8, 'faqcategories'),
(9, 'faqstatus'),
(10, 'glacct'),
(11, 'industry'),
(12, 'invoicestatus'),
(13, 'leadsource'),
(14, 'leadstatus'),
(15, 'manufacturer'),
(16, 'opportunity_type'),
(17, 'postatus'),
(18, 'productcategory'),
(44, 'progress'),
(37, 'projectmilestonetype'),
(43, 'projectpriority'),
(41, 'projectstatus'),
(39, 'projecttaskpriority'),
(40, 'projecttaskprogress'),
(46, 'projecttaskstatus'),
(38, 'projecttasktype'),
(42, 'projecttype'),
(19, 'quotestage'),
(20, 'rating'),
(21, 'sales_stage'),
(22, 'salutationtype'),
(32, 'servicecategory'),
(31, 'service_usageunit'),
(23, 'sostatus'),
(24, 'taskpriority'),
(25, 'taskstatus'),
(26, 'ticketcategories'),
(27, 'ticketpriorities'),
(28, 'ticketseverities'),
(29, 'ticketstatus'),
(33, 'tracking_unit'),
(30, 'usageunit');

-- --------------------------------------------------------

--
-- 表的结构 `vtiger_picklistvalues_seq`
--

CREATE TABLE IF NOT EXISTS `vtiger_picklistvalues_seq` (
  `id` int(11) NOT NULL
) ENGINE=InnoDB DEFAULT CHARSET=utf8;

--
-- 转存表中的数据 `vtiger_picklistvalues_seq`
--

INSERT INTO `vtiger_picklistvalues_seq` (`id`) VALUES
(302);

-- --------------------------------------------------------

--
-- 表的结构 `vtiger_picklist_dependency`
--

CREATE TABLE IF NOT EXISTS `vtiger_picklist_dependency` (
  `id` int(11) NOT NULL,
  `tabid` int(19) NOT NULL,
  `sourcefield` varchar(255) DEFAULT NULL,
  `targetfield` varchar(255) DEFAULT NULL,
  `sourcevalue` varchar(100) DEFAULT NULL,
  `targetvalues` text,
  `criteria` text
) ENGINE=InnoDB DEFAULT CHARSET=utf8;

-- --------------------------------------------------------

--
-- 表的结构 `vtiger_picklist_seq`
--

CREATE TABLE IF NOT EXISTS `vtiger_picklist_seq` (
  `id` int(11) NOT NULL
) ENGINE=InnoDB DEFAULT CHARSET=utf8;

--
-- 转存表中的数据 `vtiger_picklist_seq`
--

INSERT INTO `vtiger_picklist_seq` (`id`) VALUES
(48);

-- --------------------------------------------------------

--
-- 表的结构 `vtiger_pobillads`
--

CREATE TABLE IF NOT EXISTS `vtiger_pobillads` (
  `pobilladdressid` int(19) NOT NULL DEFAULT '0',
  `bill_city` varchar(30) DEFAULT NULL,
  `bill_code` varchar(30) DEFAULT NULL,
  `bill_country` varchar(30) DEFAULT NULL,
  `bill_state` varchar(30) DEFAULT NULL,
  `bill_street` varchar(250) DEFAULT NULL,
  `bill_pobox` varchar(30) DEFAULT NULL
) ENGINE=InnoDB DEFAULT CHARSET=utf8;

-- --------------------------------------------------------

--
-- 表的结构 `vtiger_portal`
--

CREATE TABLE IF NOT EXISTS `vtiger_portal` (
  `portalid` int(19) NOT NULL,
  `portalname` varchar(200) NOT NULL,
  `portalurl` varchar(255) NOT NULL,
  `sequence` int(3) NOT NULL,
  `setdefault` int(3) NOT NULL DEFAULT '0',
  `createdtime` datetime DEFAULT NULL
) ENGINE=InnoDB DEFAULT CHARSET=utf8;

-- --------------------------------------------------------

--
-- 表的结构 `vtiger_portalinfo`
--

CREATE TABLE IF NOT EXISTS `vtiger_portalinfo` (
  `id` int(11) NOT NULL,
  `user_name` varchar(50) DEFAULT NULL,
  `user_password` varchar(30) DEFAULT NULL,
  `type` varchar(5) DEFAULT NULL,
  `last_login_time` datetime DEFAULT NULL,
  `login_time` datetime DEFAULT NULL,
  `logout_time` datetime DEFAULT NULL,
  `isactive` int(1) DEFAULT NULL
) ENGINE=InnoDB DEFAULT CHARSET=utf8;

-- --------------------------------------------------------

--
-- 表的结构 `vtiger_poshipads`
--

CREATE TABLE IF NOT EXISTS `vtiger_poshipads` (
  `poshipaddressid` int(19) NOT NULL DEFAULT '0',
  `ship_city` varchar(30) DEFAULT NULL,
  `ship_code` varchar(30) DEFAULT NULL,
  `ship_country` varchar(30) DEFAULT NULL,
  `ship_state` varchar(30) DEFAULT NULL,
  `ship_street` varchar(250) DEFAULT NULL,
  `ship_pobox` varchar(30) DEFAULT NULL
) ENGINE=InnoDB DEFAULT CHARSET=utf8;

-- --------------------------------------------------------

--
-- 表的结构 `vtiger_postatus`
--

CREATE TABLE IF NOT EXISTS `vtiger_postatus` (
  `postatusid` int(19) NOT NULL,
  `postatus` varchar(200) NOT NULL,
  `presence` int(1) NOT NULL DEFAULT '1',
  `picklist_valueid` int(19) NOT NULL DEFAULT '0',
  `sortorderid` int(11) DEFAULT NULL
) ENGINE=InnoDB AUTO_INCREMENT=6 DEFAULT CHARSET=utf8;

--
-- 转存表中的数据 `vtiger_postatus`
--

INSERT INTO `vtiger_postatus` (`postatusid`, `postatus`, `presence`, `picklist_valueid`, `sortorderid`) VALUES
(1, 'Created', 0, 130, 0),
(2, 'Approved', 0, 131, 1),
(3, 'Delivered', 0, 132, 2),
(4, 'Cancelled', 0, 133, 3),
(5, 'Received Shipment', 0, 134, 4);

-- --------------------------------------------------------

--
-- 表的结构 `vtiger_postatushistory`
--

CREATE TABLE IF NOT EXISTS `vtiger_postatushistory` (
  `historyid` int(19) NOT NULL,
  `purchaseorderid` int(19) NOT NULL,
  `vendorname` varchar(100) DEFAULT NULL,
  `total` decimal(10,0) DEFAULT NULL,
  `postatus` varchar(200) DEFAULT NULL,
  `lastmodified` datetime DEFAULT NULL
) ENGINE=InnoDB DEFAULT CHARSET=utf8;

-- --------------------------------------------------------

--
-- 表的结构 `vtiger_postatus_seq`
--

CREATE TABLE IF NOT EXISTS `vtiger_postatus_seq` (
  `id` int(11) NOT NULL
) ENGINE=InnoDB DEFAULT CHARSET=utf8;

--
-- 转存表中的数据 `vtiger_postatus_seq`
--

INSERT INTO `vtiger_postatus_seq` (`id`) VALUES
(5);

-- --------------------------------------------------------

--
-- 表的结构 `vtiger_potential`
--

CREATE TABLE IF NOT EXISTS `vtiger_potential` (
  `potentialid` int(19) NOT NULL DEFAULT '0',
  `potential_no` varchar(100) NOT NULL,
  `related_to` int(19) DEFAULT NULL,
  `potentialname` varchar(120) NOT NULL,
  `amount` decimal(25,8) DEFAULT NULL,
  `currency` varchar(20) DEFAULT NULL,
  `closingdate` date DEFAULT NULL,
  `typeofrevenue` varchar(50) DEFAULT NULL,
  `nextstep` varchar(100) DEFAULT NULL,
  `private` int(1) DEFAULT '0',
  `probability` decimal(7,3) DEFAULT '0.000',
  `campaignid` int(19) DEFAULT NULL,
  `sales_stage` varchar(200) DEFAULT NULL,
  `potentialtype` varchar(200) DEFAULT NULL,
  `leadsource` varchar(200) DEFAULT NULL,
  `productid` int(50) DEFAULT NULL,
  `productversion` varchar(50) DEFAULT NULL,
  `quotationref` varchar(50) DEFAULT NULL,
  `partnercontact` varchar(50) DEFAULT NULL,
  `remarks` varchar(50) DEFAULT NULL,
  `runtimefee` int(19) DEFAULT '0',
  `followupdate` date DEFAULT NULL,
  `evaluationstatus` varchar(50) DEFAULT NULL,
  `description` text,
  `forecastcategory` int(19) DEFAULT '0',
  `outcomeanalysis` int(19) DEFAULT '0',
  `forecast_amount` decimal(25,8) DEFAULT NULL,
  `isconvertedfromlead` varchar(3) DEFAULT '0',
  `contact_id` int(19) DEFAULT NULL
) ENGINE=InnoDB DEFAULT CHARSET=utf8;

--
-- 转存表中的数据 `vtiger_potential`
--

INSERT INTO `vtiger_potential` (`potentialid`, `potential_no`, `related_to`, `potentialname`, `amount`, `currency`, `closingdate`, `typeofrevenue`, `nextstep`, `private`, `probability`, `campaignid`, `sales_stage`, `potentialtype`, `leadsource`, `productid`, `productversion`, `quotationref`, `partnercontact`, `remarks`, `runtimefee`, `followupdate`, `evaluationstatus`, `description`, `forecastcategory`, `outcomeanalysis`, `forecast_amount`, `isconvertedfromlead`, `contact_id`) VALUES
(8, 'POT1', 7, 'Qing Cloud - ZeedAsia', '61395.34883721', NULL, '2016-07-30', NULL, '', 0, '60.000', 0, 'Closed Lost', '', 'Partner', NULL, NULL, NULL, NULL, NULL, 0, NULL, NULL, NULL, 0, 0, '36837.20930233', '0', 6),
(12, 'POT2', 10, 'Hydraulic Test for FM200', '40697.67441861', NULL, '2016-08-02', NULL, '', 0, '100.000', 0, 'Closed Won', '', 'Existing Customer', NULL, NULL, NULL, NULL, NULL, 0, NULL, NULL, NULL, 0, 0, '40697.67441861', '0', 11),
(16, 'POT3', 7, 'BOSG/PCCW professional service', '581.39534884', NULL, '2016-07-30', NULL, '', 0, '100.000', 0, 'Closed Won', '', 'Partner', NULL, NULL, NULL, NULL, NULL, 0, NULL, NULL, NULL, 0, 0, '581.39534884', '0', 0),
(24, 'POT4', 19, 'Professional Service', '2209.30232558', NULL, '2016-05-11', NULL, '', 0, '0.000', 0, 'Closed Won', 'New Business', 'Existing Customer', NULL, NULL, NULL, NULL, NULL, 0, NULL, NULL, NULL, 0, 0, '0.00000000', '0', 18),
(25, 'POT5', 19, 'Professional Service', '2209.30232558', NULL, '2016-06-22', NULL, '', 0, '0.000', 0, 'Closed Won', 'New Business', 'Existing Customer', NULL, NULL, NULL, NULL, NULL, 0, NULL, NULL, NULL, 0, 0, '0.00000000', '0', 18),
(30, 'POT6', 7, 'BOSG/PCCW Server and F5 Project', '813953.48837209', NULL, '2016-08-31', NULL, '', 0, '90.000', 0, 'Negotiation or Review', '', 'Partner', NULL, NULL, NULL, NULL, NULL, 0, NULL, NULL, NULL, 0, 0, '732558.13953488', '0', 6),
(33, 'POT7', 7, 'QingCloud - DR solution for 88 VMware', '63953.48837209', NULL, '2016-08-30', NULL, '', 0, '0.000', 0, 'Proposal or Price Quote', '', 'Partner', NULL, NULL, NULL, NULL, NULL, 0, NULL, NULL, NULL, 0, 0, '0.00000000', '0', 6),
(38, 'POT8', 34, 'McAfee', '459302.32558140', NULL, '2016-07-29', NULL, '', 0, '0.000', 0, 'Closed Won', 'New Business', 'Existing Customer', NULL, NULL, NULL, NULL, NULL, 0, NULL, NULL, NULL, 0, 0, '0.00000000', '0', 0),
(39, 'POT9', 35, 'Cisco Nexus 93120TX Switch', '325581.39534884', NULL, '2016-09-30', NULL, '', 0, '0.000', 0, 'Proposal or Price Quote', 'New Business', 'Partner', NULL, NULL, NULL, NULL, NULL, 0, NULL, NULL, NULL, 0, 0, '0.00000000', '0', 37),
(40, 'POT10', 34, 'F5', '188720.93023256', NULL, '2016-07-29', NULL, '', 0, '0.000', 0, 'Closed Won', 'New Business', 'Existing Customer', NULL, NULL, NULL, NULL, NULL, 0, NULL, NULL, NULL, 0, 0, '0.00000000', '0', 0),
(41, 'POT11', 34, 'Peplink', '53046.51162791', NULL, '2016-07-29', NULL, '', 0, '0.000', 0, 'Closed Won', 'New Business', 'Existing Customer', NULL, NULL, NULL, NULL, NULL, 0, NULL, NULL, NULL, 0, 0, '0.00000000', '0', 0),
(45, 'POT12', 7, 'JEC new office', '19767.44186047', NULL, '2016-08-31', NULL, '', 0, '80.000', 0, 'Negotiation or Review', '', 'Partner', NULL, NULL, NULL, NULL, NULL, 0, NULL, NULL, NULL, 0, 0, '15813.95348837', '0', 6),
(46, 'POT13', 44, 'SevOne', '0.00000000', NULL, '2016-08-31', NULL, '', 0, '0.000', 0, 'Perception Analysis', 'New Business', 'Existing Customer', NULL, NULL, NULL, NULL, NULL, 0, NULL, NULL, NULL, 0, 0, '0.00000000', '0', 43),
(50, 'POT14', 48, 'SevOne', '0.00000000', NULL, '2016-10-28', NULL, '', 0, '0.000', 0, 'Prospecting', 'New Business', 'Existing Customer', NULL, NULL, NULL, NULL, NULL, 0, NULL, NULL, NULL, 0, 0, '0.00000000', '0', 0),
(52, 'POT15', 47, 'Swire - SevOne', '1279069.76744190', NULL, '2016-09-30', NULL, '', 0, '90.000', 0, 'Negotiation or Review', '', '', NULL, NULL, NULL, NULL, NULL, 0, NULL, NULL, NULL, 0, 0, '1151162.79069770', '0', 49),
(53, 'POT16', 51, 'SevOne', '0.00000000', NULL, '2016-09-30', NULL, '', 0, '0.000', 0, 'Prospecting', 'New Business', 'Existing Customer', NULL, NULL, NULL, NULL, NULL, 0, NULL, NULL, NULL, 0, 0, '0.00000000', '0', 0),
(54, 'POT17', 34, 'SevOne', '0.00000000', NULL, '2016-09-30', NULL, '', 0, '0.000', 0, 'Perception Analysis', 'New Business', 'Existing Customer', NULL, NULL, NULL, NULL, NULL, 0, NULL, NULL, NULL, 0, 0, '0.00000000', '0', 0),
(56, 'POT18', 55, 'Dell PC', '523255.81395349', NULL, '2016-08-31', NULL, '', 0, '0.000', 0, 'Closed Lost', '', 'Existing Customer', NULL, NULL, NULL, NULL, NULL, 0, NULL, NULL, NULL, 0, 0, '0.00000000', '0', 0),
(57, 'POT19', 7, 'IRD - 1600 PCs installation', '813953.48837209', NULL, '2016-11-30', NULL, '', 0, '0.000', 0, 'Value Proposition', '', '', NULL, NULL, NULL, NULL, NULL, 0, NULL, NULL, NULL, 0, 0, '0.00000000', '0', 6),
(60, 'POT20', 58, 'QingCoud - small cloud for Web', '3348.83720930', NULL, '2016-08-20', NULL, '', 0, '90.000', 0, 'Closed Won', '', '', NULL, NULL, NULL, NULL, NULL, 0, NULL, NULL, NULL, 0, 0, '3013.95348837', '0', 59),
(62, 'POT21', 61, 'SevOne', '0.00000000', NULL, '2016-10-14', NULL, '', 0, '0.000', 0, 'Prospecting', 'New Business', 'Existing Customer', NULL, NULL, NULL, NULL, NULL, 0, NULL, NULL, NULL, 0, 0, '0.00000000', '0', 0),
(64, 'POT22', 58, 'QingCoud - ERP', '9302.32558140', NULL, '2016-09-30', NULL, '', 0, '0.000', 0, 'Value Proposition', '', '', NULL, NULL, NULL, NULL, NULL, 0, NULL, NULL, NULL, 0, 0, '0.00000000', '0', 59),
(65, 'POT23', 63, 'PA Firewall', '232558.13953488', NULL, '2016-09-30', NULL, '', 0, '0.000', 0, 'Needs Analysis', 'New Business', 'Existing Customer', NULL, NULL, NULL, NULL, NULL, 0, NULL, NULL, NULL, 0, 0, '0.00000000', '0', 0),
(67, 'POT24', 66, 'VDI', '732558.13953488', NULL, '2016-10-28', NULL, '', 0, '0.000', 0, 'Prospecting', 'New Business', 'Existing Customer', NULL, NULL, NULL, NULL, NULL, 0, NULL, NULL, NULL, 0, 0, '0.00000000', '0', 0),
(68, 'POT25', 7, '80 PC clone and 30 AP fireware', '40116.27906977', NULL, '2016-08-31', NULL, '', 0, '80.000', 0, 'Negotiation or Review', '', 'Partner', NULL, NULL, NULL, NULL, NULL, 0, NULL, NULL, NULL, 0, 0, '32093.02325581', '0', 6),
(69, 'POT26', 7, 'NowTV project - Network and Cabling', '2302325.58139530', NULL, '2016-09-30', NULL, '', 0, '50.000', 0, 'Closed Lost', '', '', NULL, NULL, NULL, NULL, NULL, 0, NULL, NULL, NULL, 0, 0, '1151162.79069770', '0', 6),
(70, 'POT27', 7, '政務', '290697.67441860', NULL, '2016-09-30', NULL, '', 0, '50.000', 0, 'Closed Lost', '', 'Partner', NULL, NULL, NULL, NULL, NULL, 0, NULL, NULL, NULL, 0, 0, '145348.83720930', '0', 6),
(74, 'POT28', 72, 'Server Room', '930232.55813953', NULL, '2016-11-30', NULL, '', 0, '20.000', 0, 'Qualification', '', '', NULL, NULL, NULL, NULL, NULL, 0, NULL, NULL, NULL, 0, 0, '186046.51162791', '0', 0),
(77, 'POT29', 75, 'BU - IP Phone project', '424418.60465116', NULL, '2016-08-31', NULL, '', 0, '99.000', 0, 'Closed Lost', '', '', NULL, NULL, NULL, NULL, NULL, 0, NULL, NULL, NULL, 0, 0, '420174.41860465', '0', 0),
(80, 'POT30', 78, 'Network Revamp', '87209.30232558', NULL, '2016-08-31', NULL, '', 0, '100.000', 0, 'Closed Won', '', '', NULL, NULL, NULL, NULL, NULL, 0, NULL, NULL, NULL, 0, 0, '87209.30232558', '0', 0),
(81, 'POT31', 66, 'Wifi deployment', '0.00000000', NULL, '2016-09-30', NULL, '', 0, '0.000', 0, 'Prospecting', 'New Business', 'Existing Customer', NULL, NULL, NULL, NULL, NULL, 0, NULL, NULL, NULL, 0, 0, '0.00000000', '0', 0),
(82, 'POT32', 66, 'Cabling', '87674.41860465', NULL, '2016-09-30', NULL, '', 0, '0.000', 0, 'Negotiation or Review', 'Existing Business', 'Existing Customer', NULL, NULL, NULL, NULL, NULL, 0, NULL, NULL, NULL, 0, 0, '0.00000000', '0', 0),
(83, 'POT33', 66, 'IP Cam', '0.00000000', NULL, '2016-09-30', NULL, '', 0, '0.000', 0, 'Prospecting', 'New Business', 'Existing Customer', NULL, NULL, NULL, NULL, NULL, 0, NULL, NULL, NULL, 0, 0, '0.00000000', '0', 0),
(84, 'POT34', 0, '测试', '116279.06976744', NULL, '2016-08-17', NULL, '', 0, '100.000', 0, 'Prospecting', '', '', NULL, NULL, NULL, NULL, NULL, 0, NULL, NULL, NULL, 0, 0, '116279.06976744', '0', 0),
(88, 'POT35', 106, 'PLDsec', '174418.60465116', NULL, '2016-09-30', NULL, 'meeting with customer', 0, '50.000', 0, 'Qualification', 'New Business', 'Self Generated', NULL, NULL, NULL, NULL, NULL, 0, NULL, NULL, NULL, 0, 0, '87209.30232558', '0', 86),
(91, 'POT36', 90, 'CMS FT', '232558.13953488', NULL, '2016-08-31', NULL, 'Wating PO', 0, '90.000', 0, 'Negotiation or Review', 'New Business', 'Self Generated', NULL, NULL, NULL, NULL, NULL, 0, NULL, NULL, NULL, 0, 0, '209302.32558140', '0', 89),
(94, 'POT37', 93, 'Galaxy FT', '174418.60465116', NULL, '2016-09-30', NULL, 'Wating RFQ', 0, '0.000', 0, 'Value Proposition', 'New Business', 'Self Generated', NULL, NULL, NULL, NULL, NULL, 0, NULL, NULL, NULL, 0, 0, '0.00000000', '0', 92),
(97, 'POT38', 95, 'Switch and Server MA', '174418.60465116', NULL, '2016-10-31', NULL, '', 0, '0.000', 0, 'Value Proposition', 'New Business', 'Self Generated', NULL, NULL, NULL, NULL, NULL, 0, NULL, NULL, NULL, 0, 0, '0.00000000', '0', 96),
(100, 'POT39', 98, 'Email Archive', '174418.60465116', NULL, '2016-09-30', NULL, 'DEMO', 0, '0.000', 0, 'Value Proposition', 'New Business', 'Self Generated', NULL, NULL, NULL, NULL, NULL, 0, NULL, NULL, NULL, 0, 0, '0.00000000', '0', 99),
(102, 'POT40', 101, 'APT', '174418.60465116', NULL, '2016-09-30', NULL, 'Customer Meeting', 0, '0.000', 0, 'Needs Analysis', 'New Business', 'Self Generated', NULL, NULL, NULL, NULL, NULL, 0, NULL, NULL, NULL, 0, 0, '0.00000000', '0', 107),
(105, 'POT41', 103, 'SevOne', '151162.79069767', NULL, '2016-09-30', NULL, '', 0, '90.000', 0, 'Negotiation or Review', 'New Business', 'Self Generated', NULL, NULL, NULL, NULL, NULL, 0, NULL, NULL, NULL, 0, 0, '136046.51162791', '0', 104),
(111, 'POT42', 0, '测试', '11627.90697674', NULL, '2016-08-23', NULL, '', 0, '0.000', 0, 'Prospecting', 'New Business', 'Cold Call', NULL, NULL, NULL, NULL, NULL, 0, NULL, NULL, NULL, 0, 0, '0.00000000', '0', 0),
(116, 'POT43', 0, 'test test', '200708.13953488', NULL, '2016-08-31', NULL, '', 0, '0.000', 0, 'Prospecting', 'New Business', 'Existing Customer', NULL, NULL, NULL, NULL, NULL, 0, NULL, NULL, NULL, 0, 0, '0.00000000', '0', 76),
(119, 'POT44', 90, 'STRATUS RENEW', '44767.44186047', NULL, '2016-08-31', NULL, 'preare quotation', 0, '0.000', 0, 'Proposal or Price Quote', 'New Business', 'Self Generated', NULL, NULL, NULL, NULL, NULL, 0, NULL, NULL, NULL, 0, 0, '0.00000000', '0', 89),
(122, 'POT45', 103, 'test from Toby', '209302.32558140', NULL, '2016-08-27', NULL, '', 0, '0.000', 0, 'Prospecting', '', '', NULL, NULL, NULL, NULL, NULL, 0, NULL, NULL, NULL, 0, 0, '0.00000000', '0', 108),
(125, 'POT46', 19, 'Cabling', '1744.18604651', NULL, '2016-08-25', NULL, '', 0, '100.000', 0, 'Closed Won', 'New Business', 'Existing Customer', NULL, NULL, NULL, NULL, NULL, 0, NULL, NULL, NULL, 0, 0, '1744.18604651', '0', 0),
(128, 'POT47', 127, 'Log management', '69767.44186047', NULL, '2016-10-31', NULL, '', 0, '0.000', 0, 'Qualification', 'New Business', 'Self Generated', NULL, NULL, NULL, NULL, NULL, 0, NULL, NULL, NULL, 0, 0, '0.00000000', '0', 126),
(131, 'POT48', 130, 'V-Scan', '232558.13953488', NULL, '2016-10-31', NULL, '', 0, '0.000', 0, 'Id. Decision Makers', 'New Business', 'Self Generated', NULL, NULL, NULL, NULL, NULL, 0, NULL, NULL, NULL, 0, 0, '0.00000000', '0', 129),
(133, 'POT49', 132, 'V-Scan', '139534.88372093', NULL, '2016-10-31', NULL, '', 0, '0.000', 0, 'Value Proposition', 'New Business', 'Self Generated', NULL, NULL, NULL, NULL, NULL, 0, NULL, NULL, NULL, 0, 0, '0.00000000', '0', 142),
(136, 'POT50', 134, 'Cross Connect 2M', '5116.27906977', NULL, '2016-10-29', NULL, '', 0, '60.000', 0, 'Prospecting', '', '', NULL, NULL, NULL, NULL, NULL, 0, NULL, NULL, NULL, 0, 0, '3069.76744186', '0', 0),
(137, 'POT51', 90, 'New Server', '93023.25581395', NULL, '2016-10-31', NULL, '', 0, '40.000', 0, 'Value Proposition', 'New Business', 'Self Generated', NULL, NULL, NULL, NULL, NULL, 0, NULL, NULL, NULL, 0, 0, '37209.30232558', '0', 89),
(140, 'POT52', 98, 'Online Storage', '29069.76744186', NULL, '2016-09-30', NULL, '', 0, '50.000', 0, 'Qualification', 'New Business', 'Self Generated', NULL, NULL, NULL, NULL, NULL, 0, NULL, NULL, NULL, 0, 0, '14534.88372093', '0', 139),
(141, 'POT53', 98, 'Procurement system', '34883.72093023', NULL, '2016-11-30', NULL, '', 0, '30.000', 0, 'Qualification', 'New Business', 'Self Generated', NULL, NULL, NULL, NULL, NULL, 0, NULL, NULL, NULL, 0, 0, '10465.11627907', '0', 139),
(143, 'POT54', 7, 'MTR new room / PCCW', '58139.53488372', NULL, '2016-09-30', NULL, '', 0, '50.000', 0, 'Closed Lost', '', '', NULL, NULL, NULL, NULL, NULL, 0, NULL, NULL, NULL, 0, 0, '29069.76744186', '0', 0),
(145, 'POT55', 48, 'Man Day', '27906.97674419', NULL, '2016-10-14', NULL, '', 0, '0.000', 0, 'Needs Analysis', 'New Business', 'Existing Customer', NULL, NULL, NULL, NULL, NULL, 0, NULL, NULL, NULL, 0, 0, '0.00000000', '0', 0),
(148, 'POT56', 7, 'BOSH x3650M5 server', '58240.69767442', NULL, '2016-09-24', NULL, '', 0, '100.000', 0, 'Negotiation or Review', '', '', NULL, NULL, NULL, NULL, NULL, 0, NULL, NULL, NULL, 0, 0, '58240.69767442', '0', 0),
(149, 'POT57', 0, 'MaaS - Microware', '0.00000000', NULL, '2016-10-29', NULL, '', 0, '80.000', 0, 'Proposal or Price Quote', '', '', NULL, NULL, NULL, NULL, NULL, 0, NULL, NULL, NULL, 0, 0, '0.00000000', '0', 0),
(150, 'POT58', 66, 'Man Day', '46511.62790698', NULL, '2016-10-14', NULL, '', 0, '0.000', 0, 'Negotiation or Review', 'New Business', 'Existing Customer', NULL, NULL, NULL, NULL, NULL, 0, NULL, NULL, NULL, 0, 0, '0.00000000', '0', 0),
(151, 'POT59', 47, 'Sun Fook Hong - SevOne', '116279.06976744', NULL, '2016-10-29', NULL, '', 0, '60.000', 0, 'Prospecting', '', '', NULL, NULL, NULL, NULL, NULL, 0, NULL, NULL, NULL, 0, 0, '69767.44186047', '0', 0),
(152, 'POT60', 7, 'installation - VMware', '40697.67441861', NULL, '2016-10-29', NULL, '', 0, '70.000', 0, 'Negotiation or Review', '', '', NULL, NULL, NULL, NULL, NULL, 0, NULL, NULL, NULL, 0, 0, '28488.37209302', '0', 0),
(153, 'POT61', 7, 'SevOne - PCCW', '232558.13953488', NULL, '2016-10-29', NULL, '', 0, '0.000', 0, 'Qualification', '', '', NULL, NULL, NULL, NULL, NULL, 0, NULL, NULL, NULL, 0, 0, '0.00000000', '0', 0),
(155, 'POT62', 154, 'Network infrastructure project', '257605.81395349', NULL, '2016-09-26', NULL, '', 0, '100.000', 0, 'Closed Won', 'New Business', 'Self Generated', NULL, NULL, NULL, NULL, NULL, 0, NULL, NULL, NULL, 0, 0, '257605.81395349', '0', 0),
(156, 'POT63', 101, 'Firewall revamp', '58139.53488372', NULL, '2016-12-31', NULL, '', 0, '30.000', 0, 'Value Proposition', 'New Business', 'Self Generated', NULL, NULL, NULL, NULL, NULL, 0, NULL, NULL, NULL, 0, 0, '17441.86046512', '0', 107),
(160, 'POT64', 159, 'V-Scan', '116279.06976744', NULL, '2016-12-31', NULL, '', 0, '0.000', 0, 'Value Proposition', 'New Business', 'Self Generated', NULL, NULL, NULL, NULL, NULL, 0, NULL, NULL, NULL, 0, 0, '0.00000000', '0', 157),
(161, 'POT65', 159, 'Express Cluster', '211627.90697674', NULL, '2017-01-31', NULL, '', 0, '30.000', 0, 'Value Proposition', 'New Business', 'Self Generated', NULL, NULL, NULL, NULL, NULL, 0, NULL, NULL, NULL, 0, 0, '63488.37209302', '0', 157),
(162, 'POT66', 165, 'partner - ChinaComm', '0.00000000', NULL, '2016-11-26', NULL, '', 0, '0.000', 0, 'Prospecting', '', '', NULL, NULL, NULL, NULL, NULL, 0, NULL, NULL, NULL, 0, 0, '0.00000000', '0', 0),
(163, 'POT67', 164, 'partner - MNT', '116279.06976744', NULL, '2016-11-26', NULL, '', 0, '60.000', 0, 'Prospecting', '', '', NULL, NULL, NULL, NULL, NULL, 0, NULL, NULL, NULL, 0, 0, '69767.44186047', '0', 0),
(167, 'POT68', 166, 'partner - Super Light', '0.00000000', NULL, '2016-11-30', NULL, '', 0, '0.000', 0, 'Prospecting', '', '', NULL, NULL, NULL, NULL, NULL, 0, NULL, NULL, NULL, 0, 0, '0.00000000', '0', 0),
(169, 'POT69', 168, 'CCTV Project', '209302.32558140', NULL, '2016-10-29', NULL, '', 0, '0.000', 0, 'Prospecting', 'New Business', 'Existing Customer', NULL, NULL, NULL, NULL, NULL, 0, NULL, NULL, NULL, 0, 0, '0.00000000', '0', 0),
(170, 'POT70', 154, 'Cabling', '93023.25581395', NULL, '2016-10-29', NULL, '', 0, '0.000', 0, 'Prospecting', 'New Business', 'Existing Customer', NULL, NULL, NULL, NULL, NULL, 0, NULL, NULL, NULL, 0, 0, '0.00000000', '0', 0),
(171, 'POT71', 154, 'IP Phone system', '0.00000000', NULL, '2016-10-29', NULL, '', 0, '0.000', 0, 'Prospecting', 'New Business', 'Existing Customer', NULL, NULL, NULL, NULL, NULL, 0, NULL, NULL, NULL, 0, 0, '0.00000000', '0', 0);

-- --------------------------------------------------------

--
-- 表的结构 `vtiger_potentialscf`
--

CREATE TABLE IF NOT EXISTS `vtiger_potentialscf` (
  `potentialid` int(19) NOT NULL DEFAULT '0'
) ENGINE=InnoDB DEFAULT CHARSET=utf8;

--
-- 转存表中的数据 `vtiger_potentialscf`
--

INSERT INTO `vtiger_potentialscf` (`potentialid`) VALUES
(8),
(12),
(16),
(24),
(25),
(30),
(33),
(38),
(39),
(40),
(41),
(45),
(46),
(50),
(52),
(53),
(54),
(56),
(57),
(60),
(62),
(64),
(65),
(67),
(68),
(69),
(70),
(74),
(77),
(80),
(81),
(82),
(83),
(84),
(88),
(91),
(94),
(97),
(100),
(102),
(105),
(111),
(116),
(119),
(122),
(125),
(128),
(131),
(133),
(136),
(137),
(140),
(141),
(143),
(145),
(148),
(149),
(150),
(151),
(152),
(153),
(155),
(156),
(160),
(161),
(162),
(163),
(167),
(169),
(170),
(171);

-- --------------------------------------------------------

--
-- 表的结构 `vtiger_potstagehistory`
--

CREATE TABLE IF NOT EXISTS `vtiger_potstagehistory` (
  `historyid` int(19) NOT NULL,
  `potentialid` int(19) NOT NULL,
  `amount` decimal(10,0) DEFAULT NULL,
  `stage` varchar(100) DEFAULT NULL,
  `probability` decimal(7,3) DEFAULT NULL,
  `expectedrevenue` decimal(10,0) DEFAULT NULL,
  `closedate` date DEFAULT NULL,
  `lastmodified` datetime DEFAULT NULL
) ENGINE=InnoDB AUTO_INCREMENT=13 DEFAULT CHARSET=utf8;

--
-- 转存表中的数据 `vtiger_potstagehistory`
--

INSERT INTO `vtiger_potstagehistory` (`historyid`, `potentialid`, `amount`, `stage`, `probability`, `expectedrevenue`, `closedate`, `lastmodified`) VALUES
(1, 12, '35', 'Negotiation or Review', '0.000', '0', '2016-08-02', '2016-08-01 07:14:54'),
(2, 16, '500', 'Negotiation or Review', '0.000', '0', '2016-07-30', '2016-08-01 07:15:18'),
(3, 60, '2', 'Negotiation or Review', '90.000', '0', '2016-08-20', '2016-08-17 07:13:47'),
(4, 70, '250', 'Negotiation or Review', '50.000', '0', '2016-09-30', '2016-08-31 04:39:33'),
(5, 69, '1', 'Negotiation or Review', '50.000', '0', '2016-09-30', '2016-09-20 06:25:20'),
(6, 8, '52', 'Proposal or Price Quote', '60.000', '0', '2016-07-30', '2016-09-27 02:10:15'),
(7, 56, '450', 'Negotiation or Review', '0.000', '0', '2016-08-31', '2016-09-27 03:46:35'),
(8, 80, '75000', 'Negotiation or Review', '100.000', '0', '2016-08-31', '2016-10-04 01:44:39'),
(9, 150, '40000', 'Needs Analysis', '0.000', '0', '2016-09-30', '2016-10-04 02:22:38'),
(10, 82, '75400', 'Prospecting', '0.000', '0', '2016-09-30', '2016-10-04 02:24:14'),
(11, 143, '50', 'Qualification', '50.000', '0', '2016-09-30', '2016-10-04 02:34:25'),
(12, 77, '365', 'Negotiation or Review', '99.000', '0', '2016-08-31', '2016-10-11 02:18:38');

-- --------------------------------------------------------

--
-- 表的结构 `vtiger_pricebook`
--

CREATE TABLE IF NOT EXISTS `vtiger_pricebook` (
  `pricebookid` int(19) NOT NULL DEFAULT '0',
  `pricebook_no` varchar(100) NOT NULL,
  `bookname` varchar(100) DEFAULT NULL,
  `active` int(1) DEFAULT NULL,
  `currency_id` int(19) NOT NULL DEFAULT '1'
) ENGINE=InnoDB DEFAULT CHARSET=utf8;

-- --------------------------------------------------------

--
-- 表的结构 `vtiger_pricebookcf`
--

CREATE TABLE IF NOT EXISTS `vtiger_pricebookcf` (
  `pricebookid` int(19) NOT NULL DEFAULT '0'
) ENGINE=InnoDB DEFAULT CHARSET=utf8;

-- --------------------------------------------------------

--
-- 表的结构 `vtiger_pricebookproductrel`
--

CREATE TABLE IF NOT EXISTS `vtiger_pricebookproductrel` (
  `pricebookid` int(19) NOT NULL,
  `productid` int(19) NOT NULL,
  `listprice` decimal(27,8) DEFAULT NULL,
  `usedcurrency` int(11) NOT NULL DEFAULT '1'
) ENGINE=InnoDB DEFAULT CHARSET=utf8;

-- --------------------------------------------------------

--
-- 表的结构 `vtiger_priority`
--

CREATE TABLE IF NOT EXISTS `vtiger_priority` (
  `priorityid` int(19) NOT NULL,
  `priority` varchar(200) NOT NULL,
  `sortorderid` int(19) NOT NULL DEFAULT '0',
  `presence` int(1) NOT NULL DEFAULT '1'
) ENGINE=InnoDB DEFAULT CHARSET=utf8;

-- --------------------------------------------------------

--
-- 表的结构 `vtiger_productcategory`
--

CREATE TABLE IF NOT EXISTS `vtiger_productcategory` (
  `productcategoryid` int(19) NOT NULL,
  `productcategory` varchar(200) NOT NULL,
  `presence` int(1) NOT NULL DEFAULT '1',
  `picklist_valueid` int(19) NOT NULL DEFAULT '0',
  `sortorderid` int(11) DEFAULT NULL
) ENGINE=InnoDB AUTO_INCREMENT=5 DEFAULT CHARSET=utf8;

--
-- 转存表中的数据 `vtiger_productcategory`
--

INSERT INTO `vtiger_productcategory` (`productcategoryid`, `productcategory`, `presence`, `picklist_valueid`, `sortorderid`) VALUES
(2, 'Hardware', 1, 136, 1),
(3, 'Software', 1, 137, 2),
(4, 'CRM Applications', 1, 138, 3);

-- --------------------------------------------------------

--
-- 表的结构 `vtiger_productcategory_seq`
--

CREATE TABLE IF NOT EXISTS `vtiger_productcategory_seq` (
  `id` int(11) NOT NULL
) ENGINE=InnoDB DEFAULT CHARSET=utf8;

--
-- 转存表中的数据 `vtiger_productcategory_seq`
--

INSERT INTO `vtiger_productcategory_seq` (`id`) VALUES
(4);

-- --------------------------------------------------------

--
-- 表的结构 `vtiger_productcf`
--

CREATE TABLE IF NOT EXISTS `vtiger_productcf` (
  `productid` int(19) NOT NULL DEFAULT '0'
) ENGINE=InnoDB DEFAULT CHARSET=utf8;

--
-- 转存表中的数据 `vtiger_productcf`
--

INSERT INTO `vtiger_productcf` (`productid`) VALUES
(4),
(9),
(13),
(21),
(23),
(29),
(31),
(32),
(42),
(110);

-- --------------------------------------------------------

--
-- 表的结构 `vtiger_productcurrencyrel`
--

CREATE TABLE IF NOT EXISTS `vtiger_productcurrencyrel` (
  `productid` int(11) NOT NULL,
  `currencyid` int(11) NOT NULL,
  `converted_price` decimal(28,8) DEFAULT NULL,
  `actual_price` decimal(28,8) DEFAULT NULL
) ENGINE=InnoDB DEFAULT CHARSET=utf8;

--
-- 转存表中的数据 `vtiger_productcurrencyrel`
--

INSERT INTO `vtiger_productcurrencyrel` (`productid`, `currencyid`, `converted_price`, `actual_price`) VALUES
(5, 2, '1900.00000000', '1900.00000000'),
(4, 2, '500.00000000', '500.00000000'),
(13, 2, '28000.00000000', '28000.00000000'),
(21, 2, '1900.00000000', '1900.00000000'),
(9, 2, '1.00000000', '1.00000000'),
(29, 2, '395000.00000000', '395000.00000000'),
(32, 2, '45620.00000000', '45620.00000000'),
(31, 2, '162300.00000000', '162300.00000000'),
(42, 2, '0.00000000', '0.00000000'),
(110, 1, '400.00000000', '0.00000000'),
(110, 2, '344.00000000', '400.00000000'),
(23, 2, '1900.00000000', '1900.00000000');

-- --------------------------------------------------------

--
-- 表的结构 `vtiger_products`
--

CREATE TABLE IF NOT EXISTS `vtiger_products` (
  `productid` int(11) NOT NULL,
  `product_no` varchar(100) NOT NULL,
  `productname` varchar(100) DEFAULT NULL,
  `productcode` varchar(40) DEFAULT NULL,
  `productcategory` varchar(200) DEFAULT NULL,
  `manufacturer` varchar(200) DEFAULT NULL,
  `qty_per_unit` decimal(11,2) DEFAULT '0.00',
  `unit_price` decimal(25,8) DEFAULT NULL,
  `weight` decimal(11,3) DEFAULT NULL,
  `pack_size` int(11) DEFAULT NULL,
  `sales_start_date` date DEFAULT NULL,
  `sales_end_date` date DEFAULT NULL,
  `start_date` date DEFAULT NULL,
  `expiry_date` date DEFAULT NULL,
  `cost_factor` int(11) DEFAULT NULL,
  `commissionrate` decimal(7,3) DEFAULT NULL,
  `commissionmethod` varchar(50) DEFAULT NULL,
  `discontinued` int(1) NOT NULL DEFAULT '0',
  `usageunit` varchar(200) DEFAULT NULL,
  `reorderlevel` int(11) DEFAULT NULL,
  `website` varchar(100) DEFAULT NULL,
  `taxclass` varchar(200) DEFAULT NULL,
  `mfr_part_no` varchar(200) DEFAULT NULL,
  `vendor_part_no` varchar(200) DEFAULT NULL,
  `serialno` varchar(200) DEFAULT NULL,
  `qtyinstock` decimal(25,3) DEFAULT NULL,
  `productsheet` varchar(200) DEFAULT NULL,
  `qtyindemand` int(11) DEFAULT NULL,
  `glacct` varchar(200) DEFAULT NULL,
  `vendor_id` int(11) DEFAULT NULL,
  `imagename` text,
  `currency_id` int(19) NOT NULL DEFAULT '1'
) ENGINE=InnoDB DEFAULT CHARSET=utf8;

--
-- 转存表中的数据 `vtiger_products`
--

INSERT INTO `vtiger_products` (`productid`, `product_no`, `productname`, `productcode`, `productcategory`, `manufacturer`, `qty_per_unit`, `unit_price`, `weight`, `pack_size`, `sales_start_date`, `sales_end_date`, `start_date`, `expiry_date`, `cost_factor`, `commissionrate`, `commissionmethod`, `discontinued`, `usageunit`, `reorderlevel`, `website`, `taxclass`, `mfr_part_no`, `vendor_part_no`, `serialno`, `qtyinstock`, `productsheet`, `qtyindemand`, `glacct`, `vendor_id`, `imagename`, `currency_id`) VALUES
(4, 'PRO1', 'Professional service', '', '', '', '1.00', '500.00000000', NULL, NULL, NULL, NULL, NULL, NULL, NULL, '0.000', NULL, 1, '', 0, '', '', '', '', '', '1.000', '', 0, '', 0, '', 2),
(9, 'PRO2', 'QingCloud', '', '', '', '0.00', '1.00000000', NULL, NULL, NULL, NULL, NULL, NULL, NULL, '0.000', NULL, 1, '', 0, '', '', '', '', '', '0.000', '', 0, '', 0, '', 2),
(13, 'PRO3', 'Hydraulic Test for FM200', '', 'Software', '', '1.00', '28000.00000000', NULL, NULL, '2016-07-28', NULL, NULL, NULL, NULL, '0.000', NULL, 1, 'Each', 0, '', '', '', '', '', '1.000', '', 0, '', 0, '', 2),
(21, 'PRO4', 'Professional Service', '', '', '', '1.00', '1900.00000000', NULL, NULL, NULL, '2016-05-11', '2016-05-11', '2016-05-11', NULL, '0.000', NULL, 1, '', 0, '', '', '', '', '', '0.000', '', 0, '', 20, '', 2),
(23, 'PRO5', 'Professional Service', '', '', '', '1.00', '1900.00000000', NULL, NULL, '2016-06-22', '2016-06-22', '2016-06-22', '2016-06-22', NULL, '0.000', NULL, 1, '', 0, '', '', '', '', '', '0.000', '', 0, '', 22, '', 2),
(29, 'PRO6', 'McAfee IPS', '', '', '', '1.00', '395000.00000000', NULL, NULL, '2016-07-25', '2016-07-29', '2016-07-25', NULL, NULL, '0.000', NULL, 1, '', 0, '', '', '', '', '', '1.000', '', 0, '', 28, '', 2),
(31, 'PRO7', 'F5', '', '', '', '1.00', '162300.00000000', NULL, NULL, '2016-07-25', '2016-07-30', '2016-07-30', NULL, NULL, '0.000', NULL, 1, '', 0, '', '', '', '', '', '1.000', '', 0, '', 28, '', 2),
(32, 'PRO8', 'Peplink', '', '', '', '1.00', '45620.00000000', NULL, NULL, '2016-07-25', '2016-07-29', '2016-07-29', NULL, NULL, '0.000', NULL, 1, '', 0, '', '', '', '', '', '1.000', '', 0, '', 28, '', 2),
(42, 'PRO9', 'SevOne', '', '', '', '1.00', '0.00000000', NULL, NULL, '2016-07-04', '2016-08-27', '2016-07-04', '2016-08-31', NULL, '0.000', NULL, 1, 'Box', 0, '', '', '', '', '', '1.000', '', 0, '', 0, '', 2),
(110, 'PRO10', 'Cloud Endpoint LIC', 'CES13CSAA', '', '', '1.00', '400.00000000', NULL, NULL, '2016-08-22', '2016-08-27', '2016-08-23', '2019-08-22', NULL, '0.000', NULL, 1, 'Each', 0, '', '', '', '', '', '0.000', '', 0, '', 0, '', 2);

-- --------------------------------------------------------

--
-- 表的结构 `vtiger_producttaxrel`
--

CREATE TABLE IF NOT EXISTS `vtiger_producttaxrel` (
  `productid` int(11) NOT NULL,
  `taxid` int(3) NOT NULL,
  `taxpercentage` decimal(7,3) DEFAULT NULL
) ENGINE=InnoDB DEFAULT CHARSET=utf8;

-- --------------------------------------------------------

--
-- 表的结构 `vtiger_profile`
--

CREATE TABLE IF NOT EXISTS `vtiger_profile` (
  `profileid` int(10) NOT NULL,
  `profilename` varchar(50) NOT NULL,
  `description` text,
  `directly_related_to_role` int(1) DEFAULT '0'
) ENGINE=InnoDB AUTO_INCREMENT=14 DEFAULT CHARSET=utf8;

--
-- 转存表中的数据 `vtiger_profile`
--

INSERT INTO `vtiger_profile` (`profileid`, `profilename`, `description`, `directly_related_to_role`) VALUES
(1, 'Administrator', 'Admin Profile', 0),
(2, 'Sales Profile', 'Profile Related to Sales', 0),
(3, 'Support Profile', 'Profile Related to Support', 0),
(4, 'Guest Profile', 'Guest Profile for Test Users', 0),
(5, 'Vice President-E+配置', NULL, 1),
(6, 'Sales Manager-Aska+配置', NULL, 1),
(7, 'Sales Manager-Sampras+配置', NULL, 1),
(8, 'Sales Director-Kevin+配置', NULL, 1),
(9, 'Sales Manager-Dick+配置', NULL, 1),
(10, 'Sales Director- Henry+配置', NULL, 1),
(11, 'Sales Manager-Raymond+配置', NULL, 1),
(12, 'Sales Manager-Jennifer+配置', NULL, 1),
(13, 'Admin+配置', NULL, 1);

-- --------------------------------------------------------

--
-- 表的结构 `vtiger_profile2field`
--

CREATE TABLE IF NOT EXISTS `vtiger_profile2field` (
  `profileid` int(11) NOT NULL,
  `tabid` int(10) DEFAULT NULL,
  `fieldid` int(19) NOT NULL,
  `visible` int(19) DEFAULT NULL,
  `readonly` int(19) DEFAULT NULL
) ENGINE=InnoDB DEFAULT CHARSET=utf8;

--
-- 转存表中的数据 `vtiger_profile2field`
--

INSERT INTO `vtiger_profile2field` (`profileid`, `tabid`, `fieldid`, `visible`, `readonly`) VALUES
(1, 6, 1, 0, 0),
(1, 6, 2, 0, 0),
(1, 6, 3, 0, 0),
(1, 6, 4, 0, 0),
(1, 6, 5, 0, 0),
(1, 6, 6, 0, 0),
(1, 6, 7, 0, 0),
(1, 6, 8, 0, 0),
(1, 6, 9, 0, 0),
(1, 6, 10, 0, 0),
(1, 6, 11, 0, 0),
(1, 6, 12, 0, 0),
(1, 6, 13, 0, 0),
(1, 6, 14, 0, 0),
(1, 6, 15, 0, 0),
(1, 6, 16, 0, 0),
(1, 6, 17, 0, 0),
(1, 6, 18, 0, 0),
(1, 6, 19, 0, 0),
(1, 6, 20, 0, 0),
(1, 6, 21, 0, 0),
(1, 6, 22, 0, 0),
(1, 6, 23, 0, 0),
(1, 6, 24, 0, 0),
(1, 6, 25, 0, 0),
(1, 6, 26, 0, 0),
(1, 6, 27, 0, 0),
(1, 6, 28, 0, 0),
(1, 6, 29, 0, 0),
(1, 6, 30, 0, 0),
(1, 6, 31, 0, 0),
(1, 6, 32, 0, 0),
(1, 6, 33, 0, 0),
(1, 6, 34, 0, 0),
(1, 6, 35, 0, 0),
(1, 6, 36, 0, 0),
(1, 7, 37, 0, 0),
(1, 7, 38, 0, 0),
(1, 7, 39, 0, 0),
(1, 7, 40, 0, 0),
(1, 7, 41, 0, 0),
(1, 7, 42, 0, 0),
(1, 7, 43, 0, 0),
(1, 7, 44, 0, 0),
(1, 7, 45, 0, 0),
(1, 7, 46, 0, 0),
(1, 7, 47, 0, 0),
(1, 7, 48, 0, 0),
(1, 7, 49, 0, 0),
(1, 7, 50, 0, 0),
(1, 7, 51, 0, 0),
(1, 7, 52, 0, 0),
(1, 7, 53, 0, 0),
(1, 7, 54, 0, 0),
(1, 7, 55, 0, 0),
(1, 7, 56, 0, 0),
(1, 7, 57, 0, 0),
(1, 7, 58, 0, 0),
(1, 7, 59, 0, 0),
(1, 7, 60, 0, 0),
(1, 7, 61, 0, 0),
(1, 7, 62, 0, 0),
(1, 7, 63, 0, 0),
(1, 7, 64, 0, 0),
(1, 7, 65, 0, 0),
(1, 4, 66, 0, 0),
(1, 4, 67, 0, 0),
(1, 4, 68, 0, 0),
(1, 4, 69, 0, 0),
(1, 4, 70, 0, 0),
(1, 4, 71, 0, 0),
(1, 4, 72, 0, 0),
(1, 4, 73, 0, 0),
(1, 4, 74, 0, 0),
(1, 4, 75, 0, 0),
(1, 4, 76, 0, 0),
(1, 4, 77, 0, 0),
(1, 4, 78, 0, 0),
(1, 4, 79, 0, 0),
(1, 4, 80, 0, 0),
(1, 4, 81, 0, 0),
(1, 4, 82, 0, 0),
(1, 4, 83, 0, 0),
(1, 4, 84, 0, 0),
(1, 4, 85, 0, 0),
(1, 4, 86, 0, 0),
(1, 4, 87, 0, 0),
(1, 4, 88, 0, 0),
(1, 4, 89, 0, 0),
(1, 4, 90, 0, 0),
(1, 4, 91, 0, 0),
(1, 4, 92, 0, 0),
(1, 4, 93, 0, 0),
(1, 4, 94, 0, 0),
(1, 4, 95, 0, 0),
(1, 4, 96, 0, 0),
(1, 4, 97, 0, 0),
(1, 4, 98, 0, 0),
(1, 4, 99, 0, 0),
(1, 4, 100, 0, 0),
(1, 4, 101, 0, 0),
(1, 4, 102, 0, 0),
(1, 4, 103, 0, 0),
(1, 4, 104, 0, 0),
(1, 4, 105, 0, 0),
(1, 4, 106, 0, 0),
(1, 4, 107, 0, 0),
(1, 4, 108, 0, 0),
(1, 4, 109, 0, 0),
(1, 2, 110, 0, 0),
(1, 2, 111, 0, 0),
(1, 2, 112, 0, 0),
(1, 2, 113, 0, 0),
(1, 2, 114, 0, 0),
(1, 2, 115, 0, 0),
(1, 2, 116, 0, 0),
(1, 2, 117, 0, 0),
(1, 2, 118, 0, 0),
(1, 2, 119, 0, 0),
(1, 2, 120, 0, 0),
(1, 2, 121, 0, 0),
(1, 2, 122, 0, 0),
(1, 2, 123, 0, 0),
(1, 2, 124, 0, 0),
(1, 2, 125, 0, 0),
(1, 26, 126, 0, 0),
(1, 26, 127, 0, 0),
(1, 26, 128, 0, 0),
(1, 26, 129, 0, 0),
(1, 26, 130, 0, 0),
(1, 26, 131, 0, 0),
(1, 26, 132, 0, 0),
(1, 26, 133, 0, 0),
(1, 26, 134, 0, 0),
(1, 26, 135, 0, 0),
(1, 26, 136, 0, 0),
(1, 26, 137, 0, 0),
(1, 26, 138, 0, 0),
(1, 26, 139, 0, 0),
(1, 26, 140, 0, 0),
(1, 26, 141, 0, 0),
(1, 26, 142, 0, 0),
(1, 26, 143, 0, 0),
(1, 26, 144, 0, 0),
(1, 26, 145, 0, 0),
(1, 26, 146, 0, 0),
(1, 26, 147, 0, 0),
(1, 26, 148, 0, 0),
(1, 26, 149, 0, 0),
(1, 26, 150, 0, 0),
(1, 4, 151, 0, 0),
(1, 6, 152, 0, 0),
(1, 7, 153, 0, 0),
(1, 26, 154, 0, 0),
(1, 13, 155, 0, 0),
(1, 13, 156, 0, 0),
(1, 13, 157, 0, 0),
(1, 13, 158, 0, 0),
(1, 13, 159, 0, 0),
(1, 13, 160, 0, 0),
(1, 13, 161, 0, 0),
(1, 13, 162, 0, 0),
(1, 13, 163, 0, 0),
(1, 13, 164, 0, 0),
(1, 13, 165, 0, 0),
(1, 13, 166, 0, 0),
(1, 13, 167, 0, 0),
(1, 13, 168, 0, 0),
(1, 13, 169, 0, 0),
(1, 13, 170, 0, 0),
(1, 13, 171, 0, 0),
(1, 13, 172, 0, 0),
(1, 14, 173, 0, 0),
(1, 14, 174, 0, 0),
(1, 14, 175, 0, 0),
(1, 14, 176, 0, 0),
(1, 14, 177, 0, 0),
(1, 14, 178, 0, 0),
(1, 14, 179, 0, 0),
(1, 14, 180, 0, 0),
(1, 14, 181, 0, 0),
(1, 14, 182, 0, 0),
(1, 14, 183, 0, 0),
(1, 14, 184, 0, 0),
(1, 14, 185, 0, 0),
(1, 14, 186, 0, 0),
(1, 14, 187, 0, 0),
(1, 14, 188, 0, 0),
(1, 14, 189, 0, 0),
(1, 14, 190, 0, 0),
(1, 14, 191, 0, 0),
(1, 14, 192, 0, 0),
(1, 14, 193, 0, 0),
(1, 14, 194, 0, 0),
(1, 14, 195, 0, 0),
(1, 14, 196, 0, 0),
(1, 14, 197, 0, 0),
(1, 14, 198, 0, 0),
(1, 14, 199, 0, 0),
(1, 14, 200, 0, 0),
(1, 14, 201, 0, 0),
(1, 14, 202, 0, 0),
(1, 14, 203, 0, 0),
(1, 8, 204, 0, 0),
(1, 8, 205, 0, 0),
(1, 8, 206, 0, 0),
(1, 8, 207, 0, 0),
(1, 8, 208, 0, 0),
(1, 8, 209, 0, 0),
(1, 8, 210, 0, 0),
(1, 8, 211, 0, 0),
(1, 8, 212, 0, 0),
(1, 8, 213, 0, 0),
(1, 8, 214, 0, 0),
(1, 8, 215, 0, 0),
(1, 8, 216, 0, 0),
(1, 8, 217, 0, 0),
(1, 8, 218, 0, 0),
(1, 10, 219, 0, 0),
(1, 10, 220, 0, 0),
(1, 10, 221, 0, 0),
(1, 10, 222, 0, 0),
(1, 10, 223, 0, 0),
(1, 10, 224, 0, 0),
(1, 10, 225, 0, 0),
(1, 10, 226, 0, 0),
(1, 10, 227, 0, 0),
(1, 10, 228, 0, 0),
(1, 10, 229, 0, 0),
(1, 10, 230, 0, 0),
(1, 9, 231, 0, 0),
(1, 9, 232, 0, 0),
(1, 9, 233, 0, 0),
(1, 9, 234, 0, 0),
(1, 9, 235, 0, 0),
(1, 9, 236, 0, 0),
(1, 9, 237, 0, 0),
(1, 9, 238, 0, 0),
(1, 9, 239, 0, 0),
(1, 9, 240, 0, 0),
(1, 9, 241, 0, 0),
(1, 9, 242, 0, 0),
(1, 9, 243, 0, 0),
(1, 9, 244, 0, 0),
(1, 9, 245, 0, 0),
(1, 9, 246, 0, 0),
(1, 9, 247, 0, 0),
(1, 9, 248, 0, 0),
(1, 9, 249, 0, 0),
(1, 9, 250, 0, 0),
(1, 9, 251, 0, 0),
(1, 9, 252, 0, 0),
(1, 9, 253, 0, 0),
(1, 9, 254, 0, 0),
(1, 16, 255, 0, 0),
(1, 16, 256, 0, 0),
(1, 16, 257, 0, 0),
(1, 16, 258, 0, 0),
(1, 16, 259, 0, 0),
(1, 16, 260, 0, 0),
(1, 16, 261, 0, 0),
(1, 16, 262, 0, 0),
(1, 16, 263, 0, 0),
(1, 16, 264, 0, 0),
(1, 16, 265, 0, 0),
(1, 16, 266, 0, 0),
(1, 16, 267, 0, 0),
(1, 16, 268, 0, 0),
(1, 16, 269, 0, 0),
(1, 16, 270, 0, 0),
(1, 16, 271, 0, 0),
(1, 16, 272, 0, 0),
(1, 16, 273, 0, 0),
(1, 16, 274, 0, 0),
(1, 16, 275, 0, 0),
(1, 16, 276, 0, 0),
(1, 16, 277, 0, 0),
(1, 15, 278, 0, 0),
(1, 15, 279, 0, 0),
(1, 15, 280, 0, 0),
(1, 15, 281, 0, 0),
(1, 15, 282, 0, 0),
(1, 15, 283, 0, 0),
(1, 15, 284, 0, 0),
(1, 15, 285, 0, 0),
(1, 15, 286, 0, 0),
(1, 15, 287, 0, 0),
(1, 18, 288, 0, 0),
(1, 18, 289, 0, 0),
(1, 18, 290, 0, 0),
(1, 18, 291, 0, 0),
(1, 18, 292, 0, 0),
(1, 18, 293, 0, 0),
(1, 18, 294, 0, 0),
(1, 18, 295, 0, 0),
(1, 18, 296, 0, 0),
(1, 18, 297, 0, 0),
(1, 18, 298, 0, 0),
(1, 18, 299, 0, 0),
(1, 18, 300, 0, 0),
(1, 18, 301, 0, 0),
(1, 18, 302, 0, 0),
(1, 18, 303, 0, 0),
(1, 18, 304, 0, 0),
(1, 19, 305, 0, 0),
(1, 19, 306, 0, 0),
(1, 19, 307, 0, 0),
(1, 19, 308, 0, 0),
(1, 19, 309, 0, 0),
(1, 19, 310, 0, 0),
(1, 19, 311, 0, 0),
(1, 19, 312, 0, 0),
(1, 20, 313, 0, 0),
(1, 20, 314, 0, 0),
(1, 20, 315, 0, 0),
(1, 20, 316, 0, 0),
(1, 20, 317, 0, 0),
(1, 20, 318, 0, 0),
(1, 20, 319, 0, 0),
(1, 20, 320, 0, 0),
(1, 20, 321, 0, 0),
(1, 20, 322, 0, 0),
(1, 20, 323, 0, 0),
(1, 20, 324, 0, 0),
(1, 20, 325, 0, 0),
(1, 20, 326, 0, 0),
(1, 20, 327, 0, 0),
(1, 20, 328, 0, 0),
(1, 20, 329, 0, 0),
(1, 20, 330, 0, 0),
(1, 20, 331, 0, 0),
(1, 20, 332, 0, 0),
(1, 20, 333, 0, 0),
(1, 20, 334, 0, 0),
(1, 20, 335, 0, 0),
(1, 20, 336, 0, 0),
(1, 20, 337, 0, 0),
(1, 20, 338, 0, 0),
(1, 20, 339, 0, 0),
(1, 20, 340, 0, 0),
(1, 20, 341, 0, 0),
(1, 20, 342, 0, 0),
(1, 20, 343, 0, 0),
(1, 20, 344, 0, 0),
(1, 20, 345, 0, 0),
(1, 20, 346, 0, 0),
(1, 20, 347, 0, 0),
(1, 20, 348, 0, 0),
(1, 20, 349, 0, 0),
(1, 21, 350, 0, 0),
(1, 21, 351, 0, 0),
(1, 21, 352, 0, 0),
(1, 21, 353, 0, 0),
(1, 21, 354, 0, 0),
(1, 21, 355, 0, 0),
(1, 21, 356, 0, 0),
(1, 21, 357, 0, 0),
(1, 21, 358, 0, 0),
(1, 21, 359, 0, 0),
(1, 21, 360, 0, 0),
(1, 21, 361, 0, 0),
(1, 21, 362, 0, 0),
(1, 21, 363, 0, 0),
(1, 21, 364, 0, 0),
(1, 21, 365, 0, 0),
(1, 21, 366, 0, 0),
(1, 21, 367, 0, 0),
(1, 21, 368, 0, 0),
(1, 21, 369, 0, 0),
(1, 21, 370, 0, 0),
(1, 21, 371, 0, 0),
(1, 21, 372, 0, 0),
(1, 21, 373, 0, 0),
(1, 21, 374, 0, 0),
(1, 21, 375, 0, 0),
(1, 21, 376, 0, 0),
(1, 21, 377, 0, 0),
(1, 21, 378, 0, 0),
(1, 21, 379, 0, 0),
(1, 21, 380, 0, 0),
(1, 21, 381, 0, 0),
(1, 21, 382, 0, 0),
(1, 21, 383, 0, 0),
(1, 21, 384, 0, 0),
(1, 21, 385, 0, 0),
(1, 21, 386, 0, 0),
(1, 21, 387, 0, 0),
(1, 22, 388, 0, 0),
(1, 22, 389, 0, 0),
(1, 22, 390, 0, 0),
(1, 22, 391, 0, 0),
(1, 22, 392, 0, 0),
(1, 22, 393, 0, 0),
(1, 22, 394, 0, 0),
(1, 22, 395, 0, 0),
(1, 22, 396, 0, 0),
(1, 22, 397, 0, 0),
(1, 22, 398, 0, 0),
(1, 22, 399, 0, 0),
(1, 22, 400, 0, 0),
(1, 22, 401, 0, 0),
(1, 22, 402, 0, 0),
(1, 22, 403, 0, 0),
(1, 22, 404, 0, 0),
(1, 22, 405, 0, 0),
(1, 22, 406, 0, 0),
(1, 22, 407, 0, 0),
(1, 22, 408, 0, 0),
(1, 22, 409, 0, 0),
(1, 22, 410, 0, 0),
(1, 22, 411, 0, 0),
(1, 22, 412, 0, 0),
(1, 22, 413, 0, 0),
(1, 22, 414, 0, 0),
(1, 22, 415, 0, 0),
(1, 22, 416, 0, 0),
(1, 22, 417, 0, 0),
(1, 22, 418, 0, 0),
(1, 22, 419, 0, 0),
(1, 22, 420, 0, 0),
(1, 22, 421, 0, 0),
(1, 22, 422, 0, 0),
(1, 22, 423, 0, 0),
(1, 22, 424, 0, 0),
(1, 22, 425, 0, 0),
(1, 22, 426, 0, 0),
(1, 22, 427, 0, 0),
(1, 22, 428, 0, 0),
(1, 22, 429, 0, 0),
(1, 22, 430, 0, 0),
(1, 22, 431, 0, 0),
(1, 22, 432, 0, 0),
(1, 22, 433, 0, 0),
(1, 22, 434, 0, 0),
(1, 23, 435, 0, 0),
(1, 23, 436, 0, 0),
(1, 23, 437, 0, 0),
(1, 23, 438, 0, 0),
(1, 23, 439, 0, 0),
(1, 23, 440, 0, 0),
(1, 23, 441, 0, 0),
(1, 23, 442, 0, 0),
(1, 23, 443, 0, 0),
(1, 23, 444, 0, 0),
(1, 23, 445, 0, 0),
(1, 23, 446, 0, 0),
(1, 23, 447, 0, 0),
(1, 23, 448, 0, 0),
(1, 23, 449, 0, 0),
(1, 23, 450, 0, 0),
(1, 23, 451, 0, 0),
(1, 23, 452, 0, 0),
(1, 23, 453, 0, 0),
(1, 23, 454, 0, 0),
(1, 23, 455, 0, 0),
(1, 23, 456, 0, 0),
(1, 23, 457, 0, 0),
(1, 23, 458, 0, 0),
(1, 23, 459, 0, 0),
(1, 23, 460, 0, 0),
(1, 23, 461, 0, 0),
(1, 23, 462, 0, 0),
(1, 23, 463, 0, 0),
(1, 23, 464, 0, 0),
(1, 23, 465, 0, 0),
(1, 23, 466, 0, 0),
(1, 23, 467, 0, 0),
(1, 23, 468, 0, 0),
(1, 23, 469, 0, 0),
(1, 23, 470, 0, 0),
(1, 23, 471, 0, 0),
(1, 23, 472, 0, 0),
(1, 23, 473, 0, 0),
(1, 29, 474, 0, 0),
(1, 29, 478, 0, 0),
(1, 29, 479, 0, 0),
(1, 29, 481, 0, 0),
(1, 29, 488, 0, 0),
(1, 29, 489, 0, 0),
(1, 29, 490, 0, 0),
(1, 29, 491, 0, 0),
(1, 29, 493, 0, 0),
(1, 29, 494, 0, 0),
(1, 29, 495, 0, 0),
(1, 29, 496, 0, 0),
(1, 29, 497, 0, 0),
(1, 29, 502, 0, 0),
(1, 29, 503, 0, 0),
(1, 29, 504, 0, 0),
(1, 29, 505, 0, 0),
(1, 29, 513, 0, 0),
(1, 10, 518, 0, 0),
(1, 10, 519, 0, 0),
(1, 10, 520, 0, 0),
(1, 10, 521, 0, 0),
(1, 10, 522, 0, 0),
(1, 10, 523, 0, 0),
(1, 30, 524, 0, 0),
(1, 30, 525, 0, 0),
(1, 30, 526, 0, 0),
(1, 30, 527, 0, 0),
(1, 30, 528, 0, 0),
(1, 30, 529, 0, 0),
(1, 30, 530, 0, 0),
(1, 30, 531, 0, 0),
(1, 30, 532, 0, 0),
(1, 30, 533, 0, 0),
(1, 30, 534, 0, 0),
(1, 30, 535, 0, 0),
(1, 30, 536, 0, 0),
(1, 30, 537, 0, 0),
(1, 30, 538, 0, 0),
(1, 30, 539, 0, 0),
(1, 30, 540, 0, 0),
(1, 30, 541, 0, 0),
(1, 30, 542, 0, 0),
(1, 33, 543, 0, 0),
(1, 33, 544, 0, 0),
(1, 33, 545, 0, 0),
(1, 33, 546, 0, 0),
(1, 33, 547, 0, 0),
(1, 33, 548, 0, 0),
(1, 33, 549, 0, 0),
(1, 33, 550, 0, 0),
(1, 33, 551, 0, 0),
(1, 33, 552, 0, 0),
(1, 33, 553, 0, 0),
(1, 33, 554, 0, 0),
(1, 33, 555, 0, 0),
(1, 33, 556, 0, 0),
(1, 33, 557, 0, 0),
(1, 33, 558, 0, 0),
(1, 33, 559, 0, 0),
(1, 33, 560, 0, 0),
(1, 33, 561, 0, 0),
(1, 35, 562, 0, 0),
(1, 35, 563, 0, 0),
(1, 35, 564, 0, 0),
(1, 35, 565, 0, 0),
(1, 35, 566, 0, 0),
(1, 35, 567, 0, 0),
(1, 35, 568, 0, 0),
(1, 35, 569, 0, 0),
(1, 35, 570, 0, 0),
(1, 35, 571, 0, 0),
(1, 35, 572, 0, 0),
(1, 35, 573, 0, 0),
(1, 35, 574, 0, 0),
(1, 35, 575, 0, 0),
(1, 35, 576, 0, 0),
(1, 35, 577, 0, 0),
(1, 29, 578, 0, 0),
(1, 39, 579, 0, 0),
(1, 39, 580, 0, 0),
(1, 39, 581, 0, 0),
(1, 39, 582, 0, 0),
(1, 39, 583, 0, 0),
(1, 42, 584, 0, 0),
(1, 42, 585, 0, 0),
(1, 42, 586, 0, 0),
(1, 42, 587, 0, 0),
(1, 42, 588, 0, 0),
(1, 42, 589, 0, 0),
(1, 42, 590, 0, 0),
(1, 44, 591, 0, 0),
(1, 44, 592, 0, 0),
(1, 44, 593, 0, 0),
(1, 44, 594, 0, 0),
(1, 44, 595, 0, 0),
(1, 44, 596, 0, 0),
(1, 44, 597, 0, 0),
(1, 44, 598, 0, 0),
(1, 44, 599, 0, 0),
(1, 44, 600, 0, 0),
(1, 45, 601, 0, 0),
(1, 45, 602, 0, 0),
(1, 45, 603, 0, 0),
(1, 45, 604, 0, 0),
(1, 45, 605, 0, 0),
(1, 45, 606, 0, 0),
(1, 45, 607, 0, 0),
(1, 45, 608, 0, 0),
(1, 45, 609, 0, 0),
(1, 45, 610, 0, 0),
(1, 45, 611, 0, 0),
(1, 45, 612, 0, 0),
(1, 45, 613, 0, 0),
(1, 45, 614, 0, 0),
(1, 45, 615, 0, 0),
(1, 46, 616, 0, 0),
(1, 46, 617, 0, 0),
(1, 46, 618, 0, 0),
(1, 46, 619, 0, 0),
(1, 46, 620, 0, 0),
(1, 46, 621, 0, 0),
(1, 46, 622, 0, 0),
(1, 46, 623, 0, 0),
(1, 46, 624, 0, 0),
(1, 46, 625, 0, 0),
(1, 46, 626, 0, 0),
(1, 46, 627, 0, 0),
(1, 46, 628, 0, 0),
(1, 46, 629, 0, 0),
(1, 46, 630, 0, 0),
(1, 46, 631, 0, 0),
(1, 46, 632, 0, 0),
(1, 47, 633, 0, 0),
(1, 47, 634, 0, 0),
(1, 47, 635, 0, 0),
(1, 47, 636, 0, 0),
(1, 47, 637, 0, 0),
(1, 47, 638, 0, 0),
(1, 47, 639, 0, 0),
(1, 47, 640, 0, 0),
(1, 47, 641, 0, 0),
(1, 47, 642, 0, 0),
(1, 47, 643, 0, 0),
(1, 47, 644, 0, 0),
(1, 47, 645, 0, 0),
(1, 47, 646, 0, 0),
(1, 47, 647, 0, 0),
(1, 47, 648, 0, 0),
(1, 47, 649, 0, 0),
(1, 47, 650, 0, 0),
(1, 2, 651, 0, 0),
(1, 29, 652, 0, 0),
(1, 23, 653, 0, 0),
(1, 23, 654, 0, 0),
(1, 23, 655, 0, 0),
(1, 23, 656, 0, 0),
(1, 23, 657, 0, 0),
(1, 23, 658, 0, 0),
(1, 23, 659, 0, 0),
(1, 23, 660, 0, 0),
(1, 23, 661, 0, 0),
(1, 22, 662, 0, 0),
(1, 22, 663, 0, 0),
(1, 22, 664, 0, 0),
(1, 22, 665, 0, 0),
(1, 22, 666, 0, 0),
(1, 22, 667, 0, 0),
(1, 22, 668, 0, 0),
(1, 22, 669, 0, 0),
(1, 22, 670, 0, 0),
(1, 21, 671, 0, 0),
(1, 21, 672, 0, 0),
(1, 21, 673, 0, 0),
(1, 21, 674, 0, 0),
(1, 21, 675, 0, 0),
(1, 21, 676, 0, 0),
(1, 21, 677, 0, 0),
(1, 21, 678, 0, 0),
(1, 21, 679, 0, 0),
(1, 20, 680, 0, 0),
(1, 20, 681, 0, 0),
(1, 20, 682, 0, 0),
(1, 20, 683, 0, 0),
(1, 20, 684, 0, 0),
(1, 20, 685, 0, 0),
(1, 20, 686, 0, 0),
(1, 20, 687, 0, 0),
(1, 20, 688, 0, 0),
(1, 29, 689, 0, 0),
(1, 45, 690, 0, 0),
(1, 42, 691, 0, 0),
(1, 29, 692, 0, 0),
(1, 29, 693, 0, 0),
(1, 29, 694, 0, 0),
(1, 23, 695, 0, 0),
(1, 22, 696, 0, 0),
(1, 21, 697, 0, 0),
(1, 20, 698, 0, 0),
(1, 29, 699, 0, 0),
(1, 6, 700, 0, 0),
(1, 4, 701, 0, 0),
(1, 2, 702, 0, 0),
(1, 29, 703, 0, 0),
(1, 23, 704, 0, 0),
(1, 23, 705, 0, 0),
(1, 21, 706, 0, 0),
(1, 21, 707, 0, 0),
(1, 18, 708, 0, 0),
(1, 7, 709, 0, 0),
(1, 42, 710, 0, 0),
(1, 42, 711, 0, 0),
(1, 23, 712, 0, 0),
(1, 20, 713, 0, 0),
(1, 21, 714, 0, 0),
(1, 22, 715, 0, 0),
(1, 29, 716, 0, 0),
(1, 2, 717, 0, 0),
(1, 13, 718, 0, 0),
(1, 29, 719, 0, 0),
(1, 13, 720, 0, 0),
(1, 29, 721, 0, 0),
(1, 29, 722, 0, 0),
(1, 29, 723, 0, 0),
(1, 9, 729, 0, 0),
(1, 29, 750, 0, 0),
(2, 6, 1, 0, 0),
(2, 6, 2, 0, 0),
(2, 6, 3, 0, 0),
(2, 6, 4, 0, 0),
(2, 6, 5, 0, 0),
(2, 6, 6, 0, 0),
(2, 6, 7, 0, 0),
(2, 6, 8, 0, 0),
(2, 6, 9, 0, 0),
(2, 6, 10, 0, 0),
(2, 6, 11, 0, 0),
(2, 6, 12, 0, 0),
(2, 6, 13, 0, 0),
(2, 6, 14, 0, 0),
(2, 6, 15, 0, 0),
(2, 6, 16, 0, 0),
(2, 6, 17, 0, 0),
(2, 6, 18, 0, 0),
(2, 6, 19, 0, 0),
(2, 6, 20, 0, 0),
(2, 6, 21, 0, 1),
(2, 6, 22, 0, 1),
(2, 6, 23, 0, 0),
(2, 6, 24, 0, 0),
(2, 6, 25, 0, 0),
(2, 6, 26, 0, 0),
(2, 6, 27, 0, 0),
(2, 6, 28, 0, 0),
(2, 6, 29, 0, 0),
(2, 6, 30, 0, 0),
(2, 6, 31, 0, 0),
(2, 6, 32, 0, 0),
(2, 6, 33, 0, 0),
(2, 6, 34, 0, 0),
(2, 6, 35, 0, 0),
(2, 6, 36, 0, 0),
(2, 7, 37, 0, 0),
(2, 7, 38, 0, 0),
(2, 7, 39, 0, 0),
(2, 7, 40, 0, 0),
(2, 7, 41, 0, 0),
(2, 7, 42, 0, 0),
(2, 7, 43, 0, 0),
(2, 7, 44, 0, 0),
(2, 7, 45, 0, 0),
(2, 7, 46, 0, 0),
(2, 7, 47, 0, 0),
(2, 7, 48, 0, 0),
(2, 7, 49, 0, 0),
(2, 7, 50, 0, 0),
(2, 7, 51, 0, 0),
(2, 7, 52, 0, 0),
(2, 7, 53, 0, 0),
(2, 7, 54, 0, 0),
(2, 7, 55, 0, 0),
(2, 7, 56, 0, 1),
(2, 7, 57, 0, 1),
(2, 7, 58, 0, 0),
(2, 7, 59, 0, 0),
(2, 7, 60, 0, 0),
(2, 7, 61, 0, 0),
(2, 7, 62, 0, 0),
(2, 7, 63, 0, 0),
(2, 7, 64, 0, 0),
(2, 7, 65, 0, 0),
(2, 4, 66, 0, 0),
(2, 4, 67, 0, 0),
(2, 4, 68, 0, 0),
(2, 4, 69, 0, 0),
(2, 4, 70, 0, 0),
(2, 4, 71, 0, 0),
(2, 4, 72, 0, 0),
(2, 4, 73, 0, 0),
(2, 4, 74, 0, 0),
(2, 4, 75, 0, 0),
(2, 4, 76, 0, 0),
(2, 4, 77, 0, 0),
(2, 4, 78, 0, 0),
(2, 4, 79, 0, 0),
(2, 4, 80, 0, 0),
(2, 4, 81, 0, 0),
(2, 4, 82, 0, 0),
(2, 4, 83, 0, 0),
(2, 4, 84, 0, 0),
(2, 4, 85, 0, 0),
(2, 4, 86, 0, 0),
(2, 4, 87, 0, 0),
(2, 4, 88, 0, 0),
(2, 4, 89, 0, 0),
(2, 4, 90, 0, 1),
(2, 4, 91, 0, 1),
(2, 4, 92, 0, 0),
(2, 4, 93, 0, 0),
(2, 4, 94, 0, 0),
(2, 4, 95, 0, 0),
(2, 4, 96, 0, 0),
(2, 4, 97, 0, 0),
(2, 4, 98, 0, 0),
(2, 4, 99, 0, 0),
(2, 4, 100, 0, 0),
(2, 4, 101, 0, 0),
(2, 4, 102, 0, 0),
(2, 4, 103, 0, 0),
(2, 4, 104, 0, 0),
(2, 4, 105, 0, 0),
(2, 4, 106, 0, 0),
(2, 4, 107, 0, 0),
(2, 4, 108, 0, 0),
(2, 4, 109, 0, 0),
(2, 2, 110, 0, 0),
(2, 2, 111, 0, 0),
(2, 2, 112, 0, 0),
(2, 2, 113, 0, 0),
(2, 2, 114, 0, 0),
(2, 2, 115, 0, 0),
(2, 2, 116, 0, 0),
(2, 2, 117, 0, 0),
(2, 2, 118, 0, 0),
(2, 2, 119, 0, 0),
(2, 2, 120, 0, 0),
(2, 2, 121, 0, 0),
(2, 2, 122, 0, 1),
(2, 2, 123, 0, 1),
(2, 2, 124, 0, 0),
(2, 2, 125, 0, 0),
(2, 26, 126, 0, 0),
(2, 26, 127, 0, 0),
(2, 26, 128, 0, 0),
(2, 26, 129, 0, 0),
(2, 26, 130, 0, 0),
(2, 26, 131, 0, 0),
(2, 26, 132, 0, 0),
(2, 26, 133, 0, 0),
(2, 26, 134, 0, 0),
(2, 26, 135, 0, 0),
(2, 26, 136, 0, 0),
(2, 26, 137, 0, 1),
(2, 26, 138, 0, 1),
(2, 26, 139, 0, 0),
(2, 26, 140, 0, 0),
(2, 26, 141, 0, 0),
(2, 26, 142, 0, 0),
(2, 26, 143, 0, 0),
(2, 26, 144, 0, 0),
(2, 26, 145, 0, 0),
(2, 26, 146, 0, 0),
(2, 26, 147, 0, 0),
(2, 26, 148, 0, 0),
(2, 26, 149, 0, 0),
(2, 26, 150, 0, 0),
(2, 4, 151, 0, 0),
(2, 6, 152, 0, 0),
(2, 7, 153, 0, 0),
(2, 26, 154, 0, 0),
(2, 13, 155, 0, 0),
(2, 13, 156, 0, 0),
(2, 13, 157, 0, 0),
(2, 13, 158, 0, 0),
(2, 13, 159, 0, 0),
(2, 13, 160, 0, 0),
(2, 13, 161, 0, 0),
(2, 13, 162, 0, 0),
(2, 13, 163, 0, 0),
(2, 13, 164, 0, 0),
(2, 13, 165, 0, 0),
(2, 13, 166, 0, 1),
(2, 13, 167, 0, 1),
(2, 13, 168, 0, 0),
(2, 13, 169, 0, 0),
(2, 13, 170, 0, 0),
(2, 13, 171, 0, 0),
(2, 13, 172, 0, 0),
(2, 14, 173, 0, 0),
(2, 14, 174, 0, 0),
(2, 14, 175, 0, 0),
(2, 14, 176, 0, 0),
(2, 14, 177, 0, 0),
(2, 14, 178, 0, 0),
(2, 14, 179, 0, 0),
(2, 14, 180, 0, 0),
(2, 14, 181, 0, 0),
(2, 14, 182, 0, 0),
(2, 14, 183, 0, 0),
(2, 14, 184, 0, 0),
(2, 14, 185, 0, 0),
(2, 14, 186, 0, 0),
(2, 14, 187, 0, 0),
(2, 14, 188, 0, 0),
(2, 14, 189, 0, 0),
(2, 14, 190, 0, 1),
(2, 14, 191, 0, 1),
(2, 14, 192, 0, 0),
(2, 14, 193, 0, 0),
(2, 14, 194, 0, 0),
(2, 14, 195, 0, 0),
(2, 14, 196, 0, 0),
(2, 14, 197, 0, 0),
(2, 14, 198, 0, 0),
(2, 14, 199, 0, 0),
(2, 14, 200, 0, 0),
(2, 14, 201, 0, 0),
(2, 14, 202, 0, 0),
(2, 14, 203, 0, 0),
(2, 8, 204, 0, 0),
(2, 8, 205, 0, 1),
(2, 8, 206, 0, 1),
(2, 8, 207, 0, 0),
(2, 8, 208, 0, 0),
(2, 8, 209, 0, 0),
(2, 8, 210, 0, 1),
(2, 8, 211, 0, 1),
(2, 8, 212, 0, 0),
(2, 8, 213, 0, 0),
(2, 8, 214, 0, 0),
(2, 8, 215, 0, 1),
(2, 8, 216, 0, 0),
(2, 8, 217, 0, 0),
(2, 8, 218, 0, 0),
(2, 10, 219, 0, 0),
(2, 10, 220, 0, 0),
(2, 10, 221, 0, 0),
(2, 10, 222, 0, 0),
(2, 10, 223, 0, 0),
(2, 10, 224, 0, 0),
(2, 10, 225, 0, 0),
(2, 10, 226, 0, 0),
(2, 10, 227, 0, 0),
(2, 10, 228, 0, 1),
(2, 10, 229, 0, 0),
(2, 10, 230, 0, 0),
(2, 9, 231, 0, 0),
(2, 9, 232, 0, 0),
(2, 9, 233, 0, 0),
(2, 9, 234, 0, 0),
(2, 9, 235, 0, 0),
(2, 9, 236, 0, 0),
(2, 9, 237, 0, 0),
(2, 9, 238, 0, 0),
(2, 9, 239, 0, 0),
(2, 9, 240, 0, 0),
(2, 9, 241, 0, 0),
(2, 9, 242, 0, 0),
(2, 9, 243, 0, 1),
(2, 9, 244, 0, 1),
(2, 9, 245, 0, 0),
(2, 9, 246, 0, 0),
(2, 9, 247, 0, 0),
(2, 9, 248, 0, 0),
(2, 9, 249, 0, 0),
(2, 9, 250, 0, 0),
(2, 9, 251, 0, 0),
(2, 9, 252, 0, 0),
(2, 9, 253, 0, 0),
(2, 9, 254, 0, 0),
(2, 16, 255, 0, 0),
(2, 16, 256, 0, 0),
(2, 16, 257, 0, 0),
(2, 16, 258, 0, 0),
(2, 16, 259, 0, 0),
(2, 16, 260, 0, 0),
(2, 16, 261, 0, 0),
(2, 16, 262, 0, 0),
(2, 16, 263, 0, 0),
(2, 16, 264, 0, 0),
(2, 16, 265, 0, 0),
(2, 16, 266, 0, 0),
(2, 16, 267, 0, 0),
(2, 16, 268, 0, 0),
(2, 16, 269, 0, 1),
(2, 16, 270, 0, 1),
(2, 16, 271, 0, 0),
(2, 16, 272, 0, 0),
(2, 16, 273, 0, 0),
(2, 16, 274, 0, 0),
(2, 16, 275, 0, 0),
(2, 16, 276, 0, 0),
(2, 16, 277, 0, 0),
(2, 15, 278, 0, 0),
(2, 15, 279, 0, 0),
(2, 15, 280, 0, 0),
(2, 15, 281, 0, 0),
(2, 15, 282, 0, 0),
(2, 15, 283, 0, 0),
(2, 15, 284, 0, 0),
(2, 15, 285, 0, 1),
(2, 15, 286, 0, 1),
(2, 15, 287, 0, 0),
(2, 18, 288, 0, 0),
(2, 18, 289, 0, 0),
(2, 18, 290, 0, 0),
(2, 18, 291, 0, 0),
(2, 18, 292, 0, 0),
(2, 18, 293, 0, 0),
(2, 18, 294, 0, 0),
(2, 18, 295, 0, 1),
(2, 18, 296, 0, 1),
(2, 18, 297, 0, 0),
(2, 18, 298, 0, 0),
(2, 18, 299, 0, 0),
(2, 18, 300, 0, 0),
(2, 18, 301, 0, 0),
(2, 18, 302, 0, 0),
(2, 18, 303, 0, 0),
(2, 18, 304, 0, 0),
(2, 19, 305, 0, 0),
(2, 19, 306, 0, 0),
(2, 19, 307, 0, 0),
(2, 19, 308, 0, 1),
(2, 19, 309, 0, 1),
(2, 19, 310, 0, 0),
(2, 19, 311, 0, 0),
(2, 19, 312, 0, 0),
(2, 20, 313, 0, 0),
(2, 20, 314, 0, 0),
(2, 20, 315, 0, 0),
(2, 20, 316, 0, 0),
(2, 20, 317, 0, 0),
(2, 20, 318, 0, 0),
(2, 20, 319, 0, 0),
(2, 20, 320, 0, 0),
(2, 20, 321, 0, 0),
(2, 20, 322, 0, 0),
(2, 20, 323, 0, 0),
(2, 20, 324, 0, 0),
(2, 20, 325, 0, 0),
(2, 20, 326, 0, 0),
(2, 20, 327, 0, 0),
(2, 20, 328, 0, 0),
(2, 20, 329, 0, 0),
(2, 20, 330, 0, 0),
(2, 20, 331, 0, 1),
(2, 20, 332, 0, 1),
(2, 20, 333, 0, 0),
(2, 20, 334, 0, 0),
(2, 20, 335, 0, 0),
(2, 20, 336, 0, 0),
(2, 20, 337, 0, 0),
(2, 20, 338, 0, 0),
(2, 20, 339, 0, 0),
(2, 20, 340, 0, 0),
(2, 20, 341, 0, 0),
(2, 20, 342, 0, 0),
(2, 20, 343, 0, 0),
(2, 20, 344, 0, 0),
(2, 20, 345, 0, 0),
(2, 20, 346, 0, 0),
(2, 20, 347, 0, 0),
(2, 20, 348, 0, 0),
(2, 20, 349, 0, 0),
(2, 21, 350, 0, 0),
(2, 21, 351, 0, 0),
(2, 21, 352, 0, 0),
(2, 21, 353, 0, 0),
(2, 21, 354, 0, 0),
(2, 21, 355, 0, 0),
(2, 21, 356, 0, 0),
(2, 21, 357, 0, 0),
(2, 21, 358, 0, 0),
(2, 21, 359, 0, 0),
(2, 21, 360, 0, 0),
(2, 21, 361, 0, 0),
(2, 21, 362, 0, 0),
(2, 21, 363, 0, 0),
(2, 21, 364, 0, 0),
(2, 21, 365, 0, 0),
(2, 21, 366, 0, 0),
(2, 21, 367, 0, 0),
(2, 21, 368, 0, 0),
(2, 21, 369, 0, 1),
(2, 21, 370, 0, 1),
(2, 21, 371, 0, 0),
(2, 21, 372, 0, 0),
(2, 21, 373, 0, 0),
(2, 21, 374, 0, 0),
(2, 21, 375, 0, 0),
(2, 21, 376, 0, 0),
(2, 21, 377, 0, 0),
(2, 21, 378, 0, 0),
(2, 21, 379, 0, 0),
(2, 21, 380, 0, 0),
(2, 21, 381, 0, 0),
(2, 21, 382, 0, 0),
(2, 21, 383, 0, 0),
(2, 21, 384, 0, 0),
(2, 21, 385, 0, 0),
(2, 21, 386, 0, 0),
(2, 21, 387, 0, 0),
(2, 22, 388, 0, 0),
(2, 22, 389, 0, 0),
(2, 22, 390, 0, 0),
(2, 22, 391, 0, 0),
(2, 22, 392, 0, 0),
(2, 22, 393, 0, 0),
(2, 22, 394, 0, 0),
(2, 22, 395, 0, 0),
(2, 22, 396, 0, 0),
(2, 22, 397, 0, 0),
(2, 22, 398, 0, 0),
(2, 22, 399, 0, 0),
(2, 22, 400, 0, 0),
(2, 22, 401, 0, 0),
(2, 22, 402, 0, 0),
(2, 22, 403, 0, 0),
(2, 22, 404, 0, 0),
(2, 22, 405, 0, 0),
(2, 22, 406, 0, 0),
(2, 22, 407, 0, 0),
(2, 22, 408, 0, 0),
(2, 22, 409, 0, 0),
(2, 22, 410, 0, 1),
(2, 22, 411, 0, 1),
(2, 22, 412, 0, 0),
(2, 22, 413, 0, 0),
(2, 22, 414, 0, 0),
(2, 22, 415, 0, 0),
(2, 22, 416, 0, 0),
(2, 22, 417, 0, 0),
(2, 22, 418, 0, 0),
(2, 22, 419, 0, 0),
(2, 22, 420, 0, 0),
(2, 22, 421, 0, 0),
(2, 22, 422, 0, 0),
(2, 22, 423, 0, 0),
(2, 22, 424, 0, 0),
(2, 22, 425, 0, 0),
(2, 22, 426, 0, 0),
(2, 22, 427, 0, 0),
(2, 22, 428, 0, 0),
(2, 22, 429, 0, 0),
(2, 22, 430, 0, 0),
(2, 22, 431, 0, 0),
(2, 22, 432, 0, 0),
(2, 22, 433, 0, 0),
(2, 22, 434, 0, 0),
(2, 23, 435, 0, 0),
(2, 23, 436, 0, 0),
(2, 23, 437, 0, 0),
(2, 23, 438, 0, 0),
(2, 23, 439, 0, 0),
(2, 23, 440, 0, 0),
(2, 23, 441, 0, 0),
(2, 23, 442, 0, 0),
(2, 23, 443, 0, 0),
(2, 23, 444, 0, 0),
(2, 23, 445, 0, 0),
(2, 23, 446, 0, 0),
(2, 23, 447, 0, 0),
(2, 23, 448, 0, 0),
(2, 23, 449, 0, 0),
(2, 23, 450, 0, 0),
(2, 23, 451, 0, 0),
(2, 23, 452, 0, 0),
(2, 23, 453, 0, 0),
(2, 23, 454, 0, 1),
(2, 23, 455, 0, 1),
(2, 23, 456, 0, 0),
(2, 23, 457, 0, 0),
(2, 23, 458, 0, 0),
(2, 23, 459, 0, 0),
(2, 23, 460, 0, 0),
(2, 23, 461, 0, 0),
(2, 23, 462, 0, 0),
(2, 23, 463, 0, 0),
(2, 23, 464, 0, 0),
(2, 23, 465, 0, 0),
(2, 23, 466, 0, 0),
(2, 23, 467, 0, 0),
(2, 23, 468, 0, 0),
(2, 23, 469, 0, 0),
(2, 23, 470, 0, 0),
(2, 23, 471, 0, 0),
(2, 23, 472, 0, 0),
(2, 23, 473, 0, 0),
(2, 29, 474, 0, 0),
(2, 29, 478, 0, 0),
(2, 29, 479, 0, 0),
(2, 29, 481, 0, 0),
(2, 29, 488, 0, 0),
(2, 29, 489, 0, 0),
(2, 29, 490, 0, 0),
(2, 29, 491, 0, 0),
(2, 29, 493, 0, 0),
(2, 29, 494, 0, 0),
(2, 29, 495, 0, 0),
(2, 29, 496, 0, 0),
(2, 29, 497, 0, 0),
(2, 29, 502, 0, 0),
(2, 29, 503, 0, 0),
(2, 29, 504, 0, 0),
(2, 29, 505, 0, 0),
(2, 29, 513, 0, 0),
(2, 10, 518, 0, 0),
(2, 10, 519, 0, 0),
(2, 10, 520, 0, 0),
(2, 10, 521, 0, 0),
(2, 10, 522, 0, 0),
(2, 10, 523, 0, 0),
(2, 30, 524, 0, 0),
(2, 30, 525, 0, 0),
(2, 30, 526, 0, 0),
(2, 30, 527, 0, 0),
(2, 30, 528, 0, 0),
(2, 30, 529, 0, 0),
(2, 30, 530, 0, 0),
(2, 30, 531, 0, 0),
(2, 30, 532, 0, 1),
(2, 30, 533, 0, 1),
(2, 30, 534, 0, 0),
(2, 30, 535, 0, 0),
(2, 30, 536, 0, 0),
(2, 30, 537, 0, 0),
(2, 30, 538, 0, 0),
(2, 30, 539, 0, 0),
(2, 30, 540, 0, 0),
(2, 30, 541, 0, 0),
(2, 30, 542, 0, 0),
(2, 33, 543, 0, 0),
(2, 33, 544, 0, 1),
(2, 33, 545, 0, 1),
(2, 33, 546, 0, 0),
(2, 33, 547, 0, 1),
(2, 33, 548, 0, 0),
(2, 33, 549, 0, 0),
(2, 33, 550, 0, 0),
(2, 33, 551, 0, 0),
(2, 33, 552, 0, 0),
(2, 33, 553, 0, 0),
(2, 33, 554, 0, 1),
(2, 33, 555, 0, 1),
(2, 33, 556, 0, 0),
(2, 33, 557, 0, 0),
(2, 33, 558, 0, 0),
(2, 33, 559, 0, 1),
(2, 33, 560, 0, 0),
(2, 33, 561, 0, 0),
(2, 35, 562, 0, 0),
(2, 35, 563, 0, 0),
(2, 35, 564, 0, 0),
(2, 35, 565, 0, 0),
(2, 35, 566, 0, 0),
(2, 35, 567, 0, 0),
(2, 35, 568, 0, 0),
(2, 35, 569, 0, 0),
(2, 35, 570, 0, 0),
(2, 35, 571, 0, 0),
(2, 35, 572, 0, 0),
(2, 35, 573, 0, 0),
(2, 35, 574, 0, 0),
(2, 35, 575, 0, 0),
(2, 35, 576, 0, 1),
(2, 35, 577, 0, 1),
(2, 29, 578, 0, 0),
(2, 39, 579, 0, 0),
(2, 39, 580, 0, 1),
(2, 39, 581, 0, 1),
(2, 39, 582, 0, 0),
(2, 39, 583, 0, 0),
(2, 42, 584, 0, 0),
(2, 42, 585, 0, 0),
(2, 42, 586, 0, 1),
(2, 42, 587, 0, 1),
(2, 42, 588, 0, 0),
(2, 42, 589, 0, 1),
(2, 42, 590, 0, 0),
(2, 44, 591, 0, 0),
(2, 44, 592, 0, 0),
(2, 44, 593, 0, 0),
(2, 44, 594, 0, 0),
(2, 44, 595, 0, 0),
(2, 44, 596, 0, 0),
(2, 44, 597, 0, 1),
(2, 44, 598, 0, 1),
(2, 44, 599, 0, 0),
(2, 44, 600, 0, 0),
(2, 45, 601, 0, 0),
(2, 45, 602, 0, 0),
(2, 45, 603, 0, 0),
(2, 45, 604, 0, 0),
(2, 45, 605, 0, 0),
(2, 45, 606, 0, 0),
(2, 45, 607, 0, 0),
(2, 45, 608, 0, 0),
(2, 45, 609, 0, 0),
(2, 45, 610, 0, 0),
(2, 45, 611, 0, 0),
(2, 45, 612, 0, 1),
(2, 45, 613, 0, 1),
(2, 45, 614, 0, 0),
(2, 45, 615, 0, 0),
(2, 46, 616, 0, 0),
(2, 46, 617, 0, 0),
(2, 46, 618, 0, 0),
(2, 46, 619, 0, 0),
(2, 46, 620, 0, 0),
(2, 46, 621, 0, 0),
(2, 46, 622, 0, 0),
(2, 46, 623, 0, 0),
(2, 46, 624, 0, 0),
(2, 46, 625, 0, 0),
(2, 46, 626, 0, 0),
(2, 46, 627, 0, 0),
(2, 46, 628, 0, 0),
(2, 46, 629, 0, 1),
(2, 46, 630, 0, 1),
(2, 46, 631, 0, 0),
(2, 46, 632, 0, 0),
(2, 47, 633, 0, 0),
(2, 47, 634, 0, 0),
(2, 47, 635, 0, 0),
(2, 47, 636, 0, 0),
(2, 47, 637, 0, 0),
(2, 47, 638, 0, 0),
(2, 47, 639, 0, 0),
(2, 47, 640, 0, 0),
(2, 47, 641, 0, 0),
(2, 47, 642, 0, 0),
(2, 47, 643, 0, 0),
(2, 47, 644, 0, 0),
(2, 47, 645, 0, 0),
(2, 47, 646, 0, 0),
(2, 47, 647, 0, 1),
(2, 47, 648, 0, 1),
(2, 47, 649, 0, 0),
(2, 47, 650, 0, 0),
(2, 2, 651, 0, 0),
(2, 29, 652, 0, 0),
(2, 23, 653, 0, 1),
(2, 23, 654, 0, 1),
(2, 23, 655, 0, 1),
(2, 23, 656, 0, 1),
(2, 23, 657, 0, 1),
(2, 23, 658, 0, 1),
(2, 23, 659, 0, 1),
(2, 23, 660, 0, 1),
(2, 23, 661, 0, 1),
(2, 22, 662, 0, 1),
(2, 22, 663, 0, 1),
(2, 22, 664, 0, 1),
(2, 22, 665, 0, 1),
(2, 22, 666, 0, 1),
(2, 22, 667, 0, 1),
(2, 22, 668, 0, 1),
(2, 22, 669, 0, 1),
(2, 22, 670, 0, 1),
(2, 21, 671, 0, 1),
(2, 21, 672, 0, 1),
(2, 21, 673, 0, 1),
(2, 21, 674, 0, 1),
(2, 21, 675, 0, 1),
(2, 21, 676, 0, 1),
(2, 21, 677, 0, 1),
(2, 21, 678, 0, 1),
(2, 21, 679, 0, 1),
(2, 20, 680, 0, 1),
(2, 20, 681, 0, 1),
(2, 20, 682, 0, 1),
(2, 20, 683, 0, 1),
(2, 20, 684, 0, 1),
(2, 20, 685, 0, 1),
(2, 20, 686, 0, 1),
(2, 20, 687, 0, 1),
(2, 20, 688, 0, 1),
(2, 29, 689, 0, 0),
(2, 45, 690, 0, 0),
(2, 42, 691, 0, 0),
(2, 29, 692, 0, 0),
(2, 29, 693, 0, 0),
(2, 29, 694, 0, 0),
(2, 23, 695, 0, 0),
(2, 22, 696, 0, 0),
(2, 21, 697, 0, 0),
(2, 20, 698, 0, 0),
(2, 29, 699, 0, 0),
(2, 6, 700, 0, 1),
(2, 4, 701, 0, 1),
(2, 2, 702, 0, 1),
(2, 29, 703, 0, 0),
(2, 23, 704, 0, 0),
(2, 23, 705, 0, 0),
(2, 21, 706, 0, 0),
(2, 21, 707, 0, 0),
(2, 18, 708, 0, 0),
(2, 7, 709, 0, 0),
(2, 42, 710, 0, 0),
(2, 42, 711, 0, 0),
(2, 23, 712, 0, 1),
(2, 20, 713, 0, 1),
(2, 21, 714, 0, 1),
(2, 22, 715, 0, 1),
(2, 29, 716, 0, 0),
(2, 2, 717, 0, 0),
(2, 13, 718, 0, 0),
(2, 29, 719, 0, 0),
(2, 13, 720, 0, 0),
(2, 29, 721, 0, 0),
(2, 29, 722, 0, 0),
(2, 29, 723, 0, 0),
(2, 9, 729, 0, 1),
(2, 29, 750, 0, 0),
(3, 6, 1, 0, 0),
(3, 6, 2, 0, 0),
(3, 6, 3, 0, 0),
(3, 6, 4, 0, 0),
(3, 6, 5, 0, 0),
(3, 6, 6, 0, 0),
(3, 6, 7, 0, 0),
(3, 6, 8, 0, 0),
(3, 6, 9, 0, 0),
(3, 6, 10, 0, 0),
(3, 6, 11, 0, 0),
(3, 6, 12, 0, 0),
(3, 6, 13, 0, 0),
(3, 6, 14, 0, 0),
(3, 6, 15, 0, 0),
(3, 6, 16, 0, 0),
(3, 6, 17, 0, 0),
(3, 6, 18, 0, 0),
(3, 6, 19, 0, 0),
(3, 6, 20, 0, 0),
(3, 6, 21, 0, 0),
(3, 6, 22, 0, 0),
(3, 6, 23, 0, 0),
(3, 6, 24, 0, 0),
(3, 6, 25, 0, 0),
(3, 6, 26, 0, 0),
(3, 6, 27, 0, 0),
(3, 6, 28, 0, 0),
(3, 6, 29, 0, 0),
(3, 6, 30, 0, 0),
(3, 6, 31, 0, 0),
(3, 6, 32, 0, 0),
(3, 6, 33, 0, 0),
(3, 6, 34, 0, 0),
(3, 6, 35, 0, 0),
(3, 6, 36, 0, 0),
(3, 7, 37, 0, 0),
(3, 7, 38, 0, 0),
(3, 7, 39, 0, 0),
(3, 7, 40, 0, 0),
(3, 7, 41, 0, 0),
(3, 7, 42, 0, 0),
(3, 7, 43, 0, 0),
(3, 7, 44, 0, 0),
(3, 7, 45, 0, 0),
(3, 7, 46, 0, 0),
(3, 7, 47, 0, 0),
(3, 7, 48, 0, 0),
(3, 7, 49, 0, 0),
(3, 7, 50, 0, 0),
(3, 7, 51, 0, 0),
(3, 7, 52, 0, 0),
(3, 7, 53, 0, 0),
(3, 7, 54, 0, 0),
(3, 7, 55, 0, 0),
(3, 7, 56, 0, 0),
(3, 7, 57, 0, 0),
(3, 7, 58, 0, 0),
(3, 7, 59, 0, 0),
(3, 7, 60, 0, 0),
(3, 7, 61, 0, 0),
(3, 7, 62, 0, 0),
(3, 7, 63, 0, 0),
(3, 7, 64, 0, 0),
(3, 7, 65, 0, 0),
(3, 4, 66, 0, 0),
(3, 4, 67, 0, 0),
(3, 4, 68, 0, 0),
(3, 4, 69, 0, 0),
(3, 4, 70, 0, 0),
(3, 4, 71, 0, 0),
(3, 4, 72, 0, 0),
(3, 4, 73, 0, 0),
(3, 4, 74, 0, 0),
(3, 4, 75, 0, 0),
(3, 4, 76, 0, 0),
(3, 4, 77, 0, 0),
(3, 4, 78, 0, 0),
(3, 4, 79, 0, 0),
(3, 4, 80, 0, 0),
(3, 4, 81, 0, 0),
(3, 4, 82, 0, 0),
(3, 4, 83, 0, 0),
(3, 4, 84, 0, 0),
(3, 4, 85, 0, 0),
(3, 4, 86, 0, 0),
(3, 4, 87, 0, 0),
(3, 4, 88, 0, 0),
(3, 4, 89, 0, 0),
(3, 4, 90, 0, 0),
(3, 4, 91, 0, 0),
(3, 4, 92, 0, 0),
(3, 4, 93, 0, 0),
(3, 4, 94, 0, 0),
(3, 4, 95, 0, 0),
(3, 4, 96, 0, 0),
(3, 4, 97, 0, 0),
(3, 4, 98, 0, 0),
(3, 4, 99, 0, 0),
(3, 4, 100, 0, 0),
(3, 4, 101, 0, 0),
(3, 4, 102, 0, 0),
(3, 4, 103, 0, 0),
(3, 4, 104, 0, 0),
(3, 4, 105, 0, 0),
(3, 4, 106, 0, 0),
(3, 4, 107, 0, 0),
(3, 4, 108, 0, 0),
(3, 4, 109, 0, 0),
(3, 2, 110, 0, 0),
(3, 2, 111, 0, 0),
(3, 2, 112, 0, 0),
(3, 2, 113, 0, 0),
(3, 2, 114, 0, 0),
(3, 2, 115, 0, 0),
(3, 2, 116, 0, 0),
(3, 2, 117, 0, 0),
(3, 2, 118, 0, 0),
(3, 2, 119, 0, 0),
(3, 2, 120, 0, 0),
(3, 2, 121, 0, 0),
(3, 2, 122, 0, 0),
(3, 2, 123, 0, 0),
(3, 2, 124, 0, 0),
(3, 2, 125, 0, 0),
(3, 26, 126, 0, 0),
(3, 26, 127, 0, 0),
(3, 26, 128, 0, 0),
(3, 26, 129, 0, 0),
(3, 26, 130, 0, 0),
(3, 26, 131, 0, 0),
(3, 26, 132, 0, 0),
(3, 26, 133, 0, 0),
(3, 26, 134, 0, 0),
(3, 26, 135, 0, 0),
(3, 26, 136, 0, 0),
(3, 26, 137, 0, 0),
(3, 26, 138, 0, 0),
(3, 26, 139, 0, 0),
(3, 26, 140, 0, 0),
(3, 26, 141, 0, 0),
(3, 26, 142, 0, 0),
(3, 26, 143, 0, 0),
(3, 26, 144, 0, 0),
(3, 26, 145, 0, 0),
(3, 26, 146, 0, 0),
(3, 26, 147, 0, 0),
(3, 26, 148, 0, 0),
(3, 26, 149, 0, 0),
(3, 26, 150, 0, 0),
(3, 4, 151, 0, 0),
(3, 6, 152, 0, 0),
(3, 7, 153, 0, 0),
(3, 26, 154, 0, 0),
(3, 13, 155, 0, 0),
(3, 13, 156, 0, 0),
(3, 13, 157, 0, 0),
(3, 13, 158, 0, 0),
(3, 13, 159, 0, 0),
(3, 13, 160, 0, 0),
(3, 13, 161, 0, 0),
(3, 13, 162, 0, 0),
(3, 13, 163, 0, 0),
(3, 13, 164, 0, 0),
(3, 13, 165, 0, 0),
(3, 13, 166, 0, 0),
(3, 13, 167, 0, 0),
(3, 13, 168, 0, 0),
(3, 13, 169, 0, 0),
(3, 13, 170, 0, 0),
(3, 13, 171, 0, 0),
(3, 13, 172, 0, 0),
(3, 14, 173, 0, 0),
(3, 14, 174, 0, 0),
(3, 14, 175, 0, 0),
(3, 14, 176, 0, 0),
(3, 14, 177, 0, 0),
(3, 14, 178, 0, 0),
(3, 14, 179, 0, 0),
(3, 14, 180, 0, 0),
(3, 14, 181, 0, 0),
(3, 14, 182, 0, 0),
(3, 14, 183, 0, 0),
(3, 14, 184, 0, 0),
(3, 14, 185, 0, 0),
(3, 14, 186, 0, 0),
(3, 14, 187, 0, 0),
(3, 14, 188, 0, 0),
(3, 14, 189, 0, 0),
(3, 14, 190, 0, 0),
(3, 14, 191, 0, 0),
(3, 14, 192, 0, 0),
(3, 14, 193, 0, 0),
(3, 14, 194, 0, 0),
(3, 14, 195, 0, 0),
(3, 14, 196, 0, 0),
(3, 14, 197, 0, 0),
(3, 14, 198, 0, 0),
(3, 14, 199, 0, 0),
(3, 14, 200, 0, 0),
(3, 14, 201, 0, 0),
(3, 14, 202, 0, 0),
(3, 14, 203, 0, 0),
(3, 8, 204, 0, 0),
(3, 8, 205, 0, 0),
(3, 8, 206, 0, 0),
(3, 8, 207, 0, 0),
(3, 8, 208, 0, 0),
(3, 8, 209, 0, 0),
(3, 8, 210, 0, 0),
(3, 8, 211, 0, 0),
(3, 8, 212, 0, 0),
(3, 8, 213, 0, 0),
(3, 8, 214, 0, 0),
(3, 8, 215, 0, 0),
(3, 8, 216, 0, 0),
(3, 8, 217, 0, 0),
(3, 8, 218, 0, 0),
(3, 10, 219, 0, 0),
(3, 10, 220, 0, 0),
(3, 10, 221, 0, 0),
(3, 10, 222, 0, 0),
(3, 10, 223, 0, 0),
(3, 10, 224, 0, 0),
(3, 10, 225, 0, 0),
(3, 10, 226, 0, 0),
(3, 10, 227, 0, 0),
(3, 10, 228, 0, 0),
(3, 10, 229, 0, 0),
(3, 10, 230, 0, 0),
(3, 9, 231, 0, 0),
(3, 9, 232, 0, 0),
(3, 9, 233, 0, 0),
(3, 9, 234, 0, 0),
(3, 9, 235, 0, 0),
(3, 9, 236, 0, 0),
(3, 9, 237, 0, 0),
(3, 9, 238, 0, 0),
(3, 9, 239, 0, 0),
(3, 9, 240, 0, 0),
(3, 9, 241, 0, 0),
(3, 9, 242, 0, 0),
(3, 9, 243, 0, 0),
(3, 9, 244, 0, 0),
(3, 9, 245, 0, 0),
(3, 9, 246, 0, 0),
(3, 9, 247, 0, 0),
(3, 9, 248, 0, 0),
(3, 9, 249, 0, 0),
(3, 9, 250, 0, 0),
(3, 9, 251, 0, 0),
(3, 9, 252, 0, 0),
(3, 9, 253, 0, 0),
(3, 9, 254, 0, 0),
(3, 16, 255, 0, 0),
(3, 16, 256, 0, 0),
(3, 16, 257, 0, 0),
(3, 16, 258, 0, 0),
(3, 16, 259, 0, 0),
(3, 16, 260, 0, 0),
(3, 16, 261, 0, 0),
(3, 16, 262, 0, 0),
(3, 16, 263, 0, 0),
(3, 16, 264, 0, 0),
(3, 16, 265, 0, 0),
(3, 16, 266, 0, 0),
(3, 16, 267, 0, 0),
(3, 16, 268, 0, 0),
(3, 16, 269, 0, 0),
(3, 16, 270, 0, 0),
(3, 16, 271, 0, 0),
(3, 16, 272, 0, 0),
(3, 16, 273, 0, 0),
(3, 16, 274, 0, 0),
(3, 16, 275, 0, 0),
(3, 16, 276, 0, 0),
(3, 16, 277, 0, 0),
(3, 15, 278, 0, 0),
(3, 15, 279, 0, 0),
(3, 15, 280, 0, 0),
(3, 15, 281, 0, 0),
(3, 15, 282, 0, 0),
(3, 15, 283, 0, 0),
(3, 15, 284, 0, 0),
(3, 15, 285, 0, 0),
(3, 15, 286, 0, 0),
(3, 15, 287, 0, 0),
(3, 18, 288, 0, 0),
(3, 18, 289, 0, 0),
(3, 18, 290, 0, 0),
(3, 18, 291, 0, 0),
(3, 18, 292, 0, 0),
(3, 18, 293, 0, 0),
(3, 18, 294, 0, 0),
(3, 18, 295, 0, 0),
(3, 18, 296, 0, 0),
(3, 18, 297, 0, 0),
(3, 18, 298, 0, 0),
(3, 18, 299, 0, 0),
(3, 18, 300, 0, 0),
(3, 18, 301, 0, 0),
(3, 18, 302, 0, 0),
(3, 18, 303, 0, 0),
(3, 18, 304, 0, 0),
(3, 19, 305, 0, 0),
(3, 19, 306, 0, 0),
(3, 19, 307, 0, 0),
(3, 19, 308, 0, 0),
(3, 19, 309, 0, 0),
(3, 19, 310, 0, 0),
(3, 19, 311, 0, 0),
(3, 19, 312, 0, 0),
(3, 20, 313, 0, 0),
(3, 20, 314, 0, 0),
(3, 20, 315, 0, 0),
(3, 20, 316, 0, 0),
(3, 20, 317, 0, 0),
(3, 20, 318, 0, 0),
(3, 20, 319, 0, 0),
(3, 20, 320, 0, 0),
(3, 20, 321, 0, 0),
(3, 20, 322, 0, 0),
(3, 20, 323, 0, 0),
(3, 20, 324, 0, 0),
(3, 20, 325, 0, 0),
(3, 20, 326, 0, 0),
(3, 20, 327, 0, 0),
(3, 20, 328, 0, 0),
(3, 20, 329, 0, 0),
(3, 20, 330, 0, 0),
(3, 20, 331, 0, 0),
(3, 20, 332, 0, 0),
(3, 20, 333, 0, 0),
(3, 20, 334, 0, 0),
(3, 20, 335, 0, 0),
(3, 20, 336, 0, 0),
(3, 20, 337, 0, 0),
(3, 20, 338, 0, 0),
(3, 20, 339, 0, 0),
(3, 20, 340, 0, 0),
(3, 20, 341, 0, 0),
(3, 20, 342, 0, 0),
(3, 20, 343, 0, 0),
(3, 20, 344, 0, 0),
(3, 20, 345, 0, 0),
(3, 20, 346, 0, 0),
(3, 20, 347, 0, 0),
(3, 20, 348, 0, 0),
(3, 20, 349, 0, 0),
(3, 21, 350, 0, 0),
(3, 21, 351, 0, 0),
(3, 21, 352, 0, 0),
(3, 21, 353, 0, 0),
(3, 21, 354, 0, 0),
(3, 21, 355, 0, 0),
(3, 21, 356, 0, 0),
(3, 21, 357, 0, 0),
(3, 21, 358, 0, 0),
(3, 21, 359, 0, 0),
(3, 21, 360, 0, 0),
(3, 21, 361, 0, 0),
(3, 21, 362, 0, 0),
(3, 21, 363, 0, 0),
(3, 21, 364, 0, 0),
(3, 21, 365, 0, 0),
(3, 21, 366, 0, 0),
(3, 21, 367, 0, 0),
(3, 21, 368, 0, 0),
(3, 21, 369, 0, 0),
(3, 21, 370, 0, 0),
(3, 21, 371, 0, 0),
(3, 21, 372, 0, 0),
(3, 21, 373, 0, 0),
(3, 21, 374, 0, 0),
(3, 21, 375, 0, 0),
(3, 21, 376, 0, 0),
(3, 21, 377, 0, 0),
(3, 21, 378, 0, 0),
(3, 21, 379, 0, 0),
(3, 21, 380, 0, 0),
(3, 21, 381, 0, 0),
(3, 21, 382, 0, 0),
(3, 21, 383, 0, 0),
(3, 21, 384, 0, 0),
(3, 21, 385, 0, 0),
(3, 21, 386, 0, 0),
(3, 21, 387, 0, 0),
(3, 22, 388, 0, 0),
(3, 22, 389, 0, 0),
(3, 22, 390, 0, 0),
(3, 22, 391, 0, 0),
(3, 22, 392, 0, 0),
(3, 22, 393, 0, 0),
(3, 22, 394, 0, 0),
(3, 22, 395, 0, 0),
(3, 22, 396, 0, 0),
(3, 22, 397, 0, 0),
(3, 22, 398, 0, 0),
(3, 22, 399, 0, 0),
(3, 22, 400, 0, 0),
(3, 22, 401, 0, 0),
(3, 22, 402, 0, 0),
(3, 22, 403, 0, 0),
(3, 22, 404, 0, 0),
(3, 22, 405, 0, 0),
(3, 22, 406, 0, 0),
(3, 22, 407, 0, 0),
(3, 22, 408, 0, 0),
(3, 22, 409, 0, 0),
(3, 22, 410, 0, 0),
(3, 22, 411, 0, 0),
(3, 22, 412, 0, 0),
(3, 22, 413, 0, 0),
(3, 22, 414, 0, 0),
(3, 22, 415, 0, 0),
(3, 22, 416, 0, 0),
(3, 22, 417, 0, 0),
(3, 22, 418, 0, 0),
(3, 22, 419, 0, 0),
(3, 22, 420, 0, 0),
(3, 22, 421, 0, 0),
(3, 22, 422, 0, 0),
(3, 22, 423, 0, 0),
(3, 22, 424, 0, 0),
(3, 22, 425, 0, 0),
(3, 22, 426, 0, 0),
(3, 22, 427, 0, 0),
(3, 22, 428, 0, 0),
(3, 22, 429, 0, 0),
(3, 22, 430, 0, 0),
(3, 22, 431, 0, 0),
(3, 22, 432, 0, 0),
(3, 22, 433, 0, 0),
(3, 22, 434, 0, 0),
(3, 23, 435, 0, 0),
(3, 23, 436, 0, 0),
(3, 23, 437, 0, 0),
(3, 23, 438, 0, 0),
(3, 23, 439, 0, 0),
(3, 23, 440, 0, 0),
(3, 23, 441, 0, 0),
(3, 23, 442, 0, 0),
(3, 23, 443, 0, 0),
(3, 23, 444, 0, 0),
(3, 23, 445, 0, 0),
(3, 23, 446, 0, 0),
(3, 23, 447, 0, 0),
(3, 23, 448, 0, 0),
(3, 23, 449, 0, 0),
(3, 23, 450, 0, 0),
(3, 23, 451, 0, 0),
(3, 23, 452, 0, 0),
(3, 23, 453, 0, 0),
(3, 23, 454, 0, 0),
(3, 23, 455, 0, 0),
(3, 23, 456, 0, 0),
(3, 23, 457, 0, 0),
(3, 23, 458, 0, 0),
(3, 23, 459, 0, 0),
(3, 23, 460, 0, 0),
(3, 23, 461, 0, 0),
(3, 23, 462, 0, 0),
(3, 23, 463, 0, 0),
(3, 23, 464, 0, 0),
(3, 23, 465, 0, 0),
(3, 23, 466, 0, 0),
(3, 23, 467, 0, 0),
(3, 23, 468, 0, 0),
(3, 23, 469, 0, 0),
(3, 23, 470, 0, 0),
(3, 23, 471, 0, 0),
(3, 23, 472, 0, 0),
(3, 23, 473, 0, 0),
(3, 29, 474, 0, 0),
(3, 29, 478, 0, 0),
(3, 29, 479, 0, 0),
(3, 29, 481, 0, 0),
(3, 29, 488, 0, 0),
(3, 29, 489, 0, 0),
(3, 29, 490, 0, 0),
(3, 29, 491, 0, 0),
(3, 29, 493, 0, 0),
(3, 29, 494, 0, 0),
(3, 29, 495, 0, 0),
(3, 29, 496, 0, 0),
(3, 29, 497, 0, 0),
(3, 29, 502, 0, 0),
(3, 29, 503, 0, 0),
(3, 29, 504, 0, 0),
(3, 29, 505, 0, 0),
(3, 29, 513, 0, 0),
(3, 10, 518, 0, 0),
(3, 10, 519, 0, 0),
(3, 10, 520, 0, 0),
(3, 10, 521, 0, 0),
(3, 10, 522, 0, 0),
(3, 10, 523, 0, 0),
(3, 30, 524, 0, 0),
(3, 30, 525, 0, 0),
(3, 30, 526, 0, 0),
(3, 30, 527, 0, 0),
(3, 30, 528, 0, 0),
(3, 30, 529, 0, 0),
(3, 30, 530, 0, 0),
(3, 30, 531, 0, 0),
(3, 30, 532, 0, 0),
(3, 30, 533, 0, 0),
(3, 30, 534, 0, 0),
(3, 30, 535, 0, 0),
(3, 30, 536, 0, 0),
(3, 30, 537, 0, 0),
(3, 30, 538, 0, 0),
(3, 30, 539, 0, 0),
(3, 30, 540, 0, 0),
(3, 30, 541, 0, 0),
(3, 30, 542, 0, 0),
(3, 33, 543, 0, 0),
(3, 33, 544, 0, 0),
(3, 33, 545, 0, 0),
(3, 33, 546, 0, 0),
(3, 33, 547, 0, 0),
(3, 33, 548, 0, 0),
(3, 33, 549, 0, 0),
(3, 33, 550, 0, 0),
(3, 33, 551, 0, 0),
(3, 33, 552, 0, 0),
(3, 33, 553, 0, 0),
(3, 33, 554, 0, 0),
(3, 33, 555, 0, 0),
(3, 33, 556, 0, 0),
(3, 33, 557, 0, 0),
(3, 33, 558, 0, 0),
(3, 33, 559, 0, 0),
(3, 33, 560, 0, 0),
(3, 33, 561, 0, 0),
(3, 35, 562, 0, 0),
(3, 35, 563, 0, 0),
(3, 35, 564, 0, 0),
(3, 35, 565, 0, 0),
(3, 35, 566, 0, 0),
(3, 35, 567, 0, 0),
(3, 35, 568, 0, 0),
(3, 35, 569, 0, 0),
(3, 35, 570, 0, 0),
(3, 35, 571, 0, 0),
(3, 35, 572, 0, 0),
(3, 35, 573, 0, 0),
(3, 35, 574, 0, 0),
(3, 35, 575, 0, 0),
(3, 35, 576, 0, 0),
(3, 35, 577, 0, 0),
(3, 29, 578, 0, 0),
(3, 39, 579, 0, 0),
(3, 39, 580, 0, 0),
(3, 39, 581, 0, 0),
(3, 39, 582, 0, 0),
(3, 39, 583, 0, 0),
(3, 42, 584, 0, 0),
(3, 42, 585, 0, 0),
(3, 42, 586, 0, 0),
(3, 42, 587, 0, 0),
(3, 42, 588, 0, 0),
(3, 42, 589, 0, 0),
(3, 42, 590, 0, 0),
(3, 44, 591, 0, 0),
(3, 44, 592, 0, 0),
(3, 44, 593, 0, 0),
(3, 44, 594, 0, 0),
(3, 44, 595, 0, 0),
(3, 44, 596, 0, 0),
(3, 44, 597, 0, 0),
(3, 44, 598, 0, 0),
(3, 44, 599, 0, 0),
(3, 44, 600, 0, 0),
(3, 45, 601, 0, 0),
(3, 45, 602, 0, 0),
(3, 45, 603, 0, 0),
(3, 45, 604, 0, 0),
(3, 45, 605, 0, 0),
(3, 45, 606, 0, 0),
(3, 45, 607, 0, 0),
(3, 45, 608, 0, 0),
(3, 45, 609, 0, 0),
(3, 45, 610, 0, 0),
(3, 45, 611, 0, 0),
(3, 45, 612, 0, 0),
(3, 45, 613, 0, 0),
(3, 45, 614, 0, 0),
(3, 45, 615, 0, 0),
(3, 46, 616, 0, 0),
(3, 46, 617, 0, 0),
(3, 46, 618, 0, 0),
(3, 46, 619, 0, 0),
(3, 46, 620, 0, 0),
(3, 46, 621, 0, 0),
(3, 46, 622, 0, 0),
(3, 46, 623, 0, 0),
(3, 46, 624, 0, 0),
(3, 46, 625, 0, 0),
(3, 46, 626, 0, 0),
(3, 46, 627, 0, 0),
(3, 46, 628, 0, 0),
(3, 46, 629, 0, 0),
(3, 46, 630, 0, 0),
(3, 46, 631, 0, 0),
(3, 46, 632, 0, 0),
(3, 47, 633, 0, 0),
(3, 47, 634, 0, 0),
(3, 47, 635, 0, 0),
(3, 47, 636, 0, 0),
(3, 47, 637, 0, 0),
(3, 47, 638, 0, 0),
(3, 47, 639, 0, 0),
(3, 47, 640, 0, 0),
(3, 47, 641, 0, 0),
(3, 47, 642, 0, 0),
(3, 47, 643, 0, 0),
(3, 47, 644, 0, 0),
(3, 47, 645, 0, 0),
(3, 47, 646, 0, 0),
(3, 47, 647, 0, 0),
(3, 47, 648, 0, 0),
(3, 47, 649, 0, 0),
(3, 47, 650, 0, 0),
(3, 2, 651, 0, 0),
(3, 29, 652, 0, 0),
(3, 23, 653, 0, 0),
(3, 23, 654, 0, 0),
(3, 23, 655, 0, 0),
(3, 23, 656, 0, 0),
(3, 23, 657, 0, 0),
(3, 23, 658, 0, 0),
(3, 23, 659, 0, 0),
(3, 23, 660, 0, 0),
(3, 23, 661, 0, 0),
(3, 22, 662, 0, 0),
(3, 22, 663, 0, 0),
(3, 22, 664, 0, 0),
(3, 22, 665, 0, 0),
(3, 22, 666, 0, 0),
(3, 22, 667, 0, 0),
(3, 22, 668, 0, 0),
(3, 22, 669, 0, 0),
(3, 22, 670, 0, 0),
(3, 21, 671, 0, 0),
(3, 21, 672, 0, 0),
(3, 21, 673, 0, 0),
(3, 21, 674, 0, 0),
(3, 21, 675, 0, 0),
(3, 21, 676, 0, 0),
(3, 21, 677, 0, 0),
(3, 21, 678, 0, 0),
(3, 21, 679, 0, 0),
(3, 20, 680, 0, 0),
(3, 20, 681, 0, 0),
(3, 20, 682, 0, 0),
(3, 20, 683, 0, 0),
(3, 20, 684, 0, 0),
(3, 20, 685, 0, 0),
(3, 20, 686, 0, 0),
(3, 20, 687, 0, 0),
(3, 20, 688, 0, 0),
(3, 29, 689, 0, 0),
(3, 45, 690, 0, 0),
(3, 42, 691, 0, 0),
(3, 29, 692, 0, 0),
(3, 29, 693, 0, 0),
(3, 29, 694, 0, 0),
(3, 23, 695, 0, 0),
(3, 22, 696, 0, 0),
(3, 21, 697, 0, 0),
(3, 20, 698, 0, 0),
(3, 29, 699, 0, 0),
(3, 6, 700, 0, 0),
(3, 4, 701, 0, 0),
(3, 2, 702, 0, 0),
(3, 29, 703, 0, 0),
(3, 23, 704, 0, 0),
(3, 23, 705, 0, 0),
(3, 21, 706, 0, 0),
(3, 21, 707, 0, 0),
(3, 18, 708, 0, 0),
(3, 7, 709, 0, 0),
(3, 42, 710, 0, 0),
(3, 42, 711, 0, 0),
(3, 23, 712, 0, 0),
(3, 20, 713, 0, 0),
(3, 21, 714, 0, 0),
(3, 22, 715, 0, 0),
(3, 29, 716, 0, 0),
(3, 2, 717, 0, 0),
(3, 13, 718, 0, 0),
(3, 29, 719, 0, 0),
(3, 13, 720, 0, 0),
(3, 29, 721, 0, 0),
(3, 29, 722, 0, 0),
(3, 29, 723, 0, 0),
(3, 9, 729, 0, 0),
(3, 29, 750, 0, 0),
(4, 6, 1, 0, 0),
(4, 6, 2, 0, 0),
(4, 6, 3, 0, 0),
(4, 6, 4, 0, 0),
(4, 6, 5, 0, 0),
(4, 6, 6, 0, 0),
(4, 6, 7, 0, 0),
(4, 6, 8, 0, 0),
(4, 6, 9, 0, 0),
(4, 6, 10, 0, 0),
(4, 6, 11, 0, 0),
(4, 6, 12, 0, 0),
(4, 6, 13, 0, 0),
(4, 6, 14, 0, 0),
(4, 6, 15, 0, 0),
(4, 6, 16, 0, 0),
(4, 6, 17, 0, 0),
(4, 6, 18, 0, 0),
(4, 6, 19, 0, 0),
(4, 6, 20, 0, 0),
(4, 6, 21, 0, 0),
(4, 6, 22, 0, 0),
(4, 6, 23, 0, 0),
(4, 6, 24, 0, 0),
(4, 6, 25, 0, 0),
(4, 6, 26, 0, 0),
(4, 6, 27, 0, 0),
(4, 6, 28, 0, 0),
(4, 6, 29, 0, 0),
(4, 6, 30, 0, 0),
(4, 6, 31, 0, 0),
(4, 6, 32, 0, 0),
(4, 6, 33, 0, 0),
(4, 6, 34, 0, 0),
(4, 6, 35, 0, 0),
(4, 6, 36, 0, 0),
(4, 7, 37, 0, 0),
(4, 7, 38, 0, 0),
(4, 7, 39, 0, 0),
(4, 7, 40, 0, 0),
(4, 7, 41, 0, 0),
(4, 7, 42, 0, 0),
(4, 7, 43, 0, 0),
(4, 7, 44, 0, 0),
(4, 7, 45, 0, 0),
(4, 7, 46, 0, 0),
(4, 7, 47, 0, 0),
(4, 7, 48, 0, 0),
(4, 7, 49, 0, 0),
(4, 7, 50, 0, 0),
(4, 7, 51, 0, 0),
(4, 7, 52, 0, 0),
(4, 7, 53, 0, 0),
(4, 7, 54, 0, 0),
(4, 7, 55, 0, 0),
(4, 7, 56, 0, 0),
(4, 7, 57, 0, 0),
(4, 7, 58, 0, 0),
(4, 7, 59, 0, 0),
(4, 7, 60, 0, 0),
(4, 7, 61, 0, 0),
(4, 7, 62, 0, 0),
(4, 7, 63, 0, 0),
(4, 7, 64, 0, 0),
(4, 7, 65, 0, 0),
(4, 4, 66, 0, 0),
(4, 4, 67, 0, 0),
(4, 4, 68, 0, 0),
(4, 4, 69, 0, 0),
(4, 4, 70, 0, 0),
(4, 4, 71, 0, 0),
(4, 4, 72, 0, 0),
(4, 4, 73, 0, 0),
(4, 4, 74, 0, 0),
(4, 4, 75, 0, 0),
(4, 4, 76, 0, 0),
(4, 4, 77, 0, 0),
(4, 4, 78, 0, 0),
(4, 4, 79, 0, 0),
(4, 4, 80, 0, 0),
(4, 4, 81, 0, 0),
(4, 4, 82, 0, 0),
(4, 4, 83, 0, 0),
(4, 4, 84, 0, 0),
(4, 4, 85, 0, 0),
(4, 4, 86, 0, 0),
(4, 4, 87, 0, 0),
(4, 4, 88, 0, 0),
(4, 4, 89, 0, 0),
(4, 4, 90, 0, 0),
(4, 4, 91, 0, 0),
(4, 4, 92, 0, 0),
(4, 4, 93, 0, 0),
(4, 4, 94, 0, 0),
(4, 4, 95, 0, 0),
(4, 4, 96, 0, 0),
(4, 4, 97, 0, 0),
(4, 4, 98, 0, 0),
(4, 4, 99, 0, 0),
(4, 4, 100, 0, 0),
(4, 4, 101, 0, 0),
(4, 4, 102, 0, 0),
(4, 4, 103, 0, 0),
(4, 4, 104, 0, 0),
(4, 4, 105, 0, 0),
(4, 4, 106, 0, 0),
(4, 4, 107, 0, 0),
(4, 4, 108, 0, 0),
(4, 4, 109, 0, 0),
(4, 2, 110, 0, 0),
(4, 2, 111, 0, 0),
(4, 2, 112, 0, 0),
(4, 2, 113, 0, 0),
(4, 2, 114, 0, 0),
(4, 2, 115, 0, 0),
(4, 2, 116, 0, 0),
(4, 2, 117, 0, 0),
(4, 2, 118, 0, 0),
(4, 2, 119, 0, 0),
(4, 2, 120, 0, 0),
(4, 2, 121, 0, 0),
(4, 2, 122, 0, 0),
(4, 2, 123, 0, 0),
(4, 2, 124, 0, 0),
(4, 2, 125, 0, 0),
(4, 26, 126, 0, 0),
(4, 26, 127, 0, 0),
(4, 26, 128, 0, 0),
(4, 26, 129, 0, 0),
(4, 26, 130, 0, 0),
(4, 26, 131, 0, 0),
(4, 26, 132, 0, 0),
(4, 26, 133, 0, 0),
(4, 26, 134, 0, 0),
(4, 26, 135, 0, 0),
(4, 26, 136, 0, 0),
(4, 26, 137, 0, 0),
(4, 26, 138, 0, 0),
(4, 26, 139, 0, 0),
(4, 26, 140, 0, 0),
(4, 26, 141, 0, 0),
(4, 26, 142, 0, 0),
(4, 26, 143, 0, 0),
(4, 26, 144, 0, 0),
(4, 26, 145, 0, 0),
(4, 26, 146, 0, 0),
(4, 26, 147, 0, 0),
(4, 26, 148, 0, 0),
(4, 26, 149, 0, 0),
(4, 26, 150, 0, 0),
(4, 4, 151, 0, 0),
(4, 6, 152, 0, 0),
(4, 7, 153, 0, 0),
(4, 26, 154, 0, 0),
(4, 13, 155, 0, 0),
(4, 13, 156, 0, 0),
(4, 13, 157, 0, 0),
(4, 13, 158, 0, 0),
(4, 13, 159, 0, 0),
(4, 13, 160, 0, 0),
(4, 13, 161, 0, 0),
(4, 13, 162, 0, 0),
(4, 13, 163, 0, 0),
(4, 13, 164, 0, 0),
(4, 13, 165, 0, 0),
(4, 13, 166, 0, 0),
(4, 13, 167, 0, 0),
(4, 13, 168, 0, 0),
(4, 13, 169, 0, 0),
(4, 13, 170, 0, 0),
(4, 13, 171, 0, 0),
(4, 13, 172, 0, 0),
(4, 14, 173, 0, 0),
(4, 14, 174, 0, 0),
(4, 14, 175, 0, 0),
(4, 14, 176, 0, 0),
(4, 14, 177, 0, 0),
(4, 14, 178, 0, 0),
(4, 14, 179, 0, 0),
(4, 14, 180, 0, 0),
(4, 14, 181, 0, 0),
(4, 14, 182, 0, 0),
(4, 14, 183, 0, 0),
(4, 14, 184, 0, 0),
(4, 14, 185, 0, 0),
(4, 14, 186, 0, 0),
(4, 14, 187, 0, 0),
(4, 14, 188, 0, 0),
(4, 14, 189, 0, 0),
(4, 14, 190, 0, 0),
(4, 14, 191, 0, 0),
(4, 14, 192, 0, 0),
(4, 14, 193, 0, 0),
(4, 14, 194, 0, 0),
(4, 14, 195, 0, 0),
(4, 14, 196, 0, 0),
(4, 14, 197, 0, 0),
(4, 14, 198, 0, 0),
(4, 14, 199, 0, 0),
(4, 14, 200, 0, 0),
(4, 14, 201, 0, 0),
(4, 14, 202, 0, 0),
(4, 14, 203, 0, 0),
(4, 8, 204, 0, 0),
(4, 8, 205, 0, 0),
(4, 8, 206, 0, 0),
(4, 8, 207, 0, 0),
(4, 8, 208, 0, 0),
(4, 8, 209, 0, 0),
(4, 8, 210, 0, 0),
(4, 8, 211, 0, 0),
(4, 8, 212, 0, 0),
(4, 8, 213, 0, 0),
(4, 8, 214, 0, 0),
(4, 8, 215, 0, 0),
(4, 8, 216, 0, 0),
(4, 8, 217, 0, 0),
(4, 8, 218, 0, 0),
(4, 10, 219, 0, 0),
(4, 10, 220, 0, 0),
(4, 10, 221, 0, 0),
(4, 10, 222, 0, 0),
(4, 10, 223, 0, 0),
(4, 10, 224, 0, 0),
(4, 10, 225, 0, 0),
(4, 10, 226, 0, 0),
(4, 10, 227, 0, 0),
(4, 10, 228, 0, 0),
(4, 10, 229, 0, 0),
(4, 10, 230, 0, 0),
(4, 9, 231, 0, 0),
(4, 9, 232, 0, 0),
(4, 9, 233, 0, 0),
(4, 9, 234, 0, 0),
(4, 9, 235, 0, 0),
(4, 9, 236, 0, 0),
(4, 9, 237, 0, 0),
(4, 9, 238, 0, 0),
(4, 9, 239, 0, 0),
(4, 9, 240, 0, 0),
(4, 9, 241, 0, 0),
(4, 9, 242, 0, 0),
(4, 9, 243, 0, 0),
(4, 9, 244, 0, 0),
(4, 9, 245, 0, 0),
(4, 9, 246, 0, 0),
(4, 9, 247, 0, 0),
(4, 9, 248, 0, 0),
(4, 9, 249, 0, 0),
(4, 9, 250, 0, 0),
(4, 9, 251, 0, 0),
(4, 9, 252, 0, 0),
(4, 9, 253, 0, 0),
(4, 9, 254, 0, 0),
(4, 16, 255, 0, 0),
(4, 16, 256, 0, 0),
(4, 16, 257, 0, 0),
(4, 16, 258, 0, 0),
(4, 16, 259, 0, 0),
(4, 16, 260, 0, 0),
(4, 16, 261, 0, 0),
(4, 16, 262, 0, 0),
(4, 16, 263, 0, 0),
(4, 16, 264, 0, 0),
(4, 16, 265, 0, 0),
(4, 16, 266, 0, 0),
(4, 16, 267, 0, 0),
(4, 16, 268, 0, 0),
(4, 16, 269, 0, 0),
(4, 16, 270, 0, 0),
(4, 16, 271, 0, 0),
(4, 16, 272, 0, 0),
(4, 16, 273, 0, 0),
(4, 16, 274, 0, 0),
(4, 16, 275, 0, 0),
(4, 16, 276, 0, 0),
(4, 16, 277, 0, 0),
(4, 15, 278, 0, 0),
(4, 15, 279, 0, 0),
(4, 15, 280, 0, 0),
(4, 15, 281, 0, 0),
(4, 15, 282, 0, 0),
(4, 15, 283, 0, 0),
(4, 15, 284, 0, 0),
(4, 15, 285, 0, 0),
(4, 15, 286, 0, 0),
(4, 15, 287, 0, 0),
(4, 18, 288, 0, 0),
(4, 18, 289, 0, 0),
(4, 18, 290, 0, 0),
(4, 18, 291, 0, 0),
(4, 18, 292, 0, 0),
(4, 18, 293, 0, 0),
(4, 18, 294, 0, 0),
(4, 18, 295, 0, 0),
(4, 18, 296, 0, 0),
(4, 18, 297, 0, 0),
(4, 18, 298, 0, 0),
(4, 18, 299, 0, 0),
(4, 18, 300, 0, 0),
(4, 18, 301, 0, 0),
(4, 18, 302, 0, 0),
(4, 18, 303, 0, 0),
(4, 18, 304, 0, 0),
(4, 19, 305, 0, 0),
(4, 19, 306, 0, 0),
(4, 19, 307, 0, 0),
(4, 19, 308, 0, 0),
(4, 19, 309, 0, 0),
(4, 19, 310, 0, 0),
(4, 19, 311, 0, 0),
(4, 19, 312, 0, 0),
(4, 20, 313, 0, 0),
(4, 20, 314, 0, 0),
(4, 20, 315, 0, 0),
(4, 20, 316, 0, 0),
(4, 20, 317, 0, 0),
(4, 20, 318, 0, 0),
(4, 20, 319, 0, 0),
(4, 20, 320, 0, 0),
(4, 20, 321, 0, 0),
(4, 20, 322, 0, 0),
(4, 20, 323, 0, 0),
(4, 20, 324, 0, 0),
(4, 20, 325, 0, 0),
(4, 20, 326, 0, 0),
(4, 20, 327, 0, 0),
(4, 20, 328, 0, 0),
(4, 20, 329, 0, 0),
(4, 20, 330, 0, 0),
(4, 20, 331, 0, 0),
(4, 20, 332, 0, 0),
(4, 20, 333, 0, 0),
(4, 20, 334, 0, 0),
(4, 20, 335, 0, 0),
(4, 20, 336, 0, 0),
(4, 20, 337, 0, 0),
(4, 20, 338, 0, 0),
(4, 20, 339, 0, 0),
(4, 20, 340, 0, 0),
(4, 20, 341, 0, 0),
(4, 20, 342, 0, 0),
(4, 20, 343, 0, 0),
(4, 20, 344, 0, 0),
(4, 20, 345, 0, 0),
(4, 20, 346, 0, 0),
(4, 20, 347, 0, 0),
(4, 20, 348, 0, 0),
(4, 20, 349, 0, 0),
(4, 21, 350, 0, 0),
(4, 21, 351, 0, 0),
(4, 21, 352, 0, 0),
(4, 21, 353, 0, 0),
(4, 21, 354, 0, 0),
(4, 21, 355, 0, 0),
(4, 21, 356, 0, 0),
(4, 21, 357, 0, 0),
(4, 21, 358, 0, 0),
(4, 21, 359, 0, 0),
(4, 21, 360, 0, 0),
(4, 21, 361, 0, 0),
(4, 21, 362, 0, 0),
(4, 21, 363, 0, 0),
(4, 21, 364, 0, 0),
(4, 21, 365, 0, 0),
(4, 21, 366, 0, 0),
(4, 21, 367, 0, 0),
(4, 21, 368, 0, 0),
(4, 21, 369, 0, 0),
(4, 21, 370, 0, 0),
(4, 21, 371, 0, 0),
(4, 21, 372, 0, 0),
(4, 21, 373, 0, 0),
(4, 21, 374, 0, 0),
(4, 21, 375, 0, 0),
(4, 21, 376, 0, 0),
(4, 21, 377, 0, 0),
(4, 21, 378, 0, 0),
(4, 21, 379, 0, 0),
(4, 21, 380, 0, 0),
(4, 21, 381, 0, 0),
(4, 21, 382, 0, 0),
(4, 21, 383, 0, 0),
(4, 21, 384, 0, 0),
(4, 21, 385, 0, 0),
(4, 21, 386, 0, 0),
(4, 21, 387, 0, 0),
(4, 22, 388, 0, 0),
(4, 22, 389, 0, 0),
(4, 22, 390, 0, 0),
(4, 22, 391, 0, 0),
(4, 22, 392, 0, 0),
(4, 22, 393, 0, 0),
(4, 22, 394, 0, 0),
(4, 22, 395, 0, 0),
(4, 22, 396, 0, 0),
(4, 22, 397, 0, 0),
(4, 22, 398, 0, 0),
(4, 22, 399, 0, 0),
(4, 22, 400, 0, 0),
(4, 22, 401, 0, 0),
(4, 22, 402, 0, 0),
(4, 22, 403, 0, 0),
(4, 22, 404, 0, 0),
(4, 22, 405, 0, 0),
(4, 22, 406, 0, 0),
(4, 22, 407, 0, 0),
(4, 22, 408, 0, 0),
(4, 22, 409, 0, 0),
(4, 22, 410, 0, 0),
(4, 22, 411, 0, 0),
(4, 22, 412, 0, 0),
(4, 22, 413, 0, 0),
(4, 22, 414, 0, 0),
(4, 22, 415, 0, 0),
(4, 22, 416, 0, 0),
(4, 22, 417, 0, 0),
(4, 22, 418, 0, 0),
(4, 22, 419, 0, 0),
(4, 22, 420, 0, 0),
(4, 22, 421, 0, 0),
(4, 22, 422, 0, 0),
(4, 22, 423, 0, 0),
(4, 22, 424, 0, 0),
(4, 22, 425, 0, 0),
(4, 22, 426, 0, 0),
(4, 22, 427, 0, 0),
(4, 22, 428, 0, 0),
(4, 22, 429, 0, 0),
(4, 22, 430, 0, 0),
(4, 22, 431, 0, 0),
(4, 22, 432, 0, 0),
(4, 22, 433, 0, 0),
(4, 22, 434, 0, 0),
(4, 23, 435, 0, 0),
(4, 23, 436, 0, 0),
(4, 23, 437, 0, 0),
(4, 23, 438, 0, 0),
(4, 23, 439, 0, 0),
(4, 23, 440, 0, 0),
(4, 23, 441, 0, 0),
(4, 23, 442, 0, 0),
(4, 23, 443, 0, 0),
(4, 23, 444, 0, 0),
(4, 23, 445, 0, 0),
(4, 23, 446, 0, 0),
(4, 23, 447, 0, 0),
(4, 23, 448, 0, 0),
(4, 23, 449, 0, 0),
(4, 23, 450, 0, 0),
(4, 23, 451, 0, 0),
(4, 23, 452, 0, 0),
(4, 23, 453, 0, 0),
(4, 23, 454, 0, 0),
(4, 23, 455, 0, 0),
(4, 23, 456, 0, 0),
(4, 23, 457, 0, 0),
(4, 23, 458, 0, 0),
(4, 23, 459, 0, 0),
(4, 23, 460, 0, 0),
(4, 23, 461, 0, 0),
(4, 23, 462, 0, 0),
(4, 23, 463, 0, 0),
(4, 23, 464, 0, 0),
(4, 23, 465, 0, 0),
(4, 23, 466, 0, 0),
(4, 23, 467, 0, 0),
(4, 23, 468, 0, 0),
(4, 23, 469, 0, 0),
(4, 23, 470, 0, 0),
(4, 23, 471, 0, 0),
(4, 23, 472, 0, 0),
(4, 23, 473, 0, 0),
(4, 29, 474, 0, 0),
(4, 29, 478, 0, 0),
(4, 29, 479, 0, 0),
(4, 29, 481, 0, 0),
(4, 29, 488, 0, 0),
(4, 29, 489, 0, 0),
(4, 29, 490, 0, 0),
(4, 29, 491, 0, 0),
(4, 29, 493, 0, 0),
(4, 29, 494, 0, 0),
(4, 29, 495, 0, 0),
(4, 29, 496, 0, 0),
(4, 29, 497, 0, 0),
(4, 29, 502, 0, 0),
(4, 29, 503, 0, 0),
(4, 29, 504, 0, 0),
(4, 29, 505, 0, 0),
(4, 29, 513, 0, 0),
(4, 10, 518, 0, 0),
(4, 10, 519, 0, 0),
(4, 10, 520, 0, 0),
(4, 10, 521, 0, 0),
(4, 10, 522, 0, 0),
(4, 10, 523, 0, 0),
(4, 30, 524, 0, 0),
(4, 30, 525, 0, 0),
(4, 30, 526, 0, 0),
(4, 30, 527, 0, 0),
(4, 30, 528, 0, 0),
(4, 30, 529, 0, 0),
(4, 30, 530, 0, 0),
(4, 30, 531, 0, 0),
(4, 30, 532, 0, 0),
(4, 30, 533, 0, 0),
(4, 30, 534, 0, 0),
(4, 30, 535, 0, 0),
(4, 30, 536, 0, 0),
(4, 30, 537, 0, 0),
(4, 30, 538, 0, 0),
(4, 30, 539, 0, 0),
(4, 30, 540, 0, 0),
(4, 30, 541, 0, 0),
(4, 30, 542, 0, 0),
(4, 33, 543, 0, 0),
(4, 33, 544, 0, 0),
(4, 33, 545, 0, 0),
(4, 33, 546, 0, 0),
(4, 33, 547, 0, 0),
(4, 33, 548, 0, 0),
(4, 33, 549, 0, 0),
(4, 33, 550, 0, 0),
(4, 33, 551, 0, 0),
(4, 33, 552, 0, 0),
(4, 33, 553, 0, 0),
(4, 33, 554, 0, 0),
(4, 33, 555, 0, 0),
(4, 33, 556, 0, 0),
(4, 33, 557, 0, 0),
(4, 33, 558, 0, 0),
(4, 33, 559, 0, 0),
(4, 33, 560, 0, 0),
(4, 33, 561, 0, 0),
(4, 35, 562, 0, 0),
(4, 35, 563, 0, 0),
(4, 35, 564, 0, 0),
(4, 35, 565, 0, 0),
(4, 35, 566, 0, 0),
(4, 35, 567, 0, 0),
(4, 35, 568, 0, 0),
(4, 35, 569, 0, 0),
(4, 35, 570, 0, 0),
(4, 35, 571, 0, 0),
(4, 35, 572, 0, 0),
(4, 35, 573, 0, 0),
(4, 35, 574, 0, 0),
(4, 35, 575, 0, 0),
(4, 35, 576, 0, 0),
(4, 35, 577, 0, 0),
(4, 29, 578, 0, 0),
(4, 39, 579, 0, 0),
(4, 39, 580, 0, 0),
(4, 39, 581, 0, 0),
(4, 39, 582, 0, 0),
(4, 39, 583, 0, 0),
(4, 42, 584, 0, 0),
(4, 42, 585, 0, 0),
(4, 42, 586, 0, 0),
(4, 42, 587, 0, 0),
(4, 42, 588, 0, 0),
(4, 42, 589, 0, 0),
(4, 42, 590, 0, 0),
(4, 44, 591, 0, 0),
(4, 44, 592, 0, 0),
(4, 44, 593, 0, 0),
(4, 44, 594, 0, 0),
(4, 44, 595, 0, 0),
(4, 44, 596, 0, 0),
(4, 44, 597, 0, 0),
(4, 44, 598, 0, 0),
(4, 44, 599, 0, 0),
(4, 44, 600, 0, 0),
(4, 45, 601, 0, 0),
(4, 45, 602, 0, 0),
(4, 45, 603, 0, 0),
(4, 45, 604, 0, 0),
(4, 45, 605, 0, 0),
(4, 45, 606, 0, 0),
(4, 45, 607, 0, 0),
(4, 45, 608, 0, 0),
(4, 45, 609, 0, 0),
(4, 45, 610, 0, 0),
(4, 45, 611, 0, 0),
(4, 45, 612, 0, 0),
(4, 45, 613, 0, 0),
(4, 45, 614, 0, 0),
(4, 45, 615, 0, 0),
(4, 46, 616, 0, 0),
(4, 46, 617, 0, 0),
(4, 46, 618, 0, 0),
(4, 46, 619, 0, 0),
(4, 46, 620, 0, 0),
(4, 46, 621, 0, 0),
(4, 46, 622, 0, 0),
(4, 46, 623, 0, 0),
(4, 46, 624, 0, 0),
(4, 46, 625, 0, 0),
(4, 46, 626, 0, 0),
(4, 46, 627, 0, 0),
(4, 46, 628, 0, 0),
(4, 46, 629, 0, 0),
(4, 46, 630, 0, 0),
(4, 46, 631, 0, 0),
(4, 46, 632, 0, 0),
(4, 47, 633, 0, 0),
(4, 47, 634, 0, 0),
(4, 47, 635, 0, 0),
(4, 47, 636, 0, 0),
(4, 47, 637, 0, 0),
(4, 47, 638, 0, 0),
(4, 47, 639, 0, 0),
(4, 47, 640, 0, 0),
(4, 47, 641, 0, 0),
(4, 47, 642, 0, 0),
(4, 47, 643, 0, 0),
(4, 47, 644, 0, 0),
(4, 47, 645, 0, 0),
(4, 47, 646, 0, 0),
(4, 47, 647, 0, 0),
(4, 47, 648, 0, 0),
(4, 47, 649, 0, 0),
(4, 47, 650, 0, 0),
(4, 2, 651, 0, 0),
(4, 29, 652, 0, 0),
(4, 23, 653, 0, 0),
(4, 23, 654, 0, 0),
(4, 23, 655, 0, 0),
(4, 23, 656, 0, 0),
(4, 23, 657, 0, 0),
(4, 23, 658, 0, 0),
(4, 23, 659, 0, 0),
(4, 23, 660, 0, 0),
(4, 23, 661, 0, 0),
(4, 22, 662, 0, 0),
(4, 22, 663, 0, 0),
(4, 22, 664, 0, 0),
(4, 22, 665, 0, 0),
(4, 22, 666, 0, 0),
(4, 22, 667, 0, 0),
(4, 22, 668, 0, 0),
(4, 22, 669, 0, 0),
(4, 22, 670, 0, 0),
(4, 21, 671, 0, 0),
(4, 21, 672, 0, 0),
(4, 21, 673, 0, 0),
(4, 21, 674, 0, 0),
(4, 21, 675, 0, 0),
(4, 21, 676, 0, 0),
(4, 21, 677, 0, 0),
(4, 21, 678, 0, 0),
(4, 21, 679, 0, 0),
(4, 20, 680, 0, 0),
(4, 20, 681, 0, 0),
(4, 20, 682, 0, 0),
(4, 20, 683, 0, 0),
(4, 20, 684, 0, 0),
(4, 20, 685, 0, 0),
(4, 20, 686, 0, 0),
(4, 20, 687, 0, 0),
(4, 20, 688, 0, 0),
(4, 29, 689, 0, 0),
(4, 45, 690, 0, 0),
(4, 42, 691, 0, 0),
(4, 29, 692, 0, 0),
(4, 29, 693, 0, 0),
(4, 29, 694, 0, 0),
(4, 23, 695, 0, 0),
(4, 22, 696, 0, 0),
(4, 21, 697, 0, 0),
(4, 20, 698, 0, 0),
(4, 29, 699, 0, 0),
(4, 6, 700, 0, 0),
(4, 4, 701, 0, 0),
(4, 2, 702, 0, 0),
(4, 29, 703, 0, 0),
(4, 23, 704, 0, 0),
(4, 23, 705, 0, 0),
(4, 21, 706, 0, 0),
(4, 21, 707, 0, 0),
(4, 18, 708, 0, 0),
(4, 7, 709, 0, 0),
(4, 42, 710, 0, 0),
(4, 42, 711, 0, 0),
(4, 23, 712, 0, 0),
(4, 20, 713, 0, 0),
(4, 21, 714, 0, 0),
(4, 22, 715, 0, 0),
(4, 29, 716, 0, 0),
(4, 2, 717, 0, 0),
(4, 13, 718, 0, 0),
(4, 29, 719, 0, 0),
(4, 13, 720, 0, 0),
(4, 29, 721, 0, 0),
(4, 29, 722, 0, 0),
(4, 29, 723, 0, 0),
(4, 9, 729, 0, 0),
(4, 29, 750, 0, 0),
(5, 6, 1, 0, 0),
(5, 6, 2, 0, 0),
(5, 6, 3, 0, 0),
(5, 6, 4, 0, 0),
(5, 6, 5, 0, 0),
(5, 6, 6, 0, 0),
(5, 6, 7, 0, 0),
(5, 6, 8, 0, 0),
(5, 6, 9, 0, 0),
(5, 6, 10, 0, 0),
(5, 6, 11, 0, 0),
(5, 6, 12, 0, 0),
(5, 6, 13, 0, 0),
(5, 6, 14, 0, 0),
(5, 6, 15, 0, 0),
(5, 6, 16, 0, 0),
(5, 6, 17, 0, 0),
(5, 6, 18, 0, 0),
(5, 6, 19, 0, 0),
(5, 6, 20, 0, 0),
(5, 6, 21, 0, 1),
(5, 6, 22, 0, 1),
(5, 6, 23, 0, 0),
(5, 6, 24, 0, 0),
(5, 6, 25, 0, 0),
(5, 6, 26, 0, 0),
(5, 6, 27, 0, 0),
(5, 6, 28, 0, 0),
(5, 6, 29, 0, 0),
(5, 6, 30, 0, 0),
(5, 6, 31, 0, 0),
(5, 6, 32, 0, 0),
(5, 6, 33, 0, 0),
(5, 6, 34, 0, 0),
(5, 6, 35, 0, 0),
(5, 6, 36, 0, 0),
(5, 7, 37, 0, 0),
(5, 7, 38, 0, 0),
(5, 7, 39, 0, 0),
(5, 7, 40, 0, 0),
(5, 7, 41, 0, 0),
(5, 7, 42, 0, 0),
(5, 7, 43, 0, 0),
(5, 7, 44, 0, 0);
INSERT INTO `vtiger_profile2field` (`profileid`, `tabid`, `fieldid`, `visible`, `readonly`) VALUES
(5, 7, 45, 0, 0),
(5, 7, 46, 0, 0),
(5, 7, 47, 0, 0),
(5, 7, 48, 0, 0),
(5, 7, 49, 0, 0),
(5, 7, 50, 0, 0),
(5, 7, 51, 0, 0),
(5, 7, 52, 0, 0),
(5, 7, 53, 0, 0),
(5, 7, 54, 0, 0),
(5, 7, 55, 0, 0),
(5, 7, 56, 0, 1),
(5, 7, 57, 0, 1),
(5, 7, 58, 0, 0),
(5, 7, 59, 0, 0),
(5, 7, 60, 0, 0),
(5, 7, 61, 0, 0),
(5, 7, 62, 0, 0),
(5, 7, 63, 0, 0),
(5, 7, 64, 0, 0),
(5, 7, 65, 0, 0),
(5, 4, 66, 0, 0),
(5, 4, 67, 0, 0),
(5, 4, 68, 0, 0),
(5, 4, 69, 0, 0),
(5, 4, 70, 0, 0),
(5, 4, 71, 0, 0),
(5, 4, 72, 0, 0),
(5, 4, 73, 0, 0),
(5, 4, 74, 0, 0),
(5, 4, 75, 0, 0),
(5, 4, 76, 0, 0),
(5, 4, 77, 0, 0),
(5, 4, 78, 0, 0),
(5, 4, 79, 0, 0),
(5, 4, 80, 0, 0),
(5, 4, 81, 0, 0),
(5, 4, 82, 0, 0),
(5, 4, 83, 0, 0),
(5, 4, 84, 0, 0),
(5, 4, 85, 0, 0),
(5, 4, 86, 0, 0),
(5, 4, 87, 0, 0),
(5, 4, 88, 0, 0),
(5, 4, 89, 0, 0),
(5, 4, 90, 0, 1),
(5, 4, 91, 0, 1),
(5, 4, 92, 0, 0),
(5, 4, 93, 0, 0),
(5, 4, 94, 0, 0),
(5, 4, 95, 0, 0),
(5, 4, 96, 0, 0),
(5, 4, 97, 0, 0),
(5, 4, 98, 0, 0),
(5, 4, 99, 0, 0),
(5, 4, 100, 0, 0),
(5, 4, 101, 0, 0),
(5, 4, 102, 0, 0),
(5, 4, 103, 0, 0),
(5, 4, 104, 0, 0),
(5, 4, 105, 0, 0),
(5, 4, 106, 0, 0),
(5, 4, 107, 0, 0),
(5, 4, 108, 0, 0),
(5, 4, 109, 0, 0),
(5, 2, 110, 0, 0),
(5, 2, 111, 0, 0),
(5, 2, 112, 0, 0),
(5, 2, 113, 0, 0),
(5, 2, 114, 0, 0),
(5, 2, 115, 0, 0),
(5, 2, 116, 0, 0),
(5, 2, 117, 0, 0),
(5, 2, 118, 0, 0),
(5, 2, 119, 0, 0),
(5, 2, 120, 0, 0),
(5, 2, 121, 0, 0),
(5, 2, 122, 0, 1),
(5, 2, 123, 0, 1),
(5, 2, 124, 0, 0),
(5, 2, 125, 0, 0),
(5, 26, 126, 0, 0),
(5, 26, 127, 0, 0),
(5, 26, 128, 0, 0),
(5, 26, 129, 0, 0),
(5, 26, 130, 0, 0),
(5, 26, 131, 0, 0),
(5, 26, 132, 0, 0),
(5, 26, 133, 0, 0),
(5, 26, 134, 0, 0),
(5, 26, 135, 0, 0),
(5, 26, 136, 0, 0),
(5, 26, 137, 0, 1),
(5, 26, 138, 0, 1),
(5, 26, 139, 0, 0),
(5, 26, 140, 0, 0),
(5, 26, 141, 0, 0),
(5, 26, 142, 0, 0),
(5, 26, 143, 0, 0),
(5, 26, 144, 0, 0),
(5, 26, 145, 0, 0),
(5, 26, 146, 0, 0),
(5, 26, 147, 0, 0),
(5, 26, 148, 0, 0),
(5, 26, 149, 0, 0),
(5, 26, 150, 0, 0),
(5, 13, 155, 0, 0),
(5, 13, 156, 0, 0),
(5, 13, 157, 0, 0),
(5, 13, 158, 0, 0),
(5, 13, 159, 0, 0),
(5, 13, 160, 0, 0),
(5, 13, 161, 0, 0),
(5, 13, 162, 0, 0),
(5, 13, 163, 0, 0),
(5, 13, 164, 0, 0),
(5, 13, 165, 0, 0),
(5, 13, 166, 0, 1),
(5, 13, 167, 0, 1),
(5, 13, 168, 0, 0),
(5, 13, 169, 0, 0),
(5, 13, 170, 0, 0),
(5, 13, 171, 0, 0),
(5, 14, 173, 0, 0),
(5, 14, 174, 0, 0),
(5, 14, 175, 0, 0),
(5, 14, 176, 0, 0),
(5, 14, 177, 0, 0),
(5, 14, 178, 0, 0),
(5, 14, 179, 0, 0),
(5, 14, 180, 0, 0),
(5, 14, 181, 0, 0),
(5, 14, 182, 0, 0),
(5, 14, 183, 0, 0),
(5, 14, 184, 0, 0),
(5, 14, 185, 0, 0),
(5, 14, 186, 0, 0),
(5, 14, 187, 0, 0),
(5, 14, 188, 0, 0),
(5, 14, 189, 0, 0),
(5, 14, 190, 0, 1),
(5, 14, 191, 0, 1),
(5, 14, 192, 0, 0),
(5, 14, 193, 0, 0),
(5, 14, 194, 0, 0),
(5, 14, 195, 0, 0),
(5, 14, 196, 0, 0),
(5, 14, 197, 0, 0),
(5, 14, 198, 0, 0),
(5, 14, 199, 0, 0),
(5, 14, 200, 0, 0),
(5, 14, 201, 0, 0),
(5, 14, 202, 0, 0),
(5, 14, 203, 0, 0),
(5, 8, 204, 0, 0),
(5, 8, 205, 0, 1),
(5, 8, 206, 0, 1),
(5, 8, 207, 0, 0),
(5, 8, 208, 0, 0),
(5, 8, 209, 0, 0),
(5, 8, 210, 0, 1),
(5, 8, 211, 0, 1),
(5, 8, 212, 0, 0),
(5, 8, 213, 0, 0),
(5, 8, 214, 0, 0),
(5, 8, 215, 0, 1),
(5, 8, 216, 0, 0),
(5, 8, 217, 0, 0),
(5, 8, 218, 0, 0),
(5, 10, 219, 0, 0),
(5, 10, 220, 0, 0),
(5, 10, 221, 0, 0),
(5, 10, 222, 0, 0),
(5, 10, 223, 0, 0),
(5, 10, 224, 0, 0),
(5, 10, 225, 0, 0),
(5, 10, 226, 0, 0),
(5, 10, 227, 0, 0),
(5, 10, 228, 0, 1),
(5, 10, 229, 0, 0),
(5, 10, 230, 0, 0),
(5, 9, 231, 0, 0),
(5, 9, 232, 0, 0),
(5, 9, 233, 0, 0),
(5, 9, 234, 0, 0),
(5, 9, 235, 0, 0),
(5, 9, 236, 0, 0),
(5, 9, 237, 0, 0),
(5, 9, 238, 0, 0),
(5, 9, 239, 0, 0),
(5, 9, 240, 0, 0),
(5, 9, 241, 0, 0),
(5, 9, 242, 0, 0),
(5, 9, 243, 0, 1),
(5, 9, 244, 0, 1),
(5, 9, 245, 0, 0),
(5, 9, 246, 0, 0),
(5, 9, 247, 0, 0),
(5, 9, 248, 0, 0),
(5, 9, 249, 0, 0),
(5, 9, 250, 0, 0),
(5, 9, 251, 0, 0),
(5, 9, 252, 0, 0),
(5, 9, 253, 0, 0),
(5, 9, 254, 0, 0),
(5, 16, 255, 0, 0),
(5, 16, 256, 0, 0),
(5, 16, 257, 0, 0),
(5, 16, 258, 0, 0),
(5, 16, 259, 0, 0),
(5, 16, 260, 0, 0),
(5, 16, 261, 0, 0),
(5, 16, 262, 0, 0),
(5, 16, 263, 0, 0),
(5, 16, 264, 0, 0),
(5, 16, 265, 0, 0),
(5, 16, 266, 0, 0),
(5, 16, 267, 0, 0),
(5, 16, 268, 0, 0),
(5, 16, 269, 0, 1),
(5, 16, 270, 0, 1),
(5, 16, 271, 0, 0),
(5, 16, 272, 0, 0),
(5, 16, 273, 0, 0),
(5, 16, 274, 0, 0),
(5, 16, 275, 0, 0),
(5, 16, 276, 0, 0),
(5, 16, 277, 0, 0),
(5, 15, 278, 0, 0),
(5, 15, 279, 0, 0),
(5, 15, 280, 0, 0),
(5, 15, 281, 0, 0),
(5, 15, 282, 0, 0),
(5, 15, 283, 0, 0),
(5, 15, 285, 0, 1),
(5, 15, 286, 0, 1),
(5, 15, 287, 0, 0),
(5, 18, 288, 0, 0),
(5, 18, 289, 0, 0),
(5, 18, 290, 0, 0),
(5, 18, 291, 0, 0),
(5, 18, 292, 0, 0),
(5, 18, 293, 0, 0),
(5, 18, 294, 0, 0),
(5, 18, 295, 0, 1),
(5, 18, 296, 0, 1),
(5, 18, 297, 0, 0),
(5, 18, 298, 0, 0),
(5, 18, 299, 0, 0),
(5, 18, 300, 0, 0),
(5, 18, 301, 0, 0),
(5, 18, 302, 0, 0),
(5, 18, 303, 0, 0),
(5, 18, 304, 0, 0),
(5, 19, 305, 0, 0),
(5, 19, 306, 0, 0),
(5, 19, 307, 0, 0),
(5, 19, 308, 0, 1),
(5, 19, 309, 0, 1),
(5, 19, 310, 0, 0),
(5, 19, 311, 0, 0),
(5, 19, 312, 0, 0),
(5, 20, 313, 0, 0),
(5, 20, 314, 0, 0),
(5, 20, 315, 0, 0),
(5, 20, 316, 0, 0),
(5, 20, 317, 0, 0),
(5, 20, 318, 0, 0),
(5, 20, 319, 0, 0),
(5, 20, 320, 0, 0),
(5, 20, 321, 0, 0),
(5, 20, 322, 0, 0),
(5, 20, 323, 0, 0),
(5, 20, 324, 0, 0),
(5, 20, 325, 0, 0),
(5, 20, 326, 0, 0),
(5, 20, 327, 0, 0),
(5, 20, 328, 0, 0),
(5, 20, 329, 0, 0),
(5, 20, 330, 0, 0),
(5, 20, 331, 0, 1),
(5, 20, 332, 0, 1),
(5, 20, 333, 0, 0),
(5, 20, 334, 0, 0),
(5, 20, 335, 0, 0),
(5, 20, 336, 0, 0),
(5, 20, 337, 0, 0),
(5, 20, 338, 0, 0),
(5, 20, 339, 0, 0),
(5, 20, 340, 0, 0),
(5, 20, 341, 0, 0),
(5, 20, 342, 0, 0),
(5, 20, 343, 0, 0),
(5, 20, 344, 0, 0),
(5, 20, 345, 0, 0),
(5, 20, 346, 0, 0),
(5, 20, 347, 0, 0),
(5, 20, 348, 0, 0),
(5, 20, 349, 0, 0),
(5, 21, 350, 0, 0),
(5, 21, 351, 0, 0),
(5, 21, 352, 0, 0),
(5, 21, 353, 0, 0),
(5, 21, 354, 0, 0),
(5, 21, 355, 0, 0),
(5, 21, 356, 0, 0),
(5, 21, 357, 0, 0),
(5, 21, 358, 0, 0),
(5, 21, 359, 0, 0),
(5, 21, 360, 0, 0),
(5, 21, 361, 0, 0),
(5, 21, 362, 0, 0),
(5, 21, 363, 0, 0),
(5, 21, 364, 0, 0),
(5, 21, 365, 0, 0),
(5, 21, 366, 0, 0),
(5, 21, 367, 0, 0),
(5, 21, 368, 0, 0),
(5, 21, 369, 0, 1),
(5, 21, 370, 0, 1),
(5, 21, 371, 0, 0),
(5, 21, 372, 0, 0),
(5, 21, 373, 0, 0),
(5, 21, 374, 0, 0),
(5, 21, 375, 0, 0),
(5, 21, 376, 0, 0),
(5, 21, 377, 0, 0),
(5, 21, 378, 0, 0),
(5, 21, 379, 0, 0),
(5, 21, 380, 0, 0),
(5, 21, 381, 0, 0),
(5, 21, 382, 0, 0),
(5, 21, 383, 0, 0),
(5, 21, 384, 0, 0),
(5, 21, 385, 0, 0),
(5, 21, 386, 0, 0),
(5, 21, 387, 0, 0),
(5, 22, 388, 0, 0),
(5, 22, 389, 0, 0),
(5, 22, 390, 0, 0),
(5, 22, 391, 0, 0),
(5, 22, 392, 0, 0),
(5, 22, 393, 0, 0),
(5, 22, 394, 0, 0),
(5, 22, 395, 0, 0),
(5, 22, 396, 0, 0),
(5, 22, 397, 0, 0),
(5, 22, 398, 0, 0),
(5, 22, 399, 0, 0),
(5, 22, 400, 0, 0),
(5, 22, 401, 0, 0),
(5, 22, 402, 0, 0),
(5, 22, 403, 0, 0),
(5, 22, 404, 0, 0),
(5, 22, 405, 0, 0),
(5, 22, 406, 0, 0),
(5, 22, 407, 0, 0),
(5, 22, 408, 0, 0),
(5, 22, 409, 0, 0),
(5, 22, 410, 0, 1),
(5, 22, 411, 0, 1),
(5, 22, 412, 0, 0),
(5, 22, 413, 0, 0),
(5, 22, 414, 0, 0),
(5, 22, 415, 0, 0),
(5, 22, 416, 0, 0),
(5, 22, 417, 0, 0),
(5, 22, 418, 0, 0),
(5, 22, 419, 0, 0),
(5, 22, 420, 0, 0),
(5, 22, 421, 0, 0),
(5, 22, 422, 0, 0),
(5, 22, 423, 0, 0),
(5, 22, 424, 0, 0),
(5, 22, 425, 0, 0),
(5, 22, 426, 0, 0),
(5, 22, 427, 0, 0),
(5, 22, 428, 0, 0),
(5, 22, 429, 0, 0),
(5, 22, 430, 0, 0),
(5, 22, 431, 0, 0),
(5, 22, 432, 0, 0),
(5, 22, 433, 0, 0),
(5, 22, 434, 0, 0),
(5, 23, 435, 0, 0),
(5, 23, 436, 0, 0),
(5, 23, 437, 0, 0),
(5, 23, 438, 0, 0),
(5, 23, 439, 0, 0),
(5, 23, 440, 0, 0),
(5, 23, 441, 0, 0),
(5, 23, 442, 0, 0),
(5, 23, 443, 0, 0),
(5, 23, 444, 0, 0),
(5, 23, 445, 0, 0),
(5, 23, 446, 0, 0),
(5, 23, 447, 0, 0),
(5, 23, 448, 0, 0),
(5, 23, 449, 0, 0),
(5, 23, 450, 0, 0),
(5, 23, 451, 0, 0),
(5, 23, 452, 0, 0),
(5, 23, 453, 0, 0),
(5, 23, 454, 0, 1),
(5, 23, 455, 0, 1),
(5, 23, 456, 0, 0),
(5, 23, 457, 0, 0),
(5, 23, 458, 0, 0),
(5, 23, 459, 0, 0),
(5, 23, 460, 0, 0),
(5, 23, 461, 0, 0),
(5, 23, 462, 0, 0),
(5, 23, 463, 0, 0),
(5, 23, 464, 0, 0),
(5, 23, 465, 0, 0),
(5, 23, 466, 0, 0),
(5, 23, 467, 0, 0),
(5, 23, 468, 0, 0),
(5, 23, 469, 0, 0),
(5, 23, 470, 0, 0),
(5, 23, 471, 0, 0),
(5, 23, 472, 0, 0),
(5, 23, 473, 0, 0),
(5, 29, 474, 0, 0),
(5, 29, 478, 0, 0),
(5, 29, 479, 0, 0),
(5, 29, 481, 0, 0),
(5, 29, 488, 0, 0),
(5, 29, 489, 0, 0),
(5, 29, 490, 0, 0),
(5, 29, 491, 0, 0),
(5, 29, 493, 0, 0),
(5, 29, 494, 0, 0),
(5, 29, 495, 0, 0),
(5, 29, 496, 0, 0),
(5, 29, 497, 0, 0),
(5, 29, 502, 0, 0),
(5, 29, 503, 0, 0),
(5, 29, 504, 0, 0),
(5, 29, 505, 0, 0),
(5, 10, 518, 0, 0),
(5, 10, 519, 0, 0),
(5, 10, 520, 0, 0),
(5, 10, 521, 0, 0),
(5, 10, 522, 0, 0),
(5, 10, 523, 0, 0),
(5, 30, 524, 0, 0),
(5, 30, 525, 0, 0),
(5, 30, 526, 0, 0),
(5, 30, 527, 0, 0),
(5, 30, 528, 0, 0),
(5, 30, 529, 0, 0),
(5, 30, 530, 0, 0),
(5, 30, 531, 0, 0),
(5, 30, 532, 0, 1),
(5, 30, 533, 0, 1),
(5, 30, 534, 0, 0),
(5, 30, 535, 0, 0),
(5, 30, 536, 0, 0),
(5, 30, 537, 0, 0),
(5, 30, 538, 0, 0),
(5, 30, 539, 0, 0),
(5, 30, 540, 0, 0),
(5, 30, 541, 0, 0),
(5, 30, 542, 0, 0),
(5, 33, 543, 0, 0),
(5, 33, 544, 0, 1),
(5, 33, 545, 0, 1),
(5, 33, 546, 0, 0),
(5, 33, 547, 0, 1),
(5, 33, 548, 0, 0),
(5, 33, 549, 0, 0),
(5, 33, 550, 0, 0),
(5, 33, 551, 0, 0),
(5, 33, 552, 0, 0),
(5, 33, 553, 0, 0),
(5, 33, 554, 0, 1),
(5, 33, 555, 0, 1),
(5, 33, 556, 0, 0),
(5, 33, 557, 0, 0),
(5, 33, 558, 0, 0),
(5, 33, 559, 0, 1),
(5, 33, 560, 0, 0),
(5, 33, 561, 0, 0),
(5, 35, 562, 0, 0),
(5, 35, 563, 0, 0),
(5, 35, 564, 0, 0),
(5, 35, 565, 0, 0),
(5, 35, 566, 0, 0),
(5, 35, 567, 0, 0),
(5, 35, 568, 0, 0),
(5, 35, 569, 0, 0),
(5, 35, 570, 0, 0),
(5, 35, 571, 0, 0),
(5, 35, 572, 0, 0),
(5, 35, 573, 0, 0),
(5, 35, 574, 0, 0),
(5, 35, 575, 0, 0),
(5, 35, 576, 0, 1),
(5, 35, 577, 0, 1),
(5, 29, 578, 0, 0),
(5, 39, 579, 0, 0),
(5, 39, 580, 0, 1),
(5, 39, 581, 0, 1),
(5, 39, 582, 0, 0),
(5, 39, 583, 0, 0),
(5, 42, 584, 0, 0),
(5, 42, 585, 0, 0),
(5, 42, 586, 0, 1),
(5, 42, 587, 0, 1),
(5, 42, 588, 0, 0),
(5, 42, 589, 0, 1),
(5, 42, 590, 0, 0),
(5, 44, 591, 0, 0),
(5, 44, 592, 0, 0),
(5, 44, 593, 0, 0),
(5, 44, 594, 0, 0),
(5, 44, 595, 0, 0),
(5, 44, 596, 0, 0),
(5, 44, 597, 0, 1),
(5, 44, 598, 0, 1),
(5, 44, 599, 0, 0),
(5, 44, 600, 0, 0),
(5, 45, 601, 0, 0),
(5, 45, 602, 0, 0),
(5, 45, 603, 0, 0),
(5, 45, 604, 0, 0),
(5, 45, 605, 0, 0),
(5, 45, 606, 0, 0),
(5, 45, 607, 0, 0),
(5, 45, 608, 0, 0),
(5, 45, 609, 0, 0),
(5, 45, 610, 0, 0),
(5, 45, 611, 0, 0),
(5, 45, 612, 0, 1),
(5, 45, 613, 0, 1),
(5, 45, 614, 0, 0),
(5, 45, 615, 0, 0),
(5, 46, 616, 0, 0),
(5, 46, 617, 0, 0),
(5, 46, 618, 0, 0),
(5, 46, 619, 0, 0),
(5, 46, 620, 0, 0),
(5, 46, 621, 0, 0),
(5, 46, 622, 0, 0),
(5, 46, 623, 0, 0),
(5, 46, 624, 0, 0),
(5, 46, 625, 0, 0),
(5, 46, 626, 0, 0),
(5, 46, 627, 0, 0),
(5, 46, 628, 0, 0),
(5, 46, 629, 0, 1),
(5, 46, 630, 0, 1),
(5, 46, 631, 0, 0),
(5, 46, 632, 0, 0),
(5, 47, 633, 0, 0),
(5, 47, 634, 0, 0),
(5, 47, 635, 0, 0),
(5, 47, 636, 0, 0),
(5, 47, 637, 0, 0),
(5, 47, 638, 0, 0),
(5, 47, 639, 0, 0),
(5, 47, 640, 0, 0),
(5, 47, 641, 0, 0),
(5, 47, 642, 0, 0),
(5, 47, 643, 0, 0),
(5, 47, 644, 0, 0),
(5, 47, 645, 0, 0),
(5, 47, 646, 0, 0),
(5, 47, 647, 0, 1),
(5, 47, 648, 0, 1),
(5, 47, 649, 0, 0),
(5, 47, 650, 0, 0),
(5, 2, 651, 0, 0),
(5, 23, 653, 0, 1),
(5, 23, 654, 0, 1),
(5, 23, 655, 0, 1),
(5, 23, 656, 0, 1),
(5, 23, 657, 0, 1),
(5, 23, 658, 0, 1),
(5, 23, 659, 0, 1),
(5, 23, 660, 0, 1),
(5, 23, 661, 0, 1),
(5, 22, 662, 0, 1),
(5, 22, 663, 0, 1),
(5, 22, 664, 0, 1),
(5, 22, 665, 0, 1),
(5, 22, 666, 0, 1),
(5, 22, 667, 0, 1),
(5, 22, 668, 0, 1),
(5, 22, 669, 0, 1),
(5, 22, 670, 0, 1),
(5, 21, 671, 0, 1),
(5, 21, 672, 0, 1),
(5, 21, 673, 0, 1),
(5, 21, 674, 0, 1),
(5, 21, 675, 0, 1),
(5, 21, 676, 0, 1),
(5, 21, 677, 0, 1),
(5, 21, 678, 0, 1),
(5, 21, 679, 0, 1),
(5, 20, 680, 0, 1),
(5, 20, 681, 0, 1),
(5, 20, 682, 0, 1),
(5, 20, 683, 0, 1),
(5, 20, 684, 0, 1),
(5, 20, 685, 0, 1),
(5, 20, 686, 0, 1),
(5, 20, 687, 0, 1),
(5, 20, 688, 0, 1),
(5, 45, 690, 0, 0),
(5, 42, 691, 0, 0),
(5, 23, 695, 0, 0),
(5, 22, 696, 0, 0),
(5, 21, 697, 0, 0),
(5, 20, 698, 0, 0),
(5, 6, 700, 0, 1),
(5, 4, 701, 0, 1),
(5, 2, 702, 0, 1),
(5, 23, 704, 0, 0),
(5, 23, 705, 0, 0),
(5, 21, 706, 0, 0),
(5, 21, 707, 0, 0),
(5, 18, 708, 0, 0),
(5, 7, 709, 0, 0),
(5, 42, 710, 0, 0),
(5, 42, 711, 0, 0),
(5, 23, 712, 0, 1),
(5, 20, 713, 0, 1),
(5, 21, 714, 0, 1),
(5, 22, 715, 0, 1),
(5, 2, 717, 0, 0),
(5, 13, 718, 0, 0),
(5, 13, 720, 0, 0),
(5, 9, 729, 0, 1),
(5, 29, 750, 0, 0),
(6, 6, 1, 0, 0),
(6, 6, 2, 0, 0),
(6, 6, 3, 0, 0),
(6, 6, 4, 0, 0),
(6, 6, 5, 0, 0),
(6, 6, 6, 0, 0),
(6, 6, 7, 0, 0),
(6, 6, 8, 0, 0),
(6, 6, 9, 0, 0),
(6, 6, 10, 0, 0),
(6, 6, 11, 0, 0),
(6, 6, 12, 0, 0),
(6, 6, 13, 0, 0),
(6, 6, 14, 0, 0),
(6, 6, 15, 0, 0),
(6, 6, 16, 0, 0),
(6, 6, 17, 0, 0),
(6, 6, 18, 0, 0),
(6, 6, 19, 0, 0),
(6, 6, 20, 0, 0),
(6, 6, 21, 0, 1),
(6, 6, 22, 0, 1),
(6, 6, 23, 0, 0),
(6, 6, 24, 0, 0),
(6, 6, 25, 0, 0),
(6, 6, 26, 0, 0),
(6, 6, 27, 0, 0),
(6, 6, 28, 0, 0),
(6, 6, 29, 0, 0),
(6, 6, 30, 0, 0),
(6, 6, 31, 0, 0),
(6, 6, 32, 0, 0),
(6, 6, 33, 0, 0),
(6, 6, 34, 0, 0),
(6, 6, 35, 0, 0),
(6, 6, 36, 0, 0),
(6, 7, 37, 0, 0),
(6, 7, 38, 0, 0),
(6, 7, 39, 0, 0),
(6, 7, 40, 0, 0),
(6, 7, 41, 0, 0),
(6, 7, 42, 0, 0),
(6, 7, 43, 0, 0),
(6, 7, 44, 0, 0),
(6, 7, 45, 0, 0),
(6, 7, 46, 0, 0),
(6, 7, 47, 0, 0),
(6, 7, 48, 0, 0),
(6, 7, 49, 0, 0),
(6, 7, 50, 0, 0),
(6, 7, 51, 0, 0),
(6, 7, 52, 0, 0),
(6, 7, 53, 0, 0),
(6, 7, 54, 0, 0),
(6, 7, 55, 0, 0),
(6, 7, 56, 0, 1),
(6, 7, 57, 0, 1),
(6, 7, 58, 0, 0),
(6, 7, 59, 0, 0),
(6, 7, 60, 0, 0),
(6, 7, 61, 0, 0),
(6, 7, 62, 0, 0),
(6, 7, 63, 0, 0),
(6, 7, 64, 0, 0),
(6, 7, 65, 0, 0),
(6, 4, 66, 0, 0),
(6, 4, 67, 0, 0),
(6, 4, 68, 0, 0),
(6, 4, 69, 0, 0),
(6, 4, 70, 0, 0),
(6, 4, 71, 0, 0),
(6, 4, 72, 0, 0),
(6, 4, 73, 0, 0),
(6, 4, 74, 0, 0),
(6, 4, 75, 0, 0),
(6, 4, 76, 0, 0),
(6, 4, 77, 0, 0),
(6, 4, 78, 0, 0),
(6, 4, 79, 0, 0),
(6, 4, 80, 0, 0),
(6, 4, 81, 0, 0),
(6, 4, 82, 0, 0),
(6, 4, 83, 0, 0),
(6, 4, 84, 0, 0),
(6, 4, 85, 0, 0),
(6, 4, 86, 0, 0),
(6, 4, 87, 0, 0),
(6, 4, 88, 0, 0),
(6, 4, 89, 0, 0),
(6, 4, 90, 0, 1),
(6, 4, 91, 0, 1),
(6, 4, 92, 0, 0),
(6, 4, 93, 0, 0),
(6, 4, 94, 0, 0),
(6, 4, 95, 0, 0),
(6, 4, 96, 0, 0),
(6, 4, 97, 0, 0),
(6, 4, 98, 0, 0),
(6, 4, 99, 0, 0),
(6, 4, 100, 0, 0),
(6, 4, 101, 0, 0),
(6, 4, 102, 0, 0),
(6, 4, 103, 0, 0),
(6, 4, 104, 0, 0),
(6, 4, 105, 0, 0),
(6, 4, 106, 0, 0),
(6, 4, 107, 0, 0),
(6, 4, 108, 0, 0),
(6, 4, 109, 0, 0),
(6, 2, 110, 0, 0),
(6, 2, 111, 0, 0),
(6, 2, 112, 0, 0),
(6, 2, 113, 0, 0),
(6, 2, 114, 0, 0),
(6, 2, 115, 0, 0),
(6, 2, 116, 0, 0),
(6, 2, 117, 0, 0),
(6, 2, 118, 0, 0),
(6, 2, 119, 0, 0),
(6, 2, 120, 0, 0),
(6, 2, 121, 0, 0),
(6, 2, 122, 0, 1),
(6, 2, 123, 0, 1),
(6, 2, 124, 0, 0),
(6, 2, 125, 0, 0),
(6, 26, 126, 0, 0),
(6, 26, 127, 0, 0),
(6, 26, 128, 0, 0),
(6, 26, 129, 0, 0),
(6, 26, 130, 0, 0),
(6, 26, 131, 0, 0),
(6, 26, 132, 0, 0),
(6, 26, 133, 0, 0),
(6, 26, 134, 0, 0),
(6, 26, 135, 0, 0),
(6, 26, 136, 0, 0),
(6, 26, 137, 0, 1),
(6, 26, 138, 0, 1),
(6, 26, 139, 0, 0),
(6, 26, 140, 0, 0),
(6, 26, 141, 0, 0),
(6, 26, 142, 0, 0),
(6, 26, 143, 0, 0),
(6, 26, 144, 0, 0),
(6, 26, 145, 0, 0),
(6, 26, 146, 0, 0),
(6, 26, 147, 0, 0),
(6, 26, 148, 0, 0),
(6, 26, 149, 0, 0),
(6, 26, 150, 0, 0),
(6, 13, 155, 0, 0),
(6, 13, 156, 0, 0),
(6, 13, 157, 0, 0),
(6, 13, 158, 0, 0),
(6, 13, 159, 0, 0),
(6, 13, 160, 0, 0),
(6, 13, 161, 0, 0),
(6, 13, 162, 0, 0),
(6, 13, 163, 0, 0),
(6, 13, 164, 0, 0),
(6, 13, 165, 0, 0),
(6, 13, 166, 0, 1),
(6, 13, 167, 0, 1),
(6, 13, 168, 0, 0),
(6, 13, 169, 0, 0),
(6, 13, 170, 0, 0),
(6, 13, 171, 0, 0),
(6, 14, 173, 0, 0),
(6, 14, 174, 0, 0),
(6, 14, 175, 0, 0),
(6, 14, 176, 0, 0),
(6, 14, 177, 0, 0),
(6, 14, 178, 0, 0),
(6, 14, 179, 0, 0),
(6, 14, 180, 0, 0),
(6, 14, 181, 0, 0),
(6, 14, 182, 0, 0),
(6, 14, 183, 0, 0),
(6, 14, 184, 0, 0),
(6, 14, 185, 0, 0),
(6, 14, 186, 0, 0),
(6, 14, 187, 0, 0),
(6, 14, 188, 0, 0),
(6, 14, 189, 0, 0),
(6, 14, 190, 0, 1),
(6, 14, 191, 0, 1),
(6, 14, 192, 0, 0),
(6, 14, 193, 0, 0),
(6, 14, 194, 0, 0),
(6, 14, 195, 0, 0),
(6, 14, 196, 0, 0),
(6, 14, 197, 0, 0),
(6, 14, 198, 0, 0),
(6, 14, 199, 0, 0),
(6, 14, 200, 0, 0),
(6, 14, 201, 0, 0),
(6, 14, 202, 0, 0),
(6, 14, 203, 0, 0),
(6, 8, 204, 0, 0),
(6, 8, 205, 0, 1),
(6, 8, 206, 0, 1),
(6, 8, 207, 0, 0),
(6, 8, 208, 0, 0),
(6, 8, 209, 0, 0),
(6, 8, 210, 0, 1),
(6, 8, 211, 0, 1),
(6, 8, 212, 0, 0),
(6, 8, 213, 0, 0),
(6, 8, 214, 0, 0),
(6, 8, 215, 0, 1),
(6, 8, 216, 0, 0),
(6, 8, 217, 0, 0),
(6, 8, 218, 0, 0),
(6, 10, 219, 0, 0),
(6, 10, 220, 0, 0),
(6, 10, 221, 0, 0),
(6, 10, 222, 0, 0),
(6, 10, 223, 0, 0),
(6, 10, 224, 0, 0),
(6, 10, 225, 0, 0),
(6, 10, 226, 0, 0),
(6, 10, 227, 0, 0),
(6, 10, 228, 0, 1),
(6, 10, 229, 0, 0),
(6, 10, 230, 0, 0),
(6, 9, 231, 0, 0),
(6, 9, 232, 0, 0),
(6, 9, 233, 0, 0),
(6, 9, 234, 0, 0),
(6, 9, 235, 0, 0),
(6, 9, 236, 0, 0),
(6, 9, 237, 0, 0),
(6, 9, 238, 0, 0),
(6, 9, 239, 0, 0),
(6, 9, 240, 0, 0),
(6, 9, 241, 0, 0),
(6, 9, 242, 0, 0),
(6, 9, 243, 0, 1),
(6, 9, 244, 0, 1),
(6, 9, 245, 0, 0),
(6, 9, 246, 0, 0),
(6, 9, 247, 0, 0),
(6, 9, 248, 0, 0),
(6, 9, 249, 0, 0),
(6, 9, 250, 0, 0),
(6, 9, 251, 0, 0),
(6, 9, 252, 0, 0),
(6, 9, 253, 0, 0),
(6, 9, 254, 0, 0),
(6, 16, 255, 0, 0),
(6, 16, 256, 0, 0),
(6, 16, 257, 0, 0),
(6, 16, 258, 0, 0),
(6, 16, 259, 0, 0),
(6, 16, 260, 0, 0),
(6, 16, 261, 0, 0),
(6, 16, 262, 0, 0),
(6, 16, 263, 0, 0),
(6, 16, 264, 0, 0),
(6, 16, 265, 0, 0),
(6, 16, 266, 0, 0),
(6, 16, 267, 0, 0),
(6, 16, 268, 0, 0),
(6, 16, 269, 0, 1),
(6, 16, 270, 0, 1),
(6, 16, 271, 0, 0),
(6, 16, 272, 0, 0),
(6, 16, 273, 0, 0),
(6, 16, 274, 0, 0),
(6, 16, 275, 0, 0),
(6, 16, 276, 0, 0),
(6, 16, 277, 0, 0),
(6, 15, 278, 0, 0),
(6, 15, 279, 0, 0),
(6, 15, 280, 0, 0),
(6, 15, 281, 0, 0),
(6, 15, 282, 0, 0),
(6, 15, 283, 0, 0),
(6, 15, 285, 0, 1),
(6, 15, 286, 0, 1),
(6, 15, 287, 0, 0),
(6, 18, 288, 0, 0),
(6, 18, 289, 0, 0),
(6, 18, 290, 0, 0),
(6, 18, 291, 0, 0),
(6, 18, 292, 0, 0),
(6, 18, 293, 0, 0),
(6, 18, 294, 0, 0),
(6, 18, 295, 0, 1),
(6, 18, 296, 0, 1),
(6, 18, 297, 0, 0),
(6, 18, 298, 0, 0),
(6, 18, 299, 0, 0),
(6, 18, 300, 0, 0),
(6, 18, 301, 0, 0),
(6, 18, 302, 0, 0),
(6, 18, 303, 0, 0),
(6, 18, 304, 0, 0),
(6, 19, 305, 0, 0),
(6, 19, 306, 0, 0),
(6, 19, 307, 0, 0),
(6, 19, 308, 0, 1),
(6, 19, 309, 0, 1),
(6, 19, 310, 0, 0),
(6, 19, 311, 0, 0),
(6, 19, 312, 0, 0),
(6, 20, 313, 0, 0),
(6, 20, 314, 0, 0),
(6, 20, 315, 0, 0),
(6, 20, 316, 0, 0),
(6, 20, 317, 0, 0),
(6, 20, 318, 0, 0),
(6, 20, 319, 0, 0),
(6, 20, 320, 0, 0),
(6, 20, 321, 0, 0),
(6, 20, 322, 0, 0),
(6, 20, 323, 0, 0),
(6, 20, 324, 0, 0),
(6, 20, 325, 0, 0),
(6, 20, 326, 0, 0),
(6, 20, 327, 0, 0),
(6, 20, 328, 0, 0),
(6, 20, 329, 0, 0),
(6, 20, 330, 0, 0),
(6, 20, 331, 0, 1),
(6, 20, 332, 0, 1),
(6, 20, 333, 0, 0),
(6, 20, 334, 0, 0),
(6, 20, 335, 0, 0),
(6, 20, 336, 0, 0),
(6, 20, 337, 0, 0),
(6, 20, 338, 0, 0),
(6, 20, 339, 0, 0),
(6, 20, 340, 0, 0),
(6, 20, 341, 0, 0),
(6, 20, 342, 0, 0),
(6, 20, 343, 0, 0),
(6, 20, 344, 0, 0),
(6, 20, 345, 0, 0),
(6, 20, 346, 0, 0),
(6, 20, 347, 0, 0),
(6, 20, 348, 0, 0),
(6, 20, 349, 0, 0),
(6, 21, 350, 0, 0),
(6, 21, 351, 0, 0),
(6, 21, 352, 0, 0),
(6, 21, 353, 0, 0),
(6, 21, 354, 0, 0),
(6, 21, 355, 0, 0),
(6, 21, 356, 0, 0),
(6, 21, 357, 0, 0),
(6, 21, 358, 0, 0),
(6, 21, 359, 0, 0),
(6, 21, 360, 0, 0),
(6, 21, 361, 0, 0),
(6, 21, 362, 0, 0),
(6, 21, 363, 0, 0),
(6, 21, 364, 0, 0),
(6, 21, 365, 0, 0),
(6, 21, 366, 0, 0),
(6, 21, 367, 0, 0),
(6, 21, 368, 0, 0),
(6, 21, 369, 0, 1),
(6, 21, 370, 0, 1),
(6, 21, 371, 0, 0),
(6, 21, 372, 0, 0),
(6, 21, 373, 0, 0),
(6, 21, 374, 0, 0),
(6, 21, 375, 0, 0),
(6, 21, 376, 0, 0),
(6, 21, 377, 0, 0),
(6, 21, 378, 0, 0),
(6, 21, 379, 0, 0),
(6, 21, 380, 0, 0),
(6, 21, 381, 0, 0),
(6, 21, 382, 0, 0),
(6, 21, 383, 0, 0),
(6, 21, 384, 0, 0),
(6, 21, 385, 0, 0),
(6, 21, 386, 0, 0),
(6, 21, 387, 0, 0),
(6, 22, 388, 0, 0),
(6, 22, 389, 0, 0),
(6, 22, 390, 0, 0),
(6, 22, 391, 0, 0),
(6, 22, 392, 0, 0),
(6, 22, 393, 0, 0),
(6, 22, 394, 0, 0),
(6, 22, 395, 0, 0),
(6, 22, 396, 0, 0),
(6, 22, 397, 0, 0),
(6, 22, 398, 0, 0),
(6, 22, 399, 0, 0),
(6, 22, 400, 0, 0),
(6, 22, 401, 0, 0),
(6, 22, 402, 0, 0),
(6, 22, 403, 0, 0),
(6, 22, 404, 0, 0),
(6, 22, 405, 0, 0),
(6, 22, 406, 0, 0),
(6, 22, 407, 0, 0),
(6, 22, 408, 0, 0),
(6, 22, 409, 0, 0),
(6, 22, 410, 0, 1),
(6, 22, 411, 0, 1),
(6, 22, 412, 0, 0),
(6, 22, 413, 0, 0),
(6, 22, 414, 0, 0),
(6, 22, 415, 0, 0),
(6, 22, 416, 0, 0),
(6, 22, 417, 0, 0),
(6, 22, 418, 0, 0),
(6, 22, 419, 0, 0),
(6, 22, 420, 0, 0),
(6, 22, 421, 0, 0),
(6, 22, 422, 0, 0),
(6, 22, 423, 0, 0),
(6, 22, 424, 0, 0),
(6, 22, 425, 0, 0),
(6, 22, 426, 0, 0),
(6, 22, 427, 0, 0),
(6, 22, 428, 0, 0),
(6, 22, 429, 0, 0),
(6, 22, 430, 0, 0),
(6, 22, 431, 0, 0),
(6, 22, 432, 0, 0),
(6, 22, 433, 0, 0),
(6, 22, 434, 0, 0),
(6, 23, 435, 0, 0),
(6, 23, 436, 0, 0),
(6, 23, 437, 0, 0),
(6, 23, 438, 0, 0),
(6, 23, 439, 0, 0),
(6, 23, 440, 0, 0),
(6, 23, 441, 0, 0),
(6, 23, 442, 0, 0),
(6, 23, 443, 0, 0),
(6, 23, 444, 0, 0),
(6, 23, 445, 0, 0),
(6, 23, 446, 0, 0),
(6, 23, 447, 0, 0),
(6, 23, 448, 0, 0),
(6, 23, 449, 0, 0),
(6, 23, 450, 0, 0),
(6, 23, 451, 0, 0),
(6, 23, 452, 0, 0),
(6, 23, 453, 0, 0),
(6, 23, 454, 0, 1),
(6, 23, 455, 0, 1),
(6, 23, 456, 0, 0),
(6, 23, 457, 0, 0),
(6, 23, 458, 0, 0),
(6, 23, 459, 0, 0),
(6, 23, 460, 0, 0),
(6, 23, 461, 0, 0),
(6, 23, 462, 0, 0),
(6, 23, 463, 0, 0),
(6, 23, 464, 0, 0),
(6, 23, 465, 0, 0),
(6, 23, 466, 0, 0),
(6, 23, 467, 0, 0),
(6, 23, 468, 0, 0),
(6, 23, 469, 0, 0),
(6, 23, 470, 0, 0),
(6, 23, 471, 0, 0),
(6, 23, 472, 0, 0),
(6, 23, 473, 0, 0),
(6, 29, 474, 0, 0),
(6, 29, 478, 0, 0),
(6, 29, 479, 0, 0),
(6, 29, 481, 0, 0),
(6, 29, 488, 0, 0),
(6, 29, 489, 0, 0),
(6, 29, 490, 0, 0),
(6, 29, 491, 0, 0),
(6, 29, 493, 0, 0),
(6, 29, 494, 0, 0),
(6, 29, 495, 0, 0),
(6, 29, 496, 0, 0),
(6, 29, 497, 0, 0),
(6, 29, 502, 0, 0),
(6, 29, 503, 0, 0),
(6, 29, 504, 0, 0),
(6, 29, 505, 0, 0),
(6, 10, 518, 0, 0),
(6, 10, 519, 0, 0),
(6, 10, 520, 0, 0),
(6, 10, 521, 0, 0),
(6, 10, 522, 0, 0),
(6, 10, 523, 0, 0),
(6, 30, 524, 0, 0),
(6, 30, 525, 0, 0),
(6, 30, 526, 0, 0),
(6, 30, 527, 0, 0),
(6, 30, 528, 0, 0),
(6, 30, 529, 0, 0),
(6, 30, 530, 0, 0),
(6, 30, 531, 0, 0),
(6, 30, 532, 0, 1),
(6, 30, 533, 0, 1),
(6, 30, 534, 0, 0),
(6, 30, 535, 0, 0),
(6, 30, 536, 0, 0),
(6, 30, 537, 0, 0),
(6, 30, 538, 0, 0),
(6, 30, 539, 0, 0),
(6, 30, 540, 0, 0),
(6, 30, 541, 0, 0),
(6, 30, 542, 0, 0),
(6, 33, 543, 0, 0),
(6, 33, 544, 0, 1),
(6, 33, 545, 0, 1),
(6, 33, 546, 0, 0),
(6, 33, 547, 0, 1),
(6, 33, 548, 0, 0),
(6, 33, 549, 0, 0),
(6, 33, 550, 0, 0),
(6, 33, 551, 0, 0),
(6, 33, 552, 0, 0),
(6, 33, 553, 0, 0),
(6, 33, 554, 0, 1),
(6, 33, 555, 0, 1),
(6, 33, 556, 0, 0),
(6, 33, 557, 0, 0),
(6, 33, 558, 0, 0),
(6, 33, 559, 0, 1),
(6, 33, 560, 0, 0),
(6, 33, 561, 0, 0),
(6, 35, 562, 0, 0),
(6, 35, 563, 0, 0),
(6, 35, 564, 0, 0),
(6, 35, 565, 0, 0),
(6, 35, 566, 0, 0),
(6, 35, 567, 0, 0),
(6, 35, 568, 0, 0),
(6, 35, 569, 0, 0),
(6, 35, 570, 0, 0),
(6, 35, 571, 0, 0),
(6, 35, 572, 0, 0),
(6, 35, 573, 0, 0),
(6, 35, 574, 0, 0),
(6, 35, 575, 0, 0),
(6, 35, 576, 0, 1),
(6, 35, 577, 0, 1),
(6, 29, 578, 0, 0),
(6, 39, 579, 0, 0),
(6, 39, 580, 0, 1),
(6, 39, 581, 0, 1),
(6, 39, 582, 0, 0),
(6, 39, 583, 0, 0),
(6, 42, 584, 0, 0),
(6, 42, 585, 0, 0),
(6, 42, 586, 0, 1),
(6, 42, 587, 0, 1),
(6, 42, 588, 0, 0),
(6, 42, 589, 0, 1),
(6, 42, 590, 0, 0),
(6, 44, 591, 0, 0),
(6, 44, 592, 0, 0),
(6, 44, 593, 0, 0),
(6, 44, 594, 0, 0),
(6, 44, 595, 0, 0),
(6, 44, 596, 0, 0),
(6, 44, 597, 0, 1),
(6, 44, 598, 0, 1),
(6, 44, 599, 0, 0),
(6, 44, 600, 0, 0),
(6, 45, 601, 0, 0),
(6, 45, 602, 0, 0),
(6, 45, 603, 0, 0),
(6, 45, 604, 0, 0),
(6, 45, 605, 0, 0),
(6, 45, 606, 0, 0),
(6, 45, 607, 0, 0),
(6, 45, 608, 0, 0),
(6, 45, 609, 0, 0),
(6, 45, 610, 0, 0),
(6, 45, 611, 0, 0),
(6, 45, 612, 0, 1),
(6, 45, 613, 0, 1),
(6, 45, 614, 0, 0),
(6, 45, 615, 0, 0),
(6, 46, 616, 0, 0),
(6, 46, 617, 0, 0),
(6, 46, 618, 0, 0),
(6, 46, 619, 0, 0),
(6, 46, 620, 0, 0),
(6, 46, 621, 0, 0),
(6, 46, 622, 0, 0),
(6, 46, 623, 0, 0),
(6, 46, 624, 0, 0),
(6, 46, 625, 0, 0),
(6, 46, 626, 0, 0),
(6, 46, 627, 0, 0),
(6, 46, 628, 0, 0),
(6, 46, 629, 0, 1),
(6, 46, 630, 0, 1),
(6, 46, 631, 0, 0),
(6, 46, 632, 0, 0),
(6, 47, 633, 0, 0),
(6, 47, 634, 0, 0),
(6, 47, 635, 0, 0),
(6, 47, 636, 0, 0),
(6, 47, 637, 0, 0),
(6, 47, 638, 0, 0),
(6, 47, 639, 0, 0),
(6, 47, 640, 0, 0),
(6, 47, 641, 0, 0),
(6, 47, 642, 0, 0),
(6, 47, 643, 0, 0),
(6, 47, 644, 0, 0),
(6, 47, 645, 0, 0),
(6, 47, 646, 0, 0),
(6, 47, 647, 0, 1),
(6, 47, 648, 0, 1),
(6, 47, 649, 0, 0),
(6, 47, 650, 0, 0),
(6, 2, 651, 0, 0),
(6, 23, 653, 0, 1),
(6, 23, 654, 0, 1),
(6, 23, 655, 0, 1),
(6, 23, 656, 0, 1),
(6, 23, 657, 0, 1),
(6, 23, 658, 0, 1),
(6, 23, 659, 0, 1),
(6, 23, 660, 0, 1),
(6, 23, 661, 0, 1),
(6, 22, 662, 0, 1),
(6, 22, 663, 0, 1),
(6, 22, 664, 0, 1),
(6, 22, 665, 0, 1),
(6, 22, 666, 0, 1),
(6, 22, 667, 0, 1),
(6, 22, 668, 0, 1),
(6, 22, 669, 0, 1),
(6, 22, 670, 0, 1),
(6, 21, 671, 0, 1),
(6, 21, 672, 0, 1),
(6, 21, 673, 0, 1),
(6, 21, 674, 0, 1),
(6, 21, 675, 0, 1),
(6, 21, 676, 0, 1),
(6, 21, 677, 0, 1),
(6, 21, 678, 0, 1),
(6, 21, 679, 0, 1),
(6, 20, 680, 0, 1),
(6, 20, 681, 0, 1),
(6, 20, 682, 0, 1),
(6, 20, 683, 0, 1),
(6, 20, 684, 0, 1),
(6, 20, 685, 0, 1),
(6, 20, 686, 0, 1),
(6, 20, 687, 0, 1),
(6, 20, 688, 0, 1),
(6, 45, 690, 0, 0),
(6, 42, 691, 0, 0),
(6, 23, 695, 0, 0),
(6, 22, 696, 0, 0),
(6, 21, 697, 0, 0),
(6, 20, 698, 0, 0),
(6, 6, 700, 0, 1),
(6, 4, 701, 0, 1),
(6, 2, 702, 0, 1),
(6, 23, 704, 0, 0),
(6, 23, 705, 0, 0),
(6, 21, 706, 0, 0),
(6, 21, 707, 0, 0),
(6, 18, 708, 0, 0),
(6, 7, 709, 0, 0),
(6, 42, 710, 0, 0),
(6, 42, 711, 0, 0),
(6, 23, 712, 0, 1),
(6, 20, 713, 0, 1),
(6, 21, 714, 0, 1),
(6, 22, 715, 0, 1),
(6, 2, 717, 0, 0),
(6, 13, 718, 0, 0),
(6, 13, 720, 0, 0),
(6, 9, 729, 0, 1),
(6, 29, 750, 0, 0),
(7, 6, 1, 0, 0),
(7, 6, 2, 0, 0),
(7, 6, 3, 0, 0),
(7, 6, 4, 0, 0),
(7, 6, 5, 0, 0),
(7, 6, 6, 0, 0),
(7, 6, 7, 0, 0),
(7, 6, 8, 0, 0),
(7, 6, 9, 0, 0),
(7, 6, 10, 0, 0),
(7, 6, 11, 0, 0),
(7, 6, 12, 0, 0),
(7, 6, 13, 0, 0),
(7, 6, 14, 0, 0),
(7, 6, 15, 0, 0),
(7, 6, 16, 0, 0),
(7, 6, 17, 0, 0),
(7, 6, 18, 0, 0),
(7, 6, 19, 0, 0),
(7, 6, 20, 0, 0),
(7, 6, 21, 0, 1),
(7, 6, 22, 0, 1),
(7, 6, 23, 0, 0),
(7, 6, 24, 0, 0),
(7, 6, 25, 0, 0),
(7, 6, 26, 0, 0),
(7, 6, 27, 0, 0),
(7, 6, 28, 0, 0),
(7, 6, 29, 0, 0),
(7, 6, 30, 0, 0),
(7, 6, 31, 0, 0),
(7, 6, 32, 0, 0),
(7, 6, 33, 0, 0),
(7, 6, 34, 0, 0),
(7, 6, 35, 0, 0),
(7, 6, 36, 0, 0),
(7, 7, 37, 0, 0),
(7, 7, 38, 0, 0),
(7, 7, 39, 0, 0),
(7, 7, 40, 0, 0),
(7, 7, 41, 0, 0),
(7, 7, 42, 0, 0),
(7, 7, 43, 0, 0),
(7, 7, 44, 0, 0),
(7, 7, 45, 0, 0),
(7, 7, 46, 0, 0),
(7, 7, 47, 0, 0),
(7, 7, 48, 0, 0),
(7, 7, 49, 0, 0),
(7, 7, 50, 0, 0),
(7, 7, 51, 0, 0),
(7, 7, 52, 0, 0),
(7, 7, 53, 0, 0),
(7, 7, 54, 0, 0),
(7, 7, 55, 0, 0),
(7, 7, 56, 0, 1),
(7, 7, 57, 0, 1),
(7, 7, 58, 0, 0),
(7, 7, 59, 0, 0),
(7, 7, 60, 0, 0),
(7, 7, 61, 0, 0),
(7, 7, 62, 0, 0),
(7, 7, 63, 0, 0),
(7, 7, 64, 0, 0),
(7, 7, 65, 0, 0),
(7, 4, 66, 0, 0),
(7, 4, 67, 0, 0),
(7, 4, 68, 0, 0),
(7, 4, 69, 0, 0),
(7, 4, 70, 0, 0),
(7, 4, 71, 0, 0),
(7, 4, 72, 0, 0),
(7, 4, 73, 0, 0),
(7, 4, 74, 0, 0),
(7, 4, 75, 0, 0),
(7, 4, 76, 0, 0),
(7, 4, 77, 0, 0),
(7, 4, 78, 0, 0),
(7, 4, 79, 0, 0),
(7, 4, 80, 0, 0),
(7, 4, 81, 0, 0),
(7, 4, 82, 0, 0),
(7, 4, 83, 0, 0),
(7, 4, 84, 0, 0),
(7, 4, 85, 0, 0),
(7, 4, 86, 0, 0),
(7, 4, 87, 0, 0),
(7, 4, 88, 0, 0),
(7, 4, 89, 0, 0),
(7, 4, 90, 0, 1),
(7, 4, 91, 0, 1),
(7, 4, 92, 0, 0),
(7, 4, 93, 0, 0),
(7, 4, 94, 0, 0),
(7, 4, 95, 0, 0),
(7, 4, 96, 0, 0),
(7, 4, 97, 0, 0),
(7, 4, 98, 0, 0),
(7, 4, 99, 0, 0),
(7, 4, 100, 0, 0),
(7, 4, 101, 0, 0),
(7, 4, 102, 0, 0),
(7, 4, 103, 0, 0),
(7, 4, 104, 0, 0),
(7, 4, 105, 0, 0),
(7, 4, 106, 0, 0),
(7, 4, 107, 0, 0),
(7, 4, 108, 0, 0),
(7, 4, 109, 0, 0),
(7, 2, 110, 0, 0),
(7, 2, 111, 0, 0),
(7, 2, 112, 0, 0),
(7, 2, 113, 0, 0),
(7, 2, 114, 0, 0),
(7, 2, 115, 0, 0),
(7, 2, 116, 0, 0),
(7, 2, 117, 0, 0),
(7, 2, 118, 0, 0),
(7, 2, 119, 0, 0),
(7, 2, 120, 0, 0),
(7, 2, 121, 0, 0),
(7, 2, 122, 0, 1),
(7, 2, 123, 0, 1),
(7, 2, 124, 0, 0),
(7, 2, 125, 0, 0),
(7, 26, 126, 0, 0),
(7, 26, 127, 0, 0),
(7, 26, 128, 0, 0),
(7, 26, 129, 0, 0),
(7, 26, 130, 0, 0),
(7, 26, 131, 0, 0),
(7, 26, 132, 0, 0),
(7, 26, 133, 0, 0),
(7, 26, 134, 0, 0),
(7, 26, 135, 0, 0),
(7, 26, 136, 0, 0),
(7, 26, 137, 0, 1),
(7, 26, 138, 0, 1),
(7, 26, 139, 0, 0),
(7, 26, 140, 0, 0),
(7, 26, 141, 0, 0),
(7, 26, 142, 0, 0),
(7, 26, 143, 0, 0),
(7, 26, 144, 0, 0),
(7, 26, 145, 0, 0),
(7, 26, 146, 0, 0),
(7, 26, 147, 0, 0),
(7, 26, 148, 0, 0),
(7, 26, 149, 0, 0),
(7, 26, 150, 0, 0),
(7, 13, 155, 0, 0),
(7, 13, 156, 0, 0),
(7, 13, 157, 0, 0),
(7, 13, 158, 0, 0),
(7, 13, 159, 0, 0),
(7, 13, 160, 0, 0),
(7, 13, 161, 0, 0),
(7, 13, 162, 0, 0),
(7, 13, 163, 0, 0),
(7, 13, 164, 0, 0),
(7, 13, 165, 0, 0),
(7, 13, 166, 0, 1),
(7, 13, 167, 0, 1),
(7, 13, 168, 0, 0),
(7, 13, 169, 0, 0),
(7, 13, 170, 0, 0),
(7, 13, 171, 0, 0),
(7, 14, 173, 0, 0),
(7, 14, 174, 0, 0),
(7, 14, 175, 0, 0),
(7, 14, 176, 0, 0),
(7, 14, 177, 0, 0),
(7, 14, 178, 0, 0),
(7, 14, 179, 0, 0),
(7, 14, 180, 0, 0),
(7, 14, 181, 0, 0),
(7, 14, 182, 0, 0),
(7, 14, 183, 0, 0),
(7, 14, 184, 0, 0),
(7, 14, 185, 0, 0),
(7, 14, 186, 0, 0),
(7, 14, 187, 0, 0),
(7, 14, 188, 0, 0),
(7, 14, 189, 0, 0),
(7, 14, 190, 0, 1),
(7, 14, 191, 0, 1),
(7, 14, 192, 0, 0),
(7, 14, 193, 0, 0),
(7, 14, 194, 0, 0),
(7, 14, 195, 0, 0),
(7, 14, 196, 0, 0),
(7, 14, 197, 0, 0),
(7, 14, 198, 0, 0),
(7, 14, 199, 0, 0),
(7, 14, 200, 0, 0),
(7, 14, 201, 0, 0),
(7, 14, 202, 0, 0),
(7, 14, 203, 0, 0),
(7, 8, 204, 0, 0),
(7, 8, 205, 0, 1),
(7, 8, 206, 0, 1),
(7, 8, 207, 0, 0),
(7, 8, 208, 0, 0),
(7, 8, 209, 0, 0),
(7, 8, 210, 0, 1),
(7, 8, 211, 0, 1),
(7, 8, 212, 0, 0),
(7, 8, 213, 0, 0),
(7, 8, 214, 0, 0),
(7, 8, 215, 0, 1),
(7, 8, 216, 0, 0),
(7, 8, 217, 0, 0),
(7, 8, 218, 0, 0),
(7, 10, 219, 0, 0),
(7, 10, 220, 0, 0),
(7, 10, 221, 0, 0),
(7, 10, 222, 0, 0),
(7, 10, 223, 0, 0),
(7, 10, 224, 0, 0),
(7, 10, 225, 0, 0),
(7, 10, 226, 0, 0),
(7, 10, 227, 0, 0),
(7, 10, 228, 0, 1),
(7, 10, 229, 0, 0),
(7, 10, 230, 0, 0),
(7, 9, 231, 0, 0),
(7, 9, 232, 0, 0),
(7, 9, 233, 0, 0),
(7, 9, 234, 0, 0),
(7, 9, 235, 0, 0),
(7, 9, 236, 0, 0),
(7, 9, 237, 0, 0),
(7, 9, 238, 0, 0),
(7, 9, 239, 0, 0),
(7, 9, 240, 0, 0),
(7, 9, 241, 0, 0),
(7, 9, 242, 0, 0),
(7, 9, 243, 0, 1),
(7, 9, 244, 0, 1),
(7, 9, 245, 0, 0),
(7, 9, 246, 0, 0),
(7, 9, 247, 0, 0),
(7, 9, 248, 0, 0),
(7, 9, 249, 0, 0),
(7, 9, 250, 0, 0),
(7, 9, 251, 0, 0),
(7, 9, 252, 0, 0),
(7, 9, 253, 0, 0),
(7, 9, 254, 0, 0),
(7, 16, 255, 0, 0),
(7, 16, 256, 0, 0),
(7, 16, 257, 0, 0),
(7, 16, 258, 0, 0),
(7, 16, 259, 0, 0),
(7, 16, 260, 0, 0),
(7, 16, 261, 0, 0),
(7, 16, 262, 0, 0),
(7, 16, 263, 0, 0),
(7, 16, 264, 0, 0),
(7, 16, 265, 0, 0),
(7, 16, 266, 0, 0),
(7, 16, 267, 0, 0),
(7, 16, 268, 0, 0),
(7, 16, 269, 0, 1),
(7, 16, 270, 0, 1),
(7, 16, 271, 0, 0),
(7, 16, 272, 0, 0),
(7, 16, 273, 0, 0),
(7, 16, 274, 0, 0),
(7, 16, 275, 0, 0),
(7, 16, 276, 0, 0),
(7, 16, 277, 0, 0),
(7, 15, 278, 0, 0),
(7, 15, 279, 0, 0),
(7, 15, 280, 0, 0),
(7, 15, 281, 0, 0),
(7, 15, 282, 0, 0),
(7, 15, 283, 0, 0),
(7, 15, 285, 0, 1),
(7, 15, 286, 0, 1),
(7, 15, 287, 0, 0),
(7, 18, 288, 0, 0),
(7, 18, 289, 0, 0),
(7, 18, 290, 0, 0),
(7, 18, 291, 0, 0),
(7, 18, 292, 0, 0),
(7, 18, 293, 0, 0),
(7, 18, 294, 0, 0),
(7, 18, 295, 0, 1),
(7, 18, 296, 0, 1),
(7, 18, 297, 0, 0),
(7, 18, 298, 0, 0),
(7, 18, 299, 0, 0),
(7, 18, 300, 0, 0),
(7, 18, 301, 0, 0),
(7, 18, 302, 0, 0),
(7, 18, 303, 0, 0),
(7, 18, 304, 0, 0),
(7, 19, 305, 0, 0),
(7, 19, 306, 0, 0),
(7, 19, 307, 0, 0),
(7, 19, 308, 0, 1),
(7, 19, 309, 0, 1),
(7, 19, 310, 0, 0),
(7, 19, 311, 0, 0),
(7, 19, 312, 0, 0),
(7, 20, 313, 0, 0),
(7, 20, 314, 0, 0),
(7, 20, 315, 0, 0),
(7, 20, 316, 0, 0),
(7, 20, 317, 0, 0),
(7, 20, 318, 0, 0),
(7, 20, 319, 0, 0),
(7, 20, 320, 0, 0),
(7, 20, 321, 0, 0),
(7, 20, 322, 0, 0),
(7, 20, 323, 0, 0),
(7, 20, 324, 0, 0),
(7, 20, 325, 0, 0),
(7, 20, 326, 0, 0),
(7, 20, 327, 0, 0),
(7, 20, 328, 0, 0),
(7, 20, 329, 0, 0),
(7, 20, 330, 0, 0),
(7, 20, 331, 0, 1),
(7, 20, 332, 0, 1),
(7, 20, 333, 0, 0),
(7, 20, 334, 0, 0),
(7, 20, 335, 0, 0),
(7, 20, 336, 0, 0),
(7, 20, 337, 0, 0),
(7, 20, 338, 0, 0),
(7, 20, 339, 0, 0),
(7, 20, 340, 0, 0),
(7, 20, 341, 0, 0),
(7, 20, 342, 0, 0),
(7, 20, 343, 0, 0),
(7, 20, 344, 0, 0),
(7, 20, 345, 0, 0),
(7, 20, 346, 0, 0),
(7, 20, 347, 0, 0),
(7, 20, 348, 0, 0),
(7, 20, 349, 0, 0),
(7, 21, 350, 0, 0),
(7, 21, 351, 0, 0),
(7, 21, 352, 0, 0),
(7, 21, 353, 0, 0),
(7, 21, 354, 0, 0),
(7, 21, 355, 0, 0),
(7, 21, 356, 0, 0),
(7, 21, 357, 0, 0),
(7, 21, 358, 0, 0),
(7, 21, 359, 0, 0),
(7, 21, 360, 0, 0),
(7, 21, 361, 0, 0),
(7, 21, 362, 0, 0),
(7, 21, 363, 0, 0),
(7, 21, 364, 0, 0),
(7, 21, 365, 0, 0),
(7, 21, 366, 0, 0),
(7, 21, 367, 0, 0),
(7, 21, 368, 0, 0),
(7, 21, 369, 0, 1),
(7, 21, 370, 0, 1),
(7, 21, 371, 0, 0),
(7, 21, 372, 0, 0),
(7, 21, 373, 0, 0),
(7, 21, 374, 0, 0),
(7, 21, 375, 0, 0),
(7, 21, 376, 0, 0),
(7, 21, 377, 0, 0),
(7, 21, 378, 0, 0),
(7, 21, 379, 0, 0),
(7, 21, 380, 0, 0),
(7, 21, 381, 0, 0),
(7, 21, 382, 0, 0),
(7, 21, 383, 0, 0),
(7, 21, 384, 0, 0),
(7, 21, 385, 0, 0),
(7, 21, 386, 0, 0),
(7, 21, 387, 0, 0),
(7, 22, 388, 0, 0),
(7, 22, 389, 0, 0),
(7, 22, 390, 0, 0),
(7, 22, 391, 0, 0),
(7, 22, 392, 0, 0),
(7, 22, 393, 0, 0),
(7, 22, 394, 0, 0),
(7, 22, 395, 0, 0),
(7, 22, 396, 0, 0),
(7, 22, 397, 0, 0),
(7, 22, 398, 0, 0),
(7, 22, 399, 0, 0),
(7, 22, 400, 0, 0),
(7, 22, 401, 0, 0),
(7, 22, 402, 0, 0),
(7, 22, 403, 0, 0),
(7, 22, 404, 0, 0),
(7, 22, 405, 0, 0),
(7, 22, 406, 0, 0),
(7, 22, 407, 0, 0),
(7, 22, 408, 0, 0),
(7, 22, 409, 0, 0),
(7, 22, 410, 0, 1),
(7, 22, 411, 0, 1),
(7, 22, 412, 0, 0),
(7, 22, 413, 0, 0),
(7, 22, 414, 0, 0),
(7, 22, 415, 0, 0),
(7, 22, 416, 0, 0),
(7, 22, 417, 0, 0),
(7, 22, 418, 0, 0),
(7, 22, 419, 0, 0),
(7, 22, 420, 0, 0),
(7, 22, 421, 0, 0),
(7, 22, 422, 0, 0),
(7, 22, 423, 0, 0),
(7, 22, 424, 0, 0),
(7, 22, 425, 0, 0),
(7, 22, 426, 0, 0),
(7, 22, 427, 0, 0),
(7, 22, 428, 0, 0),
(7, 22, 429, 0, 0),
(7, 22, 430, 0, 0),
(7, 22, 431, 0, 0),
(7, 22, 432, 0, 0),
(7, 22, 433, 0, 0),
(7, 22, 434, 0, 0),
(7, 23, 435, 0, 0),
(7, 23, 436, 0, 0),
(7, 23, 437, 0, 0),
(7, 23, 438, 0, 0),
(7, 23, 439, 0, 0),
(7, 23, 440, 0, 0),
(7, 23, 441, 0, 0),
(7, 23, 442, 0, 0),
(7, 23, 443, 0, 0),
(7, 23, 444, 0, 0),
(7, 23, 445, 0, 0),
(7, 23, 446, 0, 0),
(7, 23, 447, 0, 0),
(7, 23, 448, 0, 0),
(7, 23, 449, 0, 0),
(7, 23, 450, 0, 0),
(7, 23, 451, 0, 0),
(7, 23, 452, 0, 0),
(7, 23, 453, 0, 0),
(7, 23, 454, 0, 1),
(7, 23, 455, 0, 1),
(7, 23, 456, 0, 0),
(7, 23, 457, 0, 0),
(7, 23, 458, 0, 0),
(7, 23, 459, 0, 0),
(7, 23, 460, 0, 0),
(7, 23, 461, 0, 0),
(7, 23, 462, 0, 0),
(7, 23, 463, 0, 0),
(7, 23, 464, 0, 0),
(7, 23, 465, 0, 0),
(7, 23, 466, 0, 0),
(7, 23, 467, 0, 0),
(7, 23, 468, 0, 0),
(7, 23, 469, 0, 0),
(7, 23, 470, 0, 0),
(7, 23, 471, 0, 0),
(7, 23, 472, 0, 0),
(7, 23, 473, 0, 0),
(7, 29, 474, 0, 0),
(7, 29, 478, 0, 0),
(7, 29, 479, 0, 0),
(7, 29, 481, 0, 0),
(7, 29, 488, 0, 0),
(7, 29, 489, 0, 0),
(7, 29, 490, 0, 0),
(7, 29, 491, 0, 0),
(7, 29, 493, 0, 0),
(7, 29, 494, 0, 0),
(7, 29, 495, 0, 0),
(7, 29, 496, 0, 0),
(7, 29, 497, 0, 0),
(7, 29, 502, 0, 0),
(7, 29, 503, 0, 0),
(7, 29, 504, 0, 0),
(7, 29, 505, 0, 0),
(7, 10, 518, 0, 0),
(7, 10, 519, 0, 0),
(7, 10, 520, 0, 0),
(7, 10, 521, 0, 0),
(7, 10, 522, 0, 0),
(7, 10, 523, 0, 0),
(7, 30, 524, 0, 0),
(7, 30, 525, 0, 0),
(7, 30, 526, 0, 0),
(7, 30, 527, 0, 0),
(7, 30, 528, 0, 0),
(7, 30, 529, 0, 0),
(7, 30, 530, 0, 0),
(7, 30, 531, 0, 0),
(7, 30, 532, 0, 1),
(7, 30, 533, 0, 1),
(7, 30, 534, 0, 0),
(7, 30, 535, 0, 0),
(7, 30, 536, 0, 0),
(7, 30, 537, 0, 0),
(7, 30, 538, 0, 0),
(7, 30, 539, 0, 0),
(7, 30, 540, 0, 0),
(7, 30, 541, 0, 0),
(7, 30, 542, 0, 0),
(7, 33, 543, 0, 0),
(7, 33, 544, 0, 1),
(7, 33, 545, 0, 1),
(7, 33, 546, 0, 0),
(7, 33, 547, 0, 1),
(7, 33, 548, 0, 0),
(7, 33, 549, 0, 0),
(7, 33, 550, 0, 0),
(7, 33, 551, 0, 0),
(7, 33, 552, 0, 0),
(7, 33, 553, 0, 0),
(7, 33, 554, 0, 1),
(7, 33, 555, 0, 1),
(7, 33, 556, 0, 0),
(7, 33, 557, 0, 0),
(7, 33, 558, 0, 0),
(7, 33, 559, 0, 1),
(7, 33, 560, 0, 0),
(7, 33, 561, 0, 0),
(7, 35, 562, 0, 0),
(7, 35, 563, 0, 0),
(7, 35, 564, 0, 0),
(7, 35, 565, 0, 0),
(7, 35, 566, 0, 0),
(7, 35, 567, 0, 0),
(7, 35, 568, 0, 0),
(7, 35, 569, 0, 0),
(7, 35, 570, 0, 0),
(7, 35, 571, 0, 0),
(7, 35, 572, 0, 0),
(7, 35, 573, 0, 0),
(7, 35, 574, 0, 0),
(7, 35, 575, 0, 0),
(7, 35, 576, 0, 1),
(7, 35, 577, 0, 1),
(7, 29, 578, 0, 0),
(7, 39, 579, 0, 0),
(7, 39, 580, 0, 1),
(7, 39, 581, 0, 1),
(7, 39, 582, 0, 0),
(7, 39, 583, 0, 0),
(7, 42, 584, 0, 0),
(7, 42, 585, 0, 0),
(7, 42, 586, 0, 1),
(7, 42, 587, 0, 1),
(7, 42, 588, 0, 0),
(7, 42, 589, 0, 1),
(7, 42, 590, 0, 0),
(7, 44, 591, 0, 0),
(7, 44, 592, 0, 0),
(7, 44, 593, 0, 0),
(7, 44, 594, 0, 0),
(7, 44, 595, 0, 0),
(7, 44, 596, 0, 0),
(7, 44, 597, 0, 1),
(7, 44, 598, 0, 1),
(7, 44, 599, 0, 0),
(7, 44, 600, 0, 0),
(7, 45, 601, 0, 0),
(7, 45, 602, 0, 0),
(7, 45, 603, 0, 0),
(7, 45, 604, 0, 0),
(7, 45, 605, 0, 0),
(7, 45, 606, 0, 0),
(7, 45, 607, 0, 0),
(7, 45, 608, 0, 0),
(7, 45, 609, 0, 0),
(7, 45, 610, 0, 0),
(7, 45, 611, 0, 0),
(7, 45, 612, 0, 1),
(7, 45, 613, 0, 1),
(7, 45, 614, 0, 0),
(7, 45, 615, 0, 0),
(7, 46, 616, 0, 0),
(7, 46, 617, 0, 0),
(7, 46, 618, 0, 0),
(7, 46, 619, 0, 0),
(7, 46, 620, 0, 0),
(7, 46, 621, 0, 0),
(7, 46, 622, 0, 0),
(7, 46, 623, 0, 0),
(7, 46, 624, 0, 0),
(7, 46, 625, 0, 0),
(7, 46, 626, 0, 0),
(7, 46, 627, 0, 0),
(7, 46, 628, 0, 0),
(7, 46, 629, 0, 1),
(7, 46, 630, 0, 1),
(7, 46, 631, 0, 0),
(7, 46, 632, 0, 0),
(7, 47, 633, 0, 0),
(7, 47, 634, 0, 0),
(7, 47, 635, 0, 0),
(7, 47, 636, 0, 0),
(7, 47, 637, 0, 0),
(7, 47, 638, 0, 0),
(7, 47, 639, 0, 0),
(7, 47, 640, 0, 0),
(7, 47, 641, 0, 0),
(7, 47, 642, 0, 0),
(7, 47, 643, 0, 0),
(7, 47, 644, 0, 0),
(7, 47, 645, 0, 0),
(7, 47, 646, 0, 0),
(7, 47, 647, 0, 1),
(7, 47, 648, 0, 1),
(7, 47, 649, 0, 0),
(7, 47, 650, 0, 0),
(7, 2, 651, 0, 0),
(7, 23, 653, 0, 1),
(7, 23, 654, 0, 1),
(7, 23, 655, 0, 1),
(7, 23, 656, 0, 1),
(7, 23, 657, 0, 1),
(7, 23, 658, 0, 1),
(7, 23, 659, 0, 1),
(7, 23, 660, 0, 1),
(7, 23, 661, 0, 1),
(7, 22, 662, 0, 1),
(7, 22, 663, 0, 1),
(7, 22, 664, 0, 1),
(7, 22, 665, 0, 1),
(7, 22, 666, 0, 1),
(7, 22, 667, 0, 1),
(7, 22, 668, 0, 1),
(7, 22, 669, 0, 1),
(7, 22, 670, 0, 1),
(7, 21, 671, 0, 1),
(7, 21, 672, 0, 1),
(7, 21, 673, 0, 1),
(7, 21, 674, 0, 1),
(7, 21, 675, 0, 1),
(7, 21, 676, 0, 1),
(7, 21, 677, 0, 1),
(7, 21, 678, 0, 1),
(7, 21, 679, 0, 1),
(7, 20, 680, 0, 1),
(7, 20, 681, 0, 1),
(7, 20, 682, 0, 1),
(7, 20, 683, 0, 1),
(7, 20, 684, 0, 1),
(7, 20, 685, 0, 1),
(7, 20, 686, 0, 1),
(7, 20, 687, 0, 1),
(7, 20, 688, 0, 1),
(7, 45, 690, 0, 0),
(7, 42, 691, 0, 0),
(7, 23, 695, 0, 0),
(7, 22, 696, 0, 0),
(7, 21, 697, 0, 0),
(7, 20, 698, 0, 0),
(7, 6, 700, 0, 1),
(7, 4, 701, 0, 1),
(7, 2, 702, 0, 1),
(7, 23, 704, 0, 0),
(7, 23, 705, 0, 0),
(7, 21, 706, 0, 0),
(7, 21, 707, 0, 0),
(7, 18, 708, 0, 0),
(7, 7, 709, 0, 0),
(7, 42, 710, 0, 0),
(7, 42, 711, 0, 0),
(7, 23, 712, 0, 1),
(7, 20, 713, 0, 1),
(7, 21, 714, 0, 1),
(7, 22, 715, 0, 1),
(7, 2, 717, 0, 0),
(7, 13, 718, 0, 0),
(7, 13, 720, 0, 0),
(7, 9, 729, 0, 1),
(7, 29, 750, 0, 0),
(8, 6, 1, 0, 0),
(8, 6, 2, 0, 0),
(8, 6, 3, 0, 0),
(8, 6, 4, 0, 0),
(8, 6, 5, 0, 0),
(8, 6, 6, 0, 0),
(8, 6, 7, 0, 0),
(8, 6, 8, 0, 0),
(8, 6, 9, 0, 0),
(8, 6, 10, 0, 0),
(8, 6, 11, 0, 0),
(8, 6, 12, 0, 0),
(8, 6, 13, 0, 0),
(8, 6, 14, 0, 0),
(8, 6, 15, 0, 0),
(8, 6, 16, 0, 0),
(8, 6, 17, 0, 0),
(8, 6, 18, 0, 0),
(8, 6, 19, 0, 0),
(8, 6, 20, 0, 0),
(8, 6, 21, 0, 1),
(8, 6, 22, 0, 1),
(8, 6, 23, 0, 0),
(8, 6, 24, 0, 0),
(8, 6, 25, 0, 0),
(8, 6, 26, 0, 0),
(8, 6, 27, 0, 0),
(8, 6, 28, 0, 0),
(8, 6, 29, 0, 0),
(8, 6, 30, 0, 0),
(8, 6, 31, 0, 0),
(8, 6, 32, 0, 0),
(8, 6, 33, 0, 0),
(8, 6, 34, 0, 0),
(8, 6, 35, 0, 0),
(8, 6, 36, 0, 0),
(8, 7, 37, 0, 0),
(8, 7, 38, 0, 0),
(8, 7, 39, 0, 0),
(8, 7, 40, 0, 0),
(8, 7, 41, 0, 0),
(8, 7, 42, 0, 0),
(8, 7, 43, 0, 0),
(8, 7, 44, 0, 0),
(8, 7, 45, 0, 0),
(8, 7, 46, 0, 0),
(8, 7, 47, 0, 0),
(8, 7, 48, 0, 0),
(8, 7, 49, 0, 0),
(8, 7, 50, 0, 0),
(8, 7, 51, 0, 0),
(8, 7, 52, 0, 0),
(8, 7, 53, 0, 0),
(8, 7, 54, 0, 0),
(8, 7, 55, 0, 0),
(8, 7, 56, 0, 1),
(8, 7, 57, 0, 1),
(8, 7, 58, 0, 0),
(8, 7, 59, 0, 0),
(8, 7, 60, 0, 0),
(8, 7, 61, 0, 0),
(8, 7, 62, 0, 0),
(8, 7, 63, 0, 0),
(8, 7, 64, 0, 0),
(8, 7, 65, 0, 0),
(8, 4, 66, 0, 0),
(8, 4, 67, 0, 0),
(8, 4, 68, 0, 0),
(8, 4, 69, 0, 0),
(8, 4, 70, 0, 0),
(8, 4, 71, 0, 0),
(8, 4, 72, 0, 0),
(8, 4, 73, 0, 0),
(8, 4, 74, 0, 0),
(8, 4, 75, 0, 0),
(8, 4, 76, 0, 0),
(8, 4, 77, 0, 0),
(8, 4, 78, 0, 0),
(8, 4, 79, 0, 0),
(8, 4, 80, 0, 0),
(8, 4, 81, 0, 0),
(8, 4, 82, 0, 0),
(8, 4, 83, 0, 0),
(8, 4, 84, 0, 0),
(8, 4, 85, 0, 0),
(8, 4, 86, 0, 0),
(8, 4, 87, 0, 0),
(8, 4, 88, 0, 0),
(8, 4, 89, 0, 0),
(8, 4, 90, 0, 1),
(8, 4, 91, 0, 1),
(8, 4, 92, 0, 0),
(8, 4, 93, 0, 0),
(8, 4, 94, 0, 0),
(8, 4, 95, 0, 0),
(8, 4, 96, 0, 0),
(8, 4, 97, 0, 0),
(8, 4, 98, 0, 0),
(8, 4, 99, 0, 0),
(8, 4, 100, 0, 0),
(8, 4, 101, 0, 0),
(8, 4, 102, 0, 0),
(8, 4, 103, 0, 0),
(8, 4, 104, 0, 0),
(8, 4, 105, 0, 0),
(8, 4, 106, 0, 0),
(8, 4, 107, 0, 0),
(8, 4, 108, 0, 0),
(8, 4, 109, 0, 0),
(8, 2, 110, 0, 0),
(8, 2, 111, 0, 0),
(8, 2, 112, 0, 0),
(8, 2, 113, 0, 0),
(8, 2, 114, 0, 0),
(8, 2, 115, 0, 0),
(8, 2, 116, 0, 0),
(8, 2, 117, 0, 0),
(8, 2, 118, 0, 0),
(8, 2, 119, 0, 0),
(8, 2, 120, 0, 0),
(8, 2, 121, 0, 0),
(8, 2, 122, 0, 1),
(8, 2, 123, 0, 1),
(8, 2, 124, 0, 0),
(8, 2, 125, 0, 0),
(8, 26, 126, 0, 0),
(8, 26, 127, 0, 0),
(8, 26, 128, 0, 0),
(8, 26, 129, 0, 0),
(8, 26, 130, 0, 0),
(8, 26, 131, 0, 0),
(8, 26, 132, 0, 0),
(8, 26, 133, 0, 0),
(8, 26, 134, 0, 0),
(8, 26, 135, 0, 0),
(8, 26, 136, 0, 0),
(8, 26, 137, 0, 1),
(8, 26, 138, 0, 1),
(8, 26, 139, 0, 0),
(8, 26, 140, 0, 0),
(8, 26, 141, 0, 0),
(8, 26, 142, 0, 0),
(8, 26, 143, 0, 0),
(8, 26, 144, 0, 0),
(8, 26, 145, 0, 0),
(8, 26, 146, 0, 0),
(8, 26, 147, 0, 0),
(8, 26, 148, 0, 0),
(8, 26, 149, 0, 0),
(8, 26, 150, 0, 0),
(8, 13, 155, 0, 0),
(8, 13, 156, 0, 0),
(8, 13, 157, 0, 0),
(8, 13, 158, 0, 0),
(8, 13, 159, 0, 0),
(8, 13, 160, 0, 0),
(8, 13, 161, 0, 0),
(8, 13, 162, 0, 0),
(8, 13, 163, 0, 0),
(8, 13, 164, 0, 0),
(8, 13, 165, 0, 0),
(8, 13, 166, 0, 1),
(8, 13, 167, 0, 1),
(8, 13, 168, 0, 0),
(8, 13, 169, 0, 0),
(8, 13, 170, 0, 0),
(8, 13, 171, 0, 0),
(8, 14, 173, 0, 0),
(8, 14, 174, 0, 0),
(8, 14, 175, 0, 0),
(8, 14, 176, 0, 0),
(8, 14, 177, 0, 0),
(8, 14, 178, 0, 0),
(8, 14, 179, 0, 0),
(8, 14, 180, 0, 0),
(8, 14, 181, 0, 0),
(8, 14, 182, 0, 0),
(8, 14, 183, 0, 0),
(8, 14, 184, 0, 0),
(8, 14, 185, 0, 0),
(8, 14, 186, 0, 0),
(8, 14, 187, 0, 0),
(8, 14, 188, 0, 0),
(8, 14, 189, 0, 0),
(8, 14, 190, 0, 1),
(8, 14, 191, 0, 1),
(8, 14, 192, 0, 0),
(8, 14, 193, 0, 0),
(8, 14, 194, 0, 0),
(8, 14, 195, 0, 0),
(8, 14, 196, 0, 0),
(8, 14, 197, 0, 0),
(8, 14, 198, 0, 0),
(8, 14, 199, 0, 0),
(8, 14, 200, 0, 0),
(8, 14, 201, 0, 0),
(8, 14, 202, 0, 0),
(8, 14, 203, 0, 0),
(8, 8, 204, 0, 0),
(8, 8, 205, 0, 1),
(8, 8, 206, 0, 1),
(8, 8, 207, 0, 0),
(8, 8, 208, 0, 0),
(8, 8, 209, 0, 0),
(8, 8, 210, 0, 1),
(8, 8, 211, 0, 1),
(8, 8, 212, 0, 0),
(8, 8, 213, 0, 0),
(8, 8, 214, 0, 0),
(8, 8, 215, 0, 1),
(8, 8, 216, 0, 0),
(8, 8, 217, 0, 0),
(8, 8, 218, 0, 0),
(8, 10, 219, 0, 0),
(8, 10, 220, 0, 0),
(8, 10, 221, 0, 0),
(8, 10, 222, 0, 0),
(8, 10, 223, 0, 0),
(8, 10, 224, 0, 0),
(8, 10, 225, 0, 0),
(8, 10, 226, 0, 0),
(8, 10, 227, 0, 0),
(8, 10, 228, 0, 1),
(8, 10, 229, 0, 0),
(8, 10, 230, 0, 0),
(8, 9, 231, 0, 0),
(8, 9, 232, 0, 0),
(8, 9, 233, 0, 0),
(8, 9, 234, 0, 0),
(8, 9, 235, 0, 0),
(8, 9, 236, 0, 0),
(8, 9, 237, 0, 0),
(8, 9, 238, 0, 0),
(8, 9, 239, 0, 0),
(8, 9, 240, 0, 0),
(8, 9, 241, 0, 0),
(8, 9, 242, 0, 0),
(8, 9, 243, 0, 1),
(8, 9, 244, 0, 1),
(8, 9, 245, 0, 0),
(8, 9, 246, 0, 0),
(8, 9, 247, 0, 0),
(8, 9, 248, 0, 0),
(8, 9, 249, 0, 0),
(8, 9, 250, 0, 0),
(8, 9, 251, 0, 0),
(8, 9, 252, 0, 0),
(8, 9, 253, 0, 0),
(8, 9, 254, 0, 0),
(8, 16, 255, 0, 0),
(8, 16, 256, 0, 0),
(8, 16, 257, 0, 0),
(8, 16, 258, 0, 0),
(8, 16, 259, 0, 0),
(8, 16, 260, 0, 0),
(8, 16, 261, 0, 0),
(8, 16, 262, 0, 0),
(8, 16, 263, 0, 0),
(8, 16, 264, 0, 0),
(8, 16, 265, 0, 0),
(8, 16, 266, 0, 0),
(8, 16, 267, 0, 0),
(8, 16, 268, 0, 0),
(8, 16, 269, 0, 1),
(8, 16, 270, 0, 1),
(8, 16, 271, 0, 0),
(8, 16, 272, 0, 0),
(8, 16, 273, 0, 0),
(8, 16, 274, 0, 0),
(8, 16, 275, 0, 0),
(8, 16, 276, 0, 0),
(8, 16, 277, 0, 0),
(8, 15, 278, 0, 0),
(8, 15, 279, 0, 0),
(8, 15, 280, 0, 0),
(8, 15, 281, 0, 0),
(8, 15, 282, 0, 0),
(8, 15, 283, 0, 0),
(8, 15, 285, 0, 1),
(8, 15, 286, 0, 1),
(8, 15, 287, 0, 0),
(8, 18, 288, 0, 0),
(8, 18, 289, 0, 0),
(8, 18, 290, 0, 0),
(8, 18, 291, 0, 0),
(8, 18, 292, 0, 0),
(8, 18, 293, 0, 0),
(8, 18, 294, 0, 0),
(8, 18, 295, 0, 1),
(8, 18, 296, 0, 1),
(8, 18, 297, 0, 0),
(8, 18, 298, 0, 0),
(8, 18, 299, 0, 0),
(8, 18, 300, 0, 0),
(8, 18, 301, 0, 0),
(8, 18, 302, 0, 0),
(8, 18, 303, 0, 0),
(8, 18, 304, 0, 0),
(8, 19, 305, 0, 0),
(8, 19, 306, 0, 0),
(8, 19, 307, 0, 0),
(8, 19, 308, 0, 1),
(8, 19, 309, 0, 1),
(8, 19, 310, 0, 0),
(8, 19, 311, 0, 0),
(8, 19, 312, 0, 0),
(8, 20, 313, 0, 0),
(8, 20, 314, 0, 0),
(8, 20, 315, 0, 0),
(8, 20, 316, 0, 0),
(8, 20, 317, 0, 0),
(8, 20, 318, 0, 0),
(8, 20, 319, 0, 0),
(8, 20, 320, 0, 0),
(8, 20, 321, 0, 0),
(8, 20, 322, 0, 0),
(8, 20, 323, 0, 0),
(8, 20, 324, 0, 0),
(8, 20, 325, 0, 0),
(8, 20, 326, 0, 0),
(8, 20, 327, 0, 0),
(8, 20, 328, 0, 0),
(8, 20, 329, 0, 0),
(8, 20, 330, 0, 0),
(8, 20, 331, 0, 1),
(8, 20, 332, 0, 1),
(8, 20, 333, 0, 0),
(8, 20, 334, 0, 0),
(8, 20, 335, 0, 0),
(8, 20, 336, 0, 0),
(8, 20, 337, 0, 0),
(8, 20, 338, 0, 0),
(8, 20, 339, 0, 0),
(8, 20, 340, 0, 0),
(8, 20, 341, 0, 0),
(8, 20, 342, 0, 0),
(8, 20, 343, 0, 0),
(8, 20, 344, 0, 0),
(8, 20, 345, 0, 0),
(8, 20, 346, 0, 0),
(8, 20, 347, 0, 0),
(8, 20, 348, 0, 0),
(8, 20, 349, 0, 0),
(8, 21, 350, 0, 0),
(8, 21, 351, 0, 0),
(8, 21, 352, 0, 0),
(8, 21, 353, 0, 0),
(8, 21, 354, 0, 0),
(8, 21, 355, 0, 0),
(8, 21, 356, 0, 0),
(8, 21, 357, 0, 0),
(8, 21, 358, 0, 0),
(8, 21, 359, 0, 0),
(8, 21, 360, 0, 0),
(8, 21, 361, 0, 0),
(8, 21, 362, 0, 0),
(8, 21, 363, 0, 0),
(8, 21, 364, 0, 0),
(8, 21, 365, 0, 0),
(8, 21, 366, 0, 0),
(8, 21, 367, 0, 0),
(8, 21, 368, 0, 0),
(8, 21, 369, 0, 1),
(8, 21, 370, 0, 1),
(8, 21, 371, 0, 0),
(8, 21, 372, 0, 0),
(8, 21, 373, 0, 0),
(8, 21, 374, 0, 0),
(8, 21, 375, 0, 0),
(8, 21, 376, 0, 0),
(8, 21, 377, 0, 0),
(8, 21, 378, 0, 0),
(8, 21, 379, 0, 0),
(8, 21, 380, 0, 0),
(8, 21, 381, 0, 0),
(8, 21, 382, 0, 0),
(8, 21, 383, 0, 0),
(8, 21, 384, 0, 0),
(8, 21, 385, 0, 0),
(8, 21, 386, 0, 0),
(8, 21, 387, 0, 0),
(8, 22, 388, 0, 0),
(8, 22, 389, 0, 0),
(8, 22, 390, 0, 0),
(8, 22, 391, 0, 0),
(8, 22, 392, 0, 0),
(8, 22, 393, 0, 0),
(8, 22, 394, 0, 0),
(8, 22, 395, 0, 0),
(8, 22, 396, 0, 0),
(8, 22, 397, 0, 0),
(8, 22, 398, 0, 0),
(8, 22, 399, 0, 0),
(8, 22, 400, 0, 0),
(8, 22, 401, 0, 0),
(8, 22, 402, 0, 0),
(8, 22, 403, 0, 0),
(8, 22, 404, 0, 0),
(8, 22, 405, 0, 0),
(8, 22, 406, 0, 0),
(8, 22, 407, 0, 0),
(8, 22, 408, 0, 0),
(8, 22, 409, 0, 0),
(8, 22, 410, 0, 1),
(8, 22, 411, 0, 1),
(8, 22, 412, 0, 0),
(8, 22, 413, 0, 0),
(8, 22, 414, 0, 0),
(8, 22, 415, 0, 0),
(8, 22, 416, 0, 0),
(8, 22, 417, 0, 0),
(8, 22, 418, 0, 0),
(8, 22, 419, 0, 0),
(8, 22, 420, 0, 0),
(8, 22, 421, 0, 0),
(8, 22, 422, 0, 0),
(8, 22, 423, 0, 0),
(8, 22, 424, 0, 0),
(8, 22, 425, 0, 0),
(8, 22, 426, 0, 0),
(8, 22, 427, 0, 0),
(8, 22, 428, 0, 0),
(8, 22, 429, 0, 0),
(8, 22, 430, 0, 0),
(8, 22, 431, 0, 0),
(8, 22, 432, 0, 0),
(8, 22, 433, 0, 0),
(8, 22, 434, 0, 0),
(8, 23, 435, 0, 0),
(8, 23, 436, 0, 0),
(8, 23, 437, 0, 0),
(8, 23, 438, 0, 0),
(8, 23, 439, 0, 0),
(8, 23, 440, 0, 0),
(8, 23, 441, 0, 0),
(8, 23, 442, 0, 0),
(8, 23, 443, 0, 0),
(8, 23, 444, 0, 0),
(8, 23, 445, 0, 0),
(8, 23, 446, 0, 0),
(8, 23, 447, 0, 0),
(8, 23, 448, 0, 0),
(8, 23, 449, 0, 0),
(8, 23, 450, 0, 0),
(8, 23, 451, 0, 0),
(8, 23, 452, 0, 0),
(8, 23, 453, 0, 0),
(8, 23, 454, 0, 1),
(8, 23, 455, 0, 1),
(8, 23, 456, 0, 0),
(8, 23, 457, 0, 0),
(8, 23, 458, 0, 0),
(8, 23, 459, 0, 0),
(8, 23, 460, 0, 0),
(8, 23, 461, 0, 0),
(8, 23, 462, 0, 0),
(8, 23, 463, 0, 0),
(8, 23, 464, 0, 0),
(8, 23, 465, 0, 0),
(8, 23, 466, 0, 0),
(8, 23, 467, 0, 0),
(8, 23, 468, 0, 0),
(8, 23, 469, 0, 0),
(8, 23, 470, 0, 0),
(8, 23, 471, 0, 0),
(8, 23, 472, 0, 0),
(8, 23, 473, 0, 0),
(8, 29, 474, 0, 0),
(8, 29, 478, 0, 0),
(8, 29, 479, 0, 0),
(8, 29, 481, 0, 0),
(8, 29, 488, 0, 0),
(8, 29, 489, 0, 0),
(8, 29, 490, 0, 0),
(8, 29, 491, 0, 0),
(8, 29, 493, 0, 0),
(8, 29, 494, 0, 0),
(8, 29, 495, 0, 0),
(8, 29, 496, 0, 0),
(8, 29, 497, 0, 0),
(8, 29, 502, 0, 0),
(8, 29, 503, 0, 0),
(8, 29, 504, 0, 0),
(8, 29, 505, 0, 0),
(8, 10, 518, 0, 0),
(8, 10, 519, 0, 0),
(8, 10, 520, 0, 0),
(8, 10, 521, 0, 0),
(8, 10, 522, 0, 0),
(8, 10, 523, 0, 0),
(8, 30, 524, 0, 0),
(8, 30, 525, 0, 0),
(8, 30, 526, 0, 0),
(8, 30, 527, 0, 0),
(8, 30, 528, 0, 0),
(8, 30, 529, 0, 0),
(8, 30, 530, 0, 0),
(8, 30, 531, 0, 0),
(8, 30, 532, 0, 1),
(8, 30, 533, 0, 1),
(8, 30, 534, 0, 0),
(8, 30, 535, 0, 0),
(8, 30, 536, 0, 0),
(8, 30, 537, 0, 0),
(8, 30, 538, 0, 0),
(8, 30, 539, 0, 0),
(8, 30, 540, 0, 0),
(8, 30, 541, 0, 0),
(8, 30, 542, 0, 0),
(8, 33, 543, 0, 0),
(8, 33, 544, 0, 1),
(8, 33, 545, 0, 1),
(8, 33, 546, 0, 0),
(8, 33, 547, 0, 1),
(8, 33, 548, 0, 0),
(8, 33, 549, 0, 0),
(8, 33, 550, 0, 0),
(8, 33, 551, 0, 0),
(8, 33, 552, 0, 0),
(8, 33, 553, 0, 0),
(8, 33, 554, 0, 1),
(8, 33, 555, 0, 1),
(8, 33, 556, 0, 0),
(8, 33, 557, 0, 0),
(8, 33, 558, 0, 0),
(8, 33, 559, 0, 1),
(8, 33, 560, 0, 0),
(8, 33, 561, 0, 0),
(8, 35, 562, 0, 0),
(8, 35, 563, 0, 0),
(8, 35, 564, 0, 0),
(8, 35, 565, 0, 0),
(8, 35, 566, 0, 0),
(8, 35, 567, 0, 0),
(8, 35, 568, 0, 0),
(8, 35, 569, 0, 0),
(8, 35, 570, 0, 0),
(8, 35, 571, 0, 0),
(8, 35, 572, 0, 0),
(8, 35, 573, 0, 0),
(8, 35, 574, 0, 0),
(8, 35, 575, 0, 0),
(8, 35, 576, 0, 1),
(8, 35, 577, 0, 1),
(8, 29, 578, 0, 0),
(8, 39, 579, 0, 0),
(8, 39, 580, 0, 1),
(8, 39, 581, 0, 1),
(8, 39, 582, 0, 0),
(8, 39, 583, 0, 0),
(8, 42, 584, 0, 0),
(8, 42, 585, 0, 0),
(8, 42, 586, 0, 1),
(8, 42, 587, 0, 1),
(8, 42, 588, 0, 0),
(8, 42, 589, 0, 1),
(8, 42, 590, 0, 0),
(8, 44, 591, 0, 0),
(8, 44, 592, 0, 0),
(8, 44, 593, 0, 0),
(8, 44, 594, 0, 0),
(8, 44, 595, 0, 0),
(8, 44, 596, 0, 0),
(8, 44, 597, 0, 1),
(8, 44, 598, 0, 1),
(8, 44, 599, 0, 0),
(8, 44, 600, 0, 0),
(8, 45, 601, 0, 0),
(8, 45, 602, 0, 0),
(8, 45, 603, 0, 0),
(8, 45, 604, 0, 0),
(8, 45, 605, 0, 0),
(8, 45, 606, 0, 0),
(8, 45, 607, 0, 0),
(8, 45, 608, 0, 0),
(8, 45, 609, 0, 0),
(8, 45, 610, 0, 0),
(8, 45, 611, 0, 0),
(8, 45, 612, 0, 1),
(8, 45, 613, 0, 1),
(8, 45, 614, 0, 0),
(8, 45, 615, 0, 0),
(8, 46, 616, 0, 0),
(8, 46, 617, 0, 0),
(8, 46, 618, 0, 0),
(8, 46, 619, 0, 0),
(8, 46, 620, 0, 0),
(8, 46, 621, 0, 0),
(8, 46, 622, 0, 0),
(8, 46, 623, 0, 0),
(8, 46, 624, 0, 0),
(8, 46, 625, 0, 0),
(8, 46, 626, 0, 0),
(8, 46, 627, 0, 0),
(8, 46, 628, 0, 0),
(8, 46, 629, 0, 1),
(8, 46, 630, 0, 1),
(8, 46, 631, 0, 0),
(8, 46, 632, 0, 0),
(8, 47, 633, 0, 0),
(8, 47, 634, 0, 0),
(8, 47, 635, 0, 0),
(8, 47, 636, 0, 0),
(8, 47, 637, 0, 0),
(8, 47, 638, 0, 0),
(8, 47, 639, 0, 0),
(8, 47, 640, 0, 0),
(8, 47, 641, 0, 0),
(8, 47, 642, 0, 0),
(8, 47, 643, 0, 0),
(8, 47, 644, 0, 0),
(8, 47, 645, 0, 0),
(8, 47, 646, 0, 0),
(8, 47, 647, 0, 1),
(8, 47, 648, 0, 1),
(8, 47, 649, 0, 0),
(8, 47, 650, 0, 0),
(8, 2, 651, 0, 0),
(8, 23, 653, 0, 1),
(8, 23, 654, 0, 1),
(8, 23, 655, 0, 1),
(8, 23, 656, 0, 1),
(8, 23, 657, 0, 1),
(8, 23, 658, 0, 1),
(8, 23, 659, 0, 1),
(8, 23, 660, 0, 1),
(8, 23, 661, 0, 1),
(8, 22, 662, 0, 1),
(8, 22, 663, 0, 1),
(8, 22, 664, 0, 1),
(8, 22, 665, 0, 1),
(8, 22, 666, 0, 1),
(8, 22, 667, 0, 1),
(8, 22, 668, 0, 1),
(8, 22, 669, 0, 1),
(8, 22, 670, 0, 1),
(8, 21, 671, 0, 1),
(8, 21, 672, 0, 1),
(8, 21, 673, 0, 1),
(8, 21, 674, 0, 1),
(8, 21, 675, 0, 1),
(8, 21, 676, 0, 1),
(8, 21, 677, 0, 1),
(8, 21, 678, 0, 1),
(8, 21, 679, 0, 1),
(8, 20, 680, 0, 1),
(8, 20, 681, 0, 1),
(8, 20, 682, 0, 1),
(8, 20, 683, 0, 1),
(8, 20, 684, 0, 1),
(8, 20, 685, 0, 1),
(8, 20, 686, 0, 1),
(8, 20, 687, 0, 1),
(8, 20, 688, 0, 1),
(8, 45, 690, 0, 0),
(8, 42, 691, 0, 0),
(8, 23, 695, 0, 0),
(8, 22, 696, 0, 0),
(8, 21, 697, 0, 0),
(8, 20, 698, 0, 0),
(8, 6, 700, 0, 1),
(8, 4, 701, 0, 1),
(8, 2, 702, 0, 1),
(8, 23, 704, 0, 0),
(8, 23, 705, 0, 0),
(8, 21, 706, 0, 0),
(8, 21, 707, 0, 0),
(8, 18, 708, 0, 0),
(8, 7, 709, 0, 0),
(8, 42, 710, 0, 0),
(8, 42, 711, 0, 0),
(8, 23, 712, 0, 1),
(8, 20, 713, 0, 1),
(8, 21, 714, 0, 1),
(8, 22, 715, 0, 1),
(8, 2, 717, 0, 0),
(8, 13, 718, 0, 0),
(8, 13, 720, 0, 0),
(8, 9, 729, 0, 1),
(8, 29, 750, 0, 0),
(9, 6, 1, 0, 0),
(9, 6, 2, 0, 0),
(9, 6, 3, 0, 0),
(9, 6, 4, 0, 0),
(9, 6, 5, 0, 0),
(9, 6, 6, 0, 0),
(9, 6, 7, 0, 0),
(9, 6, 8, 0, 0),
(9, 6, 9, 0, 0),
(9, 6, 10, 0, 0),
(9, 6, 11, 0, 0),
(9, 6, 12, 0, 0),
(9, 6, 13, 0, 0),
(9, 6, 14, 0, 0),
(9, 6, 15, 0, 0),
(9, 6, 16, 0, 0),
(9, 6, 17, 0, 0),
(9, 6, 18, 0, 0),
(9, 6, 19, 0, 0),
(9, 6, 20, 0, 0),
(9, 6, 21, 0, 1),
(9, 6, 22, 0, 1),
(9, 6, 23, 0, 0),
(9, 6, 24, 0, 0),
(9, 6, 25, 0, 0),
(9, 6, 26, 0, 0),
(9, 6, 27, 0, 0),
(9, 6, 28, 0, 0),
(9, 6, 29, 0, 0),
(9, 6, 30, 0, 0),
(9, 6, 31, 0, 0),
(9, 6, 32, 0, 0),
(9, 6, 33, 0, 0),
(9, 6, 34, 0, 0),
(9, 6, 35, 0, 0),
(9, 6, 36, 0, 0),
(9, 7, 37, 0, 0),
(9, 7, 38, 0, 0),
(9, 7, 39, 0, 0),
(9, 7, 40, 0, 0),
(9, 7, 41, 0, 0),
(9, 7, 42, 0, 0),
(9, 7, 43, 0, 0),
(9, 7, 44, 0, 0),
(9, 7, 45, 0, 0),
(9, 7, 46, 0, 0),
(9, 7, 47, 0, 0),
(9, 7, 48, 0, 0),
(9, 7, 49, 0, 0),
(9, 7, 50, 0, 0),
(9, 7, 51, 0, 0),
(9, 7, 52, 0, 0),
(9, 7, 53, 0, 0),
(9, 7, 54, 0, 0),
(9, 7, 55, 0, 0),
(9, 7, 56, 0, 1),
(9, 7, 57, 0, 1),
(9, 7, 58, 0, 0),
(9, 7, 59, 0, 0),
(9, 7, 60, 0, 0),
(9, 7, 61, 0, 0),
(9, 7, 62, 0, 0),
(9, 7, 63, 0, 0),
(9, 7, 64, 0, 0),
(9, 7, 65, 0, 0),
(9, 4, 66, 0, 0),
(9, 4, 67, 0, 0),
(9, 4, 68, 0, 0),
(9, 4, 69, 0, 0),
(9, 4, 70, 0, 0),
(9, 4, 71, 0, 0),
(9, 4, 72, 0, 0),
(9, 4, 73, 0, 0),
(9, 4, 74, 0, 0),
(9, 4, 75, 0, 0),
(9, 4, 76, 0, 0),
(9, 4, 77, 0, 0),
(9, 4, 78, 0, 0),
(9, 4, 79, 0, 0),
(9, 4, 80, 0, 0),
(9, 4, 81, 0, 0),
(9, 4, 82, 0, 0),
(9, 4, 83, 0, 0),
(9, 4, 84, 0, 0),
(9, 4, 85, 0, 0),
(9, 4, 86, 0, 0),
(9, 4, 87, 0, 0),
(9, 4, 88, 0, 0),
(9, 4, 89, 0, 0),
(9, 4, 90, 0, 1),
(9, 4, 91, 0, 1),
(9, 4, 92, 0, 0),
(9, 4, 93, 0, 0),
(9, 4, 94, 0, 0),
(9, 4, 95, 0, 0),
(9, 4, 96, 0, 0),
(9, 4, 97, 0, 0),
(9, 4, 98, 0, 0),
(9, 4, 99, 0, 0),
(9, 4, 100, 0, 0),
(9, 4, 101, 0, 0),
(9, 4, 102, 0, 0),
(9, 4, 103, 0, 0),
(9, 4, 104, 0, 0),
(9, 4, 105, 0, 0),
(9, 4, 106, 0, 0),
(9, 4, 107, 0, 0),
(9, 4, 108, 0, 0),
(9, 4, 109, 0, 0),
(9, 2, 110, 0, 0),
(9, 2, 111, 0, 0),
(9, 2, 112, 0, 0),
(9, 2, 113, 0, 0),
(9, 2, 114, 0, 0),
(9, 2, 115, 0, 0),
(9, 2, 116, 0, 0),
(9, 2, 117, 0, 0),
(9, 2, 118, 0, 0),
(9, 2, 119, 0, 0),
(9, 2, 120, 0, 0),
(9, 2, 121, 0, 0),
(9, 2, 122, 0, 1),
(9, 2, 123, 0, 1),
(9, 2, 124, 0, 0),
(9, 2, 125, 0, 0),
(9, 26, 126, 0, 0),
(9, 26, 127, 0, 0),
(9, 26, 128, 0, 0),
(9, 26, 129, 0, 0),
(9, 26, 130, 0, 0),
(9, 26, 131, 0, 0),
(9, 26, 132, 0, 0),
(9, 26, 133, 0, 0),
(9, 26, 134, 0, 0),
(9, 26, 135, 0, 0),
(9, 26, 136, 0, 0),
(9, 26, 137, 0, 1),
(9, 26, 138, 0, 1),
(9, 26, 139, 0, 0),
(9, 26, 140, 0, 0),
(9, 26, 141, 0, 0),
(9, 26, 142, 0, 0),
(9, 26, 143, 0, 0),
(9, 26, 144, 0, 0),
(9, 26, 145, 0, 0),
(9, 26, 146, 0, 0),
(9, 26, 147, 0, 0),
(9, 26, 148, 0, 0),
(9, 26, 149, 0, 0),
(9, 26, 150, 0, 0),
(9, 13, 155, 0, 0),
(9, 13, 156, 0, 0),
(9, 13, 157, 0, 0),
(9, 13, 158, 0, 0),
(9, 13, 159, 0, 0),
(9, 13, 160, 0, 0),
(9, 13, 161, 0, 0),
(9, 13, 162, 0, 0),
(9, 13, 163, 0, 0),
(9, 13, 164, 0, 0),
(9, 13, 165, 0, 0),
(9, 13, 166, 0, 1),
(9, 13, 167, 0, 1),
(9, 13, 168, 0, 0),
(9, 13, 169, 0, 0);
INSERT INTO `vtiger_profile2field` (`profileid`, `tabid`, `fieldid`, `visible`, `readonly`) VALUES
(9, 13, 170, 0, 0),
(9, 13, 171, 0, 0),
(9, 14, 173, 0, 0),
(9, 14, 174, 0, 0),
(9, 14, 175, 0, 0),
(9, 14, 176, 0, 0),
(9, 14, 177, 0, 0),
(9, 14, 178, 0, 0),
(9, 14, 179, 0, 0),
(9, 14, 180, 0, 0),
(9, 14, 181, 0, 0),
(9, 14, 182, 0, 0),
(9, 14, 183, 0, 0),
(9, 14, 184, 0, 0),
(9, 14, 185, 0, 0),
(9, 14, 186, 0, 0),
(9, 14, 187, 0, 0),
(9, 14, 188, 0, 0),
(9, 14, 189, 0, 0),
(9, 14, 190, 0, 1),
(9, 14, 191, 0, 1),
(9, 14, 192, 0, 0),
(9, 14, 193, 0, 0),
(9, 14, 194, 0, 0),
(9, 14, 195, 0, 0),
(9, 14, 196, 0, 0),
(9, 14, 197, 0, 0),
(9, 14, 198, 0, 0),
(9, 14, 199, 0, 0),
(9, 14, 200, 0, 0),
(9, 14, 201, 0, 0),
(9, 14, 202, 0, 0),
(9, 14, 203, 0, 0),
(9, 8, 204, 0, 0),
(9, 8, 205, 0, 1),
(9, 8, 206, 0, 1),
(9, 8, 207, 0, 0),
(9, 8, 208, 0, 0),
(9, 8, 209, 0, 0),
(9, 8, 210, 0, 1),
(9, 8, 211, 0, 1),
(9, 8, 212, 0, 0),
(9, 8, 213, 0, 0),
(9, 8, 214, 0, 0),
(9, 8, 215, 0, 1),
(9, 8, 216, 0, 0),
(9, 8, 217, 0, 0),
(9, 8, 218, 0, 0),
(9, 10, 219, 0, 0),
(9, 10, 220, 0, 0),
(9, 10, 221, 0, 0),
(9, 10, 222, 0, 0),
(9, 10, 223, 0, 0),
(9, 10, 224, 0, 0),
(9, 10, 225, 0, 0),
(9, 10, 226, 0, 0),
(9, 10, 227, 0, 0),
(9, 10, 228, 0, 1),
(9, 10, 229, 0, 0),
(9, 10, 230, 0, 0),
(9, 9, 231, 0, 0),
(9, 9, 232, 0, 0),
(9, 9, 233, 0, 0),
(9, 9, 234, 0, 0),
(9, 9, 235, 0, 0),
(9, 9, 236, 0, 0),
(9, 9, 237, 0, 0),
(9, 9, 238, 0, 0),
(9, 9, 239, 0, 0),
(9, 9, 240, 0, 0),
(9, 9, 241, 0, 0),
(9, 9, 242, 0, 0),
(9, 9, 243, 0, 1),
(9, 9, 244, 0, 1),
(9, 9, 245, 0, 0),
(9, 9, 246, 0, 0),
(9, 9, 247, 0, 0),
(9, 9, 248, 0, 0),
(9, 9, 249, 0, 0),
(9, 9, 250, 0, 0),
(9, 9, 251, 0, 0),
(9, 9, 252, 0, 0),
(9, 9, 253, 0, 0),
(9, 9, 254, 0, 0),
(9, 16, 255, 0, 0),
(9, 16, 256, 0, 0),
(9, 16, 257, 0, 0),
(9, 16, 258, 0, 0),
(9, 16, 259, 0, 0),
(9, 16, 260, 0, 0),
(9, 16, 261, 0, 0),
(9, 16, 262, 0, 0),
(9, 16, 263, 0, 0),
(9, 16, 264, 0, 0),
(9, 16, 265, 0, 0),
(9, 16, 266, 0, 0),
(9, 16, 267, 0, 0),
(9, 16, 268, 0, 0),
(9, 16, 269, 0, 1),
(9, 16, 270, 0, 1),
(9, 16, 271, 0, 0),
(9, 16, 272, 0, 0),
(9, 16, 273, 0, 0),
(9, 16, 274, 0, 0),
(9, 16, 275, 0, 0),
(9, 16, 276, 0, 0),
(9, 16, 277, 0, 0),
(9, 15, 278, 0, 0),
(9, 15, 279, 0, 0),
(9, 15, 280, 0, 0),
(9, 15, 281, 0, 0),
(9, 15, 282, 0, 0),
(9, 15, 283, 0, 0),
(9, 15, 285, 0, 1),
(9, 15, 286, 0, 1),
(9, 15, 287, 0, 0),
(9, 18, 288, 0, 0),
(9, 18, 289, 0, 0),
(9, 18, 290, 0, 0),
(9, 18, 291, 0, 0),
(9, 18, 292, 0, 0),
(9, 18, 293, 0, 0),
(9, 18, 294, 0, 0),
(9, 18, 295, 0, 1),
(9, 18, 296, 0, 1),
(9, 18, 297, 0, 0),
(9, 18, 298, 0, 0),
(9, 18, 299, 0, 0),
(9, 18, 300, 0, 0),
(9, 18, 301, 0, 0),
(9, 18, 302, 0, 0),
(9, 18, 303, 0, 0),
(9, 18, 304, 0, 0),
(9, 19, 305, 0, 0),
(9, 19, 306, 0, 0),
(9, 19, 307, 0, 0),
(9, 19, 308, 0, 1),
(9, 19, 309, 0, 1),
(9, 19, 310, 0, 0),
(9, 19, 311, 0, 0),
(9, 19, 312, 0, 0),
(9, 20, 313, 0, 0),
(9, 20, 314, 0, 0),
(9, 20, 315, 0, 0),
(9, 20, 316, 0, 0),
(9, 20, 317, 0, 0),
(9, 20, 318, 0, 0),
(9, 20, 319, 0, 0),
(9, 20, 320, 0, 0),
(9, 20, 321, 0, 0),
(9, 20, 322, 0, 0),
(9, 20, 323, 0, 0),
(9, 20, 324, 0, 0),
(9, 20, 325, 0, 0),
(9, 20, 326, 0, 0),
(9, 20, 327, 0, 0),
(9, 20, 328, 0, 0),
(9, 20, 329, 0, 0),
(9, 20, 330, 0, 0),
(9, 20, 331, 0, 1),
(9, 20, 332, 0, 1),
(9, 20, 333, 0, 0),
(9, 20, 334, 0, 0),
(9, 20, 335, 0, 0),
(9, 20, 336, 0, 0),
(9, 20, 337, 0, 0),
(9, 20, 338, 0, 0),
(9, 20, 339, 0, 0),
(9, 20, 340, 0, 0),
(9, 20, 341, 0, 0),
(9, 20, 342, 0, 0),
(9, 20, 343, 0, 0),
(9, 20, 344, 0, 0),
(9, 20, 345, 0, 0),
(9, 20, 346, 0, 0),
(9, 20, 347, 0, 0),
(9, 20, 348, 0, 0),
(9, 20, 349, 0, 0),
(9, 21, 350, 0, 0),
(9, 21, 351, 0, 0),
(9, 21, 352, 0, 0),
(9, 21, 353, 0, 0),
(9, 21, 354, 0, 0),
(9, 21, 355, 0, 0),
(9, 21, 356, 0, 0),
(9, 21, 357, 0, 0),
(9, 21, 358, 0, 0),
(9, 21, 359, 0, 0),
(9, 21, 360, 0, 0),
(9, 21, 361, 0, 0),
(9, 21, 362, 0, 0),
(9, 21, 363, 0, 0),
(9, 21, 364, 0, 0),
(9, 21, 365, 0, 0),
(9, 21, 366, 0, 0),
(9, 21, 367, 0, 0),
(9, 21, 368, 0, 0),
(9, 21, 369, 0, 1),
(9, 21, 370, 0, 1),
(9, 21, 371, 0, 0),
(9, 21, 372, 0, 0),
(9, 21, 373, 0, 0),
(9, 21, 374, 0, 0),
(9, 21, 375, 0, 0),
(9, 21, 376, 0, 0),
(9, 21, 377, 0, 0),
(9, 21, 378, 0, 0),
(9, 21, 379, 0, 0),
(9, 21, 380, 0, 0),
(9, 21, 381, 0, 0),
(9, 21, 382, 0, 0),
(9, 21, 383, 0, 0),
(9, 21, 384, 0, 0),
(9, 21, 385, 0, 0),
(9, 21, 386, 0, 0),
(9, 21, 387, 0, 0),
(9, 22, 388, 0, 0),
(9, 22, 389, 0, 0),
(9, 22, 390, 0, 0),
(9, 22, 391, 0, 0),
(9, 22, 392, 0, 0),
(9, 22, 393, 0, 0),
(9, 22, 394, 0, 0),
(9, 22, 395, 0, 0),
(9, 22, 396, 0, 0),
(9, 22, 397, 0, 0),
(9, 22, 398, 0, 0),
(9, 22, 399, 0, 0),
(9, 22, 400, 0, 0),
(9, 22, 401, 0, 0),
(9, 22, 402, 0, 0),
(9, 22, 403, 0, 0),
(9, 22, 404, 0, 0),
(9, 22, 405, 0, 0),
(9, 22, 406, 0, 0),
(9, 22, 407, 0, 0),
(9, 22, 408, 0, 0),
(9, 22, 409, 0, 0),
(9, 22, 410, 0, 1),
(9, 22, 411, 0, 1),
(9, 22, 412, 0, 0),
(9, 22, 413, 0, 0),
(9, 22, 414, 0, 0),
(9, 22, 415, 0, 0),
(9, 22, 416, 0, 0),
(9, 22, 417, 0, 0),
(9, 22, 418, 0, 0),
(9, 22, 419, 0, 0),
(9, 22, 420, 0, 0),
(9, 22, 421, 0, 0),
(9, 22, 422, 0, 0),
(9, 22, 423, 0, 0),
(9, 22, 424, 0, 0),
(9, 22, 425, 0, 0),
(9, 22, 426, 0, 0),
(9, 22, 427, 0, 0),
(9, 22, 428, 0, 0),
(9, 22, 429, 0, 0),
(9, 22, 430, 0, 0),
(9, 22, 431, 0, 0),
(9, 22, 432, 0, 0),
(9, 22, 433, 0, 0),
(9, 22, 434, 0, 0),
(9, 23, 435, 0, 0),
(9, 23, 436, 0, 0),
(9, 23, 437, 0, 0),
(9, 23, 438, 0, 0),
(9, 23, 439, 0, 0),
(9, 23, 440, 0, 0),
(9, 23, 441, 0, 0),
(9, 23, 442, 0, 0),
(9, 23, 443, 0, 0),
(9, 23, 444, 0, 0),
(9, 23, 445, 0, 0),
(9, 23, 446, 0, 0),
(9, 23, 447, 0, 0),
(9, 23, 448, 0, 0),
(9, 23, 449, 0, 0),
(9, 23, 450, 0, 0),
(9, 23, 451, 0, 0),
(9, 23, 452, 0, 0),
(9, 23, 453, 0, 0),
(9, 23, 454, 0, 1),
(9, 23, 455, 0, 1),
(9, 23, 456, 0, 0),
(9, 23, 457, 0, 0),
(9, 23, 458, 0, 0),
(9, 23, 459, 0, 0),
(9, 23, 460, 0, 0),
(9, 23, 461, 0, 0),
(9, 23, 462, 0, 0),
(9, 23, 463, 0, 0),
(9, 23, 464, 0, 0),
(9, 23, 465, 0, 0),
(9, 23, 466, 0, 0),
(9, 23, 467, 0, 0),
(9, 23, 468, 0, 0),
(9, 23, 469, 0, 0),
(9, 23, 470, 0, 0),
(9, 23, 471, 0, 0),
(9, 23, 472, 0, 0),
(9, 23, 473, 0, 0),
(9, 29, 474, 0, 0),
(9, 29, 478, 0, 0),
(9, 29, 479, 0, 0),
(9, 29, 481, 0, 0),
(9, 29, 488, 0, 0),
(9, 29, 489, 0, 0),
(9, 29, 490, 0, 0),
(9, 29, 491, 0, 0),
(9, 29, 493, 0, 0),
(9, 29, 494, 0, 0),
(9, 29, 495, 0, 0),
(9, 29, 496, 0, 0),
(9, 29, 497, 0, 0),
(9, 29, 502, 0, 0),
(9, 29, 503, 0, 0),
(9, 29, 504, 0, 0),
(9, 29, 505, 0, 0),
(9, 10, 518, 0, 0),
(9, 10, 519, 0, 0),
(9, 10, 520, 0, 0),
(9, 10, 521, 0, 0),
(9, 10, 522, 0, 0),
(9, 10, 523, 0, 0),
(9, 30, 524, 0, 0),
(9, 30, 525, 0, 0),
(9, 30, 526, 0, 0),
(9, 30, 527, 0, 0),
(9, 30, 528, 0, 0),
(9, 30, 529, 0, 0),
(9, 30, 530, 0, 0),
(9, 30, 531, 0, 0),
(9, 30, 532, 0, 1),
(9, 30, 533, 0, 1),
(9, 30, 534, 0, 0),
(9, 30, 535, 0, 0),
(9, 30, 536, 0, 0),
(9, 30, 537, 0, 0),
(9, 30, 538, 0, 0),
(9, 30, 539, 0, 0),
(9, 30, 540, 0, 0),
(9, 30, 541, 0, 0),
(9, 30, 542, 0, 0),
(9, 33, 543, 0, 0),
(9, 33, 544, 0, 1),
(9, 33, 545, 0, 1),
(9, 33, 546, 0, 0),
(9, 33, 547, 0, 1),
(9, 33, 548, 0, 0),
(9, 33, 549, 0, 0),
(9, 33, 550, 0, 0),
(9, 33, 551, 0, 0),
(9, 33, 552, 0, 0),
(9, 33, 553, 0, 0),
(9, 33, 554, 0, 1),
(9, 33, 555, 0, 1),
(9, 33, 556, 0, 0),
(9, 33, 557, 0, 0),
(9, 33, 558, 0, 0),
(9, 33, 559, 0, 1),
(9, 33, 560, 0, 0),
(9, 33, 561, 0, 0),
(9, 35, 562, 0, 0),
(9, 35, 563, 0, 0),
(9, 35, 564, 0, 0),
(9, 35, 565, 0, 0),
(9, 35, 566, 0, 0),
(9, 35, 567, 0, 0),
(9, 35, 568, 0, 0),
(9, 35, 569, 0, 0),
(9, 35, 570, 0, 0),
(9, 35, 571, 0, 0),
(9, 35, 572, 0, 0),
(9, 35, 573, 0, 0),
(9, 35, 574, 0, 0),
(9, 35, 575, 0, 0),
(9, 35, 576, 0, 1),
(9, 35, 577, 0, 1),
(9, 29, 578, 0, 0),
(9, 39, 579, 0, 0),
(9, 39, 580, 0, 1),
(9, 39, 581, 0, 1),
(9, 39, 582, 0, 0),
(9, 39, 583, 0, 0),
(9, 42, 584, 0, 0),
(9, 42, 585, 0, 0),
(9, 42, 586, 0, 1),
(9, 42, 587, 0, 1),
(9, 42, 588, 0, 0),
(9, 42, 589, 0, 1),
(9, 42, 590, 0, 0),
(9, 44, 591, 0, 0),
(9, 44, 592, 0, 0),
(9, 44, 593, 0, 0),
(9, 44, 594, 0, 0),
(9, 44, 595, 0, 0),
(9, 44, 596, 0, 0),
(9, 44, 597, 0, 1),
(9, 44, 598, 0, 1),
(9, 44, 599, 0, 0),
(9, 44, 600, 0, 0),
(9, 45, 601, 0, 0),
(9, 45, 602, 0, 0),
(9, 45, 603, 0, 0),
(9, 45, 604, 0, 0),
(9, 45, 605, 0, 0),
(9, 45, 606, 0, 0),
(9, 45, 607, 0, 0),
(9, 45, 608, 0, 0),
(9, 45, 609, 0, 0),
(9, 45, 610, 0, 0),
(9, 45, 611, 0, 0),
(9, 45, 612, 0, 1),
(9, 45, 613, 0, 1),
(9, 45, 614, 0, 0),
(9, 45, 615, 0, 0),
(9, 46, 616, 0, 0),
(9, 46, 617, 0, 0),
(9, 46, 618, 0, 0),
(9, 46, 619, 0, 0),
(9, 46, 620, 0, 0),
(9, 46, 621, 0, 0),
(9, 46, 622, 0, 0),
(9, 46, 623, 0, 0),
(9, 46, 624, 0, 0),
(9, 46, 625, 0, 0),
(9, 46, 626, 0, 0),
(9, 46, 627, 0, 0),
(9, 46, 628, 0, 0),
(9, 46, 629, 0, 1),
(9, 46, 630, 0, 1),
(9, 46, 631, 0, 0),
(9, 46, 632, 0, 0),
(9, 47, 633, 0, 0),
(9, 47, 634, 0, 0),
(9, 47, 635, 0, 0),
(9, 47, 636, 0, 0),
(9, 47, 637, 0, 0),
(9, 47, 638, 0, 0),
(9, 47, 639, 0, 0),
(9, 47, 640, 0, 0),
(9, 47, 641, 0, 0),
(9, 47, 642, 0, 0),
(9, 47, 643, 0, 0),
(9, 47, 644, 0, 0),
(9, 47, 645, 0, 0),
(9, 47, 646, 0, 0),
(9, 47, 647, 0, 1),
(9, 47, 648, 0, 1),
(9, 47, 649, 0, 0),
(9, 47, 650, 0, 0),
(9, 2, 651, 0, 0),
(9, 23, 653, 0, 1),
(9, 23, 654, 0, 1),
(9, 23, 655, 0, 1),
(9, 23, 656, 0, 1),
(9, 23, 657, 0, 1),
(9, 23, 658, 0, 1),
(9, 23, 659, 0, 1),
(9, 23, 660, 0, 1),
(9, 23, 661, 0, 1),
(9, 22, 662, 0, 1),
(9, 22, 663, 0, 1),
(9, 22, 664, 0, 1),
(9, 22, 665, 0, 1),
(9, 22, 666, 0, 1),
(9, 22, 667, 0, 1),
(9, 22, 668, 0, 1),
(9, 22, 669, 0, 1),
(9, 22, 670, 0, 1),
(9, 21, 671, 0, 1),
(9, 21, 672, 0, 1),
(9, 21, 673, 0, 1),
(9, 21, 674, 0, 1),
(9, 21, 675, 0, 1),
(9, 21, 676, 0, 1),
(9, 21, 677, 0, 1),
(9, 21, 678, 0, 1),
(9, 21, 679, 0, 1),
(9, 20, 680, 0, 1),
(9, 20, 681, 0, 1),
(9, 20, 682, 0, 1),
(9, 20, 683, 0, 1),
(9, 20, 684, 0, 1),
(9, 20, 685, 0, 1),
(9, 20, 686, 0, 1),
(9, 20, 687, 0, 1),
(9, 20, 688, 0, 1),
(9, 45, 690, 0, 0),
(9, 42, 691, 0, 0),
(9, 23, 695, 0, 0),
(9, 22, 696, 0, 0),
(9, 21, 697, 0, 0),
(9, 20, 698, 0, 0),
(9, 6, 700, 0, 1),
(9, 4, 701, 0, 1),
(9, 2, 702, 0, 1),
(9, 23, 704, 0, 0),
(9, 23, 705, 0, 0),
(9, 21, 706, 0, 0),
(9, 21, 707, 0, 0),
(9, 18, 708, 0, 0),
(9, 7, 709, 0, 0),
(9, 42, 710, 0, 0),
(9, 42, 711, 0, 0),
(9, 23, 712, 0, 1),
(9, 20, 713, 0, 1),
(9, 21, 714, 0, 1),
(9, 22, 715, 0, 1),
(9, 2, 717, 0, 0),
(9, 13, 718, 0, 0),
(9, 13, 720, 0, 0),
(9, 9, 729, 0, 1),
(9, 29, 750, 0, 0),
(10, 6, 1, 0, 0),
(10, 6, 2, 0, 0),
(10, 6, 3, 0, 0),
(10, 6, 4, 0, 0),
(10, 6, 5, 0, 0),
(10, 6, 6, 0, 0),
(10, 6, 7, 0, 0),
(10, 6, 8, 0, 0),
(10, 6, 9, 0, 0),
(10, 6, 10, 0, 0),
(10, 6, 11, 0, 0),
(10, 6, 12, 0, 0),
(10, 6, 13, 0, 0),
(10, 6, 14, 0, 0),
(10, 6, 15, 0, 0),
(10, 6, 16, 0, 0),
(10, 6, 17, 0, 0),
(10, 6, 18, 0, 0),
(10, 6, 19, 0, 0),
(10, 6, 20, 0, 0),
(10, 6, 21, 0, 1),
(10, 6, 22, 0, 1),
(10, 6, 23, 0, 0),
(10, 6, 24, 0, 0),
(10, 6, 25, 0, 0),
(10, 6, 26, 0, 0),
(10, 6, 27, 0, 0),
(10, 6, 28, 0, 0),
(10, 6, 29, 0, 0),
(10, 6, 30, 0, 0),
(10, 6, 31, 0, 0),
(10, 6, 32, 0, 0),
(10, 6, 33, 0, 0),
(10, 6, 34, 0, 0),
(10, 6, 35, 0, 0),
(10, 6, 36, 0, 0),
(10, 7, 37, 0, 0),
(10, 7, 38, 0, 0),
(10, 7, 39, 0, 0),
(10, 7, 40, 0, 0),
(10, 7, 41, 0, 0),
(10, 7, 42, 0, 0),
(10, 7, 43, 0, 0),
(10, 7, 44, 0, 0),
(10, 7, 45, 0, 0),
(10, 7, 46, 0, 0),
(10, 7, 47, 0, 0),
(10, 7, 48, 0, 0),
(10, 7, 49, 0, 0),
(10, 7, 50, 0, 0),
(10, 7, 51, 0, 0),
(10, 7, 52, 0, 0),
(10, 7, 53, 0, 0),
(10, 7, 54, 0, 0),
(10, 7, 55, 0, 0),
(10, 7, 56, 0, 1),
(10, 7, 57, 0, 1),
(10, 7, 58, 0, 0),
(10, 7, 59, 0, 0),
(10, 7, 60, 0, 0),
(10, 7, 61, 0, 0),
(10, 7, 62, 0, 0),
(10, 7, 63, 0, 0),
(10, 7, 64, 0, 0),
(10, 7, 65, 0, 0),
(10, 4, 66, 0, 0),
(10, 4, 67, 0, 0),
(10, 4, 68, 0, 0),
(10, 4, 69, 0, 0),
(10, 4, 70, 0, 0),
(10, 4, 71, 0, 0),
(10, 4, 72, 0, 0),
(10, 4, 73, 0, 0),
(10, 4, 74, 0, 0),
(10, 4, 75, 0, 0),
(10, 4, 76, 0, 0),
(10, 4, 77, 0, 0),
(10, 4, 78, 0, 0),
(10, 4, 79, 0, 0),
(10, 4, 80, 0, 0),
(10, 4, 81, 0, 0),
(10, 4, 82, 0, 0),
(10, 4, 83, 0, 0),
(10, 4, 84, 0, 0),
(10, 4, 85, 0, 0),
(10, 4, 86, 0, 0),
(10, 4, 87, 0, 0),
(10, 4, 88, 0, 0),
(10, 4, 89, 0, 0),
(10, 4, 90, 0, 1),
(10, 4, 91, 0, 1),
(10, 4, 92, 0, 0),
(10, 4, 93, 0, 0),
(10, 4, 94, 0, 0),
(10, 4, 95, 0, 0),
(10, 4, 96, 0, 0),
(10, 4, 97, 0, 0),
(10, 4, 98, 0, 0),
(10, 4, 99, 0, 0),
(10, 4, 100, 0, 0),
(10, 4, 101, 0, 0),
(10, 4, 102, 0, 0),
(10, 4, 103, 0, 0),
(10, 4, 104, 0, 0),
(10, 4, 105, 0, 0),
(10, 4, 106, 0, 0),
(10, 4, 107, 0, 0),
(10, 4, 108, 0, 0),
(10, 4, 109, 0, 0),
(10, 2, 110, 0, 0),
(10, 2, 111, 0, 0),
(10, 2, 112, 0, 0),
(10, 2, 113, 0, 0),
(10, 2, 114, 0, 0),
(10, 2, 115, 0, 0),
(10, 2, 116, 0, 0),
(10, 2, 117, 0, 0),
(10, 2, 118, 0, 0),
(10, 2, 119, 0, 0),
(10, 2, 120, 0, 0),
(10, 2, 121, 0, 0),
(10, 2, 122, 0, 1),
(10, 2, 123, 0, 1),
(10, 2, 124, 0, 0),
(10, 2, 125, 0, 0),
(10, 26, 126, 0, 0),
(10, 26, 127, 0, 0),
(10, 26, 128, 0, 0),
(10, 26, 129, 0, 0),
(10, 26, 130, 0, 0),
(10, 26, 131, 0, 0),
(10, 26, 132, 0, 0),
(10, 26, 133, 0, 0),
(10, 26, 134, 0, 0),
(10, 26, 135, 0, 0),
(10, 26, 136, 0, 0),
(10, 26, 137, 0, 1),
(10, 26, 138, 0, 1),
(10, 26, 139, 0, 0),
(10, 26, 140, 0, 0),
(10, 26, 141, 0, 0),
(10, 26, 142, 0, 0),
(10, 26, 143, 0, 0),
(10, 26, 144, 0, 0),
(10, 26, 145, 0, 0),
(10, 26, 146, 0, 0),
(10, 26, 147, 0, 0),
(10, 26, 148, 0, 0),
(10, 26, 149, 0, 0),
(10, 26, 150, 0, 0),
(10, 13, 155, 0, 0),
(10, 13, 156, 0, 0),
(10, 13, 157, 0, 0),
(10, 13, 158, 0, 0),
(10, 13, 159, 0, 0),
(10, 13, 160, 0, 0),
(10, 13, 161, 0, 0),
(10, 13, 162, 0, 0),
(10, 13, 163, 0, 0),
(10, 13, 164, 0, 0),
(10, 13, 165, 0, 0),
(10, 13, 166, 0, 1),
(10, 13, 167, 0, 1),
(10, 13, 168, 0, 0),
(10, 13, 169, 0, 0),
(10, 13, 170, 0, 0),
(10, 13, 171, 0, 0),
(10, 14, 173, 0, 0),
(10, 14, 174, 0, 0),
(10, 14, 175, 0, 0),
(10, 14, 176, 0, 0),
(10, 14, 177, 0, 0),
(10, 14, 178, 0, 0),
(10, 14, 179, 0, 0),
(10, 14, 180, 0, 0),
(10, 14, 181, 0, 0),
(10, 14, 182, 0, 0),
(10, 14, 183, 0, 0),
(10, 14, 184, 0, 0),
(10, 14, 185, 0, 0),
(10, 14, 186, 0, 0),
(10, 14, 187, 0, 0),
(10, 14, 188, 0, 0),
(10, 14, 189, 0, 0),
(10, 14, 190, 0, 1),
(10, 14, 191, 0, 1),
(10, 14, 192, 0, 0),
(10, 14, 193, 0, 0),
(10, 14, 194, 0, 0),
(10, 14, 195, 0, 0),
(10, 14, 196, 0, 0),
(10, 14, 197, 0, 0),
(10, 14, 198, 0, 0),
(10, 14, 199, 0, 0),
(10, 14, 200, 0, 0),
(10, 14, 201, 0, 0),
(10, 14, 202, 0, 0),
(10, 14, 203, 0, 0),
(10, 8, 204, 0, 0),
(10, 8, 205, 0, 1),
(10, 8, 206, 0, 1),
(10, 8, 207, 0, 0),
(10, 8, 208, 0, 0),
(10, 8, 209, 0, 0),
(10, 8, 210, 0, 1),
(10, 8, 211, 0, 1),
(10, 8, 212, 0, 0),
(10, 8, 213, 0, 0),
(10, 8, 214, 0, 0),
(10, 8, 215, 0, 1),
(10, 8, 216, 0, 0),
(10, 8, 217, 0, 0),
(10, 8, 218, 0, 0),
(10, 10, 219, 0, 0),
(10, 10, 220, 0, 0),
(10, 10, 221, 0, 0),
(10, 10, 222, 0, 0),
(10, 10, 223, 0, 0),
(10, 10, 224, 0, 0),
(10, 10, 225, 0, 0),
(10, 10, 226, 0, 0),
(10, 10, 227, 0, 0),
(10, 10, 228, 0, 1),
(10, 10, 229, 0, 0),
(10, 10, 230, 0, 0),
(10, 9, 231, 0, 0),
(10, 9, 232, 0, 0),
(10, 9, 233, 0, 0),
(10, 9, 234, 0, 0),
(10, 9, 235, 0, 0),
(10, 9, 236, 0, 0),
(10, 9, 237, 0, 0),
(10, 9, 238, 0, 0),
(10, 9, 239, 0, 0),
(10, 9, 240, 0, 0),
(10, 9, 241, 0, 0),
(10, 9, 242, 0, 0),
(10, 9, 243, 0, 1),
(10, 9, 244, 0, 1),
(10, 9, 245, 0, 0),
(10, 9, 246, 0, 0),
(10, 9, 247, 0, 0),
(10, 9, 248, 0, 0),
(10, 9, 249, 0, 0),
(10, 9, 250, 0, 0),
(10, 9, 251, 0, 0),
(10, 9, 252, 0, 0),
(10, 9, 253, 0, 0),
(10, 9, 254, 0, 0),
(10, 16, 255, 0, 0),
(10, 16, 256, 0, 0),
(10, 16, 257, 0, 0),
(10, 16, 258, 0, 0),
(10, 16, 259, 0, 0),
(10, 16, 260, 0, 0),
(10, 16, 261, 0, 0),
(10, 16, 262, 0, 0),
(10, 16, 263, 0, 0),
(10, 16, 264, 0, 0),
(10, 16, 265, 0, 0),
(10, 16, 266, 0, 0),
(10, 16, 267, 0, 0),
(10, 16, 268, 0, 0),
(10, 16, 269, 0, 1),
(10, 16, 270, 0, 1),
(10, 16, 271, 0, 0),
(10, 16, 272, 0, 0),
(10, 16, 273, 0, 0),
(10, 16, 274, 0, 0),
(10, 16, 275, 0, 0),
(10, 16, 276, 0, 0),
(10, 16, 277, 0, 0),
(10, 15, 278, 0, 0),
(10, 15, 279, 0, 0),
(10, 15, 280, 0, 0),
(10, 15, 281, 0, 0),
(10, 15, 282, 0, 0),
(10, 15, 283, 0, 0),
(10, 15, 285, 0, 1),
(10, 15, 286, 0, 1),
(10, 15, 287, 0, 0),
(10, 18, 288, 0, 0),
(10, 18, 289, 0, 0),
(10, 18, 290, 0, 0),
(10, 18, 291, 0, 0),
(10, 18, 292, 0, 0),
(10, 18, 293, 0, 0),
(10, 18, 294, 0, 0),
(10, 18, 295, 0, 1),
(10, 18, 296, 0, 1),
(10, 18, 297, 0, 0),
(10, 18, 298, 0, 0),
(10, 18, 299, 0, 0),
(10, 18, 300, 0, 0),
(10, 18, 301, 0, 0),
(10, 18, 302, 0, 0),
(10, 18, 303, 0, 0),
(10, 18, 304, 0, 0),
(10, 19, 305, 0, 0),
(10, 19, 306, 0, 0),
(10, 19, 307, 0, 0),
(10, 19, 308, 0, 1),
(10, 19, 309, 0, 1),
(10, 19, 310, 0, 0),
(10, 19, 311, 0, 0),
(10, 19, 312, 0, 0),
(10, 20, 313, 0, 0),
(10, 20, 314, 0, 0),
(10, 20, 315, 0, 0),
(10, 20, 316, 0, 0),
(10, 20, 317, 0, 0),
(10, 20, 318, 0, 0),
(10, 20, 319, 0, 0),
(10, 20, 320, 0, 0),
(10, 20, 321, 0, 0),
(10, 20, 322, 0, 0),
(10, 20, 323, 0, 0),
(10, 20, 324, 0, 0),
(10, 20, 325, 0, 0),
(10, 20, 326, 0, 0),
(10, 20, 327, 0, 0),
(10, 20, 328, 0, 0),
(10, 20, 329, 0, 0),
(10, 20, 330, 0, 0),
(10, 20, 331, 0, 1),
(10, 20, 332, 0, 1),
(10, 20, 333, 0, 0),
(10, 20, 334, 0, 0),
(10, 20, 335, 0, 0),
(10, 20, 336, 0, 0),
(10, 20, 337, 0, 0),
(10, 20, 338, 0, 0),
(10, 20, 339, 0, 0),
(10, 20, 340, 0, 0),
(10, 20, 341, 0, 0),
(10, 20, 342, 0, 0),
(10, 20, 343, 0, 0),
(10, 20, 344, 0, 0),
(10, 20, 345, 0, 0),
(10, 20, 346, 0, 0),
(10, 20, 347, 0, 0),
(10, 20, 348, 0, 0),
(10, 20, 349, 0, 0),
(10, 21, 350, 0, 0),
(10, 21, 351, 0, 0),
(10, 21, 352, 0, 0),
(10, 21, 353, 0, 0),
(10, 21, 354, 0, 0),
(10, 21, 355, 0, 0),
(10, 21, 356, 0, 0),
(10, 21, 357, 0, 0),
(10, 21, 358, 0, 0),
(10, 21, 359, 0, 0),
(10, 21, 360, 0, 0),
(10, 21, 361, 0, 0),
(10, 21, 362, 0, 0),
(10, 21, 363, 0, 0),
(10, 21, 364, 0, 0),
(10, 21, 365, 0, 0),
(10, 21, 366, 0, 0),
(10, 21, 367, 0, 0),
(10, 21, 368, 0, 0),
(10, 21, 369, 0, 1),
(10, 21, 370, 0, 1),
(10, 21, 371, 0, 0),
(10, 21, 372, 0, 0),
(10, 21, 373, 0, 0),
(10, 21, 374, 0, 0),
(10, 21, 375, 0, 0),
(10, 21, 376, 0, 0),
(10, 21, 377, 0, 0),
(10, 21, 378, 0, 0),
(10, 21, 379, 0, 0),
(10, 21, 380, 0, 0),
(10, 21, 381, 0, 0),
(10, 21, 382, 0, 0),
(10, 21, 383, 0, 0),
(10, 21, 384, 0, 0),
(10, 21, 385, 0, 0),
(10, 21, 386, 0, 0),
(10, 21, 387, 0, 0),
(10, 22, 388, 0, 0),
(10, 22, 389, 0, 0),
(10, 22, 390, 0, 0),
(10, 22, 391, 0, 0),
(10, 22, 392, 0, 0),
(10, 22, 393, 0, 0),
(10, 22, 394, 0, 0),
(10, 22, 395, 0, 0),
(10, 22, 396, 0, 0),
(10, 22, 397, 0, 0),
(10, 22, 398, 0, 0),
(10, 22, 399, 0, 0),
(10, 22, 400, 0, 0),
(10, 22, 401, 0, 0),
(10, 22, 402, 0, 0),
(10, 22, 403, 0, 0),
(10, 22, 404, 0, 0),
(10, 22, 405, 0, 0),
(10, 22, 406, 0, 0),
(10, 22, 407, 0, 0),
(10, 22, 408, 0, 0),
(10, 22, 409, 0, 0),
(10, 22, 410, 0, 1),
(10, 22, 411, 0, 1),
(10, 22, 412, 0, 0),
(10, 22, 413, 0, 0),
(10, 22, 414, 0, 0),
(10, 22, 415, 0, 0),
(10, 22, 416, 0, 0),
(10, 22, 417, 0, 0),
(10, 22, 418, 0, 0),
(10, 22, 419, 0, 0),
(10, 22, 420, 0, 0),
(10, 22, 421, 0, 0),
(10, 22, 422, 0, 0),
(10, 22, 423, 0, 0),
(10, 22, 424, 0, 0),
(10, 22, 425, 0, 0),
(10, 22, 426, 0, 0),
(10, 22, 427, 0, 0),
(10, 22, 428, 0, 0),
(10, 22, 429, 0, 0),
(10, 22, 430, 0, 0),
(10, 22, 431, 0, 0),
(10, 22, 432, 0, 0),
(10, 22, 433, 0, 0),
(10, 22, 434, 0, 0),
(10, 23, 435, 0, 0),
(10, 23, 436, 0, 0),
(10, 23, 437, 0, 0),
(10, 23, 438, 0, 0),
(10, 23, 439, 0, 0),
(10, 23, 440, 0, 0),
(10, 23, 441, 0, 0),
(10, 23, 442, 0, 0),
(10, 23, 443, 0, 0),
(10, 23, 444, 0, 0),
(10, 23, 445, 0, 0),
(10, 23, 446, 0, 0),
(10, 23, 447, 0, 0),
(10, 23, 448, 0, 0),
(10, 23, 449, 0, 0),
(10, 23, 450, 0, 0),
(10, 23, 451, 0, 0),
(10, 23, 452, 0, 0),
(10, 23, 453, 0, 0),
(10, 23, 454, 0, 1),
(10, 23, 455, 0, 1),
(10, 23, 456, 0, 0),
(10, 23, 457, 0, 0),
(10, 23, 458, 0, 0),
(10, 23, 459, 0, 0),
(10, 23, 460, 0, 0),
(10, 23, 461, 0, 0),
(10, 23, 462, 0, 0),
(10, 23, 463, 0, 0),
(10, 23, 464, 0, 0),
(10, 23, 465, 0, 0),
(10, 23, 466, 0, 0),
(10, 23, 467, 0, 0),
(10, 23, 468, 0, 0),
(10, 23, 469, 0, 0),
(10, 23, 470, 0, 0),
(10, 23, 471, 0, 0),
(10, 23, 472, 0, 0),
(10, 23, 473, 0, 0),
(10, 29, 474, 0, 0),
(10, 29, 478, 0, 0),
(10, 29, 479, 0, 0),
(10, 29, 481, 0, 0),
(10, 29, 488, 0, 0),
(10, 29, 489, 0, 0),
(10, 29, 490, 0, 0),
(10, 29, 491, 0, 0),
(10, 29, 493, 0, 0),
(10, 29, 494, 0, 0),
(10, 29, 495, 0, 0),
(10, 29, 496, 0, 0),
(10, 29, 497, 0, 0),
(10, 29, 502, 0, 0),
(10, 29, 503, 0, 0),
(10, 29, 504, 0, 0),
(10, 29, 505, 0, 0),
(10, 10, 518, 0, 0),
(10, 10, 519, 0, 0),
(10, 10, 520, 0, 0),
(10, 10, 521, 0, 0),
(10, 10, 522, 0, 0),
(10, 10, 523, 0, 0),
(10, 30, 524, 0, 0),
(10, 30, 525, 0, 0),
(10, 30, 526, 0, 0),
(10, 30, 527, 0, 0),
(10, 30, 528, 0, 0),
(10, 30, 529, 0, 0),
(10, 30, 530, 0, 0),
(10, 30, 531, 0, 0),
(10, 30, 532, 0, 1),
(10, 30, 533, 0, 1),
(10, 30, 534, 0, 0),
(10, 30, 535, 0, 0),
(10, 30, 536, 0, 0),
(10, 30, 537, 0, 0),
(10, 30, 538, 0, 0),
(10, 30, 539, 0, 0),
(10, 30, 540, 0, 0),
(10, 30, 541, 0, 0),
(10, 30, 542, 0, 0),
(10, 33, 543, 0, 0),
(10, 33, 544, 0, 1),
(10, 33, 545, 0, 1),
(10, 33, 546, 0, 0),
(10, 33, 547, 0, 1),
(10, 33, 548, 0, 0),
(10, 33, 549, 0, 0),
(10, 33, 550, 0, 0),
(10, 33, 551, 0, 0),
(10, 33, 552, 0, 0),
(10, 33, 553, 0, 0),
(10, 33, 554, 0, 1),
(10, 33, 555, 0, 1),
(10, 33, 556, 0, 0),
(10, 33, 557, 0, 0),
(10, 33, 558, 0, 0),
(10, 33, 559, 0, 1),
(10, 33, 560, 0, 0),
(10, 33, 561, 0, 0),
(10, 35, 562, 0, 0),
(10, 35, 563, 0, 0),
(10, 35, 564, 0, 0),
(10, 35, 565, 0, 0),
(10, 35, 566, 0, 0),
(10, 35, 567, 0, 0),
(10, 35, 568, 0, 0),
(10, 35, 569, 0, 0),
(10, 35, 570, 0, 0),
(10, 35, 571, 0, 0),
(10, 35, 572, 0, 0),
(10, 35, 573, 0, 0),
(10, 35, 574, 0, 0),
(10, 35, 575, 0, 0),
(10, 35, 576, 0, 1),
(10, 35, 577, 0, 1),
(10, 29, 578, 0, 0),
(10, 39, 579, 0, 0),
(10, 39, 580, 0, 1),
(10, 39, 581, 0, 1),
(10, 39, 582, 0, 0),
(10, 39, 583, 0, 0),
(10, 42, 584, 0, 0),
(10, 42, 585, 0, 0),
(10, 42, 586, 0, 1),
(10, 42, 587, 0, 1),
(10, 42, 588, 0, 0),
(10, 42, 589, 0, 1),
(10, 42, 590, 0, 0),
(10, 44, 591, 0, 0),
(10, 44, 592, 0, 0),
(10, 44, 593, 0, 0),
(10, 44, 594, 0, 0),
(10, 44, 595, 0, 0),
(10, 44, 596, 0, 0),
(10, 44, 597, 0, 1),
(10, 44, 598, 0, 1),
(10, 44, 599, 0, 0),
(10, 44, 600, 0, 0),
(10, 45, 601, 0, 0),
(10, 45, 602, 0, 0),
(10, 45, 603, 0, 0),
(10, 45, 604, 0, 0),
(10, 45, 605, 0, 0),
(10, 45, 606, 0, 0),
(10, 45, 607, 0, 0),
(10, 45, 608, 0, 0),
(10, 45, 609, 0, 0),
(10, 45, 610, 0, 0),
(10, 45, 611, 0, 0),
(10, 45, 612, 0, 1),
(10, 45, 613, 0, 1),
(10, 45, 614, 0, 0),
(10, 45, 615, 0, 0),
(10, 46, 616, 0, 0),
(10, 46, 617, 0, 0),
(10, 46, 618, 0, 0),
(10, 46, 619, 0, 0),
(10, 46, 620, 0, 0),
(10, 46, 621, 0, 0),
(10, 46, 622, 0, 0),
(10, 46, 623, 0, 0),
(10, 46, 624, 0, 0),
(10, 46, 625, 0, 0),
(10, 46, 626, 0, 0),
(10, 46, 627, 0, 0),
(10, 46, 628, 0, 0),
(10, 46, 629, 0, 1),
(10, 46, 630, 0, 1),
(10, 46, 631, 0, 0),
(10, 46, 632, 0, 0),
(10, 47, 633, 0, 0),
(10, 47, 634, 0, 0),
(10, 47, 635, 0, 0),
(10, 47, 636, 0, 0),
(10, 47, 637, 0, 0),
(10, 47, 638, 0, 0),
(10, 47, 639, 0, 0),
(10, 47, 640, 0, 0),
(10, 47, 641, 0, 0),
(10, 47, 642, 0, 0),
(10, 47, 643, 0, 0),
(10, 47, 644, 0, 0),
(10, 47, 645, 0, 0),
(10, 47, 646, 0, 0),
(10, 47, 647, 0, 1),
(10, 47, 648, 0, 1),
(10, 47, 649, 0, 0),
(10, 47, 650, 0, 0),
(10, 2, 651, 0, 0),
(10, 23, 653, 0, 1),
(10, 23, 654, 0, 1),
(10, 23, 655, 0, 1),
(10, 23, 656, 0, 1),
(10, 23, 657, 0, 1),
(10, 23, 658, 0, 1),
(10, 23, 659, 0, 1),
(10, 23, 660, 0, 1),
(10, 23, 661, 0, 1),
(10, 22, 662, 0, 1),
(10, 22, 663, 0, 1),
(10, 22, 664, 0, 1),
(10, 22, 665, 0, 1),
(10, 22, 666, 0, 1),
(10, 22, 667, 0, 1),
(10, 22, 668, 0, 1),
(10, 22, 669, 0, 1),
(10, 22, 670, 0, 1),
(10, 21, 671, 0, 1),
(10, 21, 672, 0, 1),
(10, 21, 673, 0, 1),
(10, 21, 674, 0, 1),
(10, 21, 675, 0, 1),
(10, 21, 676, 0, 1),
(10, 21, 677, 0, 1),
(10, 21, 678, 0, 1),
(10, 21, 679, 0, 1),
(10, 20, 680, 0, 1),
(10, 20, 681, 0, 1),
(10, 20, 682, 0, 1),
(10, 20, 683, 0, 1),
(10, 20, 684, 0, 1),
(10, 20, 685, 0, 1),
(10, 20, 686, 0, 1),
(10, 20, 687, 0, 1),
(10, 20, 688, 0, 1),
(10, 45, 690, 0, 0),
(10, 42, 691, 0, 0),
(10, 23, 695, 0, 0),
(10, 22, 696, 0, 0),
(10, 21, 697, 0, 0),
(10, 20, 698, 0, 0),
(10, 6, 700, 0, 1),
(10, 4, 701, 0, 1),
(10, 2, 702, 0, 1),
(10, 23, 704, 0, 0),
(10, 23, 705, 0, 0),
(10, 21, 706, 0, 0),
(10, 21, 707, 0, 0),
(10, 18, 708, 0, 0),
(10, 7, 709, 0, 0),
(10, 42, 710, 0, 0),
(10, 42, 711, 0, 0),
(10, 23, 712, 0, 1),
(10, 20, 713, 0, 1),
(10, 21, 714, 0, 1),
(10, 22, 715, 0, 1),
(10, 2, 717, 0, 0),
(10, 13, 718, 0, 0),
(10, 13, 720, 0, 0),
(10, 9, 729, 0, 1),
(10, 29, 750, 0, 0),
(11, 6, 1, 0, 0),
(11, 6, 2, 0, 0),
(11, 6, 3, 0, 0),
(11, 6, 4, 0, 0),
(11, 6, 5, 0, 0),
(11, 6, 6, 0, 0),
(11, 6, 7, 0, 0),
(11, 6, 8, 0, 0),
(11, 6, 9, 0, 0),
(11, 6, 10, 0, 0),
(11, 6, 11, 0, 0),
(11, 6, 12, 0, 0),
(11, 6, 13, 0, 0),
(11, 6, 14, 0, 0),
(11, 6, 15, 0, 0),
(11, 6, 16, 0, 0),
(11, 6, 17, 0, 0),
(11, 6, 18, 0, 0),
(11, 6, 19, 0, 0),
(11, 6, 20, 0, 0),
(11, 6, 21, 0, 1),
(11, 6, 22, 0, 1),
(11, 6, 23, 0, 0),
(11, 6, 24, 0, 0),
(11, 6, 25, 0, 0),
(11, 6, 26, 0, 0),
(11, 6, 27, 0, 0),
(11, 6, 28, 0, 0),
(11, 6, 29, 0, 0),
(11, 6, 30, 0, 0),
(11, 6, 31, 0, 0),
(11, 6, 32, 0, 0),
(11, 6, 33, 0, 0),
(11, 6, 34, 0, 0),
(11, 6, 35, 0, 0),
(11, 6, 36, 0, 0),
(11, 7, 37, 0, 0),
(11, 7, 38, 0, 0),
(11, 7, 39, 0, 0),
(11, 7, 40, 0, 0),
(11, 7, 41, 0, 0),
(11, 7, 42, 0, 0),
(11, 7, 43, 0, 0),
(11, 7, 44, 0, 0),
(11, 7, 45, 0, 0),
(11, 7, 46, 0, 0),
(11, 7, 47, 0, 0),
(11, 7, 48, 0, 0),
(11, 7, 49, 0, 0),
(11, 7, 50, 0, 0),
(11, 7, 51, 0, 0),
(11, 7, 52, 0, 0),
(11, 7, 53, 0, 0),
(11, 7, 54, 0, 0),
(11, 7, 55, 0, 0),
(11, 7, 56, 0, 1),
(11, 7, 57, 0, 1),
(11, 7, 58, 0, 0),
(11, 7, 59, 0, 0),
(11, 7, 60, 0, 0),
(11, 7, 61, 0, 0),
(11, 7, 62, 0, 0),
(11, 7, 63, 0, 0),
(11, 7, 64, 0, 0),
(11, 7, 65, 0, 0),
(11, 4, 66, 0, 0),
(11, 4, 67, 0, 0),
(11, 4, 68, 0, 0),
(11, 4, 69, 0, 0),
(11, 4, 70, 0, 0),
(11, 4, 71, 0, 0),
(11, 4, 72, 0, 0),
(11, 4, 73, 0, 0),
(11, 4, 74, 0, 0),
(11, 4, 75, 0, 0),
(11, 4, 76, 0, 0),
(11, 4, 77, 0, 0),
(11, 4, 78, 0, 0),
(11, 4, 79, 0, 0),
(11, 4, 80, 0, 0),
(11, 4, 81, 0, 0),
(11, 4, 82, 0, 0),
(11, 4, 83, 0, 0),
(11, 4, 84, 0, 0),
(11, 4, 85, 0, 0),
(11, 4, 86, 0, 0),
(11, 4, 87, 0, 0),
(11, 4, 88, 0, 0),
(11, 4, 89, 0, 0),
(11, 4, 90, 0, 1),
(11, 4, 91, 0, 1),
(11, 4, 92, 0, 0),
(11, 4, 93, 0, 0),
(11, 4, 94, 0, 0),
(11, 4, 95, 0, 0),
(11, 4, 96, 0, 0),
(11, 4, 97, 0, 0),
(11, 4, 98, 0, 0),
(11, 4, 99, 0, 0),
(11, 4, 100, 0, 0),
(11, 4, 101, 0, 0),
(11, 4, 102, 0, 0),
(11, 4, 103, 0, 0),
(11, 4, 104, 0, 0),
(11, 4, 105, 0, 0),
(11, 4, 106, 0, 0),
(11, 4, 107, 0, 0),
(11, 4, 108, 0, 0),
(11, 4, 109, 0, 0),
(11, 2, 110, 0, 0),
(11, 2, 111, 0, 0),
(11, 2, 112, 0, 0),
(11, 2, 113, 0, 0),
(11, 2, 114, 0, 0),
(11, 2, 115, 0, 0),
(11, 2, 116, 0, 0),
(11, 2, 117, 0, 0),
(11, 2, 118, 0, 0),
(11, 2, 119, 0, 0),
(11, 2, 120, 0, 0),
(11, 2, 121, 0, 0),
(11, 2, 122, 0, 1),
(11, 2, 123, 0, 1),
(11, 2, 124, 0, 0),
(11, 2, 125, 0, 0),
(11, 26, 126, 0, 0),
(11, 26, 127, 0, 0),
(11, 26, 128, 0, 0),
(11, 26, 129, 0, 0),
(11, 26, 130, 0, 0),
(11, 26, 131, 0, 0),
(11, 26, 132, 0, 0),
(11, 26, 133, 0, 0),
(11, 26, 134, 0, 0),
(11, 26, 135, 0, 0),
(11, 26, 136, 0, 0),
(11, 26, 137, 0, 1),
(11, 26, 138, 0, 1),
(11, 26, 139, 0, 0),
(11, 26, 140, 0, 0),
(11, 26, 141, 0, 0),
(11, 26, 142, 0, 0),
(11, 26, 143, 0, 0),
(11, 26, 144, 0, 0),
(11, 26, 145, 0, 0),
(11, 26, 146, 0, 0),
(11, 26, 147, 0, 0),
(11, 26, 148, 0, 0),
(11, 26, 149, 0, 0),
(11, 26, 150, 0, 0),
(11, 13, 155, 0, 0),
(11, 13, 156, 0, 0),
(11, 13, 157, 0, 0),
(11, 13, 158, 0, 0),
(11, 13, 159, 0, 0),
(11, 13, 160, 0, 0),
(11, 13, 161, 0, 0),
(11, 13, 162, 0, 0),
(11, 13, 163, 0, 0),
(11, 13, 164, 0, 0),
(11, 13, 165, 0, 0),
(11, 13, 166, 0, 1),
(11, 13, 167, 0, 1),
(11, 13, 168, 0, 0),
(11, 13, 169, 0, 0),
(11, 13, 170, 0, 0),
(11, 13, 171, 0, 0),
(11, 14, 173, 0, 0),
(11, 14, 174, 0, 0),
(11, 14, 175, 0, 0),
(11, 14, 176, 0, 0),
(11, 14, 177, 0, 0),
(11, 14, 178, 0, 0),
(11, 14, 179, 0, 0),
(11, 14, 180, 0, 0),
(11, 14, 181, 0, 0),
(11, 14, 182, 0, 0),
(11, 14, 183, 0, 0),
(11, 14, 184, 0, 0),
(11, 14, 185, 0, 0),
(11, 14, 186, 0, 0),
(11, 14, 187, 0, 0),
(11, 14, 188, 0, 0),
(11, 14, 189, 0, 0),
(11, 14, 190, 0, 1),
(11, 14, 191, 0, 1),
(11, 14, 192, 0, 0),
(11, 14, 193, 0, 0),
(11, 14, 194, 0, 0),
(11, 14, 195, 0, 0),
(11, 14, 196, 0, 0),
(11, 14, 197, 0, 0),
(11, 14, 198, 0, 0),
(11, 14, 199, 0, 0),
(11, 14, 200, 0, 0),
(11, 14, 201, 0, 0),
(11, 14, 202, 0, 0),
(11, 14, 203, 0, 0),
(11, 8, 204, 0, 0),
(11, 8, 205, 0, 1),
(11, 8, 206, 0, 1),
(11, 8, 207, 0, 0),
(11, 8, 208, 0, 0),
(11, 8, 209, 0, 0),
(11, 8, 210, 0, 1),
(11, 8, 211, 0, 1),
(11, 8, 212, 0, 0),
(11, 8, 213, 0, 0),
(11, 8, 214, 0, 0),
(11, 8, 215, 0, 1),
(11, 8, 216, 0, 0),
(11, 8, 217, 0, 0),
(11, 8, 218, 0, 0),
(11, 10, 219, 0, 0),
(11, 10, 220, 0, 0),
(11, 10, 221, 0, 0),
(11, 10, 222, 0, 0),
(11, 10, 223, 0, 0),
(11, 10, 224, 0, 0),
(11, 10, 225, 0, 0),
(11, 10, 226, 0, 0),
(11, 10, 227, 0, 0),
(11, 10, 228, 0, 1),
(11, 10, 229, 0, 0),
(11, 10, 230, 0, 0),
(11, 9, 231, 0, 0),
(11, 9, 232, 0, 0),
(11, 9, 233, 0, 0),
(11, 9, 234, 0, 0),
(11, 9, 235, 0, 0),
(11, 9, 236, 0, 0),
(11, 9, 237, 0, 0),
(11, 9, 238, 0, 0),
(11, 9, 239, 0, 0),
(11, 9, 240, 0, 0),
(11, 9, 241, 0, 0),
(11, 9, 242, 0, 0),
(11, 9, 243, 0, 1),
(11, 9, 244, 0, 1),
(11, 9, 245, 0, 0),
(11, 9, 246, 0, 0),
(11, 9, 247, 0, 0),
(11, 9, 248, 0, 0),
(11, 9, 249, 0, 0),
(11, 9, 250, 0, 0),
(11, 9, 251, 0, 0),
(11, 9, 252, 0, 0),
(11, 9, 253, 0, 0),
(11, 9, 254, 0, 0),
(11, 16, 255, 0, 0),
(11, 16, 256, 0, 0),
(11, 16, 257, 0, 0),
(11, 16, 258, 0, 0),
(11, 16, 259, 0, 0),
(11, 16, 260, 0, 0),
(11, 16, 261, 0, 0),
(11, 16, 262, 0, 0),
(11, 16, 263, 0, 0),
(11, 16, 264, 0, 0),
(11, 16, 265, 0, 0),
(11, 16, 266, 0, 0),
(11, 16, 267, 0, 0),
(11, 16, 268, 0, 0),
(11, 16, 269, 0, 1),
(11, 16, 270, 0, 1),
(11, 16, 271, 0, 0),
(11, 16, 272, 0, 0),
(11, 16, 273, 0, 0),
(11, 16, 274, 0, 0),
(11, 16, 275, 0, 0),
(11, 16, 276, 0, 0),
(11, 16, 277, 0, 0),
(11, 15, 278, 0, 0),
(11, 15, 279, 0, 0),
(11, 15, 280, 0, 0),
(11, 15, 281, 0, 0),
(11, 15, 282, 0, 0),
(11, 15, 283, 0, 0),
(11, 15, 285, 0, 1),
(11, 15, 286, 0, 1),
(11, 15, 287, 0, 0),
(11, 18, 288, 0, 0),
(11, 18, 289, 0, 0),
(11, 18, 290, 0, 0),
(11, 18, 291, 0, 0),
(11, 18, 292, 0, 0),
(11, 18, 293, 0, 0),
(11, 18, 294, 0, 0),
(11, 18, 295, 0, 1),
(11, 18, 296, 0, 1),
(11, 18, 297, 0, 0),
(11, 18, 298, 0, 0),
(11, 18, 299, 0, 0),
(11, 18, 300, 0, 0),
(11, 18, 301, 0, 0),
(11, 18, 302, 0, 0),
(11, 18, 303, 0, 0),
(11, 18, 304, 0, 0),
(11, 19, 305, 0, 0),
(11, 19, 306, 0, 0),
(11, 19, 307, 0, 0),
(11, 19, 308, 0, 1),
(11, 19, 309, 0, 1),
(11, 19, 310, 0, 0),
(11, 19, 311, 0, 0),
(11, 19, 312, 0, 0),
(11, 20, 313, 0, 0),
(11, 20, 314, 0, 0),
(11, 20, 315, 0, 0),
(11, 20, 316, 0, 0),
(11, 20, 317, 0, 0),
(11, 20, 318, 0, 0),
(11, 20, 319, 0, 0),
(11, 20, 320, 0, 0),
(11, 20, 321, 0, 0),
(11, 20, 322, 0, 0),
(11, 20, 323, 0, 0),
(11, 20, 324, 0, 0),
(11, 20, 325, 0, 0),
(11, 20, 326, 0, 0),
(11, 20, 327, 0, 0),
(11, 20, 328, 0, 0),
(11, 20, 329, 0, 0),
(11, 20, 330, 0, 0),
(11, 20, 331, 0, 1),
(11, 20, 332, 0, 1),
(11, 20, 333, 0, 0),
(11, 20, 334, 0, 0),
(11, 20, 335, 0, 0),
(11, 20, 336, 0, 0),
(11, 20, 337, 0, 0),
(11, 20, 338, 0, 0),
(11, 20, 339, 0, 0),
(11, 20, 340, 0, 0),
(11, 20, 341, 0, 0),
(11, 20, 342, 0, 0),
(11, 20, 343, 0, 0),
(11, 20, 344, 0, 0),
(11, 20, 345, 0, 0),
(11, 20, 346, 0, 0),
(11, 20, 347, 0, 0),
(11, 20, 348, 0, 0),
(11, 20, 349, 0, 0),
(11, 21, 350, 0, 0),
(11, 21, 351, 0, 0),
(11, 21, 352, 0, 0),
(11, 21, 353, 0, 0),
(11, 21, 354, 0, 0),
(11, 21, 355, 0, 0),
(11, 21, 356, 0, 0),
(11, 21, 357, 0, 0),
(11, 21, 358, 0, 0),
(11, 21, 359, 0, 0),
(11, 21, 360, 0, 0),
(11, 21, 361, 0, 0),
(11, 21, 362, 0, 0),
(11, 21, 363, 0, 0),
(11, 21, 364, 0, 0),
(11, 21, 365, 0, 0),
(11, 21, 366, 0, 0),
(11, 21, 367, 0, 0),
(11, 21, 368, 0, 0),
(11, 21, 369, 0, 1),
(11, 21, 370, 0, 1),
(11, 21, 371, 0, 0),
(11, 21, 372, 0, 0),
(11, 21, 373, 0, 0),
(11, 21, 374, 0, 0),
(11, 21, 375, 0, 0),
(11, 21, 376, 0, 0),
(11, 21, 377, 0, 0),
(11, 21, 378, 0, 0),
(11, 21, 379, 0, 0),
(11, 21, 380, 0, 0),
(11, 21, 381, 0, 0),
(11, 21, 382, 0, 0),
(11, 21, 383, 0, 0),
(11, 21, 384, 0, 0),
(11, 21, 385, 0, 0),
(11, 21, 386, 0, 0),
(11, 21, 387, 0, 0),
(11, 22, 388, 0, 0),
(11, 22, 389, 0, 0),
(11, 22, 390, 0, 0),
(11, 22, 391, 0, 0),
(11, 22, 392, 0, 0),
(11, 22, 393, 0, 0),
(11, 22, 394, 0, 0),
(11, 22, 395, 0, 0),
(11, 22, 396, 0, 0),
(11, 22, 397, 0, 0),
(11, 22, 398, 0, 0),
(11, 22, 399, 0, 0),
(11, 22, 400, 0, 0),
(11, 22, 401, 0, 0),
(11, 22, 402, 0, 0),
(11, 22, 403, 0, 0),
(11, 22, 404, 0, 0),
(11, 22, 405, 0, 0),
(11, 22, 406, 0, 0),
(11, 22, 407, 0, 0),
(11, 22, 408, 0, 0),
(11, 22, 409, 0, 0),
(11, 22, 410, 0, 1),
(11, 22, 411, 0, 1),
(11, 22, 412, 0, 0),
(11, 22, 413, 0, 0),
(11, 22, 414, 0, 0),
(11, 22, 415, 0, 0),
(11, 22, 416, 0, 0),
(11, 22, 417, 0, 0),
(11, 22, 418, 0, 0),
(11, 22, 419, 0, 0),
(11, 22, 420, 0, 0),
(11, 22, 421, 0, 0),
(11, 22, 422, 0, 0),
(11, 22, 423, 0, 0),
(11, 22, 424, 0, 0),
(11, 22, 425, 0, 0),
(11, 22, 426, 0, 0),
(11, 22, 427, 0, 0),
(11, 22, 428, 0, 0),
(11, 22, 429, 0, 0),
(11, 22, 430, 0, 0),
(11, 22, 431, 0, 0),
(11, 22, 432, 0, 0),
(11, 22, 433, 0, 0),
(11, 22, 434, 0, 0),
(11, 23, 435, 0, 0),
(11, 23, 436, 0, 0),
(11, 23, 437, 0, 0),
(11, 23, 438, 0, 0),
(11, 23, 439, 0, 0),
(11, 23, 440, 0, 0),
(11, 23, 441, 0, 0),
(11, 23, 442, 0, 0),
(11, 23, 443, 0, 0),
(11, 23, 444, 0, 0),
(11, 23, 445, 0, 0),
(11, 23, 446, 0, 0),
(11, 23, 447, 0, 0),
(11, 23, 448, 0, 0),
(11, 23, 449, 0, 0),
(11, 23, 450, 0, 0),
(11, 23, 451, 0, 0),
(11, 23, 452, 0, 0),
(11, 23, 453, 0, 0),
(11, 23, 454, 0, 1),
(11, 23, 455, 0, 1),
(11, 23, 456, 0, 0),
(11, 23, 457, 0, 0),
(11, 23, 458, 0, 0),
(11, 23, 459, 0, 0),
(11, 23, 460, 0, 0),
(11, 23, 461, 0, 0),
(11, 23, 462, 0, 0),
(11, 23, 463, 0, 0),
(11, 23, 464, 0, 0),
(11, 23, 465, 0, 0),
(11, 23, 466, 0, 0),
(11, 23, 467, 0, 0),
(11, 23, 468, 0, 0),
(11, 23, 469, 0, 0),
(11, 23, 470, 0, 0),
(11, 23, 471, 0, 0),
(11, 23, 472, 0, 0),
(11, 23, 473, 0, 0),
(11, 29, 474, 0, 0),
(11, 29, 478, 0, 0),
(11, 29, 479, 0, 0),
(11, 29, 481, 0, 0),
(11, 29, 488, 0, 0),
(11, 29, 489, 0, 0),
(11, 29, 490, 0, 0),
(11, 29, 491, 0, 0),
(11, 29, 493, 0, 0),
(11, 29, 494, 0, 0),
(11, 29, 495, 0, 0),
(11, 29, 496, 0, 0),
(11, 29, 497, 0, 0),
(11, 29, 502, 0, 0),
(11, 29, 503, 0, 0),
(11, 29, 504, 0, 0),
(11, 29, 505, 0, 0),
(11, 10, 518, 0, 0),
(11, 10, 519, 0, 0),
(11, 10, 520, 0, 0),
(11, 10, 521, 0, 0),
(11, 10, 522, 0, 0),
(11, 10, 523, 0, 0),
(11, 30, 524, 0, 0),
(11, 30, 525, 0, 0),
(11, 30, 526, 0, 0),
(11, 30, 527, 0, 0),
(11, 30, 528, 0, 0),
(11, 30, 529, 0, 0),
(11, 30, 530, 0, 0),
(11, 30, 531, 0, 0),
(11, 30, 532, 0, 1),
(11, 30, 533, 0, 1),
(11, 30, 534, 0, 0),
(11, 30, 535, 0, 0),
(11, 30, 536, 0, 0),
(11, 30, 537, 0, 0),
(11, 30, 538, 0, 0),
(11, 30, 539, 0, 0),
(11, 30, 540, 0, 0),
(11, 30, 541, 0, 0),
(11, 30, 542, 0, 0),
(11, 33, 543, 0, 0),
(11, 33, 544, 0, 1),
(11, 33, 545, 0, 1),
(11, 33, 546, 0, 0),
(11, 33, 547, 0, 1),
(11, 33, 548, 0, 0),
(11, 33, 549, 0, 0),
(11, 33, 550, 0, 0),
(11, 33, 551, 0, 0),
(11, 33, 552, 0, 0),
(11, 33, 553, 0, 0),
(11, 33, 554, 0, 1),
(11, 33, 555, 0, 1),
(11, 33, 556, 0, 0),
(11, 33, 557, 0, 0),
(11, 33, 558, 0, 0),
(11, 33, 559, 0, 1),
(11, 33, 560, 0, 0),
(11, 33, 561, 0, 0),
(11, 35, 562, 0, 0),
(11, 35, 563, 0, 0),
(11, 35, 564, 0, 0),
(11, 35, 565, 0, 0),
(11, 35, 566, 0, 0),
(11, 35, 567, 0, 0),
(11, 35, 568, 0, 0),
(11, 35, 569, 0, 0),
(11, 35, 570, 0, 0),
(11, 35, 571, 0, 0),
(11, 35, 572, 0, 0),
(11, 35, 573, 0, 0),
(11, 35, 574, 0, 0),
(11, 35, 575, 0, 0),
(11, 35, 576, 0, 1),
(11, 35, 577, 0, 1),
(11, 29, 578, 0, 0),
(11, 39, 579, 0, 0),
(11, 39, 580, 0, 1),
(11, 39, 581, 0, 1),
(11, 39, 582, 0, 0),
(11, 39, 583, 0, 0),
(11, 42, 584, 0, 0),
(11, 42, 585, 0, 0),
(11, 42, 586, 0, 1),
(11, 42, 587, 0, 1),
(11, 42, 588, 0, 0),
(11, 42, 589, 0, 1),
(11, 42, 590, 0, 0),
(11, 44, 591, 0, 0),
(11, 44, 592, 0, 0),
(11, 44, 593, 0, 0),
(11, 44, 594, 0, 0),
(11, 44, 595, 0, 0),
(11, 44, 596, 0, 0),
(11, 44, 597, 0, 1),
(11, 44, 598, 0, 1),
(11, 44, 599, 0, 0),
(11, 44, 600, 0, 0),
(11, 45, 601, 0, 0),
(11, 45, 602, 0, 0),
(11, 45, 603, 0, 0),
(11, 45, 604, 0, 0),
(11, 45, 605, 0, 0),
(11, 45, 606, 0, 0),
(11, 45, 607, 0, 0),
(11, 45, 608, 0, 0),
(11, 45, 609, 0, 0),
(11, 45, 610, 0, 0),
(11, 45, 611, 0, 0),
(11, 45, 612, 0, 1),
(11, 45, 613, 0, 1),
(11, 45, 614, 0, 0),
(11, 45, 615, 0, 0),
(11, 46, 616, 0, 0),
(11, 46, 617, 0, 0),
(11, 46, 618, 0, 0),
(11, 46, 619, 0, 0),
(11, 46, 620, 0, 0),
(11, 46, 621, 0, 0),
(11, 46, 622, 0, 0),
(11, 46, 623, 0, 0),
(11, 46, 624, 0, 0),
(11, 46, 625, 0, 0),
(11, 46, 626, 0, 0),
(11, 46, 627, 0, 0),
(11, 46, 628, 0, 0),
(11, 46, 629, 0, 1),
(11, 46, 630, 0, 1),
(11, 46, 631, 0, 0),
(11, 46, 632, 0, 0),
(11, 47, 633, 0, 0),
(11, 47, 634, 0, 0),
(11, 47, 635, 0, 0),
(11, 47, 636, 0, 0),
(11, 47, 637, 0, 0),
(11, 47, 638, 0, 0),
(11, 47, 639, 0, 0),
(11, 47, 640, 0, 0),
(11, 47, 641, 0, 0),
(11, 47, 642, 0, 0),
(11, 47, 643, 0, 0),
(11, 47, 644, 0, 0),
(11, 47, 645, 0, 0),
(11, 47, 646, 0, 0),
(11, 47, 647, 0, 1),
(11, 47, 648, 0, 1),
(11, 47, 649, 0, 0),
(11, 47, 650, 0, 0),
(11, 2, 651, 0, 0),
(11, 23, 653, 0, 1),
(11, 23, 654, 0, 1),
(11, 23, 655, 0, 1),
(11, 23, 656, 0, 1),
(11, 23, 657, 0, 1),
(11, 23, 658, 0, 1),
(11, 23, 659, 0, 1),
(11, 23, 660, 0, 1),
(11, 23, 661, 0, 1),
(11, 22, 662, 0, 1),
(11, 22, 663, 0, 1),
(11, 22, 664, 0, 1),
(11, 22, 665, 0, 1),
(11, 22, 666, 0, 1),
(11, 22, 667, 0, 1),
(11, 22, 668, 0, 1),
(11, 22, 669, 0, 1),
(11, 22, 670, 0, 1),
(11, 21, 671, 0, 1),
(11, 21, 672, 0, 1),
(11, 21, 673, 0, 1),
(11, 21, 674, 0, 1),
(11, 21, 675, 0, 1),
(11, 21, 676, 0, 1),
(11, 21, 677, 0, 1),
(11, 21, 678, 0, 1),
(11, 21, 679, 0, 1),
(11, 20, 680, 0, 1),
(11, 20, 681, 0, 1),
(11, 20, 682, 0, 1),
(11, 20, 683, 0, 1),
(11, 20, 684, 0, 1),
(11, 20, 685, 0, 1),
(11, 20, 686, 0, 1),
(11, 20, 687, 0, 1),
(11, 20, 688, 0, 1),
(11, 45, 690, 0, 0),
(11, 42, 691, 0, 0),
(11, 23, 695, 0, 0),
(11, 22, 696, 0, 0),
(11, 21, 697, 0, 0),
(11, 20, 698, 0, 0),
(11, 6, 700, 0, 1),
(11, 4, 701, 0, 1),
(11, 2, 702, 0, 1),
(11, 23, 704, 0, 0),
(11, 23, 705, 0, 0),
(11, 21, 706, 0, 0),
(11, 21, 707, 0, 0),
(11, 18, 708, 0, 0),
(11, 7, 709, 0, 0),
(11, 42, 710, 0, 0),
(11, 42, 711, 0, 0),
(11, 23, 712, 0, 1),
(11, 20, 713, 0, 1),
(11, 21, 714, 0, 1),
(11, 22, 715, 0, 1),
(11, 2, 717, 0, 0),
(11, 13, 718, 0, 0),
(11, 13, 720, 0, 0),
(11, 9, 729, 0, 1),
(11, 29, 750, 0, 0),
(12, 6, 1, 0, 0),
(12, 6, 2, 0, 0),
(12, 6, 3, 0, 0),
(12, 6, 4, 0, 0),
(12, 6, 5, 0, 0),
(12, 6, 6, 0, 0),
(12, 6, 7, 0, 0),
(12, 6, 8, 0, 0),
(12, 6, 9, 0, 0),
(12, 6, 10, 0, 0),
(12, 6, 11, 0, 0),
(12, 6, 12, 0, 0),
(12, 6, 13, 0, 0),
(12, 6, 14, 0, 0),
(12, 6, 15, 0, 0),
(12, 6, 16, 0, 0),
(12, 6, 17, 0, 0),
(12, 6, 18, 0, 0),
(12, 6, 19, 0, 0),
(12, 6, 20, 0, 0),
(12, 6, 21, 0, 1),
(12, 6, 22, 0, 1),
(12, 6, 23, 0, 0),
(12, 6, 24, 0, 0),
(12, 6, 25, 0, 0),
(12, 6, 26, 0, 0),
(12, 6, 27, 0, 0),
(12, 6, 28, 0, 0),
(12, 6, 29, 0, 0),
(12, 6, 30, 0, 0),
(12, 6, 31, 0, 0),
(12, 6, 32, 0, 0),
(12, 6, 33, 0, 0),
(12, 6, 34, 0, 0),
(12, 6, 35, 0, 0),
(12, 6, 36, 0, 0),
(12, 7, 37, 0, 0),
(12, 7, 38, 0, 0),
(12, 7, 39, 0, 0),
(12, 7, 40, 0, 0),
(12, 7, 41, 0, 0),
(12, 7, 42, 0, 0),
(12, 7, 43, 0, 0),
(12, 7, 44, 0, 0),
(12, 7, 45, 0, 0),
(12, 7, 46, 0, 0),
(12, 7, 47, 0, 0),
(12, 7, 48, 0, 0),
(12, 7, 49, 0, 0),
(12, 7, 50, 0, 0),
(12, 7, 51, 0, 0),
(12, 7, 52, 0, 0),
(12, 7, 53, 0, 0),
(12, 7, 54, 0, 0),
(12, 7, 55, 0, 0),
(12, 7, 56, 0, 1),
(12, 7, 57, 0, 1),
(12, 7, 58, 0, 0),
(12, 7, 59, 0, 0),
(12, 7, 60, 0, 0),
(12, 7, 61, 0, 0),
(12, 7, 62, 0, 0),
(12, 7, 63, 0, 0),
(12, 7, 64, 0, 0),
(12, 7, 65, 0, 0),
(12, 4, 66, 0, 0),
(12, 4, 67, 0, 0),
(12, 4, 68, 0, 0),
(12, 4, 69, 0, 0),
(12, 4, 70, 0, 0),
(12, 4, 71, 0, 0),
(12, 4, 72, 0, 0),
(12, 4, 73, 0, 0),
(12, 4, 74, 0, 0),
(12, 4, 75, 0, 0),
(12, 4, 76, 0, 0),
(12, 4, 77, 0, 0),
(12, 4, 78, 0, 0),
(12, 4, 79, 0, 0),
(12, 4, 80, 0, 0),
(12, 4, 81, 0, 0),
(12, 4, 82, 0, 0),
(12, 4, 83, 0, 0),
(12, 4, 84, 0, 0),
(12, 4, 85, 0, 0),
(12, 4, 86, 0, 0),
(12, 4, 87, 0, 0),
(12, 4, 88, 0, 0),
(12, 4, 89, 0, 0),
(12, 4, 90, 0, 1),
(12, 4, 91, 0, 1),
(12, 4, 92, 0, 0),
(12, 4, 93, 0, 0),
(12, 4, 94, 0, 0),
(12, 4, 95, 0, 0),
(12, 4, 96, 0, 0),
(12, 4, 97, 0, 0),
(12, 4, 98, 0, 0),
(12, 4, 99, 0, 0),
(12, 4, 100, 0, 0),
(12, 4, 101, 0, 0),
(12, 4, 102, 0, 0),
(12, 4, 103, 0, 0),
(12, 4, 104, 0, 0),
(12, 4, 105, 0, 0),
(12, 4, 106, 0, 0),
(12, 4, 107, 0, 0),
(12, 4, 108, 0, 0),
(12, 4, 109, 0, 0),
(12, 2, 110, 0, 0),
(12, 2, 111, 0, 0),
(12, 2, 112, 0, 0),
(12, 2, 113, 0, 0),
(12, 2, 114, 0, 0),
(12, 2, 115, 0, 0),
(12, 2, 116, 0, 0),
(12, 2, 117, 0, 0),
(12, 2, 118, 0, 0),
(12, 2, 119, 0, 0),
(12, 2, 120, 0, 0),
(12, 2, 121, 0, 0),
(12, 2, 122, 0, 1),
(12, 2, 123, 0, 1),
(12, 2, 124, 0, 0),
(12, 2, 125, 0, 0),
(12, 26, 126, 0, 0),
(12, 26, 127, 0, 0),
(12, 26, 128, 0, 0),
(12, 26, 129, 0, 0),
(12, 26, 130, 0, 0),
(12, 26, 131, 0, 0),
(12, 26, 132, 0, 0),
(12, 26, 133, 0, 0),
(12, 26, 134, 0, 0),
(12, 26, 135, 0, 0),
(12, 26, 136, 0, 0),
(12, 26, 137, 0, 1),
(12, 26, 138, 0, 1),
(12, 26, 139, 0, 0),
(12, 26, 140, 0, 0),
(12, 26, 141, 0, 0),
(12, 26, 142, 0, 0),
(12, 26, 143, 0, 0),
(12, 26, 144, 0, 0),
(12, 26, 145, 0, 0),
(12, 26, 146, 0, 0),
(12, 26, 147, 0, 0),
(12, 26, 148, 0, 0),
(12, 26, 149, 0, 0),
(12, 26, 150, 0, 0),
(12, 13, 155, 0, 0),
(12, 13, 156, 0, 0),
(12, 13, 157, 0, 0),
(12, 13, 158, 0, 0),
(12, 13, 159, 0, 0),
(12, 13, 160, 0, 0),
(12, 13, 161, 0, 0),
(12, 13, 162, 0, 0),
(12, 13, 163, 0, 0),
(12, 13, 164, 0, 0),
(12, 13, 165, 0, 0),
(12, 13, 166, 0, 1),
(12, 13, 167, 0, 1),
(12, 13, 168, 0, 0),
(12, 13, 169, 0, 0),
(12, 13, 170, 0, 0),
(12, 13, 171, 0, 0),
(12, 14, 173, 0, 0),
(12, 14, 174, 0, 0),
(12, 14, 175, 0, 0),
(12, 14, 176, 0, 0),
(12, 14, 177, 0, 0),
(12, 14, 178, 0, 0),
(12, 14, 179, 0, 0),
(12, 14, 180, 0, 0),
(12, 14, 181, 0, 0),
(12, 14, 182, 0, 0),
(12, 14, 183, 0, 0),
(12, 14, 184, 0, 0),
(12, 14, 185, 0, 0),
(12, 14, 186, 0, 0),
(12, 14, 187, 0, 0),
(12, 14, 188, 0, 0),
(12, 14, 189, 0, 0),
(12, 14, 190, 0, 1),
(12, 14, 191, 0, 1),
(12, 14, 192, 0, 0),
(12, 14, 193, 0, 0),
(12, 14, 194, 0, 0),
(12, 14, 195, 0, 0),
(12, 14, 196, 0, 0),
(12, 14, 197, 0, 0),
(12, 14, 198, 0, 0),
(12, 14, 199, 0, 0),
(12, 14, 200, 0, 0),
(12, 14, 201, 0, 0),
(12, 14, 202, 0, 0),
(12, 14, 203, 0, 0),
(12, 8, 204, 0, 0),
(12, 8, 205, 0, 1),
(12, 8, 206, 0, 1),
(12, 8, 207, 0, 0),
(12, 8, 208, 0, 0),
(12, 8, 209, 0, 0),
(12, 8, 210, 0, 1),
(12, 8, 211, 0, 1),
(12, 8, 212, 0, 0),
(12, 8, 213, 0, 0),
(12, 8, 214, 0, 0),
(12, 8, 215, 0, 1),
(12, 8, 216, 0, 0),
(12, 8, 217, 0, 0),
(12, 8, 218, 0, 0),
(12, 10, 219, 0, 0),
(12, 10, 220, 0, 0),
(12, 10, 221, 0, 0),
(12, 10, 222, 0, 0),
(12, 10, 223, 0, 0),
(12, 10, 224, 0, 0),
(12, 10, 225, 0, 0),
(12, 10, 226, 0, 0),
(12, 10, 227, 0, 0),
(12, 10, 228, 0, 1),
(12, 10, 229, 0, 0),
(12, 10, 230, 0, 0),
(12, 9, 231, 0, 0),
(12, 9, 232, 0, 0),
(12, 9, 233, 0, 0),
(12, 9, 234, 0, 0),
(12, 9, 235, 0, 0),
(12, 9, 236, 0, 0),
(12, 9, 237, 0, 0),
(12, 9, 238, 0, 0),
(12, 9, 239, 0, 0),
(12, 9, 240, 0, 0),
(12, 9, 241, 0, 0),
(12, 9, 242, 0, 0),
(12, 9, 243, 0, 1),
(12, 9, 244, 0, 1),
(12, 9, 245, 0, 0),
(12, 9, 246, 0, 0),
(12, 9, 247, 0, 0),
(12, 9, 248, 0, 0),
(12, 9, 249, 0, 0),
(12, 9, 250, 0, 0),
(12, 9, 251, 0, 0),
(12, 9, 252, 0, 0),
(12, 9, 253, 0, 0),
(12, 9, 254, 0, 0),
(12, 16, 255, 0, 0),
(12, 16, 256, 0, 0),
(12, 16, 257, 0, 0),
(12, 16, 258, 0, 0),
(12, 16, 259, 0, 0),
(12, 16, 260, 0, 0),
(12, 16, 261, 0, 0),
(12, 16, 262, 0, 0),
(12, 16, 263, 0, 0),
(12, 16, 264, 0, 0),
(12, 16, 265, 0, 0),
(12, 16, 266, 0, 0),
(12, 16, 267, 0, 0),
(12, 16, 268, 0, 0),
(12, 16, 269, 0, 1),
(12, 16, 270, 0, 1),
(12, 16, 271, 0, 0),
(12, 16, 272, 0, 0),
(12, 16, 273, 0, 0),
(12, 16, 274, 0, 0),
(12, 16, 275, 0, 0),
(12, 16, 276, 0, 0),
(12, 16, 277, 0, 0),
(12, 15, 278, 0, 0),
(12, 15, 279, 0, 0),
(12, 15, 280, 0, 0),
(12, 15, 281, 0, 0),
(12, 15, 282, 0, 0),
(12, 15, 283, 0, 0),
(12, 15, 285, 0, 1),
(12, 15, 286, 0, 1),
(12, 15, 287, 0, 0),
(12, 18, 288, 0, 0),
(12, 18, 289, 0, 0),
(12, 18, 290, 0, 0),
(12, 18, 291, 0, 0),
(12, 18, 292, 0, 0),
(12, 18, 293, 0, 0),
(12, 18, 294, 0, 0),
(12, 18, 295, 0, 1),
(12, 18, 296, 0, 1),
(12, 18, 297, 0, 0),
(12, 18, 298, 0, 0),
(12, 18, 299, 0, 0),
(12, 18, 300, 0, 0),
(12, 18, 301, 0, 0),
(12, 18, 302, 0, 0),
(12, 18, 303, 0, 0),
(12, 18, 304, 0, 0),
(12, 19, 305, 0, 0),
(12, 19, 306, 0, 0),
(12, 19, 307, 0, 0),
(12, 19, 308, 0, 1),
(12, 19, 309, 0, 1),
(12, 19, 310, 0, 0),
(12, 19, 311, 0, 0),
(12, 19, 312, 0, 0),
(12, 20, 313, 0, 0),
(12, 20, 314, 0, 0),
(12, 20, 315, 0, 0),
(12, 20, 316, 0, 0),
(12, 20, 317, 0, 0),
(12, 20, 318, 0, 0),
(12, 20, 319, 0, 0),
(12, 20, 320, 0, 0),
(12, 20, 321, 0, 0),
(12, 20, 322, 0, 0),
(12, 20, 323, 0, 0),
(12, 20, 324, 0, 0),
(12, 20, 325, 0, 0),
(12, 20, 326, 0, 0),
(12, 20, 327, 0, 0),
(12, 20, 328, 0, 0),
(12, 20, 329, 0, 0),
(12, 20, 330, 0, 0),
(12, 20, 331, 0, 1),
(12, 20, 332, 0, 1),
(12, 20, 333, 0, 0),
(12, 20, 334, 0, 0),
(12, 20, 335, 0, 0),
(12, 20, 336, 0, 0),
(12, 20, 337, 0, 0),
(12, 20, 338, 0, 0),
(12, 20, 339, 0, 0),
(12, 20, 340, 0, 0),
(12, 20, 341, 0, 0),
(12, 20, 342, 0, 0),
(12, 20, 343, 0, 0),
(12, 20, 344, 0, 0),
(12, 20, 345, 0, 0),
(12, 20, 346, 0, 0),
(12, 20, 347, 0, 0),
(12, 20, 348, 0, 0),
(12, 20, 349, 0, 0),
(12, 21, 350, 0, 0),
(12, 21, 351, 0, 0),
(12, 21, 352, 0, 0),
(12, 21, 353, 0, 0),
(12, 21, 354, 0, 0),
(12, 21, 355, 0, 0),
(12, 21, 356, 0, 0),
(12, 21, 357, 0, 0),
(12, 21, 358, 0, 0),
(12, 21, 359, 0, 0),
(12, 21, 360, 0, 0),
(12, 21, 361, 0, 0),
(12, 21, 362, 0, 0),
(12, 21, 363, 0, 0),
(12, 21, 364, 0, 0),
(12, 21, 365, 0, 0),
(12, 21, 366, 0, 0),
(12, 21, 367, 0, 0),
(12, 21, 368, 0, 0),
(12, 21, 369, 0, 1),
(12, 21, 370, 0, 1),
(12, 21, 371, 0, 0),
(12, 21, 372, 0, 0),
(12, 21, 373, 0, 0),
(12, 21, 374, 0, 0),
(12, 21, 375, 0, 0),
(12, 21, 376, 0, 0),
(12, 21, 377, 0, 0),
(12, 21, 378, 0, 0),
(12, 21, 379, 0, 0),
(12, 21, 380, 0, 0),
(12, 21, 381, 0, 0),
(12, 21, 382, 0, 0),
(12, 21, 383, 0, 0),
(12, 21, 384, 0, 0),
(12, 21, 385, 0, 0),
(12, 21, 386, 0, 0),
(12, 21, 387, 0, 0),
(12, 22, 388, 0, 0),
(12, 22, 389, 0, 0),
(12, 22, 390, 0, 0),
(12, 22, 391, 0, 0),
(12, 22, 392, 0, 0),
(12, 22, 393, 0, 0),
(12, 22, 394, 0, 0),
(12, 22, 395, 0, 0),
(12, 22, 396, 0, 0),
(12, 22, 397, 0, 0),
(12, 22, 398, 0, 0),
(12, 22, 399, 0, 0),
(12, 22, 400, 0, 0),
(12, 22, 401, 0, 0),
(12, 22, 402, 0, 0),
(12, 22, 403, 0, 0),
(12, 22, 404, 0, 0),
(12, 22, 405, 0, 0),
(12, 22, 406, 0, 0),
(12, 22, 407, 0, 0),
(12, 22, 408, 0, 0),
(12, 22, 409, 0, 0),
(12, 22, 410, 0, 1),
(12, 22, 411, 0, 1),
(12, 22, 412, 0, 0),
(12, 22, 413, 0, 0),
(12, 22, 414, 0, 0),
(12, 22, 415, 0, 0),
(12, 22, 416, 0, 0),
(12, 22, 417, 0, 0),
(12, 22, 418, 0, 0),
(12, 22, 419, 0, 0),
(12, 22, 420, 0, 0),
(12, 22, 421, 0, 0),
(12, 22, 422, 0, 0),
(12, 22, 423, 0, 0),
(12, 22, 424, 0, 0),
(12, 22, 425, 0, 0),
(12, 22, 426, 0, 0),
(12, 22, 427, 0, 0),
(12, 22, 428, 0, 0),
(12, 22, 429, 0, 0),
(12, 22, 430, 0, 0),
(12, 22, 431, 0, 0),
(12, 22, 432, 0, 0),
(12, 22, 433, 0, 0),
(12, 22, 434, 0, 0),
(12, 23, 435, 0, 0),
(12, 23, 436, 0, 0),
(12, 23, 437, 0, 0),
(12, 23, 438, 0, 0),
(12, 23, 439, 0, 0),
(12, 23, 440, 0, 0),
(12, 23, 441, 0, 0),
(12, 23, 442, 0, 0),
(12, 23, 443, 0, 0),
(12, 23, 444, 0, 0),
(12, 23, 445, 0, 0),
(12, 23, 446, 0, 0),
(12, 23, 447, 0, 0),
(12, 23, 448, 0, 0),
(12, 23, 449, 0, 0),
(12, 23, 450, 0, 0),
(12, 23, 451, 0, 0),
(12, 23, 452, 0, 0),
(12, 23, 453, 0, 0),
(12, 23, 454, 0, 1),
(12, 23, 455, 0, 1),
(12, 23, 456, 0, 0),
(12, 23, 457, 0, 0),
(12, 23, 458, 0, 0),
(12, 23, 459, 0, 0),
(12, 23, 460, 0, 0),
(12, 23, 461, 0, 0),
(12, 23, 462, 0, 0),
(12, 23, 463, 0, 0),
(12, 23, 464, 0, 0),
(12, 23, 465, 0, 0),
(12, 23, 466, 0, 0),
(12, 23, 467, 0, 0),
(12, 23, 468, 0, 0),
(12, 23, 469, 0, 0),
(12, 23, 470, 0, 0),
(12, 23, 471, 0, 0),
(12, 23, 472, 0, 0),
(12, 23, 473, 0, 0),
(12, 29, 474, 0, 0),
(12, 29, 478, 0, 0),
(12, 29, 479, 0, 0),
(12, 29, 481, 0, 0),
(12, 29, 488, 0, 0),
(12, 29, 489, 0, 0),
(12, 29, 490, 0, 0),
(12, 29, 491, 0, 0),
(12, 29, 493, 0, 0),
(12, 29, 494, 0, 0),
(12, 29, 495, 0, 0),
(12, 29, 496, 0, 0),
(12, 29, 497, 0, 0),
(12, 29, 502, 0, 0),
(12, 29, 503, 0, 0),
(12, 29, 504, 0, 0),
(12, 29, 505, 0, 0),
(12, 10, 518, 0, 0),
(12, 10, 519, 0, 0),
(12, 10, 520, 0, 0),
(12, 10, 521, 0, 0),
(12, 10, 522, 0, 0),
(12, 10, 523, 0, 0),
(12, 30, 524, 0, 0),
(12, 30, 525, 0, 0),
(12, 30, 526, 0, 0),
(12, 30, 527, 0, 0),
(12, 30, 528, 0, 0),
(12, 30, 529, 0, 0),
(12, 30, 530, 0, 0),
(12, 30, 531, 0, 0),
(12, 30, 532, 0, 1),
(12, 30, 533, 0, 1),
(12, 30, 534, 0, 0),
(12, 30, 535, 0, 0),
(12, 30, 536, 0, 0),
(12, 30, 537, 0, 0),
(12, 30, 538, 0, 0),
(12, 30, 539, 0, 0),
(12, 30, 540, 0, 0),
(12, 30, 541, 0, 0),
(12, 30, 542, 0, 0),
(12, 33, 543, 0, 0),
(12, 33, 544, 0, 1),
(12, 33, 545, 0, 1),
(12, 33, 546, 0, 0),
(12, 33, 547, 0, 1),
(12, 33, 548, 0, 0),
(12, 33, 549, 0, 0),
(12, 33, 550, 0, 0),
(12, 33, 551, 0, 0),
(12, 33, 552, 0, 0),
(12, 33, 553, 0, 0),
(12, 33, 554, 0, 1),
(12, 33, 555, 0, 1),
(12, 33, 556, 0, 0),
(12, 33, 557, 0, 0),
(12, 33, 558, 0, 0),
(12, 33, 559, 0, 1),
(12, 33, 560, 0, 0),
(12, 33, 561, 0, 0),
(12, 35, 562, 0, 0),
(12, 35, 563, 0, 0),
(12, 35, 564, 0, 0),
(12, 35, 565, 0, 0),
(12, 35, 566, 0, 0),
(12, 35, 567, 0, 0),
(12, 35, 568, 0, 0),
(12, 35, 569, 0, 0),
(12, 35, 570, 0, 0),
(12, 35, 571, 0, 0),
(12, 35, 572, 0, 0),
(12, 35, 573, 0, 0),
(12, 35, 574, 0, 0),
(12, 35, 575, 0, 0),
(12, 35, 576, 0, 1),
(12, 35, 577, 0, 1),
(12, 29, 578, 0, 0),
(12, 39, 579, 0, 0),
(12, 39, 580, 0, 1),
(12, 39, 581, 0, 1),
(12, 39, 582, 0, 0),
(12, 39, 583, 0, 0),
(12, 42, 584, 0, 0),
(12, 42, 585, 0, 0),
(12, 42, 586, 0, 1),
(12, 42, 587, 0, 1),
(12, 42, 588, 0, 0),
(12, 42, 589, 0, 1),
(12, 42, 590, 0, 0),
(12, 44, 591, 0, 0),
(12, 44, 592, 0, 0),
(12, 44, 593, 0, 0),
(12, 44, 594, 0, 0),
(12, 44, 595, 0, 0),
(12, 44, 596, 0, 0),
(12, 44, 597, 0, 1),
(12, 44, 598, 0, 1),
(12, 44, 599, 0, 0),
(12, 44, 600, 0, 0),
(12, 45, 601, 0, 0),
(12, 45, 602, 0, 0),
(12, 45, 603, 0, 0),
(12, 45, 604, 0, 0),
(12, 45, 605, 0, 0),
(12, 45, 606, 0, 0),
(12, 45, 607, 0, 0),
(12, 45, 608, 0, 0),
(12, 45, 609, 0, 0),
(12, 45, 610, 0, 0),
(12, 45, 611, 0, 0),
(12, 45, 612, 0, 1),
(12, 45, 613, 0, 1),
(12, 45, 614, 0, 0),
(12, 45, 615, 0, 0),
(12, 46, 616, 0, 0),
(12, 46, 617, 0, 0),
(12, 46, 618, 0, 0),
(12, 46, 619, 0, 0),
(12, 46, 620, 0, 0),
(12, 46, 621, 0, 0),
(12, 46, 622, 0, 0),
(12, 46, 623, 0, 0),
(12, 46, 624, 0, 0),
(12, 46, 625, 0, 0),
(12, 46, 626, 0, 0),
(12, 46, 627, 0, 0),
(12, 46, 628, 0, 0),
(12, 46, 629, 0, 1),
(12, 46, 630, 0, 1),
(12, 46, 631, 0, 0),
(12, 46, 632, 0, 0),
(12, 47, 633, 0, 0),
(12, 47, 634, 0, 0),
(12, 47, 635, 0, 0),
(12, 47, 636, 0, 0),
(12, 47, 637, 0, 0),
(12, 47, 638, 0, 0),
(12, 47, 639, 0, 0),
(12, 47, 640, 0, 0),
(12, 47, 641, 0, 0),
(12, 47, 642, 0, 0),
(12, 47, 643, 0, 0),
(12, 47, 644, 0, 0),
(12, 47, 645, 0, 0),
(12, 47, 646, 0, 0),
(12, 47, 647, 0, 1),
(12, 47, 648, 0, 1),
(12, 47, 649, 0, 0),
(12, 47, 650, 0, 0),
(12, 2, 651, 0, 0),
(12, 23, 653, 0, 1),
(12, 23, 654, 0, 1),
(12, 23, 655, 0, 1),
(12, 23, 656, 0, 1),
(12, 23, 657, 0, 1),
(12, 23, 658, 0, 1),
(12, 23, 659, 0, 1),
(12, 23, 660, 0, 1),
(12, 23, 661, 0, 1),
(12, 22, 662, 0, 1),
(12, 22, 663, 0, 1),
(12, 22, 664, 0, 1),
(12, 22, 665, 0, 1),
(12, 22, 666, 0, 1),
(12, 22, 667, 0, 1),
(12, 22, 668, 0, 1),
(12, 22, 669, 0, 1),
(12, 22, 670, 0, 1),
(12, 21, 671, 0, 1),
(12, 21, 672, 0, 1),
(12, 21, 673, 0, 1),
(12, 21, 674, 0, 1),
(12, 21, 675, 0, 1),
(12, 21, 676, 0, 1),
(12, 21, 677, 0, 1),
(12, 21, 678, 0, 1),
(12, 21, 679, 0, 1),
(12, 20, 680, 0, 1),
(12, 20, 681, 0, 1),
(12, 20, 682, 0, 1),
(12, 20, 683, 0, 1),
(12, 20, 684, 0, 1),
(12, 20, 685, 0, 1),
(12, 20, 686, 0, 1),
(12, 20, 687, 0, 1),
(12, 20, 688, 0, 1),
(12, 45, 690, 0, 0),
(12, 42, 691, 0, 0),
(12, 23, 695, 0, 0),
(12, 22, 696, 0, 0),
(12, 21, 697, 0, 0),
(12, 20, 698, 0, 0),
(12, 6, 700, 0, 1),
(12, 4, 701, 0, 1),
(12, 2, 702, 0, 1),
(12, 23, 704, 0, 0),
(12, 23, 705, 0, 0),
(12, 21, 706, 0, 0),
(12, 21, 707, 0, 0),
(12, 18, 708, 0, 0),
(12, 7, 709, 0, 0),
(12, 42, 710, 0, 0),
(12, 42, 711, 0, 0),
(12, 23, 712, 0, 1),
(12, 20, 713, 0, 1),
(12, 21, 714, 0, 1),
(12, 22, 715, 0, 1),
(12, 2, 717, 0, 0),
(12, 13, 718, 0, 0),
(12, 13, 720, 0, 0),
(12, 9, 729, 0, 1),
(12, 29, 750, 0, 0),
(13, 6, 1, 0, 0),
(13, 6, 2, 0, 0),
(13, 6, 3, 0, 0),
(13, 6, 4, 0, 0),
(13, 6, 5, 0, 0),
(13, 6, 6, 0, 0),
(13, 6, 7, 0, 0),
(13, 6, 8, 0, 0),
(13, 6, 9, 0, 0),
(13, 6, 10, 0, 0),
(13, 6, 11, 0, 0),
(13, 6, 12, 0, 0),
(13, 6, 13, 0, 0),
(13, 6, 14, 0, 0),
(13, 6, 15, 0, 0),
(13, 6, 16, 0, 0),
(13, 6, 17, 0, 0),
(13, 6, 18, 0, 0),
(13, 6, 19, 0, 0),
(13, 6, 20, 0, 0),
(13, 6, 21, 0, 1),
(13, 6, 22, 0, 1),
(13, 6, 23, 0, 0),
(13, 6, 24, 0, 0),
(13, 6, 25, 0, 0),
(13, 6, 26, 0, 0),
(13, 6, 27, 0, 0),
(13, 6, 28, 0, 0),
(13, 6, 29, 0, 0),
(13, 6, 30, 0, 0),
(13, 6, 31, 0, 0),
(13, 6, 32, 0, 0),
(13, 6, 33, 0, 0),
(13, 6, 34, 0, 0),
(13, 6, 35, 0, 0),
(13, 6, 36, 0, 0),
(13, 7, 37, 0, 0),
(13, 7, 38, 0, 0),
(13, 7, 39, 0, 0),
(13, 7, 40, 0, 0),
(13, 7, 41, 0, 0),
(13, 7, 42, 0, 0),
(13, 7, 43, 0, 0),
(13, 7, 44, 0, 0),
(13, 7, 45, 0, 0),
(13, 7, 46, 0, 0),
(13, 7, 47, 0, 0),
(13, 7, 48, 0, 0),
(13, 7, 49, 0, 0),
(13, 7, 50, 0, 0),
(13, 7, 51, 0, 0),
(13, 7, 52, 0, 0),
(13, 7, 53, 0, 0),
(13, 7, 54, 0, 0),
(13, 7, 55, 0, 0),
(13, 7, 56, 0, 1),
(13, 7, 57, 0, 1),
(13, 7, 58, 0, 0),
(13, 7, 59, 0, 0),
(13, 7, 60, 0, 0),
(13, 7, 61, 0, 0),
(13, 7, 62, 0, 0),
(13, 7, 63, 0, 0),
(13, 7, 64, 0, 0),
(13, 7, 65, 0, 0),
(13, 4, 66, 0, 0),
(13, 4, 67, 0, 0),
(13, 4, 68, 0, 0),
(13, 4, 69, 0, 0),
(13, 4, 70, 0, 0),
(13, 4, 71, 0, 0),
(13, 4, 72, 0, 0),
(13, 4, 73, 0, 0),
(13, 4, 74, 0, 0),
(13, 4, 75, 0, 0),
(13, 4, 76, 0, 0),
(13, 4, 77, 0, 0),
(13, 4, 78, 0, 0),
(13, 4, 79, 0, 0),
(13, 4, 80, 0, 0),
(13, 4, 81, 0, 0),
(13, 4, 82, 0, 0),
(13, 4, 83, 0, 0),
(13, 4, 84, 0, 0),
(13, 4, 85, 0, 0),
(13, 4, 86, 0, 0),
(13, 4, 87, 0, 0),
(13, 4, 88, 0, 0),
(13, 4, 89, 0, 0),
(13, 4, 90, 0, 1),
(13, 4, 91, 0, 1),
(13, 4, 92, 0, 0),
(13, 4, 93, 0, 0),
(13, 4, 94, 0, 0),
(13, 4, 95, 0, 0),
(13, 4, 96, 0, 0),
(13, 4, 97, 0, 0),
(13, 4, 98, 0, 0),
(13, 4, 99, 0, 0),
(13, 4, 100, 0, 0),
(13, 4, 101, 0, 0),
(13, 4, 102, 0, 0),
(13, 4, 103, 0, 0),
(13, 4, 104, 0, 0),
(13, 4, 105, 0, 0),
(13, 4, 106, 0, 0),
(13, 4, 107, 0, 0),
(13, 4, 108, 0, 0),
(13, 4, 109, 0, 0),
(13, 2, 110, 0, 0),
(13, 2, 111, 0, 0),
(13, 2, 112, 0, 0),
(13, 2, 113, 0, 0),
(13, 2, 114, 0, 0),
(13, 2, 115, 0, 0),
(13, 2, 116, 0, 0),
(13, 2, 117, 0, 0),
(13, 2, 118, 0, 0),
(13, 2, 119, 0, 0),
(13, 2, 120, 0, 0),
(13, 2, 121, 0, 0),
(13, 2, 122, 0, 1),
(13, 2, 123, 0, 1),
(13, 2, 124, 0, 0),
(13, 2, 125, 0, 0),
(13, 26, 126, 0, 0),
(13, 26, 127, 0, 0),
(13, 26, 128, 0, 0),
(13, 26, 129, 0, 0),
(13, 26, 130, 0, 0),
(13, 26, 131, 0, 0),
(13, 26, 132, 0, 0),
(13, 26, 133, 0, 0),
(13, 26, 134, 0, 0),
(13, 26, 135, 0, 0),
(13, 26, 136, 0, 0),
(13, 26, 137, 0, 1),
(13, 26, 138, 0, 1),
(13, 26, 139, 0, 0),
(13, 26, 140, 0, 0),
(13, 26, 141, 0, 0),
(13, 26, 142, 0, 0),
(13, 26, 143, 0, 0),
(13, 26, 144, 0, 0),
(13, 26, 145, 0, 0),
(13, 26, 146, 0, 0),
(13, 26, 147, 0, 0),
(13, 26, 148, 0, 0),
(13, 26, 149, 0, 0),
(13, 26, 150, 0, 0),
(13, 13, 155, 0, 0),
(13, 13, 156, 0, 0),
(13, 13, 157, 0, 0),
(13, 13, 158, 0, 0),
(13, 13, 159, 0, 0),
(13, 13, 160, 0, 0),
(13, 13, 161, 0, 0);
INSERT INTO `vtiger_profile2field` (`profileid`, `tabid`, `fieldid`, `visible`, `readonly`) VALUES
(13, 13, 162, 0, 0),
(13, 13, 163, 0, 0),
(13, 13, 164, 0, 0),
(13, 13, 165, 0, 0),
(13, 13, 166, 0, 1),
(13, 13, 167, 0, 1),
(13, 13, 168, 0, 0),
(13, 13, 169, 0, 0),
(13, 13, 170, 0, 0),
(13, 13, 171, 0, 0),
(13, 14, 173, 0, 0),
(13, 14, 174, 0, 0),
(13, 14, 175, 0, 0),
(13, 14, 176, 0, 0),
(13, 14, 177, 0, 0),
(13, 14, 178, 0, 0),
(13, 14, 179, 0, 0),
(13, 14, 180, 0, 0),
(13, 14, 181, 0, 0),
(13, 14, 182, 0, 0),
(13, 14, 183, 0, 0),
(13, 14, 184, 0, 0),
(13, 14, 185, 0, 0),
(13, 14, 186, 0, 0),
(13, 14, 187, 0, 0),
(13, 14, 188, 0, 0),
(13, 14, 189, 0, 0),
(13, 14, 190, 0, 1),
(13, 14, 191, 0, 1),
(13, 14, 192, 0, 0),
(13, 14, 193, 0, 0),
(13, 14, 194, 0, 0),
(13, 14, 195, 0, 0),
(13, 14, 196, 0, 0),
(13, 14, 197, 0, 0),
(13, 14, 198, 0, 0),
(13, 14, 199, 0, 0),
(13, 14, 200, 0, 0),
(13, 14, 201, 0, 0),
(13, 14, 202, 0, 0),
(13, 14, 203, 0, 0),
(13, 8, 204, 0, 0),
(13, 8, 205, 0, 1),
(13, 8, 206, 0, 1),
(13, 8, 207, 0, 0),
(13, 8, 208, 0, 0),
(13, 8, 209, 0, 0),
(13, 8, 210, 0, 1),
(13, 8, 211, 0, 1),
(13, 8, 212, 0, 0),
(13, 8, 213, 0, 0),
(13, 8, 214, 0, 0),
(13, 8, 215, 0, 1),
(13, 8, 216, 0, 0),
(13, 8, 217, 0, 0),
(13, 8, 218, 0, 0),
(13, 10, 219, 0, 0),
(13, 10, 220, 0, 0),
(13, 10, 221, 0, 0),
(13, 10, 222, 0, 0),
(13, 10, 223, 0, 0),
(13, 10, 224, 0, 0),
(13, 10, 225, 0, 0),
(13, 10, 226, 0, 0),
(13, 10, 227, 0, 0),
(13, 10, 228, 0, 1),
(13, 10, 229, 0, 0),
(13, 10, 230, 0, 0),
(13, 9, 231, 0, 0),
(13, 9, 232, 0, 0),
(13, 9, 233, 0, 0),
(13, 9, 234, 0, 0),
(13, 9, 235, 0, 0),
(13, 9, 236, 0, 0),
(13, 9, 237, 0, 0),
(13, 9, 238, 0, 0),
(13, 9, 239, 0, 0),
(13, 9, 240, 0, 0),
(13, 9, 241, 0, 0),
(13, 9, 242, 0, 0),
(13, 9, 243, 0, 1),
(13, 9, 244, 0, 1),
(13, 9, 245, 0, 0),
(13, 9, 246, 0, 0),
(13, 9, 247, 0, 0),
(13, 9, 248, 0, 0),
(13, 9, 249, 0, 0),
(13, 9, 250, 0, 0),
(13, 9, 251, 0, 0),
(13, 9, 252, 0, 0),
(13, 9, 253, 0, 0),
(13, 9, 254, 0, 0),
(13, 16, 255, 0, 0),
(13, 16, 256, 0, 0),
(13, 16, 257, 0, 0),
(13, 16, 258, 0, 0),
(13, 16, 259, 0, 0),
(13, 16, 260, 0, 0),
(13, 16, 261, 0, 0),
(13, 16, 262, 0, 0),
(13, 16, 263, 0, 0),
(13, 16, 264, 0, 0),
(13, 16, 265, 0, 0),
(13, 16, 266, 0, 0),
(13, 16, 267, 0, 0),
(13, 16, 268, 0, 0),
(13, 16, 269, 0, 1),
(13, 16, 270, 0, 1),
(13, 16, 271, 0, 0),
(13, 16, 272, 0, 0),
(13, 16, 273, 0, 0),
(13, 16, 274, 0, 0),
(13, 16, 275, 0, 0),
(13, 16, 276, 0, 0),
(13, 16, 277, 0, 0),
(13, 15, 278, 0, 0),
(13, 15, 279, 0, 0),
(13, 15, 280, 0, 0),
(13, 15, 281, 0, 0),
(13, 15, 282, 0, 0),
(13, 15, 283, 0, 0),
(13, 15, 285, 0, 1),
(13, 15, 286, 0, 1),
(13, 15, 287, 0, 0),
(13, 18, 288, 0, 0),
(13, 18, 289, 0, 0),
(13, 18, 290, 0, 0),
(13, 18, 291, 0, 0),
(13, 18, 292, 0, 0),
(13, 18, 293, 0, 0),
(13, 18, 294, 0, 0),
(13, 18, 295, 0, 1),
(13, 18, 296, 0, 1),
(13, 18, 297, 0, 0),
(13, 18, 298, 0, 0),
(13, 18, 299, 0, 0),
(13, 18, 300, 0, 0),
(13, 18, 301, 0, 0),
(13, 18, 302, 0, 0),
(13, 18, 303, 0, 0),
(13, 18, 304, 0, 0),
(13, 19, 305, 0, 0),
(13, 19, 306, 0, 0),
(13, 19, 307, 0, 0),
(13, 19, 308, 0, 1),
(13, 19, 309, 0, 1),
(13, 19, 310, 0, 0),
(13, 19, 311, 0, 0),
(13, 19, 312, 0, 0),
(13, 20, 313, 0, 0),
(13, 20, 314, 0, 0),
(13, 20, 315, 0, 0),
(13, 20, 316, 0, 0),
(13, 20, 317, 0, 0),
(13, 20, 318, 0, 0),
(13, 20, 319, 0, 0),
(13, 20, 320, 0, 0),
(13, 20, 321, 0, 0),
(13, 20, 322, 0, 0),
(13, 20, 323, 0, 0),
(13, 20, 324, 0, 0),
(13, 20, 325, 0, 0),
(13, 20, 326, 0, 0),
(13, 20, 327, 0, 0),
(13, 20, 328, 0, 0),
(13, 20, 329, 0, 0),
(13, 20, 330, 0, 0),
(13, 20, 331, 0, 1),
(13, 20, 332, 0, 1),
(13, 20, 333, 0, 0),
(13, 20, 334, 0, 0),
(13, 20, 335, 0, 0),
(13, 20, 336, 0, 0),
(13, 20, 337, 0, 0),
(13, 20, 338, 0, 0),
(13, 20, 339, 0, 0),
(13, 20, 340, 0, 0),
(13, 20, 341, 0, 0),
(13, 20, 342, 0, 0),
(13, 20, 343, 0, 0),
(13, 20, 344, 0, 0),
(13, 20, 345, 0, 0),
(13, 20, 346, 0, 0),
(13, 20, 347, 0, 0),
(13, 20, 348, 0, 0),
(13, 20, 349, 0, 0),
(13, 21, 350, 0, 0),
(13, 21, 351, 0, 0),
(13, 21, 352, 0, 0),
(13, 21, 353, 0, 0),
(13, 21, 354, 0, 0),
(13, 21, 355, 0, 0),
(13, 21, 356, 0, 0),
(13, 21, 357, 0, 0),
(13, 21, 358, 0, 0),
(13, 21, 359, 0, 0),
(13, 21, 360, 0, 0),
(13, 21, 361, 0, 0),
(13, 21, 362, 0, 0),
(13, 21, 363, 0, 0),
(13, 21, 364, 0, 0),
(13, 21, 365, 0, 0),
(13, 21, 366, 0, 0),
(13, 21, 367, 0, 0),
(13, 21, 368, 0, 0),
(13, 21, 369, 0, 1),
(13, 21, 370, 0, 1),
(13, 21, 371, 0, 0),
(13, 21, 372, 0, 0),
(13, 21, 373, 0, 0),
(13, 21, 374, 0, 0),
(13, 21, 375, 0, 0),
(13, 21, 376, 0, 0),
(13, 21, 377, 0, 0),
(13, 21, 378, 0, 0),
(13, 21, 379, 0, 0),
(13, 21, 380, 0, 0),
(13, 21, 381, 0, 0),
(13, 21, 382, 0, 0),
(13, 21, 383, 0, 0),
(13, 21, 384, 0, 0),
(13, 21, 385, 0, 0),
(13, 21, 386, 0, 0),
(13, 21, 387, 0, 0),
(13, 22, 388, 0, 0),
(13, 22, 389, 0, 0),
(13, 22, 390, 0, 0),
(13, 22, 391, 0, 0),
(13, 22, 392, 0, 0),
(13, 22, 393, 0, 0),
(13, 22, 394, 0, 0),
(13, 22, 395, 0, 0),
(13, 22, 396, 0, 0),
(13, 22, 397, 0, 0),
(13, 22, 398, 0, 0),
(13, 22, 399, 0, 0),
(13, 22, 400, 0, 0),
(13, 22, 401, 0, 0),
(13, 22, 402, 0, 0),
(13, 22, 403, 0, 0),
(13, 22, 404, 0, 0),
(13, 22, 405, 0, 0),
(13, 22, 406, 0, 0),
(13, 22, 407, 0, 0),
(13, 22, 408, 0, 0),
(13, 22, 409, 0, 0),
(13, 22, 410, 0, 1),
(13, 22, 411, 0, 1),
(13, 22, 412, 0, 0),
(13, 22, 413, 0, 0),
(13, 22, 414, 0, 0),
(13, 22, 415, 0, 0),
(13, 22, 416, 0, 0),
(13, 22, 417, 0, 0),
(13, 22, 418, 0, 0),
(13, 22, 419, 0, 0),
(13, 22, 420, 0, 0),
(13, 22, 421, 0, 0),
(13, 22, 422, 0, 0),
(13, 22, 423, 0, 0),
(13, 22, 424, 0, 0),
(13, 22, 425, 0, 0),
(13, 22, 426, 0, 0),
(13, 22, 427, 0, 0),
(13, 22, 428, 0, 0),
(13, 22, 429, 0, 0),
(13, 22, 430, 0, 0),
(13, 22, 431, 0, 0),
(13, 22, 432, 0, 0),
(13, 22, 433, 0, 0),
(13, 22, 434, 0, 0),
(13, 23, 435, 0, 0),
(13, 23, 436, 0, 0),
(13, 23, 437, 0, 0),
(13, 23, 438, 0, 0),
(13, 23, 439, 0, 0),
(13, 23, 440, 0, 0),
(13, 23, 441, 0, 0),
(13, 23, 442, 0, 0),
(13, 23, 443, 0, 0),
(13, 23, 444, 0, 0),
(13, 23, 445, 0, 0),
(13, 23, 446, 0, 0),
(13, 23, 447, 0, 0),
(13, 23, 448, 0, 0),
(13, 23, 449, 0, 0),
(13, 23, 450, 0, 0),
(13, 23, 451, 0, 0),
(13, 23, 452, 0, 0),
(13, 23, 453, 0, 0),
(13, 23, 454, 0, 1),
(13, 23, 455, 0, 1),
(13, 23, 456, 0, 0),
(13, 23, 457, 0, 0),
(13, 23, 458, 0, 0),
(13, 23, 459, 0, 0),
(13, 23, 460, 0, 0),
(13, 23, 461, 0, 0),
(13, 23, 462, 0, 0),
(13, 23, 463, 0, 0),
(13, 23, 464, 0, 0),
(13, 23, 465, 0, 0),
(13, 23, 466, 0, 0),
(13, 23, 467, 0, 0),
(13, 23, 468, 0, 0),
(13, 23, 469, 0, 0),
(13, 23, 470, 0, 0),
(13, 23, 471, 0, 0),
(13, 23, 472, 0, 0),
(13, 23, 473, 0, 0),
(13, 29, 474, 0, 0),
(13, 29, 478, 0, 0),
(13, 29, 479, 0, 0),
(13, 29, 481, 0, 0),
(13, 29, 488, 0, 0),
(13, 29, 489, 0, 0),
(13, 29, 490, 0, 0),
(13, 29, 491, 0, 0),
(13, 29, 493, 0, 0),
(13, 29, 494, 0, 0),
(13, 29, 495, 0, 0),
(13, 29, 496, 0, 0),
(13, 29, 497, 0, 0),
(13, 29, 502, 0, 0),
(13, 29, 503, 0, 0),
(13, 29, 504, 0, 0),
(13, 29, 505, 0, 0),
(13, 10, 518, 0, 0),
(13, 10, 519, 0, 0),
(13, 10, 520, 0, 0),
(13, 10, 521, 0, 0),
(13, 10, 522, 0, 0),
(13, 10, 523, 0, 0),
(13, 30, 524, 0, 0),
(13, 30, 525, 0, 0),
(13, 30, 526, 0, 0),
(13, 30, 527, 0, 0),
(13, 30, 528, 0, 0),
(13, 30, 529, 0, 0),
(13, 30, 530, 0, 0),
(13, 30, 531, 0, 0),
(13, 30, 532, 0, 1),
(13, 30, 533, 0, 1),
(13, 30, 534, 0, 0),
(13, 30, 535, 0, 0),
(13, 30, 536, 0, 0),
(13, 30, 537, 0, 0),
(13, 30, 538, 0, 0),
(13, 30, 539, 0, 0),
(13, 30, 540, 0, 0),
(13, 30, 541, 0, 0),
(13, 30, 542, 0, 0),
(13, 33, 543, 0, 0),
(13, 33, 544, 0, 1),
(13, 33, 545, 0, 1),
(13, 33, 546, 0, 0),
(13, 33, 547, 0, 1),
(13, 33, 548, 0, 0),
(13, 33, 549, 0, 0),
(13, 33, 550, 0, 0),
(13, 33, 551, 0, 0),
(13, 33, 552, 0, 0),
(13, 33, 553, 0, 0),
(13, 33, 554, 0, 1),
(13, 33, 555, 0, 1),
(13, 33, 556, 0, 0),
(13, 33, 557, 0, 0),
(13, 33, 558, 0, 0),
(13, 33, 559, 0, 1),
(13, 33, 560, 0, 0),
(13, 33, 561, 0, 0),
(13, 35, 562, 0, 0),
(13, 35, 563, 0, 0),
(13, 35, 564, 0, 0),
(13, 35, 565, 0, 0),
(13, 35, 566, 0, 0),
(13, 35, 567, 0, 0),
(13, 35, 568, 0, 0),
(13, 35, 569, 0, 0),
(13, 35, 570, 0, 0),
(13, 35, 571, 0, 0),
(13, 35, 572, 0, 0),
(13, 35, 573, 0, 0),
(13, 35, 574, 0, 0),
(13, 35, 575, 0, 0),
(13, 35, 576, 0, 1),
(13, 35, 577, 0, 1),
(13, 29, 578, 0, 0),
(13, 39, 579, 0, 0),
(13, 39, 580, 0, 1),
(13, 39, 581, 0, 1),
(13, 39, 582, 0, 0),
(13, 39, 583, 0, 0),
(13, 42, 584, 0, 0),
(13, 42, 585, 0, 0),
(13, 42, 586, 0, 1),
(13, 42, 587, 0, 1),
(13, 42, 588, 0, 0),
(13, 42, 589, 0, 1),
(13, 42, 590, 0, 0),
(13, 44, 591, 0, 0),
(13, 44, 592, 0, 0),
(13, 44, 593, 0, 0),
(13, 44, 594, 0, 0),
(13, 44, 595, 0, 0),
(13, 44, 596, 0, 0),
(13, 44, 597, 0, 1),
(13, 44, 598, 0, 1),
(13, 44, 599, 0, 0),
(13, 44, 600, 0, 0),
(13, 45, 601, 0, 0),
(13, 45, 602, 0, 0),
(13, 45, 603, 0, 0),
(13, 45, 604, 0, 0),
(13, 45, 605, 0, 0),
(13, 45, 606, 0, 0),
(13, 45, 607, 0, 0),
(13, 45, 608, 0, 0),
(13, 45, 609, 0, 0),
(13, 45, 610, 0, 0),
(13, 45, 611, 0, 0),
(13, 45, 612, 0, 1),
(13, 45, 613, 0, 1),
(13, 45, 614, 0, 0),
(13, 45, 615, 0, 0),
(13, 46, 616, 0, 0),
(13, 46, 617, 0, 0),
(13, 46, 618, 0, 0),
(13, 46, 619, 0, 0),
(13, 46, 620, 0, 0),
(13, 46, 621, 0, 0),
(13, 46, 622, 0, 0),
(13, 46, 623, 0, 0),
(13, 46, 624, 0, 0),
(13, 46, 625, 0, 0),
(13, 46, 626, 0, 0),
(13, 46, 627, 0, 0),
(13, 46, 628, 0, 0),
(13, 46, 629, 0, 1),
(13, 46, 630, 0, 1),
(13, 46, 631, 0, 0),
(13, 46, 632, 0, 0),
(13, 47, 633, 0, 0),
(13, 47, 634, 0, 0),
(13, 47, 635, 0, 0),
(13, 47, 636, 0, 0),
(13, 47, 637, 0, 0),
(13, 47, 638, 0, 0),
(13, 47, 639, 0, 0),
(13, 47, 640, 0, 0),
(13, 47, 641, 0, 0),
(13, 47, 642, 0, 0),
(13, 47, 643, 0, 0),
(13, 47, 644, 0, 0),
(13, 47, 645, 0, 0),
(13, 47, 646, 0, 0),
(13, 47, 647, 0, 1),
(13, 47, 648, 0, 1),
(13, 47, 649, 0, 0),
(13, 47, 650, 0, 0),
(13, 2, 651, 0, 0),
(13, 23, 653, 0, 1),
(13, 23, 654, 0, 1),
(13, 23, 655, 0, 1),
(13, 23, 656, 0, 1),
(13, 23, 657, 0, 1),
(13, 23, 658, 0, 1),
(13, 23, 659, 0, 1),
(13, 23, 660, 0, 1),
(13, 23, 661, 0, 1),
(13, 22, 662, 0, 1),
(13, 22, 663, 0, 1),
(13, 22, 664, 0, 1),
(13, 22, 665, 0, 1),
(13, 22, 666, 0, 1),
(13, 22, 667, 0, 1),
(13, 22, 668, 0, 1),
(13, 22, 669, 0, 1),
(13, 22, 670, 0, 1),
(13, 21, 671, 0, 1),
(13, 21, 672, 0, 1),
(13, 21, 673, 0, 1),
(13, 21, 674, 0, 1),
(13, 21, 675, 0, 1),
(13, 21, 676, 0, 1),
(13, 21, 677, 0, 1),
(13, 21, 678, 0, 1),
(13, 21, 679, 0, 1),
(13, 20, 680, 0, 1),
(13, 20, 681, 0, 1),
(13, 20, 682, 0, 1),
(13, 20, 683, 0, 1),
(13, 20, 684, 0, 1),
(13, 20, 685, 0, 1),
(13, 20, 686, 0, 1),
(13, 20, 687, 0, 1),
(13, 20, 688, 0, 1),
(13, 45, 690, 0, 0),
(13, 42, 691, 0, 0),
(13, 23, 695, 0, 0),
(13, 22, 696, 0, 0),
(13, 21, 697, 0, 0),
(13, 20, 698, 0, 0),
(13, 6, 700, 0, 1),
(13, 4, 701, 0, 1),
(13, 2, 702, 0, 1),
(13, 23, 704, 0, 0),
(13, 23, 705, 0, 0),
(13, 21, 706, 0, 0),
(13, 21, 707, 0, 0),
(13, 18, 708, 0, 0),
(13, 7, 709, 0, 0),
(13, 42, 710, 0, 0),
(13, 42, 711, 0, 0),
(13, 23, 712, 0, 1),
(13, 20, 713, 0, 1),
(13, 21, 714, 0, 1),
(13, 22, 715, 0, 1),
(13, 2, 717, 0, 0),
(13, 13, 718, 0, 0),
(13, 13, 720, 0, 0),
(13, 9, 729, 0, 1),
(13, 29, 750, 0, 0);

-- --------------------------------------------------------

--
-- 表的结构 `vtiger_profile2globalpermissions`
--

CREATE TABLE IF NOT EXISTS `vtiger_profile2globalpermissions` (
  `profileid` int(19) NOT NULL,
  `globalactionid` int(19) NOT NULL,
  `globalactionpermission` int(19) DEFAULT NULL
) ENGINE=InnoDB DEFAULT CHARSET=utf8;

--
-- 转存表中的数据 `vtiger_profile2globalpermissions`
--

INSERT INTO `vtiger_profile2globalpermissions` (`profileid`, `globalactionid`, `globalactionpermission`) VALUES
(1, 1, 0),
(1, 2, 0),
(2, 1, 1),
(2, 2, 1),
(3, 1, 1),
(3, 2, 1),
(4, 1, 1),
(4, 2, 1),
(5, 1, 1),
(5, 2, 1),
(6, 1, 1),
(6, 2, 1),
(7, 1, 1),
(7, 2, 1),
(8, 1, 1),
(8, 2, 1),
(9, 1, 1),
(9, 2, 1),
(10, 1, 1),
(10, 2, 1),
(11, 1, 1),
(11, 2, 1),
(12, 1, 1),
(12, 2, 1),
(13, 1, 1),
(13, 2, 1);

-- --------------------------------------------------------

--
-- 表的结构 `vtiger_profile2standardpermissions`
--

CREATE TABLE IF NOT EXISTS `vtiger_profile2standardpermissions` (
  `profileid` int(11) NOT NULL,
  `tabid` int(10) NOT NULL,
  `operation` int(10) NOT NULL,
  `permissions` int(1) DEFAULT NULL
) ENGINE=InnoDB DEFAULT CHARSET=utf8;

--
-- 转存表中的数据 `vtiger_profile2standardpermissions`
--

INSERT INTO `vtiger_profile2standardpermissions` (`profileid`, `tabid`, `operation`, `permissions`) VALUES
(1, 2, 0, 0),
(1, 2, 1, 0),
(1, 2, 2, 0),
(1, 2, 3, 0),
(1, 2, 4, 0),
(1, 4, 0, 0),
(1, 4, 1, 0),
(1, 4, 2, 0),
(1, 4, 3, 0),
(1, 4, 4, 0),
(1, 6, 0, 0),
(1, 6, 1, 0),
(1, 6, 2, 0),
(1, 6, 3, 0),
(1, 6, 4, 0),
(1, 7, 0, 0),
(1, 7, 1, 0),
(1, 7, 2, 0),
(1, 7, 3, 0),
(1, 7, 4, 0),
(1, 8, 0, 0),
(1, 8, 1, 0),
(1, 8, 2, 0),
(1, 8, 3, 0),
(1, 8, 4, 0),
(1, 9, 0, 0),
(1, 9, 1, 0),
(1, 9, 2, 0),
(1, 9, 3, 0),
(1, 9, 4, 0),
(1, 13, 0, 0),
(1, 13, 1, 0),
(1, 13, 2, 0),
(1, 13, 3, 0),
(1, 13, 4, 0),
(1, 14, 0, 0),
(1, 14, 1, 0),
(1, 14, 2, 0),
(1, 14, 3, 0),
(1, 14, 4, 0),
(1, 15, 0, 0),
(1, 15, 1, 0),
(1, 15, 2, 0),
(1, 15, 3, 0),
(1, 15, 4, 0),
(1, 16, 0, 0),
(1, 16, 1, 0),
(1, 16, 2, 0),
(1, 16, 3, 0),
(1, 16, 4, 0),
(1, 18, 0, 0),
(1, 18, 1, 0),
(1, 18, 2, 0),
(1, 18, 3, 0),
(1, 18, 4, 0),
(1, 19, 0, 0),
(1, 19, 1, 0),
(1, 19, 2, 0),
(1, 19, 3, 0),
(1, 19, 4, 0),
(1, 20, 0, 0),
(1, 20, 1, 0),
(1, 20, 2, 0),
(1, 20, 3, 0),
(1, 20, 4, 0),
(1, 21, 0, 0),
(1, 21, 1, 0),
(1, 21, 2, 0),
(1, 21, 3, 0),
(1, 21, 4, 0),
(1, 22, 0, 0),
(1, 22, 1, 0),
(1, 22, 2, 0),
(1, 22, 3, 0),
(1, 22, 4, 0),
(1, 23, 0, 0),
(1, 23, 1, 0),
(1, 23, 2, 0),
(1, 23, 3, 0),
(1, 23, 4, 0),
(1, 26, 0, 0),
(1, 26, 1, 0),
(1, 26, 2, 0),
(1, 26, 3, 0),
(1, 26, 4, 0),
(1, 30, 0, 0),
(1, 30, 1, 0),
(1, 30, 2, 0),
(1, 30, 3, 0),
(1, 30, 4, 0),
(1, 33, 0, 0),
(1, 33, 1, 0),
(1, 33, 2, 0),
(1, 33, 3, 0),
(1, 33, 4, 0),
(1, 35, 0, 0),
(1, 35, 1, 0),
(1, 35, 2, 0),
(1, 35, 3, 0),
(1, 35, 4, 0),
(1, 39, 0, 0),
(1, 39, 1, 0),
(1, 39, 2, 0),
(1, 39, 3, 0),
(1, 39, 4, 0),
(1, 42, 0, 0),
(1, 42, 1, 0),
(1, 42, 2, 0),
(1, 42, 3, 0),
(1, 42, 4, 0),
(1, 44, 0, 0),
(1, 44, 1, 0),
(1, 44, 2, 0),
(1, 44, 3, 0),
(1, 44, 4, 0),
(1, 45, 0, 0),
(1, 45, 1, 0),
(1, 45, 2, 0),
(1, 45, 3, 0),
(1, 45, 4, 0),
(1, 46, 0, 0),
(1, 46, 1, 0),
(1, 46, 2, 0),
(1, 46, 3, 0),
(1, 46, 4, 0),
(1, 47, 0, 0),
(1, 47, 1, 0),
(1, 47, 2, 0),
(1, 47, 3, 0),
(1, 47, 4, 0),
(2, 2, 0, 0),
(2, 2, 1, 0),
(2, 2, 2, 0),
(2, 2, 3, 0),
(2, 2, 4, 0),
(2, 4, 0, 0),
(2, 4, 1, 0),
(2, 4, 2, 0),
(2, 4, 3, 0),
(2, 4, 4, 0),
(2, 6, 0, 0),
(2, 6, 1, 0),
(2, 6, 2, 0),
(2, 6, 3, 0),
(2, 6, 4, 0),
(2, 7, 0, 0),
(2, 7, 1, 0),
(2, 7, 2, 0),
(2, 7, 3, 0),
(2, 7, 4, 0),
(2, 8, 0, 0),
(2, 8, 1, 0),
(2, 8, 2, 0),
(2, 8, 3, 0),
(2, 8, 4, 0),
(2, 9, 0, 0),
(2, 9, 1, 0),
(2, 9, 2, 0),
(2, 9, 3, 0),
(2, 9, 4, 0),
(2, 13, 0, 1),
(2, 13, 1, 1),
(2, 13, 2, 1),
(2, 13, 3, 0),
(2, 13, 4, 0),
(2, 14, 0, 0),
(2, 14, 1, 0),
(2, 14, 2, 0),
(2, 14, 3, 0),
(2, 14, 4, 0),
(2, 15, 0, 0),
(2, 15, 1, 0),
(2, 15, 2, 0),
(2, 15, 3, 0),
(2, 15, 4, 0),
(2, 16, 0, 0),
(2, 16, 1, 0),
(2, 16, 2, 0),
(2, 16, 3, 0),
(2, 16, 4, 0),
(2, 18, 0, 0),
(2, 18, 1, 0),
(2, 18, 2, 0),
(2, 18, 3, 0),
(2, 18, 4, 0),
(2, 19, 0, 0),
(2, 19, 1, 0),
(2, 19, 2, 0),
(2, 19, 3, 0),
(2, 19, 4, 0),
(2, 20, 0, 0),
(2, 20, 1, 0),
(2, 20, 2, 0),
(2, 20, 3, 0),
(2, 20, 4, 0),
(2, 21, 0, 1),
(2, 21, 1, 1),
(2, 21, 2, 1),
(2, 21, 3, 0),
(2, 21, 4, 0),
(2, 22, 0, 0),
(2, 22, 1, 0),
(2, 22, 2, 0),
(2, 22, 3, 0),
(2, 22, 4, 0),
(2, 23, 0, 1),
(2, 23, 1, 1),
(2, 23, 2, 1),
(2, 23, 3, 0),
(2, 23, 4, 0),
(2, 25, 0, 1),
(2, 25, 1, 1),
(2, 25, 2, 1),
(2, 25, 4, 1),
(2, 26, 0, 0),
(2, 26, 1, 0),
(2, 26, 2, 0),
(2, 26, 3, 0),
(2, 26, 4, 0),
(2, 30, 0, 0),
(2, 30, 1, 0),
(2, 30, 2, 0),
(2, 30, 3, 0),
(2, 30, 4, 0),
(2, 33, 0, 0),
(2, 33, 1, 0),
(2, 33, 2, 0),
(2, 33, 3, 0),
(2, 33, 4, 0),
(2, 35, 0, 0),
(2, 35, 1, 0),
(2, 35, 2, 0),
(2, 35, 3, 0),
(2, 35, 4, 0),
(2, 39, 0, 0),
(2, 39, 1, 0),
(2, 39, 2, 0),
(2, 39, 3, 0),
(2, 39, 4, 0),
(2, 42, 0, 0),
(2, 42, 1, 0),
(2, 42, 2, 0),
(2, 42, 3, 0),
(2, 42, 4, 0),
(2, 44, 0, 0),
(2, 44, 1, 0),
(2, 44, 2, 0),
(2, 44, 3, 0),
(2, 44, 4, 0),
(2, 45, 0, 0),
(2, 45, 1, 0),
(2, 45, 2, 0),
(2, 45, 3, 0),
(2, 45, 4, 0),
(2, 46, 0, 0),
(2, 46, 1, 0),
(2, 46, 2, 0),
(2, 46, 3, 0),
(2, 46, 4, 0),
(2, 47, 0, 0),
(2, 47, 1, 0),
(2, 47, 2, 0),
(2, 47, 3, 0),
(2, 47, 4, 0),
(3, 2, 0, 1),
(3, 2, 1, 1),
(3, 2, 2, 1),
(3, 2, 3, 0),
(3, 2, 4, 0),
(3, 4, 0, 0),
(3, 4, 1, 0),
(3, 4, 2, 0),
(3, 4, 3, 0),
(3, 4, 4, 0),
(3, 6, 0, 0),
(3, 6, 1, 0),
(3, 6, 2, 0),
(3, 6, 3, 0),
(3, 6, 4, 0),
(3, 7, 0, 0),
(3, 7, 1, 0),
(3, 7, 2, 0),
(3, 7, 3, 0),
(3, 7, 4, 0),
(3, 8, 0, 0),
(3, 8, 1, 0),
(3, 8, 2, 0),
(3, 8, 3, 0),
(3, 8, 4, 0),
(3, 9, 0, 0),
(3, 9, 1, 0),
(3, 9, 2, 0),
(3, 9, 3, 0),
(3, 9, 4, 0),
(3, 13, 0, 0),
(3, 13, 1, 0),
(3, 13, 2, 0),
(3, 13, 3, 0),
(3, 13, 4, 0),
(3, 14, 0, 0),
(3, 14, 1, 0),
(3, 14, 2, 0),
(3, 14, 3, 0),
(3, 14, 4, 0),
(3, 15, 0, 0),
(3, 15, 1, 0),
(3, 15, 2, 0),
(3, 15, 3, 0),
(3, 15, 4, 0),
(3, 16, 0, 0),
(3, 16, 1, 0),
(3, 16, 2, 0),
(3, 16, 3, 0),
(3, 16, 4, 0),
(3, 18, 0, 0),
(3, 18, 1, 0),
(3, 18, 2, 0),
(3, 18, 3, 0),
(3, 18, 4, 0),
(3, 19, 0, 0),
(3, 19, 1, 0),
(3, 19, 2, 0),
(3, 19, 3, 0),
(3, 19, 4, 0),
(3, 20, 0, 0),
(3, 20, 1, 0),
(3, 20, 2, 0),
(3, 20, 3, 0),
(3, 20, 4, 0),
(3, 21, 0, 0),
(3, 21, 1, 0),
(3, 21, 2, 0),
(3, 21, 3, 0),
(3, 21, 4, 0),
(3, 22, 0, 0),
(3, 22, 1, 0),
(3, 22, 2, 0),
(3, 22, 3, 0),
(3, 22, 4, 0),
(3, 23, 0, 0),
(3, 23, 1, 0),
(3, 23, 2, 0),
(3, 23, 3, 0),
(3, 23, 4, 0),
(3, 26, 0, 0),
(3, 26, 1, 0),
(3, 26, 2, 0),
(3, 26, 3, 0),
(3, 26, 4, 0),
(3, 30, 0, 0),
(3, 30, 1, 0),
(3, 30, 2, 0),
(3, 30, 3, 0),
(3, 30, 4, 0),
(3, 33, 0, 0),
(3, 33, 1, 0),
(3, 33, 2, 0),
(3, 33, 3, 0),
(3, 33, 4, 0),
(3, 35, 0, 0),
(3, 35, 1, 0),
(3, 35, 2, 0),
(3, 35, 3, 0),
(3, 35, 4, 0),
(3, 39, 0, 0),
(3, 39, 1, 0),
(3, 39, 2, 0),
(3, 39, 3, 0),
(3, 39, 4, 0),
(3, 42, 0, 0),
(3, 42, 1, 0),
(3, 42, 2, 0),
(3, 42, 3, 0),
(3, 42, 4, 0),
(3, 44, 0, 0),
(3, 44, 1, 0),
(3, 44, 2, 0),
(3, 44, 3, 0),
(3, 44, 4, 0),
(3, 45, 0, 0),
(3, 45, 1, 0),
(3, 45, 2, 0),
(3, 45, 3, 0),
(3, 45, 4, 0),
(3, 46, 0, 0),
(3, 46, 1, 0),
(3, 46, 2, 0),
(3, 46, 3, 0),
(3, 46, 4, 0),
(3, 47, 0, 0),
(3, 47, 1, 0),
(3, 47, 2, 0),
(3, 47, 3, 0),
(3, 47, 4, 0),
(4, 2, 0, 1),
(4, 2, 1, 1),
(4, 2, 2, 1),
(4, 2, 3, 0),
(4, 2, 4, 0),
(4, 4, 0, 1),
(4, 4, 1, 1),
(4, 4, 2, 1),
(4, 4, 3, 0),
(4, 4, 4, 0),
(4, 6, 0, 1),
(4, 6, 1, 1),
(4, 6, 2, 1),
(4, 6, 3, 0),
(4, 6, 4, 0),
(4, 7, 0, 1),
(4, 7, 1, 1),
(4, 7, 2, 1),
(4, 7, 3, 0),
(4, 7, 4, 0),
(4, 8, 0, 1),
(4, 8, 1, 1),
(4, 8, 2, 1),
(4, 8, 3, 0),
(4, 8, 4, 0),
(4, 9, 0, 1),
(4, 9, 1, 1),
(4, 9, 2, 1),
(4, 9, 3, 0),
(4, 9, 4, 0),
(4, 13, 0, 1),
(4, 13, 1, 1),
(4, 13, 2, 1),
(4, 13, 3, 0),
(4, 13, 4, 0),
(4, 14, 0, 1),
(4, 14, 1, 1),
(4, 14, 2, 1),
(4, 14, 3, 0),
(4, 14, 4, 0),
(4, 15, 0, 1),
(4, 15, 1, 1),
(4, 15, 2, 1),
(4, 15, 3, 0),
(4, 15, 4, 0),
(4, 16, 0, 1),
(4, 16, 1, 1),
(4, 16, 2, 1),
(4, 16, 3, 0),
(4, 16, 4, 0),
(4, 18, 0, 1),
(4, 18, 1, 1),
(4, 18, 2, 1),
(4, 18, 3, 0),
(4, 18, 4, 0),
(4, 19, 0, 1),
(4, 19, 1, 1),
(4, 19, 2, 1),
(4, 19, 3, 0),
(4, 19, 4, 0),
(4, 20, 0, 1),
(4, 20, 1, 1),
(4, 20, 2, 1),
(4, 20, 3, 0),
(4, 20, 4, 0),
(4, 21, 0, 1),
(4, 21, 1, 1),
(4, 21, 2, 1),
(4, 21, 3, 0),
(4, 21, 4, 0),
(4, 22, 0, 1),
(4, 22, 1, 1),
(4, 22, 2, 1),
(4, 22, 3, 0),
(4, 22, 4, 0),
(4, 23, 0, 1),
(4, 23, 1, 1),
(4, 23, 2, 1),
(4, 23, 3, 0),
(4, 23, 4, 0),
(4, 26, 0, 1),
(4, 26, 1, 1),
(4, 26, 2, 1),
(4, 26, 3, 0),
(4, 26, 4, 0),
(4, 30, 0, 0),
(4, 30, 1, 0),
(4, 30, 2, 0),
(4, 30, 3, 0),
(4, 30, 4, 0),
(4, 33, 0, 0),
(4, 33, 1, 0),
(4, 33, 2, 0),
(4, 33, 3, 0),
(4, 33, 4, 0),
(4, 35, 0, 0),
(4, 35, 1, 0),
(4, 35, 2, 0),
(4, 35, 3, 0),
(4, 35, 4, 0),
(4, 39, 0, 0),
(4, 39, 1, 0),
(4, 39, 2, 0),
(4, 39, 3, 0),
(4, 39, 4, 0),
(4, 42, 0, 0),
(4, 42, 1, 0),
(4, 42, 2, 0),
(4, 42, 3, 0),
(4, 42, 4, 0),
(4, 44, 0, 0),
(4, 44, 1, 0),
(4, 44, 2, 0),
(4, 44, 3, 0),
(4, 44, 4, 0),
(4, 45, 0, 0),
(4, 45, 1, 0),
(4, 45, 2, 0),
(4, 45, 3, 0),
(4, 45, 4, 0),
(4, 46, 0, 0),
(4, 46, 1, 0),
(4, 46, 2, 0),
(4, 46, 3, 0),
(4, 46, 4, 0),
(4, 47, 0, 0),
(4, 47, 1, 0),
(4, 47, 2, 0),
(4, 47, 3, 0),
(4, 47, 4, 0),
(5, 2, 0, 0),
(5, 2, 1, 0),
(5, 2, 2, 0),
(5, 2, 4, 0),
(5, 4, 0, 0),
(5, 4, 1, 0),
(5, 4, 2, 0),
(5, 4, 4, 0),
(5, 6, 0, 0),
(5, 6, 1, 0),
(5, 6, 2, 0),
(5, 6, 4, 0),
(5, 7, 0, 0),
(5, 7, 1, 0),
(5, 7, 2, 0),
(5, 7, 4, 0),
(5, 8, 0, 0),
(5, 8, 1, 0),
(5, 8, 2, 0),
(5, 8, 4, 0),
(5, 9, 0, 0),
(5, 9, 1, 0),
(5, 9, 2, 0),
(5, 9, 4, 0),
(5, 13, 0, 0),
(5, 13, 1, 0),
(5, 13, 2, 0),
(5, 13, 4, 0),
(5, 14, 0, 0),
(5, 14, 1, 0),
(5, 14, 2, 0),
(5, 14, 4, 0),
(5, 15, 0, 0),
(5, 15, 1, 0),
(5, 15, 2, 0),
(5, 15, 4, 0),
(5, 16, 0, 0),
(5, 16, 1, 0),
(5, 16, 2, 0),
(5, 16, 4, 0),
(5, 18, 0, 0),
(5, 18, 1, 0),
(5, 18, 2, 0),
(5, 18, 4, 0),
(5, 19, 0, 0),
(5, 19, 1, 0),
(5, 19, 2, 0),
(5, 19, 4, 0),
(5, 20, 0, 0),
(5, 20, 1, 0),
(5, 20, 2, 0),
(5, 20, 4, 0),
(5, 21, 0, 0),
(5, 21, 1, 0),
(5, 21, 2, 0),
(5, 21, 4, 0),
(5, 22, 0, 0),
(5, 22, 1, 0),
(5, 22, 2, 0),
(5, 22, 4, 0),
(5, 23, 0, 0),
(5, 23, 1, 0),
(5, 23, 2, 0),
(5, 23, 4, 0),
(5, 25, 0, 1),
(5, 25, 1, 1),
(5, 25, 2, 1),
(5, 25, 4, 1),
(5, 26, 0, 0),
(5, 26, 1, 0),
(5, 26, 2, 0),
(5, 26, 4, 0),
(5, 30, 0, 0),
(5, 30, 1, 0),
(5, 30, 2, 0),
(5, 30, 4, 0),
(5, 33, 0, 0),
(5, 33, 1, 0),
(5, 33, 2, 0),
(5, 33, 4, 0),
(5, 35, 0, 0),
(5, 35, 1, 0),
(5, 35, 2, 0),
(5, 35, 4, 0),
(5, 39, 0, 0),
(5, 39, 1, 0),
(5, 39, 2, 0),
(5, 39, 4, 0),
(5, 42, 0, 0),
(5, 42, 1, 0),
(5, 42, 2, 0),
(5, 42, 4, 0),
(5, 44, 0, 0),
(5, 44, 1, 0),
(5, 44, 2, 0),
(5, 44, 4, 0),
(5, 45, 0, 0),
(5, 45, 1, 0),
(5, 45, 2, 0),
(5, 45, 4, 0),
(5, 46, 0, 0),
(5, 46, 1, 0),
(5, 46, 2, 0),
(5, 46, 4, 0),
(5, 47, 0, 0),
(5, 47, 1, 0),
(5, 47, 2, 0),
(5, 47, 4, 0),
(6, 2, 0, 0),
(6, 2, 1, 0),
(6, 2, 2, 0),
(6, 2, 4, 0),
(6, 4, 0, 0),
(6, 4, 1, 0),
(6, 4, 2, 0),
(6, 4, 4, 0),
(6, 6, 0, 0),
(6, 6, 1, 0),
(6, 6, 2, 0),
(6, 6, 4, 0),
(6, 7, 0, 0),
(6, 7, 1, 0),
(6, 7, 2, 0),
(6, 7, 4, 0),
(6, 8, 0, 0),
(6, 8, 1, 0),
(6, 8, 2, 0),
(6, 8, 4, 0),
(6, 9, 0, 0),
(6, 9, 1, 0),
(6, 9, 2, 0),
(6, 9, 4, 0),
(6, 13, 0, 0),
(6, 13, 1, 0),
(6, 13, 2, 0),
(6, 13, 4, 0),
(6, 14, 0, 0),
(6, 14, 1, 0),
(6, 14, 2, 0),
(6, 14, 4, 0),
(6, 15, 0, 0),
(6, 15, 1, 0),
(6, 15, 2, 0),
(6, 15, 4, 0),
(6, 16, 0, 0),
(6, 16, 1, 0),
(6, 16, 2, 0),
(6, 16, 4, 0),
(6, 18, 0, 0),
(6, 18, 1, 0),
(6, 18, 2, 0),
(6, 18, 4, 0),
(6, 19, 0, 0),
(6, 19, 1, 0),
(6, 19, 2, 0),
(6, 19, 4, 0),
(6, 20, 0, 0),
(6, 20, 1, 0),
(6, 20, 2, 0),
(6, 20, 4, 0),
(6, 21, 0, 0),
(6, 21, 1, 0),
(6, 21, 2, 0),
(6, 21, 4, 0),
(6, 22, 0, 0),
(6, 22, 1, 0),
(6, 22, 2, 0),
(6, 22, 4, 0),
(6, 23, 0, 0),
(6, 23, 1, 0),
(6, 23, 2, 0),
(6, 23, 4, 0),
(6, 25, 0, 1),
(6, 25, 1, 1),
(6, 25, 2, 1),
(6, 25, 4, 1),
(6, 26, 0, 0),
(6, 26, 1, 0),
(6, 26, 2, 0),
(6, 26, 4, 0),
(6, 30, 0, 0),
(6, 30, 1, 0),
(6, 30, 2, 0),
(6, 30, 4, 0),
(6, 33, 0, 0),
(6, 33, 1, 0),
(6, 33, 2, 0),
(6, 33, 4, 0),
(6, 35, 0, 0),
(6, 35, 1, 0),
(6, 35, 2, 0),
(6, 35, 4, 0),
(6, 39, 0, 0),
(6, 39, 1, 0),
(6, 39, 2, 0),
(6, 39, 4, 0),
(6, 42, 0, 0),
(6, 42, 1, 0),
(6, 42, 2, 0),
(6, 42, 4, 0),
(6, 44, 0, 0),
(6, 44, 1, 0),
(6, 44, 2, 0),
(6, 44, 4, 0),
(6, 45, 0, 0),
(6, 45, 1, 0),
(6, 45, 2, 0),
(6, 45, 4, 0),
(6, 46, 0, 0),
(6, 46, 1, 0),
(6, 46, 2, 0),
(6, 46, 4, 0),
(6, 47, 0, 0),
(6, 47, 1, 0),
(6, 47, 2, 0),
(6, 47, 4, 0),
(7, 2, 0, 0),
(7, 2, 1, 0),
(7, 2, 2, 0),
(7, 2, 4, 0),
(7, 4, 0, 0),
(7, 4, 1, 0),
(7, 4, 2, 0),
(7, 4, 4, 0),
(7, 6, 0, 0),
(7, 6, 1, 0),
(7, 6, 2, 0),
(7, 6, 4, 0),
(7, 7, 0, 0),
(7, 7, 1, 0),
(7, 7, 2, 0),
(7, 7, 4, 0),
(7, 8, 0, 0),
(7, 8, 1, 0),
(7, 8, 2, 0),
(7, 8, 4, 0),
(7, 9, 0, 0),
(7, 9, 1, 0),
(7, 9, 2, 0),
(7, 9, 4, 0),
(7, 13, 0, 0),
(7, 13, 1, 0),
(7, 13, 2, 0),
(7, 13, 4, 0),
(7, 14, 0, 0),
(7, 14, 1, 0),
(7, 14, 2, 0),
(7, 14, 4, 0),
(7, 15, 0, 0),
(7, 15, 1, 0),
(7, 15, 2, 0),
(7, 15, 4, 0),
(7, 16, 0, 0),
(7, 16, 1, 0),
(7, 16, 2, 0),
(7, 16, 4, 0),
(7, 18, 0, 0),
(7, 18, 1, 0),
(7, 18, 2, 0),
(7, 18, 4, 0),
(7, 19, 0, 0),
(7, 19, 1, 0),
(7, 19, 2, 0),
(7, 19, 4, 0),
(7, 20, 0, 0),
(7, 20, 1, 0),
(7, 20, 2, 0),
(7, 20, 4, 0),
(7, 21, 0, 0),
(7, 21, 1, 0),
(7, 21, 2, 0),
(7, 21, 4, 0),
(7, 22, 0, 0),
(7, 22, 1, 0),
(7, 22, 2, 0),
(7, 22, 4, 0),
(7, 23, 0, 0),
(7, 23, 1, 0),
(7, 23, 2, 0),
(7, 23, 4, 0),
(7, 25, 0, 1),
(7, 25, 1, 1),
(7, 25, 2, 1),
(7, 25, 4, 1),
(7, 26, 0, 0),
(7, 26, 1, 0),
(7, 26, 2, 0),
(7, 26, 4, 0),
(7, 30, 0, 0),
(7, 30, 1, 0),
(7, 30, 2, 0),
(7, 30, 4, 0),
(7, 33, 0, 0),
(7, 33, 1, 0),
(7, 33, 2, 0),
(7, 33, 4, 0),
(7, 35, 0, 0),
(7, 35, 1, 0),
(7, 35, 2, 0),
(7, 35, 4, 0),
(7, 39, 0, 0),
(7, 39, 1, 0),
(7, 39, 2, 0),
(7, 39, 4, 0),
(7, 42, 0, 0),
(7, 42, 1, 0),
(7, 42, 2, 0),
(7, 42, 4, 0),
(7, 44, 0, 0),
(7, 44, 1, 0),
(7, 44, 2, 0),
(7, 44, 4, 0),
(7, 45, 0, 0),
(7, 45, 1, 0),
(7, 45, 2, 0),
(7, 45, 4, 0),
(7, 46, 0, 0),
(7, 46, 1, 0),
(7, 46, 2, 0),
(7, 46, 4, 0),
(7, 47, 0, 0),
(7, 47, 1, 0),
(7, 47, 2, 0),
(7, 47, 4, 0),
(8, 2, 0, 0),
(8, 2, 1, 0),
(8, 2, 2, 0),
(8, 2, 4, 0),
(8, 4, 0, 0),
(8, 4, 1, 0),
(8, 4, 2, 0),
(8, 4, 4, 0),
(8, 6, 0, 0),
(8, 6, 1, 0),
(8, 6, 2, 0),
(8, 6, 4, 0),
(8, 7, 0, 0),
(8, 7, 1, 0),
(8, 7, 2, 0),
(8, 7, 4, 0),
(8, 8, 0, 0),
(8, 8, 1, 0),
(8, 8, 2, 0),
(8, 8, 4, 0),
(8, 9, 0, 0),
(8, 9, 1, 0),
(8, 9, 2, 0),
(8, 9, 4, 0),
(8, 13, 0, 0),
(8, 13, 1, 0),
(8, 13, 2, 0),
(8, 13, 4, 0),
(8, 14, 0, 0),
(8, 14, 1, 0),
(8, 14, 2, 0),
(8, 14, 4, 0),
(8, 15, 0, 0),
(8, 15, 1, 0),
(8, 15, 2, 0),
(8, 15, 4, 0),
(8, 16, 0, 0),
(8, 16, 1, 0),
(8, 16, 2, 0),
(8, 16, 4, 0),
(8, 18, 0, 0),
(8, 18, 1, 0),
(8, 18, 2, 0),
(8, 18, 4, 0),
(8, 19, 0, 0),
(8, 19, 1, 0),
(8, 19, 2, 0),
(8, 19, 4, 0),
(8, 20, 0, 0),
(8, 20, 1, 0),
(8, 20, 2, 0),
(8, 20, 4, 0),
(8, 21, 0, 0),
(8, 21, 1, 0),
(8, 21, 2, 0),
(8, 21, 4, 0),
(8, 22, 0, 0),
(8, 22, 1, 0),
(8, 22, 2, 0),
(8, 22, 4, 0),
(8, 23, 0, 0),
(8, 23, 1, 0),
(8, 23, 2, 0),
(8, 23, 4, 0),
(8, 25, 0, 1),
(8, 25, 1, 1),
(8, 25, 2, 1),
(8, 25, 4, 1),
(8, 26, 0, 0),
(8, 26, 1, 0),
(8, 26, 2, 0),
(8, 26, 4, 0),
(8, 30, 0, 0),
(8, 30, 1, 0),
(8, 30, 2, 0),
(8, 30, 4, 0),
(8, 33, 0, 0),
(8, 33, 1, 0),
(8, 33, 2, 0),
(8, 33, 4, 0),
(8, 35, 0, 0),
(8, 35, 1, 0),
(8, 35, 2, 0),
(8, 35, 4, 0),
(8, 39, 0, 0),
(8, 39, 1, 0),
(8, 39, 2, 0),
(8, 39, 4, 0),
(8, 42, 0, 0),
(8, 42, 1, 0),
(8, 42, 2, 0),
(8, 42, 4, 0),
(8, 44, 0, 0),
(8, 44, 1, 0),
(8, 44, 2, 0),
(8, 44, 4, 0),
(8, 45, 0, 0),
(8, 45, 1, 0),
(8, 45, 2, 0),
(8, 45, 4, 0),
(8, 46, 0, 0),
(8, 46, 1, 0),
(8, 46, 2, 0),
(8, 46, 4, 0),
(8, 47, 0, 0),
(8, 47, 1, 0),
(8, 47, 2, 0),
(8, 47, 4, 0),
(9, 2, 0, 0),
(9, 2, 1, 0),
(9, 2, 2, 0),
(9, 2, 4, 0),
(9, 4, 0, 0),
(9, 4, 1, 0),
(9, 4, 2, 0),
(9, 4, 4, 0),
(9, 6, 0, 0),
(9, 6, 1, 0),
(9, 6, 2, 0),
(9, 6, 4, 0),
(9, 7, 0, 0),
(9, 7, 1, 0),
(9, 7, 2, 0),
(9, 7, 4, 0),
(9, 8, 0, 0),
(9, 8, 1, 0),
(9, 8, 2, 0),
(9, 8, 4, 0),
(9, 9, 0, 0),
(9, 9, 1, 0),
(9, 9, 2, 0),
(9, 9, 4, 0),
(9, 13, 0, 0),
(9, 13, 1, 0),
(9, 13, 2, 0),
(9, 13, 4, 0),
(9, 14, 0, 0),
(9, 14, 1, 0),
(9, 14, 2, 0),
(9, 14, 4, 0),
(9, 15, 0, 0),
(9, 15, 1, 0),
(9, 15, 2, 0),
(9, 15, 4, 0),
(9, 16, 0, 0),
(9, 16, 1, 0),
(9, 16, 2, 0),
(9, 16, 4, 0),
(9, 18, 0, 0),
(9, 18, 1, 0),
(9, 18, 2, 0),
(9, 18, 4, 0),
(9, 19, 0, 0),
(9, 19, 1, 0),
(9, 19, 2, 0),
(9, 19, 4, 0),
(9, 20, 0, 0),
(9, 20, 1, 0),
(9, 20, 2, 0),
(9, 20, 4, 0),
(9, 21, 0, 0),
(9, 21, 1, 0),
(9, 21, 2, 0),
(9, 21, 4, 0),
(9, 22, 0, 0),
(9, 22, 1, 0),
(9, 22, 2, 0),
(9, 22, 4, 0),
(9, 23, 0, 0),
(9, 23, 1, 0),
(9, 23, 2, 0),
(9, 23, 4, 0),
(9, 25, 0, 1),
(9, 25, 1, 1),
(9, 25, 2, 1),
(9, 25, 4, 1),
(9, 26, 0, 0),
(9, 26, 1, 0),
(9, 26, 2, 0),
(9, 26, 4, 0),
(9, 30, 0, 0),
(9, 30, 1, 0),
(9, 30, 2, 0),
(9, 30, 4, 0),
(9, 33, 0, 0),
(9, 33, 1, 0),
(9, 33, 2, 0),
(9, 33, 4, 0),
(9, 35, 0, 0),
(9, 35, 1, 0),
(9, 35, 2, 0),
(9, 35, 4, 0),
(9, 39, 0, 0),
(9, 39, 1, 0),
(9, 39, 2, 0),
(9, 39, 4, 0),
(9, 42, 0, 0),
(9, 42, 1, 0),
(9, 42, 2, 0),
(9, 42, 4, 0),
(9, 44, 0, 0),
(9, 44, 1, 0),
(9, 44, 2, 0),
(9, 44, 4, 0),
(9, 45, 0, 0),
(9, 45, 1, 0),
(9, 45, 2, 0),
(9, 45, 4, 0),
(9, 46, 0, 0),
(9, 46, 1, 0),
(9, 46, 2, 0),
(9, 46, 4, 0),
(9, 47, 0, 0),
(9, 47, 1, 0),
(9, 47, 2, 0),
(9, 47, 4, 0),
(10, 2, 0, 0),
(10, 2, 1, 0),
(10, 2, 2, 0),
(10, 2, 4, 0),
(10, 4, 0, 0),
(10, 4, 1, 0),
(10, 4, 2, 0),
(10, 4, 4, 0),
(10, 6, 0, 0),
(10, 6, 1, 0),
(10, 6, 2, 0),
(10, 6, 4, 0),
(10, 7, 0, 0),
(10, 7, 1, 0),
(10, 7, 2, 0),
(10, 7, 4, 0),
(10, 8, 0, 0),
(10, 8, 1, 0),
(10, 8, 2, 0),
(10, 8, 4, 0),
(10, 9, 0, 0),
(10, 9, 1, 0),
(10, 9, 2, 0),
(10, 9, 4, 0),
(10, 13, 0, 0),
(10, 13, 1, 0),
(10, 13, 2, 0),
(10, 13, 4, 0),
(10, 14, 0, 0),
(10, 14, 1, 0),
(10, 14, 2, 0),
(10, 14, 4, 0),
(10, 15, 0, 0),
(10, 15, 1, 0),
(10, 15, 2, 0),
(10, 15, 4, 0),
(10, 16, 0, 0),
(10, 16, 1, 0),
(10, 16, 2, 0),
(10, 16, 4, 0),
(10, 18, 0, 0),
(10, 18, 1, 0),
(10, 18, 2, 0),
(10, 18, 4, 0),
(10, 19, 0, 0),
(10, 19, 1, 0),
(10, 19, 2, 0),
(10, 19, 4, 0),
(10, 20, 0, 0),
(10, 20, 1, 0),
(10, 20, 2, 0),
(10, 20, 4, 0),
(10, 21, 0, 0),
(10, 21, 1, 0),
(10, 21, 2, 0),
(10, 21, 4, 0),
(10, 22, 0, 0),
(10, 22, 1, 0),
(10, 22, 2, 0),
(10, 22, 4, 0),
(10, 23, 0, 0),
(10, 23, 1, 0),
(10, 23, 2, 0),
(10, 23, 4, 0),
(10, 25, 0, 1),
(10, 25, 1, 1),
(10, 25, 2, 1),
(10, 25, 4, 1),
(10, 26, 0, 0),
(10, 26, 1, 0),
(10, 26, 2, 0),
(10, 26, 4, 0),
(10, 30, 0, 0),
(10, 30, 1, 0),
(10, 30, 2, 0),
(10, 30, 4, 0),
(10, 33, 0, 0),
(10, 33, 1, 0),
(10, 33, 2, 0),
(10, 33, 4, 0),
(10, 35, 0, 0),
(10, 35, 1, 0),
(10, 35, 2, 0),
(10, 35, 4, 0),
(10, 39, 0, 0),
(10, 39, 1, 0),
(10, 39, 2, 0),
(10, 39, 4, 0),
(10, 42, 0, 0),
(10, 42, 1, 0),
(10, 42, 2, 0),
(10, 42, 4, 0),
(10, 44, 0, 0),
(10, 44, 1, 0),
(10, 44, 2, 0),
(10, 44, 4, 0),
(10, 45, 0, 0),
(10, 45, 1, 0),
(10, 45, 2, 0),
(10, 45, 4, 0),
(10, 46, 0, 0),
(10, 46, 1, 0),
(10, 46, 2, 0),
(10, 46, 4, 0),
(10, 47, 0, 0),
(10, 47, 1, 0),
(10, 47, 2, 0),
(10, 47, 4, 0),
(11, 2, 0, 0),
(11, 2, 1, 0),
(11, 2, 2, 0),
(11, 2, 4, 0),
(11, 4, 0, 0),
(11, 4, 1, 0),
(11, 4, 2, 0),
(11, 4, 4, 0),
(11, 6, 0, 0),
(11, 6, 1, 0),
(11, 6, 2, 0),
(11, 6, 4, 0),
(11, 7, 0, 0),
(11, 7, 1, 0),
(11, 7, 2, 0),
(11, 7, 4, 0),
(11, 8, 0, 0),
(11, 8, 1, 0),
(11, 8, 2, 0),
(11, 8, 4, 0),
(11, 9, 0, 0),
(11, 9, 1, 0),
(11, 9, 2, 0),
(11, 9, 4, 0),
(11, 13, 0, 0),
(11, 13, 1, 0),
(11, 13, 2, 0),
(11, 13, 4, 0),
(11, 14, 0, 0),
(11, 14, 1, 0),
(11, 14, 2, 0),
(11, 14, 4, 0),
(11, 15, 0, 0),
(11, 15, 1, 0),
(11, 15, 2, 0),
(11, 15, 4, 0),
(11, 16, 0, 0),
(11, 16, 1, 0),
(11, 16, 2, 0),
(11, 16, 4, 0),
(11, 18, 0, 0),
(11, 18, 1, 0),
(11, 18, 2, 0),
(11, 18, 4, 0),
(11, 19, 0, 0),
(11, 19, 1, 0),
(11, 19, 2, 0),
(11, 19, 4, 0),
(11, 20, 0, 0),
(11, 20, 1, 0),
(11, 20, 2, 0),
(11, 20, 4, 0),
(11, 21, 0, 0),
(11, 21, 1, 0),
(11, 21, 2, 0),
(11, 21, 4, 0),
(11, 22, 0, 0),
(11, 22, 1, 0),
(11, 22, 2, 0),
(11, 22, 4, 0),
(11, 23, 0, 0),
(11, 23, 1, 0),
(11, 23, 2, 0),
(11, 23, 4, 0),
(11, 25, 0, 1),
(11, 25, 1, 1),
(11, 25, 2, 1),
(11, 25, 4, 1),
(11, 26, 0, 0),
(11, 26, 1, 0),
(11, 26, 2, 0),
(11, 26, 4, 0),
(11, 30, 0, 0),
(11, 30, 1, 0),
(11, 30, 2, 0),
(11, 30, 4, 0),
(11, 33, 0, 0),
(11, 33, 1, 0),
(11, 33, 2, 0),
(11, 33, 4, 0),
(11, 35, 0, 0),
(11, 35, 1, 0),
(11, 35, 2, 0),
(11, 35, 4, 0),
(11, 39, 0, 0),
(11, 39, 1, 0),
(11, 39, 2, 0),
(11, 39, 4, 0),
(11, 42, 0, 0),
(11, 42, 1, 0),
(11, 42, 2, 0),
(11, 42, 4, 0),
(11, 44, 0, 0),
(11, 44, 1, 0),
(11, 44, 2, 0),
(11, 44, 4, 0),
(11, 45, 0, 0),
(11, 45, 1, 0),
(11, 45, 2, 0),
(11, 45, 4, 0),
(11, 46, 0, 0),
(11, 46, 1, 0),
(11, 46, 2, 0),
(11, 46, 4, 0),
(11, 47, 0, 0),
(11, 47, 1, 0),
(11, 47, 2, 0),
(11, 47, 4, 0),
(12, 2, 0, 0),
(12, 2, 1, 0),
(12, 2, 2, 0),
(12, 2, 4, 0),
(12, 4, 0, 0),
(12, 4, 1, 0),
(12, 4, 2, 0),
(12, 4, 4, 0),
(12, 6, 0, 0),
(12, 6, 1, 0),
(12, 6, 2, 0),
(12, 6, 4, 0),
(12, 7, 0, 0),
(12, 7, 1, 0),
(12, 7, 2, 0),
(12, 7, 4, 0),
(12, 8, 0, 0),
(12, 8, 1, 0),
(12, 8, 2, 0),
(12, 8, 4, 0),
(12, 9, 0, 0),
(12, 9, 1, 0),
(12, 9, 2, 0),
(12, 9, 4, 0),
(12, 13, 0, 0),
(12, 13, 1, 0),
(12, 13, 2, 0),
(12, 13, 4, 0),
(12, 14, 0, 0),
(12, 14, 1, 0),
(12, 14, 2, 0),
(12, 14, 4, 0),
(12, 15, 0, 0),
(12, 15, 1, 0),
(12, 15, 2, 0),
(12, 15, 4, 0),
(12, 16, 0, 0),
(12, 16, 1, 0),
(12, 16, 2, 0),
(12, 16, 4, 0),
(12, 18, 0, 0),
(12, 18, 1, 0),
(12, 18, 2, 0),
(12, 18, 4, 0),
(12, 19, 0, 0),
(12, 19, 1, 0),
(12, 19, 2, 0),
(12, 19, 4, 0),
(12, 20, 0, 0),
(12, 20, 1, 0),
(12, 20, 2, 0),
(12, 20, 4, 0),
(12, 21, 0, 0),
(12, 21, 1, 0),
(12, 21, 2, 0),
(12, 21, 4, 0),
(12, 22, 0, 0),
(12, 22, 1, 0),
(12, 22, 2, 0),
(12, 22, 4, 0),
(12, 23, 0, 0),
(12, 23, 1, 0),
(12, 23, 2, 0),
(12, 23, 4, 0),
(12, 25, 0, 1),
(12, 25, 1, 1),
(12, 25, 2, 1),
(12, 25, 4, 1),
(12, 26, 0, 0),
(12, 26, 1, 0),
(12, 26, 2, 0),
(12, 26, 4, 0),
(12, 30, 0, 0),
(12, 30, 1, 0),
(12, 30, 2, 0),
(12, 30, 4, 0),
(12, 33, 0, 0),
(12, 33, 1, 0),
(12, 33, 2, 0),
(12, 33, 4, 0),
(12, 35, 0, 0),
(12, 35, 1, 0),
(12, 35, 2, 0),
(12, 35, 4, 0),
(12, 39, 0, 0),
(12, 39, 1, 0),
(12, 39, 2, 0),
(12, 39, 4, 0),
(12, 42, 0, 0),
(12, 42, 1, 0),
(12, 42, 2, 0),
(12, 42, 4, 0),
(12, 44, 0, 0),
(12, 44, 1, 0),
(12, 44, 2, 0),
(12, 44, 4, 0),
(12, 45, 0, 0),
(12, 45, 1, 0),
(12, 45, 2, 0),
(12, 45, 4, 0),
(12, 46, 0, 0),
(12, 46, 1, 0),
(12, 46, 2, 0),
(12, 46, 4, 0),
(12, 47, 0, 0),
(12, 47, 1, 0),
(12, 47, 2, 0),
(12, 47, 4, 0),
(13, 2, 0, 0),
(13, 2, 1, 0),
(13, 2, 2, 0),
(13, 2, 4, 0),
(13, 4, 0, 0),
(13, 4, 1, 0),
(13, 4, 2, 0),
(13, 4, 4, 0),
(13, 6, 0, 0),
(13, 6, 1, 0),
(13, 6, 2, 0),
(13, 6, 4, 0),
(13, 7, 0, 0),
(13, 7, 1, 0),
(13, 7, 2, 0),
(13, 7, 4, 0),
(13, 8, 0, 0),
(13, 8, 1, 0),
(13, 8, 2, 0),
(13, 8, 4, 0),
(13, 9, 0, 0),
(13, 9, 1, 0),
(13, 9, 2, 0),
(13, 9, 4, 0),
(13, 13, 0, 0),
(13, 13, 1, 0),
(13, 13, 2, 0),
(13, 13, 4, 0),
(13, 14, 0, 0),
(13, 14, 1, 0),
(13, 14, 2, 0),
(13, 14, 4, 0),
(13, 15, 0, 0),
(13, 15, 1, 0),
(13, 15, 2, 0),
(13, 15, 4, 0),
(13, 16, 0, 0),
(13, 16, 1, 0),
(13, 16, 2, 0),
(13, 16, 4, 0),
(13, 18, 0, 0),
(13, 18, 1, 0),
(13, 18, 2, 0),
(13, 18, 4, 0),
(13, 19, 0, 0),
(13, 19, 1, 0),
(13, 19, 2, 0),
(13, 19, 4, 0),
(13, 20, 0, 0),
(13, 20, 1, 0),
(13, 20, 2, 0),
(13, 20, 4, 0),
(13, 21, 0, 0),
(13, 21, 1, 0),
(13, 21, 2, 0),
(13, 21, 4, 0),
(13, 22, 0, 0),
(13, 22, 1, 0),
(13, 22, 2, 0),
(13, 22, 4, 0),
(13, 23, 0, 0),
(13, 23, 1, 0),
(13, 23, 2, 0),
(13, 23, 4, 0),
(13, 25, 0, 1),
(13, 25, 1, 1),
(13, 25, 2, 1),
(13, 25, 4, 1),
(13, 26, 0, 0),
(13, 26, 1, 0),
(13, 26, 2, 0),
(13, 26, 4, 0),
(13, 30, 0, 0),
(13, 30, 1, 0),
(13, 30, 2, 0),
(13, 30, 4, 0),
(13, 33, 0, 0),
(13, 33, 1, 0),
(13, 33, 2, 0),
(13, 33, 4, 0),
(13, 35, 0, 0),
(13, 35, 1, 0),
(13, 35, 2, 0),
(13, 35, 4, 0),
(13, 39, 0, 0),
(13, 39, 1, 0),
(13, 39, 2, 0),
(13, 39, 4, 0),
(13, 42, 0, 0),
(13, 42, 1, 0),
(13, 42, 2, 0),
(13, 42, 4, 0),
(13, 44, 0, 0),
(13, 44, 1, 0),
(13, 44, 2, 0),
(13, 44, 4, 0),
(13, 45, 0, 0),
(13, 45, 1, 0),
(13, 45, 2, 0),
(13, 45, 4, 0),
(13, 46, 0, 0),
(13, 46, 1, 0),
(13, 46, 2, 0),
(13, 46, 4, 0),
(13, 47, 0, 0),
(13, 47, 1, 0),
(13, 47, 2, 0),
(13, 47, 4, 0);

-- --------------------------------------------------------

--
-- 表的结构 `vtiger_profile2tab`
--

CREATE TABLE IF NOT EXISTS `vtiger_profile2tab` (
  `profileid` int(11) DEFAULT NULL,
  `tabid` int(10) DEFAULT NULL,
  `permissions` int(10) NOT NULL DEFAULT '0'
) ENGINE=InnoDB DEFAULT CHARSET=utf8;

--
-- 转存表中的数据 `vtiger_profile2tab`
--

INSERT INTO `vtiger_profile2tab` (`profileid`, `tabid`, `permissions`) VALUES
(1, 1, 0),
(1, 2, 0),
(1, 3, 0),
(1, 4, 0),
(1, 6, 0),
(1, 7, 0),
(1, 8, 0),
(1, 9, 0),
(1, 10, 0),
(1, 13, 0),
(1, 14, 0),
(1, 15, 0),
(1, 16, 0),
(1, 18, 0),
(1, 19, 0),
(1, 20, 0),
(1, 21, 0),
(1, 22, 0),
(1, 23, 0),
(1, 24, 0),
(1, 25, 0),
(1, 26, 0),
(1, 27, 0),
(2, 3, 0),
(3, 1, 0),
(3, 2, 0),
(3, 3, 0),
(3, 4, 0),
(3, 6, 0),
(3, 7, 0),
(3, 8, 0),
(3, 9, 0),
(3, 10, 0),
(3, 13, 0),
(3, 14, 0),
(3, 15, 0),
(3, 16, 0),
(3, 18, 0),
(3, 19, 0),
(3, 20, 0),
(3, 21, 0),
(3, 22, 0),
(3, 23, 0),
(3, 24, 0),
(3, 25, 0),
(3, 26, 0),
(3, 27, 0),
(4, 1, 0),
(4, 2, 0),
(4, 3, 0),
(4, 4, 0),
(4, 6, 0),
(4, 7, 0),
(4, 8, 0),
(4, 9, 0),
(4, 10, 0),
(4, 13, 0),
(4, 14, 0),
(4, 15, 0),
(4, 16, 0),
(4, 18, 0),
(4, 19, 0),
(4, 20, 0),
(4, 21, 0),
(4, 22, 0),
(4, 23, 0),
(4, 24, 0),
(4, 25, 0),
(4, 26, 0),
(4, 27, 0),
(1, 30, 0),
(3, 30, 0),
(4, 30, 0),
(1, 31, 0),
(3, 31, 0),
(4, 31, 0),
(1, 32, 0),
(2, 32, 0),
(3, 32, 0),
(4, 32, 0),
(1, 33, 0),
(3, 33, 0),
(4, 33, 0),
(1, 34, 0),
(2, 34, 0),
(3, 34, 0),
(4, 34, 0),
(1, 35, 0),
(3, 35, 0),
(4, 35, 0),
(1, 36, 0),
(2, 36, 0),
(3, 36, 0),
(4, 36, 0),
(1, 37, 0),
(2, 37, 0),
(3, 37, 0),
(4, 37, 0),
(1, 38, 0),
(3, 38, 0),
(4, 38, 0),
(1, 39, 0),
(3, 39, 0),
(4, 39, 0),
(1, 40, 0),
(3, 40, 0),
(4, 40, 0),
(1, 41, 0),
(3, 41, 0),
(4, 41, 0),
(1, 42, 0),
(3, 42, 0),
(4, 42, 0),
(1, 43, 0),
(2, 43, 0),
(3, 43, 0),
(4, 43, 0),
(1, 44, 0),
(3, 44, 0),
(4, 44, 0),
(1, 45, 0),
(3, 45, 0),
(4, 45, 0),
(1, 46, 0),
(3, 46, 0),
(4, 46, 0),
(1, 47, 0),
(3, 47, 0),
(4, 47, 0),
(1, 48, 0),
(3, 48, 0),
(4, 48, 0),
(1, 49, 0),
(3, 49, 0),
(4, 49, 0),
(2, 1, 0),
(2, 2, 0),
(2, 4, 0),
(2, 6, 0),
(2, 7, 0),
(2, 8, 0),
(2, 9, 0),
(2, 10, 0),
(2, 13, 0),
(2, 14, 0),
(2, 15, 0),
(2, 18, 0),
(2, 19, 0),
(2, 20, 0),
(2, 21, 0),
(2, 22, 0),
(2, 23, 0),
(2, 24, 0),
(2, 25, 0),
(2, 26, 0),
(2, 27, 0),
(2, 30, 0),
(2, 31, 0),
(2, 33, 0),
(2, 35, 0),
(2, 38, 0),
(2, 39, 0),
(2, 40, 0),
(2, 41, 0),
(2, 42, 0),
(2, 44, 0),
(2, 45, 0),
(2, 46, 0),
(2, 47, 0),
(2, 48, 0),
(2, 49, 0),
(2, 16, 0),
(5, 1, 0),
(5, 2, 0),
(5, 4, 0),
(5, 6, 0),
(5, 7, 0),
(5, 8, 0),
(5, 9, 0),
(5, 10, 0),
(5, 13, 0),
(5, 14, 0),
(5, 15, 0),
(5, 18, 0),
(5, 19, 0),
(5, 20, 0),
(5, 21, 0),
(5, 22, 0),
(5, 23, 0),
(5, 24, 0),
(5, 25, 0),
(5, 26, 0),
(5, 27, 0),
(5, 30, 0),
(5, 31, 0),
(5, 33, 0),
(5, 35, 0),
(5, 38, 0),
(5, 39, 0),
(5, 40, 0),
(5, 41, 0),
(5, 42, 0),
(5, 44, 0),
(5, 45, 0),
(5, 46, 0),
(5, 47, 0),
(5, 48, 0),
(5, 49, 0),
(5, 16, 0),
(7, 1, 0),
(7, 2, 0),
(7, 4, 0),
(7, 6, 0),
(7, 7, 0),
(7, 8, 0),
(7, 9, 0),
(7, 10, 0),
(7, 13, 0),
(7, 14, 0),
(7, 15, 0),
(7, 18, 0),
(7, 19, 0),
(7, 20, 0),
(7, 21, 0),
(7, 22, 0),
(7, 23, 0),
(7, 24, 0),
(7, 25, 0),
(7, 26, 0),
(7, 27, 0),
(7, 30, 0),
(7, 31, 0),
(7, 33, 0),
(7, 35, 0),
(7, 38, 0),
(7, 39, 0),
(7, 40, 0),
(7, 41, 0),
(7, 42, 0),
(7, 44, 0),
(7, 45, 0),
(7, 46, 0),
(7, 47, 0),
(7, 48, 0),
(7, 49, 0),
(7, 16, 0),
(8, 1, 0),
(8, 2, 0),
(8, 4, 0),
(8, 6, 0),
(8, 7, 0),
(8, 8, 0),
(8, 9, 0),
(8, 10, 0),
(8, 13, 0),
(8, 14, 0),
(8, 15, 0),
(8, 18, 0),
(8, 19, 0),
(8, 20, 0),
(8, 21, 0),
(8, 22, 0),
(8, 23, 0),
(8, 24, 0),
(8, 25, 0),
(8, 26, 0),
(8, 27, 0),
(8, 30, 0),
(8, 31, 0),
(8, 33, 0),
(8, 35, 0),
(8, 38, 0),
(8, 39, 0),
(8, 40, 0),
(8, 41, 0),
(8, 42, 0),
(8, 44, 0),
(8, 45, 0),
(8, 46, 0),
(8, 47, 0),
(8, 48, 0),
(8, 49, 0),
(8, 16, 0),
(6, 1, 0),
(6, 2, 0),
(6, 4, 0),
(6, 6, 0),
(6, 7, 0),
(6, 8, 0),
(6, 9, 0),
(6, 10, 0),
(6, 13, 0),
(6, 14, 0),
(6, 15, 0),
(6, 18, 0),
(6, 19, 0),
(6, 20, 0),
(6, 21, 0),
(6, 22, 0),
(6, 23, 0),
(6, 24, 0),
(6, 25, 0),
(6, 26, 0),
(6, 27, 0),
(6, 30, 0),
(6, 31, 0),
(6, 33, 0),
(6, 35, 0),
(6, 38, 0),
(6, 39, 0),
(6, 40, 0),
(6, 41, 0),
(6, 42, 0),
(6, 44, 0),
(6, 45, 0),
(6, 46, 0),
(6, 47, 0),
(6, 48, 0),
(6, 49, 0),
(6, 16, 0),
(9, 1, 0),
(9, 2, 0),
(9, 4, 0),
(9, 6, 0),
(9, 7, 0),
(9, 8, 0),
(9, 9, 0),
(9, 10, 0),
(9, 13, 0),
(9, 14, 0),
(9, 15, 0),
(9, 18, 0),
(9, 19, 0),
(9, 20, 0),
(9, 21, 0),
(9, 22, 0),
(9, 23, 0),
(9, 24, 0),
(9, 25, 0),
(9, 26, 0),
(9, 27, 0),
(9, 30, 0),
(9, 31, 0),
(9, 33, 0),
(9, 35, 0),
(9, 38, 0),
(9, 39, 0),
(9, 40, 0),
(9, 41, 0),
(9, 42, 0),
(9, 44, 0),
(9, 45, 0),
(9, 46, 0),
(9, 47, 0),
(9, 48, 0),
(9, 49, 0),
(9, 16, 0),
(10, 1, 0),
(10, 2, 0),
(10, 4, 0),
(10, 6, 0),
(10, 7, 0),
(10, 8, 0),
(10, 9, 0),
(10, 10, 0),
(10, 13, 0),
(10, 14, 0),
(10, 15, 0),
(10, 18, 0),
(10, 19, 0),
(10, 20, 0),
(10, 21, 0),
(10, 22, 0),
(10, 23, 0),
(10, 24, 0),
(10, 25, 0),
(10, 26, 0),
(10, 27, 0),
(10, 30, 0),
(10, 31, 0),
(10, 33, 0),
(10, 35, 0),
(10, 38, 0),
(10, 39, 0),
(10, 40, 0),
(10, 41, 0),
(10, 42, 0),
(10, 44, 0),
(10, 45, 0),
(10, 46, 0),
(10, 47, 0),
(10, 48, 0),
(10, 49, 0),
(10, 16, 0),
(11, 1, 0),
(11, 2, 0),
(11, 4, 0),
(11, 6, 0),
(11, 7, 0),
(11, 8, 0),
(11, 9, 0),
(11, 10, 0),
(11, 13, 0),
(11, 14, 0),
(11, 15, 0),
(11, 18, 0),
(11, 19, 0),
(11, 20, 0),
(11, 21, 0),
(11, 22, 0),
(11, 23, 0),
(11, 24, 0),
(11, 25, 0),
(11, 26, 0),
(11, 27, 0),
(11, 30, 0),
(11, 31, 0),
(11, 33, 0),
(11, 35, 0),
(11, 38, 0),
(11, 39, 0),
(11, 40, 0),
(11, 41, 0),
(11, 42, 0),
(11, 44, 0),
(11, 45, 0),
(11, 46, 0),
(11, 47, 0),
(11, 48, 0),
(11, 49, 0),
(11, 16, 0),
(12, 1, 0),
(12, 2, 0),
(12, 4, 0),
(12, 6, 0),
(12, 7, 0),
(12, 8, 0),
(12, 9, 0),
(12, 10, 0),
(12, 13, 0),
(12, 14, 0),
(12, 15, 0),
(12, 18, 0),
(12, 19, 0),
(12, 20, 0),
(12, 21, 0),
(12, 22, 0),
(12, 23, 0),
(12, 24, 0),
(12, 25, 0),
(12, 26, 0),
(12, 27, 0),
(12, 30, 0),
(12, 31, 0),
(12, 33, 0),
(12, 35, 0),
(12, 38, 0),
(12, 39, 0),
(12, 40, 0),
(12, 41, 0),
(12, 42, 0),
(12, 44, 0),
(12, 45, 0),
(12, 46, 0),
(12, 47, 0),
(12, 48, 0),
(12, 49, 0),
(12, 16, 0),
(13, 1, 0),
(13, 2, 0),
(13, 4, 0),
(13, 6, 0),
(13, 7, 0),
(13, 8, 0),
(13, 9, 0),
(13, 10, 0),
(13, 13, 0),
(13, 14, 0),
(13, 15, 0),
(13, 18, 0),
(13, 19, 0),
(13, 20, 0),
(13, 21, 0),
(13, 22, 0),
(13, 23, 0),
(13, 24, 0),
(13, 25, 0),
(13, 26, 0),
(13, 27, 0),
(13, 30, 0),
(13, 31, 0),
(13, 33, 0),
(13, 35, 0),
(13, 38, 0),
(13, 39, 0),
(13, 40, 0),
(13, 41, 0),
(13, 42, 0),
(13, 44, 0),
(13, 45, 0),
(13, 46, 0),
(13, 47, 0),
(13, 48, 0),
(13, 49, 0),
(13, 16, 0);

-- --------------------------------------------------------

--
-- 表的结构 `vtiger_profile2utility`
--

CREATE TABLE IF NOT EXISTS `vtiger_profile2utility` (
  `profileid` int(11) NOT NULL,
  `tabid` int(11) NOT NULL,
  `activityid` int(11) NOT NULL,
  `permission` int(1) DEFAULT NULL
) ENGINE=InnoDB DEFAULT CHARSET=utf8;

--
-- 转存表中的数据 `vtiger_profile2utility`
--

INSERT INTO `vtiger_profile2utility` (`profileid`, `tabid`, `activityid`, `permission`) VALUES
(1, 2, 5, 0),
(1, 2, 6, 0),
(1, 2, 10, 0),
(1, 4, 5, 0),
(1, 4, 6, 0),
(1, 4, 8, 0),
(1, 4, 10, 0),
(1, 6, 5, 0),
(1, 6, 6, 0),
(1, 6, 8, 0),
(1, 6, 10, 0),
(1, 7, 5, 0),
(1, 7, 6, 0),
(1, 7, 8, 0),
(1, 7, 9, 0),
(1, 7, 10, 0),
(1, 8, 6, 0),
(1, 9, 5, 0),
(1, 9, 6, 0),
(1, 13, 5, 0),
(1, 13, 6, 0),
(1, 13, 8, 0),
(1, 13, 10, 0),
(1, 14, 5, 0),
(1, 14, 6, 0),
(1, 14, 10, 0),
(1, 18, 5, 0),
(1, 18, 6, 0),
(1, 18, 10, 0),
(1, 19, 5, 0),
(1, 19, 6, 0),
(1, 19, 10, 0),
(1, 20, 5, 0),
(1, 20, 6, 0),
(1, 21, 5, 0),
(1, 21, 6, 0),
(1, 22, 5, 0),
(1, 22, 6, 0),
(1, 23, 5, 0),
(1, 23, 6, 0),
(1, 25, 6, 0),
(1, 25, 13, 0),
(1, 30, 5, 0),
(1, 30, 6, 0),
(1, 30, 10, 0),
(1, 33, 5, 0),
(1, 33, 6, 0),
(1, 33, 10, 0),
(1, 35, 11, 0),
(1, 35, 12, 0),
(1, 40, 5, 0),
(1, 40, 6, 0),
(1, 40, 10, 0),
(1, 44, 5, 0),
(1, 44, 6, 0),
(1, 44, 10, 0),
(1, 45, 5, 0),
(1, 45, 6, 0),
(1, 45, 10, 0),
(1, 46, 5, 0),
(1, 46, 6, 0),
(1, 46, 10, 0),
(2, 2, 5, 1),
(2, 2, 6, 1),
(2, 2, 10, 0),
(2, 4, 5, 1),
(2, 4, 6, 1),
(2, 4, 8, 1),
(2, 4, 10, 0),
(2, 6, 5, 1),
(2, 6, 6, 1),
(2, 6, 8, 1),
(2, 6, 10, 0),
(2, 7, 5, 1),
(2, 7, 6, 1),
(2, 7, 8, 1),
(2, 7, 9, 0),
(2, 7, 10, 0),
(2, 8, 6, 1),
(2, 9, 5, 0),
(2, 9, 6, 0),
(2, 13, 5, 1),
(2, 13, 6, 1),
(2, 13, 8, 1),
(2, 13, 10, 0),
(2, 14, 5, 1),
(2, 14, 6, 1),
(2, 14, 10, 0),
(2, 18, 5, 1),
(2, 18, 6, 1),
(2, 18, 10, 0),
(2, 19, 5, 1),
(2, 19, 6, 1),
(2, 19, 10, 0),
(2, 20, 5, 0),
(2, 20, 6, 0),
(2, 21, 5, 0),
(2, 21, 6, 0),
(2, 22, 5, 0),
(2, 22, 6, 0),
(2, 23, 5, 0),
(2, 23, 6, 0),
(2, 25, 6, 0),
(2, 25, 13, 0),
(2, 30, 5, 0),
(2, 30, 6, 0),
(2, 30, 10, 0),
(2, 33, 5, 0),
(2, 33, 6, 0),
(2, 33, 10, 0),
(2, 35, 11, 0),
(2, 35, 12, 0),
(2, 40, 5, 1),
(2, 40, 6, 1),
(2, 40, 10, 0),
(2, 44, 5, 0),
(2, 44, 6, 0),
(2, 44, 10, 0),
(2, 45, 5, 0),
(2, 45, 6, 0),
(2, 45, 10, 0),
(2, 46, 5, 0),
(2, 46, 6, 0),
(2, 46, 10, 0),
(3, 2, 5, 1),
(3, 2, 6, 1),
(3, 2, 10, 0),
(3, 4, 5, 1),
(3, 4, 6, 1),
(3, 4, 8, 0),
(3, 4, 10, 0),
(3, 6, 5, 1),
(3, 6, 6, 1),
(3, 6, 8, 0),
(3, 6, 10, 0),
(3, 7, 5, 1),
(3, 7, 6, 1),
(3, 7, 8, 0),
(3, 7, 9, 0),
(3, 7, 10, 0),
(3, 8, 6, 1),
(3, 9, 5, 0),
(3, 9, 6, 0),
(3, 13, 5, 1),
(3, 13, 6, 1),
(3, 13, 8, 0),
(3, 13, 10, 0),
(3, 14, 5, 1),
(3, 14, 6, 1),
(3, 14, 10, 0),
(3, 18, 5, 1),
(3, 18, 6, 1),
(3, 18, 10, 0),
(3, 19, 5, 1),
(3, 19, 6, 1),
(3, 19, 10, 0),
(3, 20, 5, 0),
(3, 20, 6, 0),
(3, 21, 5, 0),
(3, 21, 6, 0),
(3, 22, 5, 0),
(3, 22, 6, 0),
(3, 23, 5, 0),
(3, 23, 6, 0),
(3, 25, 6, 0),
(3, 25, 13, 0),
(3, 30, 5, 0),
(3, 30, 6, 0),
(3, 30, 10, 0),
(3, 33, 5, 0),
(3, 33, 6, 0),
(3, 33, 10, 0),
(3, 35, 11, 0),
(3, 35, 12, 0),
(3, 40, 5, 1),
(3, 40, 6, 1),
(3, 40, 10, 0),
(3, 44, 5, 0),
(3, 44, 6, 0),
(3, 44, 10, 0),
(3, 45, 5, 0),
(3, 45, 6, 0),
(3, 45, 10, 0),
(3, 46, 5, 0),
(3, 46, 6, 0),
(3, 46, 10, 0),
(4, 2, 5, 1),
(4, 2, 6, 1),
(4, 2, 10, 0),
(4, 4, 5, 1),
(4, 4, 6, 1),
(4, 4, 8, 1),
(4, 4, 10, 0),
(4, 6, 5, 1),
(4, 6, 6, 1),
(4, 6, 8, 1),
(4, 6, 10, 0),
(4, 7, 5, 1),
(4, 7, 6, 1),
(4, 7, 8, 1),
(4, 7, 9, 0),
(4, 7, 10, 0),
(4, 8, 6, 1),
(4, 9, 5, 0),
(4, 9, 6, 0),
(4, 13, 5, 1),
(4, 13, 6, 1),
(4, 13, 8, 1),
(4, 13, 10, 0),
(4, 14, 5, 1),
(4, 14, 6, 1),
(4, 14, 10, 0),
(4, 18, 5, 1),
(4, 18, 6, 1),
(4, 18, 10, 0),
(4, 19, 5, 1),
(4, 19, 6, 1),
(4, 19, 10, 0),
(4, 20, 5, 0),
(4, 20, 6, 0),
(4, 21, 5, 0),
(4, 21, 6, 0),
(4, 22, 5, 0),
(4, 22, 6, 0),
(4, 23, 5, 0),
(4, 23, 6, 0),
(4, 25, 6, 0),
(4, 25, 13, 0),
(4, 30, 5, 0),
(4, 30, 6, 0),
(4, 30, 10, 0),
(4, 33, 5, 0),
(4, 33, 6, 0),
(4, 33, 10, 0),
(4, 35, 11, 0),
(4, 35, 12, 0),
(4, 40, 5, 1),
(4, 40, 6, 1),
(4, 40, 10, 0),
(4, 44, 5, 0),
(4, 44, 6, 0),
(4, 44, 10, 0),
(4, 45, 5, 0),
(4, 45, 6, 0),
(4, 45, 10, 0),
(4, 46, 5, 0),
(4, 46, 6, 0),
(4, 46, 10, 0),
(5, 2, 5, 0),
(5, 2, 6, 0),
(5, 2, 10, 0),
(5, 4, 5, 0),
(5, 4, 6, 0),
(5, 4, 10, 0),
(5, 6, 5, 0),
(5, 6, 6, 0),
(5, 6, 10, 0),
(5, 7, 5, 0),
(5, 7, 6, 0),
(5, 7, 9, 0),
(5, 7, 10, 0),
(5, 8, 6, 0),
(5, 9, 5, 0),
(5, 9, 6, 0),
(5, 13, 5, 0),
(5, 13, 6, 0),
(5, 13, 10, 0),
(5, 14, 5, 0),
(5, 14, 6, 0),
(5, 14, 10, 0),
(5, 16, 5, 0),
(5, 16, 6, 0),
(5, 18, 5, 0),
(5, 18, 6, 0),
(5, 18, 10, 0),
(5, 19, 5, 0),
(5, 19, 6, 0),
(5, 19, 10, 0),
(5, 20, 5, 0),
(5, 20, 6, 0),
(5, 21, 5, 0),
(5, 21, 6, 0),
(5, 22, 5, 0),
(5, 22, 6, 0),
(5, 23, 5, 0),
(5, 23, 6, 0),
(5, 25, 6, 0),
(5, 25, 13, 0),
(5, 30, 5, 0),
(5, 30, 6, 0),
(5, 30, 10, 0),
(5, 33, 5, 0),
(5, 33, 6, 0),
(5, 33, 10, 0),
(5, 35, 11, 0),
(5, 35, 12, 0),
(5, 44, 5, 0),
(5, 44, 6, 0),
(5, 44, 10, 0),
(5, 45, 5, 0),
(5, 45, 6, 0),
(5, 45, 10, 0),
(5, 46, 5, 0),
(5, 46, 6, 0),
(5, 46, 10, 0),
(6, 2, 5, 0),
(6, 2, 6, 0),
(6, 2, 10, 0),
(6, 4, 5, 0),
(6, 4, 6, 0),
(6, 4, 10, 0),
(6, 6, 5, 0),
(6, 6, 6, 0),
(6, 6, 10, 0),
(6, 7, 5, 0),
(6, 7, 6, 0),
(6, 7, 9, 0),
(6, 7, 10, 0),
(6, 8, 6, 0),
(6, 9, 5, 0),
(6, 9, 6, 0),
(6, 13, 5, 0),
(6, 13, 6, 0),
(6, 13, 10, 0),
(6, 14, 5, 0),
(6, 14, 6, 0),
(6, 14, 10, 0),
(6, 16, 5, 0),
(6, 16, 6, 0),
(6, 18, 5, 0),
(6, 18, 6, 0),
(6, 18, 10, 0),
(6, 19, 5, 0),
(6, 19, 6, 0),
(6, 19, 10, 0),
(6, 20, 5, 0),
(6, 20, 6, 0),
(6, 21, 5, 0),
(6, 21, 6, 0),
(6, 22, 5, 0),
(6, 22, 6, 0),
(6, 23, 5, 0),
(6, 23, 6, 0),
(6, 25, 6, 0),
(6, 25, 13, 0),
(6, 30, 5, 0),
(6, 30, 6, 0),
(6, 30, 10, 0),
(6, 33, 5, 0),
(6, 33, 6, 0),
(6, 33, 10, 0),
(6, 35, 11, 0),
(6, 35, 12, 0),
(6, 44, 5, 0),
(6, 44, 6, 0),
(6, 44, 10, 0),
(6, 45, 5, 0),
(6, 45, 6, 0),
(6, 45, 10, 0),
(6, 46, 5, 0),
(6, 46, 6, 0),
(6, 46, 10, 0),
(7, 2, 5, 0),
(7, 2, 6, 0),
(7, 2, 10, 0),
(7, 4, 5, 0),
(7, 4, 6, 0),
(7, 4, 10, 0),
(7, 6, 5, 0),
(7, 6, 6, 0),
(7, 6, 10, 0),
(7, 7, 5, 0),
(7, 7, 6, 0),
(7, 7, 9, 0),
(7, 7, 10, 0),
(7, 8, 6, 0),
(7, 9, 5, 0),
(7, 9, 6, 0),
(7, 13, 5, 0),
(7, 13, 6, 0),
(7, 13, 10, 0),
(7, 14, 5, 0),
(7, 14, 6, 0),
(7, 14, 10, 0),
(7, 16, 5, 0),
(7, 16, 6, 0),
(7, 18, 5, 0),
(7, 18, 6, 0),
(7, 18, 10, 0),
(7, 19, 5, 0),
(7, 19, 6, 0),
(7, 19, 10, 0),
(7, 20, 5, 0),
(7, 20, 6, 0),
(7, 21, 5, 0),
(7, 21, 6, 0),
(7, 22, 5, 0),
(7, 22, 6, 0),
(7, 23, 5, 0),
(7, 23, 6, 0),
(7, 25, 6, 0),
(7, 25, 13, 0),
(7, 30, 5, 0),
(7, 30, 6, 0),
(7, 30, 10, 0),
(7, 33, 5, 0),
(7, 33, 6, 0),
(7, 33, 10, 0),
(7, 35, 11, 0),
(7, 35, 12, 0),
(7, 44, 5, 0),
(7, 44, 6, 0),
(7, 44, 10, 0),
(7, 45, 5, 0),
(7, 45, 6, 0),
(7, 45, 10, 0),
(7, 46, 5, 0),
(7, 46, 6, 0),
(7, 46, 10, 0),
(8, 2, 5, 0),
(8, 2, 6, 0),
(8, 2, 10, 0),
(8, 4, 5, 0),
(8, 4, 6, 0),
(8, 4, 10, 0),
(8, 6, 5, 0),
(8, 6, 6, 0),
(8, 6, 10, 0),
(8, 7, 5, 0),
(8, 7, 6, 0),
(8, 7, 9, 0),
(8, 7, 10, 0),
(8, 8, 6, 0),
(8, 9, 5, 0),
(8, 9, 6, 0),
(8, 13, 5, 0),
(8, 13, 6, 0),
(8, 13, 10, 0),
(8, 14, 5, 0),
(8, 14, 6, 0),
(8, 14, 10, 0),
(8, 16, 5, 0),
(8, 16, 6, 0),
(8, 18, 5, 0),
(8, 18, 6, 0),
(8, 18, 10, 0),
(8, 19, 5, 0),
(8, 19, 6, 0),
(8, 19, 10, 0),
(8, 20, 5, 0),
(8, 20, 6, 0),
(8, 21, 5, 0),
(8, 21, 6, 0),
(8, 22, 5, 0),
(8, 22, 6, 0),
(8, 23, 5, 0),
(8, 23, 6, 0),
(8, 25, 6, 0),
(8, 25, 13, 0),
(8, 30, 5, 0),
(8, 30, 6, 0),
(8, 30, 10, 0),
(8, 33, 5, 0),
(8, 33, 6, 0),
(8, 33, 10, 0),
(8, 35, 11, 0),
(8, 35, 12, 0),
(8, 44, 5, 0),
(8, 44, 6, 0),
(8, 44, 10, 0),
(8, 45, 5, 0),
(8, 45, 6, 0),
(8, 45, 10, 0),
(8, 46, 5, 0),
(8, 46, 6, 0),
(8, 46, 10, 0),
(9, 2, 5, 0),
(9, 2, 6, 0),
(9, 2, 10, 0),
(9, 4, 5, 0),
(9, 4, 6, 0),
(9, 4, 10, 0),
(9, 6, 5, 0),
(9, 6, 6, 0),
(9, 6, 10, 0),
(9, 7, 5, 0),
(9, 7, 6, 0),
(9, 7, 9, 0),
(9, 7, 10, 0),
(9, 8, 6, 0),
(9, 9, 5, 0),
(9, 9, 6, 0),
(9, 13, 5, 0),
(9, 13, 6, 0),
(9, 13, 10, 0),
(9, 14, 5, 0),
(9, 14, 6, 0),
(9, 14, 10, 0),
(9, 16, 5, 0),
(9, 16, 6, 0),
(9, 18, 5, 0),
(9, 18, 6, 0),
(9, 18, 10, 0),
(9, 19, 5, 0),
(9, 19, 6, 0),
(9, 19, 10, 0),
(9, 20, 5, 0),
(9, 20, 6, 0),
(9, 21, 5, 0),
(9, 21, 6, 0),
(9, 22, 5, 0),
(9, 22, 6, 0),
(9, 23, 5, 0),
(9, 23, 6, 0),
(9, 25, 6, 0),
(9, 25, 13, 0),
(9, 30, 5, 0),
(9, 30, 6, 0),
(9, 30, 10, 0),
(9, 33, 5, 0),
(9, 33, 6, 0),
(9, 33, 10, 0),
(9, 35, 11, 0),
(9, 35, 12, 0),
(9, 44, 5, 0),
(9, 44, 6, 0),
(9, 44, 10, 0),
(9, 45, 5, 0),
(9, 45, 6, 0),
(9, 45, 10, 0),
(9, 46, 5, 0),
(9, 46, 6, 0),
(9, 46, 10, 0),
(10, 2, 5, 0),
(10, 2, 6, 0),
(10, 2, 10, 0),
(10, 4, 5, 0),
(10, 4, 6, 0),
(10, 4, 10, 0),
(10, 6, 5, 0),
(10, 6, 6, 0),
(10, 6, 10, 0),
(10, 7, 5, 0),
(10, 7, 6, 0),
(10, 7, 9, 0),
(10, 7, 10, 0),
(10, 8, 6, 0),
(10, 9, 5, 0),
(10, 9, 6, 0),
(10, 13, 5, 0),
(10, 13, 6, 0),
(10, 13, 10, 0),
(10, 14, 5, 0),
(10, 14, 6, 0),
(10, 14, 10, 0),
(10, 16, 5, 0),
(10, 16, 6, 0),
(10, 18, 5, 0),
(10, 18, 6, 0),
(10, 18, 10, 0),
(10, 19, 5, 0),
(10, 19, 6, 0),
(10, 19, 10, 0),
(10, 20, 5, 0),
(10, 20, 6, 0),
(10, 21, 5, 0),
(10, 21, 6, 0),
(10, 22, 5, 0),
(10, 22, 6, 0),
(10, 23, 5, 0),
(10, 23, 6, 0),
(10, 25, 6, 0),
(10, 25, 13, 0),
(10, 30, 5, 0),
(10, 30, 6, 0),
(10, 30, 10, 0),
(10, 33, 5, 0),
(10, 33, 6, 0),
(10, 33, 10, 0),
(10, 35, 11, 0),
(10, 35, 12, 0),
(10, 44, 5, 0),
(10, 44, 6, 0),
(10, 44, 10, 0),
(10, 45, 5, 0),
(10, 45, 6, 0),
(10, 45, 10, 0),
(10, 46, 5, 0),
(10, 46, 6, 0),
(10, 46, 10, 0),
(11, 2, 5, 0),
(11, 2, 6, 0),
(11, 2, 10, 0),
(11, 4, 5, 0),
(11, 4, 6, 0),
(11, 4, 10, 0),
(11, 6, 5, 0),
(11, 6, 6, 0),
(11, 6, 10, 0),
(11, 7, 5, 0),
(11, 7, 6, 0),
(11, 7, 9, 0),
(11, 7, 10, 0),
(11, 8, 6, 0),
(11, 9, 5, 0),
(11, 9, 6, 0),
(11, 13, 5, 0),
(11, 13, 6, 0),
(11, 13, 10, 0),
(11, 14, 5, 0),
(11, 14, 6, 0),
(11, 14, 10, 0),
(11, 16, 5, 0),
(11, 16, 6, 0),
(11, 18, 5, 0),
(11, 18, 6, 0),
(11, 18, 10, 0),
(11, 19, 5, 0),
(11, 19, 6, 0),
(11, 19, 10, 0),
(11, 20, 5, 0),
(11, 20, 6, 0),
(11, 21, 5, 0),
(11, 21, 6, 0),
(11, 22, 5, 0),
(11, 22, 6, 0),
(11, 23, 5, 0),
(11, 23, 6, 0),
(11, 25, 6, 0),
(11, 25, 13, 0),
(11, 30, 5, 0),
(11, 30, 6, 0),
(11, 30, 10, 0),
(11, 33, 5, 0),
(11, 33, 6, 0),
(11, 33, 10, 0),
(11, 35, 11, 0),
(11, 35, 12, 0),
(11, 44, 5, 0),
(11, 44, 6, 0),
(11, 44, 10, 0),
(11, 45, 5, 0),
(11, 45, 6, 0),
(11, 45, 10, 0),
(11, 46, 5, 0),
(11, 46, 6, 0),
(11, 46, 10, 0),
(12, 2, 5, 0),
(12, 2, 6, 0),
(12, 2, 10, 0),
(12, 4, 5, 0),
(12, 4, 6, 0),
(12, 4, 10, 0),
(12, 6, 5, 0),
(12, 6, 6, 0),
(12, 6, 10, 0),
(12, 7, 5, 0),
(12, 7, 6, 0),
(12, 7, 9, 0),
(12, 7, 10, 0),
(12, 8, 6, 0),
(12, 9, 5, 0),
(12, 9, 6, 0),
(12, 13, 5, 0),
(12, 13, 6, 0),
(12, 13, 10, 0),
(12, 14, 5, 0),
(12, 14, 6, 0),
(12, 14, 10, 0),
(12, 16, 5, 0),
(12, 16, 6, 0),
(12, 18, 5, 0),
(12, 18, 6, 0),
(12, 18, 10, 0),
(12, 19, 5, 0),
(12, 19, 6, 0),
(12, 19, 10, 0),
(12, 20, 5, 0),
(12, 20, 6, 0),
(12, 21, 5, 0),
(12, 21, 6, 0),
(12, 22, 5, 0),
(12, 22, 6, 0),
(12, 23, 5, 0),
(12, 23, 6, 0),
(12, 25, 6, 0),
(12, 25, 13, 0),
(12, 30, 5, 0),
(12, 30, 6, 0),
(12, 30, 10, 0),
(12, 33, 5, 0),
(12, 33, 6, 0),
(12, 33, 10, 0),
(12, 35, 11, 0),
(12, 35, 12, 0),
(12, 44, 5, 0),
(12, 44, 6, 0),
(12, 44, 10, 0),
(12, 45, 5, 0),
(12, 45, 6, 0),
(12, 45, 10, 0),
(12, 46, 5, 0),
(12, 46, 6, 0),
(12, 46, 10, 0),
(13, 2, 5, 0),
(13, 2, 6, 0),
(13, 2, 10, 0),
(13, 4, 5, 0),
(13, 4, 6, 0),
(13, 4, 10, 0),
(13, 6, 5, 0),
(13, 6, 6, 0),
(13, 6, 10, 0),
(13, 7, 5, 0),
(13, 7, 6, 0),
(13, 7, 9, 0),
(13, 7, 10, 0),
(13, 8, 6, 0),
(13, 9, 5, 0),
(13, 9, 6, 0),
(13, 13, 5, 0),
(13, 13, 6, 0),
(13, 13, 10, 0),
(13, 14, 5, 0),
(13, 14, 6, 0),
(13, 14, 10, 0),
(13, 16, 5, 0),
(13, 16, 6, 0),
(13, 18, 5, 0),
(13, 18, 6, 0),
(13, 18, 10, 0),
(13, 19, 5, 0),
(13, 19, 6, 0),
(13, 19, 10, 0),
(13, 20, 5, 0),
(13, 20, 6, 0),
(13, 21, 5, 0),
(13, 21, 6, 0),
(13, 22, 5, 0),
(13, 22, 6, 0),
(13, 23, 5, 0),
(13, 23, 6, 0),
(13, 25, 6, 0),
(13, 25, 13, 0),
(13, 30, 5, 0),
(13, 30, 6, 0),
(13, 30, 10, 0),
(13, 33, 5, 0),
(13, 33, 6, 0),
(13, 33, 10, 0),
(13, 35, 11, 0),
(13, 35, 12, 0),
(13, 44, 5, 0),
(13, 44, 6, 0),
(13, 44, 10, 0),
(13, 45, 5, 0),
(13, 45, 6, 0),
(13, 45, 10, 0),
(13, 46, 5, 0),
(13, 46, 6, 0),
(13, 46, 10, 0);

-- --------------------------------------------------------

--
-- 表的结构 `vtiger_profile_seq`
--

CREATE TABLE IF NOT EXISTS `vtiger_profile_seq` (
  `id` int(11) NOT NULL
) ENGINE=InnoDB DEFAULT CHARSET=utf8;

--
-- 转存表中的数据 `vtiger_profile_seq`
--

INSERT INTO `vtiger_profile_seq` (`id`) VALUES
(13);

-- --------------------------------------------------------

--
-- 表的结构 `vtiger_progress`
--

CREATE TABLE IF NOT EXISTS `vtiger_progress` (
  `progressid` int(11) NOT NULL,
  `progress` varchar(200) NOT NULL,
  `presence` int(1) NOT NULL DEFAULT '1',
  `picklist_valueid` int(11) NOT NULL DEFAULT '0',
  `sortorderid` int(11) DEFAULT '0'
) ENGINE=InnoDB AUTO_INCREMENT=12 DEFAULT CHARSET=utf8;

--
-- 转存表中的数据 `vtiger_progress`
--

INSERT INTO `vtiger_progress` (`progressid`, `progress`, `presence`, `picklist_valueid`, `sortorderid`) VALUES
(2, '10%', 1, 276, 2),
(3, '20%', 1, 277, 3),
(4, '30%', 1, 278, 4),
(5, '40%', 1, 279, 5),
(6, '50%', 1, 280, 6),
(7, '60%', 1, 281, 7),
(8, '70%', 1, 282, 8),
(9, '80%', 1, 283, 9),
(10, '90%', 1, 284, 10),
(11, '100%', 1, 285, 11);

-- --------------------------------------------------------

--
-- 表的结构 `vtiger_progress_seq`
--

CREATE TABLE IF NOT EXISTS `vtiger_progress_seq` (
  `id` int(11) NOT NULL
) ENGINE=InnoDB DEFAULT CHARSET=utf8;

--
-- 转存表中的数据 `vtiger_progress_seq`
--

INSERT INTO `vtiger_progress_seq` (`id`) VALUES
(11);

-- --------------------------------------------------------

--
-- 表的结构 `vtiger_project`
--

CREATE TABLE IF NOT EXISTS `vtiger_project` (
  `projectid` int(11) DEFAULT NULL,
  `projectname` varchar(255) DEFAULT NULL,
  `project_no` varchar(100) DEFAULT NULL,
  `startdate` date DEFAULT NULL,
  `targetenddate` date DEFAULT NULL,
  `actualenddate` date DEFAULT NULL,
  `targetbudget` varchar(255) DEFAULT NULL,
  `projecturl` varchar(255) DEFAULT NULL,
  `projectstatus` varchar(100) DEFAULT NULL,
  `projectpriority` varchar(100) DEFAULT NULL,
  `projecttype` varchar(100) DEFAULT NULL,
  `progress` varchar(100) DEFAULT NULL,
  `linktoaccountscontacts` varchar(100) DEFAULT NULL
) ENGINE=InnoDB DEFAULT CHARSET=utf8;

-- --------------------------------------------------------

--
-- 表的结构 `vtiger_projectcf`
--

CREATE TABLE IF NOT EXISTS `vtiger_projectcf` (
  `projectid` int(11) NOT NULL
) ENGINE=InnoDB DEFAULT CHARSET=utf8;

-- --------------------------------------------------------

--
-- 表的结构 `vtiger_projectmilestone`
--

CREATE TABLE IF NOT EXISTS `vtiger_projectmilestone` (
  `projectmilestoneid` int(11) NOT NULL,
  `projectmilestonename` varchar(255) DEFAULT NULL,
  `projectmilestone_no` varchar(100) DEFAULT NULL,
  `projectmilestonedate` varchar(255) DEFAULT NULL,
  `projectid` varchar(100) DEFAULT NULL,
  `projectmilestonetype` varchar(100) DEFAULT NULL
) ENGINE=InnoDB DEFAULT CHARSET=utf8;

-- --------------------------------------------------------

--
-- 表的结构 `vtiger_projectmilestonecf`
--

CREATE TABLE IF NOT EXISTS `vtiger_projectmilestonecf` (
  `projectmilestoneid` int(11) NOT NULL DEFAULT '0'
) ENGINE=InnoDB DEFAULT CHARSET=utf8;

-- --------------------------------------------------------

--
-- 表的结构 `vtiger_projectmilestonetype`
--

CREATE TABLE IF NOT EXISTS `vtiger_projectmilestonetype` (
  `projectmilestonetypeid` int(11) NOT NULL,
  `projectmilestonetype` varchar(200) NOT NULL,
  `presence` int(1) NOT NULL DEFAULT '1',
  `picklist_valueid` int(11) NOT NULL DEFAULT '0',
  `sortorderid` int(11) DEFAULT '0'
) ENGINE=InnoDB AUTO_INCREMENT=5 DEFAULT CHARSET=utf8;

--
-- 转存表中的数据 `vtiger_projectmilestonetype`
--

INSERT INTO `vtiger_projectmilestonetype` (`projectmilestonetypeid`, `projectmilestonetype`, `presence`, `picklist_valueid`, `sortorderid`) VALUES
(2, 'administrative', 1, 236, 2),
(3, 'operative', 1, 237, 3),
(4, 'other', 1, 238, 4);

-- --------------------------------------------------------

--
-- 表的结构 `vtiger_projectmilestonetype_seq`
--

CREATE TABLE IF NOT EXISTS `vtiger_projectmilestonetype_seq` (
  `id` int(11) NOT NULL
) ENGINE=InnoDB DEFAULT CHARSET=utf8;

--
-- 转存表中的数据 `vtiger_projectmilestonetype_seq`
--

INSERT INTO `vtiger_projectmilestonetype_seq` (`id`) VALUES
(4);

-- --------------------------------------------------------

--
-- 表的结构 `vtiger_projectpriority`
--

CREATE TABLE IF NOT EXISTS `vtiger_projectpriority` (
  `projectpriorityid` int(11) NOT NULL,
  `projectpriority` varchar(200) NOT NULL,
  `presence` int(1) NOT NULL DEFAULT '1',
  `picklist_valueid` int(11) NOT NULL DEFAULT '0',
  `sortorderid` int(11) DEFAULT '0'
) ENGINE=InnoDB AUTO_INCREMENT=5 DEFAULT CHARSET=utf8;

--
-- 转存表中的数据 `vtiger_projectpriority`
--

INSERT INTO `vtiger_projectpriority` (`projectpriorityid`, `projectpriority`, `presence`, `picklist_valueid`, `sortorderid`) VALUES
(2, 'low', 1, 272, 2),
(3, 'normal', 1, 273, 3),
(4, 'high', 1, 274, 4);

-- --------------------------------------------------------

--
-- 表的结构 `vtiger_projectpriority_seq`
--

CREATE TABLE IF NOT EXISTS `vtiger_projectpriority_seq` (
  `id` int(11) NOT NULL
) ENGINE=InnoDB DEFAULT CHARSET=utf8;

--
-- 转存表中的数据 `vtiger_projectpriority_seq`
--

INSERT INTO `vtiger_projectpriority_seq` (`id`) VALUES
(4);

-- --------------------------------------------------------

--
-- 表的结构 `vtiger_projectstatus`
--

CREATE TABLE IF NOT EXISTS `vtiger_projectstatus` (
  `projectstatusid` int(11) NOT NULL,
  `projectstatus` varchar(200) NOT NULL,
  `presence` int(1) NOT NULL DEFAULT '1',
  `picklist_valueid` int(11) NOT NULL DEFAULT '0',
  `sortorderid` int(11) DEFAULT '0'
) ENGINE=InnoDB AUTO_INCREMENT=10 DEFAULT CHARSET=utf8;

--
-- 转存表中的数据 `vtiger_projectstatus`
--

INSERT INTO `vtiger_projectstatus` (`projectstatusid`, `projectstatus`, `presence`, `picklist_valueid`, `sortorderid`) VALUES
(2, 'prospecting', 1, 259, 2),
(3, 'initiated', 1, 260, 3),
(4, 'in progress', 1, 261, 4),
(5, 'waiting for feedback', 1, 262, 5),
(6, 'on hold', 1, 263, 6),
(7, 'completed', 1, 264, 7),
(8, 'delivered', 1, 265, 8),
(9, 'archived', 1, 266, 9);

-- --------------------------------------------------------

--
-- 表的结构 `vtiger_projectstatus_seq`
--

CREATE TABLE IF NOT EXISTS `vtiger_projectstatus_seq` (
  `id` int(11) NOT NULL
) ENGINE=InnoDB DEFAULT CHARSET=utf8;

--
-- 转存表中的数据 `vtiger_projectstatus_seq`
--

INSERT INTO `vtiger_projectstatus_seq` (`id`) VALUES
(9);

-- --------------------------------------------------------

--
-- 表的结构 `vtiger_projecttask`
--

CREATE TABLE IF NOT EXISTS `vtiger_projecttask` (
  `projecttaskid` int(11) NOT NULL,
  `projecttaskname` varchar(255) DEFAULT NULL,
  `projecttask_no` varchar(100) DEFAULT NULL,
  `projecttasktype` varchar(100) DEFAULT NULL,
  `projecttaskpriority` varchar(100) DEFAULT NULL,
  `projecttaskprogress` varchar(100) DEFAULT NULL,
  `projecttaskhours` varchar(255) DEFAULT NULL,
  `startdate` date DEFAULT NULL,
  `enddate` date DEFAULT NULL,
  `projectid` varchar(100) DEFAULT NULL,
  `projecttasknumber` int(11) DEFAULT NULL,
  `projecttaskstatus` varchar(100) DEFAULT NULL
) ENGINE=InnoDB DEFAULT CHARSET=utf8;

-- --------------------------------------------------------

--
-- 表的结构 `vtiger_projecttaskcf`
--

CREATE TABLE IF NOT EXISTS `vtiger_projecttaskcf` (
  `projecttaskid` int(11) NOT NULL DEFAULT '0'
) ENGINE=InnoDB DEFAULT CHARSET=utf8;

-- --------------------------------------------------------

--
-- 表的结构 `vtiger_projecttaskpriority`
--

CREATE TABLE IF NOT EXISTS `vtiger_projecttaskpriority` (
  `projecttaskpriorityid` int(11) NOT NULL,
  `projecttaskpriority` varchar(200) NOT NULL,
  `presence` int(1) NOT NULL DEFAULT '1',
  `picklist_valueid` int(11) NOT NULL DEFAULT '0',
  `sortorderid` int(11) DEFAULT '0'
) ENGINE=InnoDB AUTO_INCREMENT=5 DEFAULT CHARSET=utf8;

--
-- 转存表中的数据 `vtiger_projecttaskpriority`
--

INSERT INTO `vtiger_projecttaskpriority` (`projecttaskpriorityid`, `projecttaskpriority`, `presence`, `picklist_valueid`, `sortorderid`) VALUES
(2, 'low', 1, 244, 2),
(3, 'normal', 1, 245, 3),
(4, 'high', 1, 246, 4);

-- --------------------------------------------------------

--
-- 表的结构 `vtiger_projecttaskpriority_seq`
--

CREATE TABLE IF NOT EXISTS `vtiger_projecttaskpriority_seq` (
  `id` int(11) NOT NULL
) ENGINE=InnoDB DEFAULT CHARSET=utf8;

--
-- 转存表中的数据 `vtiger_projecttaskpriority_seq`
--

INSERT INTO `vtiger_projecttaskpriority_seq` (`id`) VALUES
(4);

-- --------------------------------------------------------

--
-- 表的结构 `vtiger_projecttaskprogress`
--

CREATE TABLE IF NOT EXISTS `vtiger_projecttaskprogress` (
  `projecttaskprogressid` int(11) NOT NULL,
  `projecttaskprogress` varchar(200) NOT NULL,
  `presence` int(1) NOT NULL DEFAULT '1',
  `picklist_valueid` int(11) NOT NULL DEFAULT '0',
  `sortorderid` int(11) DEFAULT '0'
) ENGINE=InnoDB AUTO_INCREMENT=12 DEFAULT CHARSET=utf8;

--
-- 转存表中的数据 `vtiger_projecttaskprogress`
--

INSERT INTO `vtiger_projecttaskprogress` (`projecttaskprogressid`, `projecttaskprogress`, `presence`, `picklist_valueid`, `sortorderid`) VALUES
(2, '10%', 1, 248, 2),
(3, '20%', 1, 249, 3),
(4, '30%', 1, 250, 4),
(5, '40%', 1, 251, 5),
(6, '50%', 1, 252, 6),
(7, '60%', 1, 253, 7),
(8, '70%', 1, 254, 8),
(9, '80%', 1, 255, 9),
(10, '90%', 1, 256, 10),
(11, '100%', 1, 257, 11);

-- --------------------------------------------------------

--
-- 表的结构 `vtiger_projecttaskprogress_seq`
--

CREATE TABLE IF NOT EXISTS `vtiger_projecttaskprogress_seq` (
  `id` int(11) NOT NULL
) ENGINE=InnoDB DEFAULT CHARSET=utf8;

--
-- 转存表中的数据 `vtiger_projecttaskprogress_seq`
--

INSERT INTO `vtiger_projecttaskprogress_seq` (`id`) VALUES
(11);

-- --------------------------------------------------------

--
-- 表的结构 `vtiger_projecttaskstatus`
--

CREATE TABLE IF NOT EXISTS `vtiger_projecttaskstatus` (
  `projecttaskstatusid` int(11) NOT NULL,
  `projecttaskstatus` varchar(200) NOT NULL,
  `presence` int(1) NOT NULL DEFAULT '1',
  `picklist_valueid` int(11) NOT NULL DEFAULT '0',
  `sortorderid` int(11) DEFAULT '0'
) ENGINE=InnoDB AUTO_INCREMENT=7 DEFAULT CHARSET=utf8;

--
-- 转存表中的数据 `vtiger_projecttaskstatus`
--

INSERT INTO `vtiger_projecttaskstatus` (`projecttaskstatusid`, `projecttaskstatus`, `presence`, `picklist_valueid`, `sortorderid`) VALUES
(2, 'Open', 0, 290, 2),
(3, 'In Progress', 0, 291, 3),
(4, 'Completed', 0, 292, 4),
(5, 'Deferred', 0, 293, 5),
(6, 'Canceled ', 0, 294, 6);

-- --------------------------------------------------------

--
-- 表的结构 `vtiger_projecttaskstatus_seq`
--

CREATE TABLE IF NOT EXISTS `vtiger_projecttaskstatus_seq` (
  `id` int(11) NOT NULL
) ENGINE=InnoDB DEFAULT CHARSET=utf8;

--
-- 转存表中的数据 `vtiger_projecttaskstatus_seq`
--

INSERT INTO `vtiger_projecttaskstatus_seq` (`id`) VALUES
(6);

-- --------------------------------------------------------

--
-- 表的结构 `vtiger_projecttasktype`
--

CREATE TABLE IF NOT EXISTS `vtiger_projecttasktype` (
  `projecttasktypeid` int(11) NOT NULL,
  `projecttasktype` varchar(200) NOT NULL,
  `presence` int(1) NOT NULL DEFAULT '1',
  `picklist_valueid` int(11) NOT NULL DEFAULT '0',
  `sortorderid` int(11) DEFAULT '0'
) ENGINE=InnoDB AUTO_INCREMENT=5 DEFAULT CHARSET=utf8;

--
-- 转存表中的数据 `vtiger_projecttasktype`
--

INSERT INTO `vtiger_projecttasktype` (`projecttasktypeid`, `projecttasktype`, `presence`, `picklist_valueid`, `sortorderid`) VALUES
(2, 'administrative', 1, 240, 2),
(3, 'operative', 1, 241, 3),
(4, 'other', 1, 242, 4);

-- --------------------------------------------------------

--
-- 表的结构 `vtiger_projecttasktype_seq`
--

CREATE TABLE IF NOT EXISTS `vtiger_projecttasktype_seq` (
  `id` int(11) NOT NULL
) ENGINE=InnoDB DEFAULT CHARSET=utf8;

--
-- 转存表中的数据 `vtiger_projecttasktype_seq`
--

INSERT INTO `vtiger_projecttasktype_seq` (`id`) VALUES
(4);

-- --------------------------------------------------------

--
-- 表的结构 `vtiger_projecttype`
--

CREATE TABLE IF NOT EXISTS `vtiger_projecttype` (
  `projecttypeid` int(11) NOT NULL,
  `projecttype` varchar(200) NOT NULL,
  `presence` int(1) NOT NULL DEFAULT '1',
  `picklist_valueid` int(11) NOT NULL DEFAULT '0',
  `sortorderid` int(11) DEFAULT '0'
) ENGINE=InnoDB AUTO_INCREMENT=5 DEFAULT CHARSET=utf8;

--
-- 转存表中的数据 `vtiger_projecttype`
--

INSERT INTO `vtiger_projecttype` (`projecttypeid`, `projecttype`, `presence`, `picklist_valueid`, `sortorderid`) VALUES
(2, 'administrative', 1, 268, 2),
(3, 'operative', 1, 269, 3),
(4, 'other', 1, 270, 4);

-- --------------------------------------------------------

--
-- 表的结构 `vtiger_projecttype_seq`
--

CREATE TABLE IF NOT EXISTS `vtiger_projecttype_seq` (
  `id` int(11) NOT NULL
) ENGINE=InnoDB DEFAULT CHARSET=utf8;

--
-- 转存表中的数据 `vtiger_projecttype_seq`
--

INSERT INTO `vtiger_projecttype_seq` (`id`) VALUES
(4);

-- --------------------------------------------------------

--
-- 表的结构 `vtiger_purchaseorder`
--

CREATE TABLE IF NOT EXISTS `vtiger_purchaseorder` (
  `purchaseorderid` int(19) NOT NULL DEFAULT '0',
  `subject` varchar(100) DEFAULT NULL,
  `quoteid` int(19) DEFAULT NULL,
  `vendorid` int(19) DEFAULT NULL,
  `requisition_no` varchar(100) DEFAULT NULL,
  `purchaseorder_no` varchar(100) DEFAULT NULL,
  `tracking_no` varchar(100) DEFAULT NULL,
  `contactid` int(19) DEFAULT NULL,
  `duedate` date DEFAULT NULL,
  `carrier` varchar(200) DEFAULT NULL,
  `type` varchar(100) DEFAULT NULL,
  `adjustment` decimal(25,8) DEFAULT NULL,
  `salescommission` decimal(25,3) DEFAULT NULL,
  `exciseduty` decimal(25,3) DEFAULT NULL,
  `total` decimal(25,8) DEFAULT NULL,
  `subtotal` decimal(25,8) DEFAULT NULL,
  `taxtype` varchar(25) DEFAULT NULL,
  `discount_percent` decimal(25,3) DEFAULT NULL,
  `discount_amount` decimal(25,8) DEFAULT NULL,
  `s_h_amount` decimal(25,8) DEFAULT NULL,
  `terms_conditions` text,
  `postatus` varchar(200) DEFAULT NULL,
  `currency_id` int(19) NOT NULL DEFAULT '1',
  `conversion_rate` decimal(10,3) NOT NULL DEFAULT '1.000',
  `pre_tax_total` decimal(25,8) DEFAULT NULL,
  `paid` decimal(25,8) DEFAULT NULL,
  `balance` decimal(25,8) DEFAULT NULL,
  `s_h_percent` int(11) DEFAULT NULL
) ENGINE=InnoDB DEFAULT CHARSET=utf8;

-- --------------------------------------------------------

--
-- 表的结构 `vtiger_purchaseordercf`
--

CREATE TABLE IF NOT EXISTS `vtiger_purchaseordercf` (
  `purchaseorderid` int(19) NOT NULL DEFAULT '0'
) ENGINE=InnoDB DEFAULT CHARSET=utf8;

-- --------------------------------------------------------

--
-- 表的结构 `vtiger_quotes`
--

CREATE TABLE IF NOT EXISTS `vtiger_quotes` (
  `quoteid` int(19) NOT NULL DEFAULT '0',
  `subject` varchar(100) DEFAULT NULL,
  `potentialid` int(19) DEFAULT NULL,
  `quotestage` varchar(200) DEFAULT NULL,
  `validtill` date DEFAULT NULL,
  `contactid` int(19) DEFAULT NULL,
  `quote_no` varchar(100) DEFAULT NULL,
  `subtotal` decimal(25,8) DEFAULT NULL,
  `carrier` varchar(200) DEFAULT NULL,
  `shipping` varchar(100) DEFAULT NULL,
  `inventorymanager` int(19) DEFAULT NULL,
  `type` varchar(100) DEFAULT NULL,
  `adjustment` decimal(25,8) DEFAULT NULL,
  `total` decimal(25,8) DEFAULT NULL,
  `taxtype` varchar(25) DEFAULT NULL,
  `discount_percent` decimal(25,3) DEFAULT NULL,
  `discount_amount` decimal(25,8) DEFAULT NULL,
  `s_h_amount` decimal(25,8) DEFAULT NULL,
  `accountid` int(19) DEFAULT NULL,
  `terms_conditions` text,
  `currency_id` int(19) NOT NULL DEFAULT '1',
  `conversion_rate` decimal(10,3) NOT NULL DEFAULT '1.000',
  `pre_tax_total` decimal(25,8) DEFAULT NULL,
  `s_h_percent` int(11) DEFAULT NULL
) ENGINE=InnoDB DEFAULT CHARSET=utf8;

--
-- 转存表中的数据 `vtiger_quotes`
--

INSERT INTO `vtiger_quotes` (`quoteid`, `subject`, `potentialid`, `quotestage`, `validtill`, `contactid`, `quote_no`, `subtotal`, `carrier`, `shipping`, `inventorymanager`, `type`, `adjustment`, `total`, `taxtype`, `discount_percent`, `discount_amount`, `s_h_amount`, `accountid`, `terms_conditions`, `currency_id`, `conversion_rate`, `pre_tax_total`, `s_h_percent`) VALUES
(14, 'Quotation of Hydraulic Test FM200', 12, 'Accepted', NULL, 0, 'QUO1', '35000.00000000', '', '', 0, NULL, '0.00000000', '35000.00000000', 'group', '0.000', '0.00000000', '0.00000000', 10, '- Unless otherwise agreed in writing by the supplier all invoices are payable within thirty (30) days of the date of invoice, in the currency of the invoice, drawn on a bank based in India or by such other method as is agreed in advance by the Supplier.\n\n - All prices are not inclusive of VAT which shall be payable in addition by the Customer at the applicable rate.', 2, '0.860', '35000.00000000', 27),
(17, 'quotation of BOSG professional service', 16, 'Reviewed', NULL, 0, 'QUO2', '500.00000000', '', '', 0, NULL, '0.00000000', '500.00000000', 'group', NULL, NULL, '0.00000000', 7, '- Unless otherwise agreed in writing by the supplier all invoices are payable within thirty (30) days of the date of invoice, in the currency of the invoice, drawn on a bank based in India or by such other method as is agreed in advance by the Supplier.\n\n - All prices are not inclusive of VAT which shall be payable in addition by the Customer at the applicable rate.', 2, '0.860', '500.00000000', 27);

-- --------------------------------------------------------

--
-- 表的结构 `vtiger_quotesbillads`
--

CREATE TABLE IF NOT EXISTS `vtiger_quotesbillads` (
  `quotebilladdressid` int(19) NOT NULL DEFAULT '0',
  `bill_city` varchar(30) DEFAULT NULL,
  `bill_code` varchar(30) DEFAULT NULL,
  `bill_country` varchar(30) DEFAULT NULL,
  `bill_state` varchar(30) DEFAULT NULL,
  `bill_street` varchar(250) DEFAULT NULL,
  `bill_pobox` varchar(30) DEFAULT NULL
) ENGINE=InnoDB DEFAULT CHARSET=utf8;

--
-- 转存表中的数据 `vtiger_quotesbillads`
--

INSERT INTO `vtiger_quotesbillads` (`quotebilladdressid`, `bill_city`, `bill_code`, `bill_country`, `bill_state`, `bill_street`, `bill_pobox`) VALUES
(14, '', '', '', '', '38 Wang Lee Street, Yuen Long Industrial Estate, \nBright Future Pharmaceutical Centre, Yuen Long, N.T., Hong Kong', ''),
(17, '', '', '', '', 'Level 2, The Long Beach Commercial Podium, 8 Hoi Fai Road, Kowloon, HK', '');

-- --------------------------------------------------------

--
-- 表的结构 `vtiger_quotescf`
--

CREATE TABLE IF NOT EXISTS `vtiger_quotescf` (
  `quoteid` int(19) NOT NULL DEFAULT '0'
) ENGINE=InnoDB DEFAULT CHARSET=utf8;

--
-- 转存表中的数据 `vtiger_quotescf`
--

INSERT INTO `vtiger_quotescf` (`quoteid`) VALUES
(14),
(17);

-- --------------------------------------------------------

--
-- 表的结构 `vtiger_quotesshipads`
--

CREATE TABLE IF NOT EXISTS `vtiger_quotesshipads` (
  `quoteshipaddressid` int(19) NOT NULL DEFAULT '0',
  `ship_city` varchar(30) DEFAULT NULL,
  `ship_code` varchar(30) DEFAULT NULL,
  `ship_country` varchar(30) DEFAULT NULL,
  `ship_state` varchar(30) DEFAULT NULL,
  `ship_street` varchar(250) DEFAULT NULL,
  `ship_pobox` varchar(30) DEFAULT NULL
) ENGINE=InnoDB DEFAULT CHARSET=utf8;

--
-- 转存表中的数据 `vtiger_quotesshipads`
--

INSERT INTO `vtiger_quotesshipads` (`quoteshipaddressid`, `ship_city`, `ship_code`, `ship_country`, `ship_state`, `ship_street`, `ship_pobox`) VALUES
(14, '', '', '', '', '38 Wang Lee Street, Yuen Long Industrial Estate, \nBright Future Pharmaceutical Centre, Yuen Long, N.T., Hong Kong', ''),
(17, '', '', '', '', 'Level 2, The Long Beach Commercial Podium, 8 Hoi Fai Road, Kowloon, HK', '');

-- --------------------------------------------------------

--
-- 表的结构 `vtiger_quotestage`
--

CREATE TABLE IF NOT EXISTS `vtiger_quotestage` (
  `quotestageid` int(19) NOT NULL,
  `quotestage` varchar(200) NOT NULL,
  `presence` int(1) NOT NULL DEFAULT '1',
  `picklist_valueid` int(19) NOT NULL DEFAULT '0',
  `sortorderid` int(11) DEFAULT NULL
) ENGINE=InnoDB AUTO_INCREMENT=6 DEFAULT CHARSET=utf8;

--
-- 转存表中的数据 `vtiger_quotestage`
--

INSERT INTO `vtiger_quotestage` (`quotestageid`, `quotestage`, `presence`, `picklist_valueid`, `sortorderid`) VALUES
(1, 'Created', 0, 139, 0),
(2, 'Delivered', 0, 140, 1),
(3, 'Reviewed', 0, 141, 2),
(4, 'Accepted', 0, 142, 3),
(5, 'Rejected', 0, 143, 4);

-- --------------------------------------------------------

--
-- 表的结构 `vtiger_quotestagehistory`
--

CREATE TABLE IF NOT EXISTS `vtiger_quotestagehistory` (
  `historyid` int(19) NOT NULL,
  `quoteid` int(19) NOT NULL,
  `accountname` varchar(100) DEFAULT NULL,
  `total` decimal(10,0) DEFAULT NULL,
  `quotestage` varchar(200) DEFAULT NULL,
  `lastmodified` datetime DEFAULT NULL
) ENGINE=InnoDB DEFAULT CHARSET=utf8;

-- --------------------------------------------------------

--
-- 表的结构 `vtiger_quotestage_seq`
--

CREATE TABLE IF NOT EXISTS `vtiger_quotestage_seq` (
  `id` int(11) NOT NULL
) ENGINE=InnoDB DEFAULT CHARSET=utf8;

--
-- 转存表中的数据 `vtiger_quotestage_seq`
--

INSERT INTO `vtiger_quotestage_seq` (`id`) VALUES
(5);

-- --------------------------------------------------------

--
-- 表的结构 `vtiger_rating`
--

CREATE TABLE IF NOT EXISTS `vtiger_rating` (
  `rating_id` int(19) NOT NULL,
  `rating` varchar(200) DEFAULT NULL,
  `presence` int(1) NOT NULL DEFAULT '1',
  `picklist_valueid` int(19) NOT NULL DEFAULT '0',
  `sortorderid` int(11) DEFAULT NULL
) ENGINE=InnoDB AUTO_INCREMENT=7 DEFAULT CHARSET=utf8;

--
-- 转存表中的数据 `vtiger_rating`
--

INSERT INTO `vtiger_rating` (`rating_id`, `rating`, `presence`, `picklist_valueid`, `sortorderid`) VALUES
(2, 'Acquired', 1, 145, 1),
(3, 'Active', 1, 146, 2),
(4, 'Market Failed', 1, 147, 3),
(5, 'Project Cancelled', 1, 148, 4),
(6, 'Shutdown', 1, 149, 5);

-- --------------------------------------------------------

--
-- 表的结构 `vtiger_rating_seq`
--

CREATE TABLE IF NOT EXISTS `vtiger_rating_seq` (
  `id` int(11) NOT NULL
) ENGINE=InnoDB DEFAULT CHARSET=utf8;

--
-- 转存表中的数据 `vtiger_rating_seq`
--

INSERT INTO `vtiger_rating_seq` (`id`) VALUES
(6);

-- --------------------------------------------------------

--
-- 表的结构 `vtiger_recurringevents`
--

CREATE TABLE IF NOT EXISTS `vtiger_recurringevents` (
  `recurringid` int(19) NOT NULL,
  `activityid` int(19) NOT NULL,
  `recurringdate` date DEFAULT NULL,
  `recurringtype` varchar(30) DEFAULT NULL,
  `recurringfreq` int(19) DEFAULT NULL,
  `recurringinfo` varchar(50) DEFAULT NULL,
  `recurringenddate` date DEFAULT NULL
) ENGINE=InnoDB DEFAULT CHARSET=utf8;

-- --------------------------------------------------------

--
-- 表的结构 `vtiger_recurringtype`
--

CREATE TABLE IF NOT EXISTS `vtiger_recurringtype` (
  `recurringeventid` int(19) NOT NULL,
  `recurringtype` varchar(200) NOT NULL,
  `sortorderid` int(19) NOT NULL DEFAULT '0',
  `presence` int(1) NOT NULL DEFAULT '1'
) ENGINE=InnoDB AUTO_INCREMENT=6 DEFAULT CHARSET=utf8;

--
-- 转存表中的数据 `vtiger_recurringtype`
--

INSERT INTO `vtiger_recurringtype` (`recurringeventid`, `recurringtype`, `sortorderid`, `presence`) VALUES
(2, 'Daily', 1, 1),
(3, 'Weekly', 2, 1),
(4, 'Monthly', 3, 1),
(5, 'Yearly', 4, 1);

-- --------------------------------------------------------

--
-- 表的结构 `vtiger_recurringtype_seq`
--

CREATE TABLE IF NOT EXISTS `vtiger_recurringtype_seq` (
  `id` int(11) NOT NULL
) ENGINE=InnoDB DEFAULT CHARSET=utf8;

--
-- 转存表中的数据 `vtiger_recurringtype_seq`
--

INSERT INTO `vtiger_recurringtype_seq` (`id`) VALUES
(5);

-- --------------------------------------------------------

--
-- 表的结构 `vtiger_recurring_frequency`
--

CREATE TABLE IF NOT EXISTS `vtiger_recurring_frequency` (
  `recurring_frequency_id` int(11) DEFAULT NULL,
  `recurring_frequency` varchar(200) DEFAULT NULL,
  `sortorderid` int(11) DEFAULT NULL,
  `presence` int(11) DEFAULT NULL
) ENGINE=InnoDB DEFAULT CHARSET=utf8;

--
-- 转存表中的数据 `vtiger_recurring_frequency`
--

INSERT INTO `vtiger_recurring_frequency` (`recurring_frequency_id`, `recurring_frequency`, `sortorderid`, `presence`) VALUES
(2, 'Daily', 1, 1),
(3, 'Weekly', 2, 1),
(4, 'Monthly', 3, 1),
(5, 'Quarterly', 4, 1),
(6, 'Yearly', 5, 1);

-- --------------------------------------------------------

--
-- 表的结构 `vtiger_recurring_frequency_seq`
--

CREATE TABLE IF NOT EXISTS `vtiger_recurring_frequency_seq` (
  `id` int(11) NOT NULL
) ENGINE=InnoDB DEFAULT CHARSET=utf8;

--
-- 转存表中的数据 `vtiger_recurring_frequency_seq`
--

INSERT INTO `vtiger_recurring_frequency_seq` (`id`) VALUES
(6);

-- --------------------------------------------------------

--
-- 表的结构 `vtiger_relatedlists`
--

CREATE TABLE IF NOT EXISTS `vtiger_relatedlists` (
  `relation_id` int(19) NOT NULL,
  `tabid` int(10) DEFAULT NULL,
  `related_tabid` int(10) DEFAULT NULL,
  `name` varchar(100) DEFAULT NULL,
  `sequence` int(10) DEFAULT NULL,
  `label` varchar(100) DEFAULT NULL,
  `presence` int(10) NOT NULL DEFAULT '0',
  `actions` varchar(50) NOT NULL DEFAULT ''
) ENGINE=InnoDB DEFAULT CHARSET=utf8;

--
-- 转存表中的数据 `vtiger_relatedlists`
--

INSERT INTO `vtiger_relatedlists` (`relation_id`, `tabid`, `related_tabid`, `name`, `sequence`, `label`, `presence`, `actions`) VALUES
(1, 6, 4, 'get_contacts', 1, 'Contacts', 0, 'add'),
(2, 6, 2, 'get_opportunities', 2, 'Potentials', 0, 'add'),
(3, 6, 20, 'get_quotes', 3, 'Quotes', 0, 'add'),
(4, 6, 22, 'get_salesorder', 4, 'Sales Order', 0, 'add'),
(5, 6, 23, 'get_invoices', 5, 'Invoice', 0, 'add'),
(6, 6, 9, 'get_activities', 6, 'Activities', 0, 'add'),
(7, 6, 10, 'get_emails', 7, 'Emails', 0, 'add'),
(8, 6, 9, 'get_history', 8, 'Activity History', 0, 'add'),
(9, 6, 8, 'get_attachments', 9, 'Documents', 0, 'add,select'),
(10, 6, 13, 'get_tickets', 10, 'HelpDesk', 0, 'add'),
(11, 6, 14, 'get_products', 11, 'Products', 0, 'select'),
(12, 7, 9, 'get_activities', 1, 'Activities', 0, 'add'),
(13, 7, 10, 'get_emails', 2, 'Emails', 0, 'add'),
(14, 7, 9, 'get_history', 3, 'Activity History', 0, 'add'),
(15, 7, 8, 'get_attachments', 4, 'Documents', 0, 'add,select'),
(16, 7, 14, 'get_products', 5, 'Products', 0, 'select'),
(17, 7, 26, 'get_campaigns', 6, 'Campaigns', 0, 'select'),
(18, 4, 2, 'get_opportunities', 1, 'Potentials', 0, 'add'),
(19, 4, 9, 'get_activities', 2, 'Activities', 0, 'add'),
(20, 4, 10, 'get_emails', 3, 'Emails', 0, 'add'),
(21, 4, 13, 'get_tickets', 4, 'HelpDesk', 0, 'add'),
(22, 4, 20, 'get_quotes', 5, 'Quotes', 0, 'add'),
(23, 4, 21, 'get_purchase_orders', 6, 'Purchase Order', 0, 'add'),
(24, 4, 22, 'get_salesorder', 7, 'Sales Order', 0, 'add'),
(25, 4, 14, 'get_products', 8, 'Products', 0, 'select'),
(26, 4, 9, 'get_history', 9, 'Activity History', 0, 'add'),
(27, 4, 8, 'get_attachments', 10, 'Documents', 0, 'add,select'),
(28, 4, 26, 'get_campaigns', 11, 'Campaigns', 0, 'select'),
(29, 4, 23, 'get_invoices', 12, 'Invoice', 0, 'add'),
(30, 2, 9, 'get_activities', 1, 'Activities', 0, 'add'),
(31, 2, 4, 'get_contacts', 2, 'Contacts', 0, 'select'),
(32, 2, 14, 'get_products', 3, 'Products', 0, 'select'),
(33, 2, 0, 'get_stage_history', 4, 'Sales Stage History', 0, ''),
(34, 2, 8, 'get_attachments', 5, 'Documents', 0, 'add,select'),
(35, 2, 20, 'get_Quotes', 6, 'Quotes', 0, 'add'),
(36, 2, 22, 'get_salesorder', 7, 'Sales Order', 0, 'add'),
(37, 2, 9, 'get_history', 8, 'Activity History', 0, ''),
(38, 14, 13, 'get_tickets', 1, 'HelpDesk', 0, 'add'),
(39, 14, 8, 'get_attachments', 3, 'Documents', 0, 'add,select'),
(40, 14, 20, 'get_quotes', 4, 'Quotes', 0, 'add'),
(41, 14, 21, 'get_purchase_orders', 5, 'Purchase Order', 0, 'add'),
(42, 14, 22, 'get_salesorder', 6, 'Sales Order', 0, 'add'),
(43, 14, 23, 'get_invoices', 7, 'Invoice', 0, 'add'),
(44, 14, 19, 'get_product_pricebooks', 8, 'PriceBooks', 0, 'ADD,SELECT'),
(45, 14, 7, 'get_leads', 9, 'Leads', 0, 'select'),
(46, 14, 6, 'get_accounts', 10, 'Accounts', 0, 'select'),
(47, 14, 4, 'get_contacts', 11, 'Contacts', 0, 'select'),
(48, 14, 2, 'get_opportunities', 12, 'Potentials', 0, 'select'),
(49, 14, 14, 'get_products', 13, 'Product Bundles', 0, 'add,select'),
(50, 14, 14, 'get_parent_products', 14, 'Parent Product', 0, ''),
(51, 10, 4, 'get_contacts', 1, 'Contacts', 0, 'select,bulkmail'),
(52, 10, 0, 'get_users', 2, 'Users', 0, ''),
(53, 10, 8, 'get_attachments', 3, 'Documents', 0, 'add,select'),
(54, 13, 9, 'get_activities', 1, 'Activities', 0, 'add'),
(55, 13, 8, 'get_attachments', 2, 'Documents', 0, 'add,select'),
(56, 13, 0, 'get_ticket_history', 3, 'Ticket History', 0, ''),
(57, 13, 9, 'get_history', 4, 'Activity History', 0, 'add'),
(58, 19, 14, 'get_pricebook_products', 2, 'Products', 0, 'select'),
(59, 18, 14, 'get_products', 1, 'Products', 0, 'add,select'),
(60, 18, 21, 'get_purchase_orders', 2, 'Purchase Order', 0, 'add'),
(61, 18, 4, 'get_contacts', 3, 'Contacts', 0, 'select'),
(62, 18, 10, 'get_emails', 4, 'Emails', 0, 'add'),
(63, 20, 22, 'get_salesorder', 1, 'Sales Order', 0, ''),
(64, 20, 9, 'get_activities', 2, 'Activities', 0, 'add'),
(65, 20, 8, 'get_attachments', 3, 'Documents', 0, 'add,select'),
(66, 20, 9, 'get_history', 4, 'Activity History', 0, ''),
(67, 20, 0, 'get_quotestagehistory', 5, 'Quote Stage History', 0, ''),
(68, 21, 9, 'get_activities', 1, 'Activities', 0, 'add'),
(69, 21, 8, 'get_attachments', 2, 'Documents', 0, 'add,select'),
(70, 21, 9, 'get_history', 3, 'Activity History', 0, ''),
(71, 21, 0, 'get_postatushistory', 4, 'PurchaseOrder Status History', 0, ''),
(72, 22, 9, 'get_activities', 1, 'Activities', 0, 'add'),
(73, 22, 8, 'get_attachments', 2, 'Documents', 0, 'add,select'),
(74, 22, 23, 'get_invoices', 3, 'Invoice', 0, ''),
(75, 22, 9, 'get_history', 4, 'Activity History', 0, ''),
(76, 22, 0, 'get_sostatushistory', 5, 'SalesOrder Status History', 0, ''),
(77, 23, 9, 'get_activities', 1, 'Activities', 0, 'add'),
(78, 23, 8, 'get_attachments', 2, 'Documents', 0, 'add,select'),
(79, 23, 9, 'get_history', 3, 'Activity History', 0, ''),
(80, 23, 0, 'get_invoicestatushistory', 4, 'Invoice Status History', 0, ''),
(81, 9, 0, 'get_users', 1, 'Users', 0, ''),
(82, 9, 4, 'get_contacts', 2, 'Contacts', 0, ''),
(83, 26, 4, 'get_contacts', 1, 'Contacts', 0, 'add,select'),
(84, 26, 7, 'get_leads', 2, 'Leads', 0, 'add,select'),
(85, 26, 2, 'get_opportunities', 3, 'Potentials', 0, 'add'),
(86, 26, 9, 'get_activities', 4, 'Activities', 0, 'add'),
(87, 6, 26, 'get_campaigns', 13, 'Campaigns', 0, 'select'),
(88, 26, 6, 'get_accounts', 5, 'Accounts', 0, 'add,select'),
(89, 15, 8, 'get_attachments', 1, 'Documents', 0, 'add,select'),
(90, 30, 13, 'get_related_list', 1, 'HelpDesk', 0, 'ADD,SELECT'),
(91, 30, 20, 'get_quotes', 2, 'Quotes', 0, 'ADD'),
(92, 30, 21, 'get_purchase_orders', 3, 'Purchase Order', 0, 'ADD'),
(93, 30, 22, 'get_salesorder', 4, 'Sales Order', 0, 'ADD'),
(94, 30, 23, 'get_invoices', 5, 'Invoice', 0, 'ADD'),
(95, 30, 19, 'get_service_pricebooks', 6, 'PriceBooks', 0, 'ADD'),
(96, 30, 7, 'get_related_list', 7, 'Leads', 0, 'SELECT'),
(97, 30, 6, 'get_related_list', 8, 'Accounts', 0, 'SELECT'),
(98, 30, 4, 'get_related_list', 9, 'Contacts', 0, 'SELECT'),
(99, 30, 2, 'get_related_list', 10, 'Potentials', 0, 'SELECT'),
(100, 30, 8, 'get_attachments', 11, 'Documents', 0, 'ADD,SELECT'),
(101, 13, 30, 'get_related_list', 5, 'Services', 0, 'SELECT'),
(102, 7, 30, 'get_related_list', 7, 'Services', 0, 'SELECT'),
(103, 6, 30, 'get_related_list', 14, 'Services', 0, 'SELECT'),
(104, 4, 30, 'get_related_list', 13, 'Services', 0, 'SELECT'),
(105, 2, 30, 'get_related_list', 9, 'Services', 0, 'SELECT'),
(106, 19, 30, 'get_pricebook_services', 3, 'Services', 0, 'SELECT'),
(107, 33, 13, 'get_related_list', 1, 'Service Requests', 0, 'ADD,SELECT'),
(108, 33, 8, 'get_attachments', 2, 'Documents', 0, 'ADD,SELECT'),
(109, 6, 33, 'get_dependents_list', 15, 'Service Contracts', 0, 'ADD'),
(110, 4, 33, 'get_dependents_list', 14, 'Service Contracts', 0, 'ADD'),
(111, 13, 33, 'get_related_list', 6, 'Service Contracts', 0, 'ADD,SELECT'),
(112, 4, 35, 'get_dependents_list', 15, 'PBXManager', 0, ''),
(113, 7, 35, 'get_dependents_list', 8, 'PBXManager', 0, ''),
(114, 6, 35, 'get_dependents_list', 16, 'PBXManager', 0, ''),
(115, 39, 6, 'get_related_list', 1, 'Accounts', 0, ' '),
(116, 39, 4, 'get_related_list', 2, 'Contacts', 0, ' '),
(117, 39, 7, 'get_related_list', 3, 'Leads', 0, ' '),
(124, 6, 46, 'get_dependents_list', 17, 'Projects', 0, 'add'),
(125, 4, 46, 'get_dependents_list', 16, 'Projects', 0, 'add'),
(126, 13, 46, 'get_related_list', 7, 'Projects', 0, 'SELECT'),
(127, 47, 13, 'get_related_list', 1, 'HelpDesk', 0, 'ADD,SELECT'),
(128, 47, 8, 'get_attachments', 2, 'Documents', 0, 'ADD,SELECT'),
(129, 6, 47, 'get_dependents_list', 18, 'Assets', 0, 'ADD'),
(130, 14, 47, 'get_dependents_list', 15, 'Assets', 0, 'ADD'),
(131, 23, 47, 'get_dependents_list', 5, 'Assets', 0, 'ADD'),
(132, 45, 8, 'get_attachments', 1, 'Documents', 0, 'ADD,SELECT'),
(133, 46, 45, 'get_dependents_list', 1, 'Project Tasks', 0, 'ADD'),
(134, 46, 44, 'get_dependents_list', 2, 'Project Milestones', 0, 'ADD'),
(135, 46, 8, 'get_attachments', 3, 'Documents', 0, 'ADD,SELECT'),
(136, 46, 13, 'get_related_list', 4, 'HelpDesk', 0, 'ADD,SELECT'),
(137, 46, 0, 'get_gantt_chart', 5, 'Charts', 0, ''),
(138, 4, 47, 'get_dependents_list', 17, 'Assets', 0, 'ADD'),
(139, 4, 18, 'get_vendors', 18, 'Vendors', 0, 'SELECT');

-- --------------------------------------------------------

--
-- 表的结构 `vtiger_relatedlists_rb`
--

CREATE TABLE IF NOT EXISTS `vtiger_relatedlists_rb` (
  `entityid` int(19) DEFAULT NULL,
  `action` varchar(50) DEFAULT NULL,
  `rel_table` varchar(200) DEFAULT NULL,
  `rel_column` varchar(200) DEFAULT NULL,
  `ref_column` varchar(200) DEFAULT NULL,
  `related_crm_ids` text
) ENGINE=InnoDB DEFAULT CHARSET=utf8;

--
-- 转存表中的数据 `vtiger_relatedlists_rb`
--

INSERT INTO `vtiger_relatedlists_rb` (`entityid`, `action`, `rel_table`, `rel_column`, `ref_column`, `related_crm_ids`) VALUES
(105, 'update', 'vtiger_modcomments', 'related_to', 'modcommentsid', '120,123,124');

-- --------------------------------------------------------

--
-- 表的结构 `vtiger_relatedlists_seq`
--

CREATE TABLE IF NOT EXISTS `vtiger_relatedlists_seq` (
  `id` int(11) NOT NULL
) ENGINE=InnoDB DEFAULT CHARSET=utf8;

--
-- 转存表中的数据 `vtiger_relatedlists_seq`
--

INSERT INTO `vtiger_relatedlists_seq` (`id`) VALUES
(139);

-- --------------------------------------------------------

--
-- 表的结构 `vtiger_relcriteria`
--

CREATE TABLE IF NOT EXISTS `vtiger_relcriteria` (
  `queryid` int(19) NOT NULL,
  `columnindex` int(11) NOT NULL,
  `columnname` varchar(250) DEFAULT '',
  `comparator` varchar(20) DEFAULT NULL,
  `value` varchar(512) DEFAULT NULL,
  `groupid` int(11) DEFAULT '1',
  `column_condition` varchar(256) DEFAULT 'and'
) ENGINE=InnoDB DEFAULT CHARSET=utf8;

--
-- 转存表中的数据 `vtiger_relcriteria`
--

INSERT INTO `vtiger_relcriteria` (`queryid`, `columnindex`, `columnname`, `comparator`, `value`, `groupid`, `column_condition`) VALUES
(1, 0, 'vtiger_contactdetails:accountid:Contacts_Account_Name:account_id:V', 'n', '', 1, 'and'),
(2, 0, 'vtiger_contactdetails:accountid:Contacts_Account_Name:account_id:V', 'e', '', 1, 'and'),
(3, 0, 'vtiger_potential:potentialname:Potentials_Potential_Name:potentialname:V', 'n', '', 1, 'and'),
(7, 0, 'vtiger_potential:sales_stage:Potentials_Sales_Stage:sales_stage:V', 'e', 'Closed Won', 1, 'and'),
(12, 0, 'vtiger_troubletickets:status:HelpDesk_Status:ticketstatus:V', 'n', 'Closed', 1, 'and'),
(15, 0, 'vtiger_quotes:quotestage:Quotes_Quote_Stage:quotestage:V', 'n', 'Accepted', 1, 'and'),
(15, 1, 'vtiger_quotes:quotestage:Quotes_Quote_Stage:quotestage:V', 'n', 'Rejected', 1, 'and'),
(22, 0, 'vtiger_email_track:access_count:Emails_Access_Count:access_count:V', 'n', '', 1, 'and'),
(23, 0, 'vtiger_email_track:access_count:Emails_Access_Count:access_count:V', 'n', '', 1, 'and'),
(24, 0, 'vtiger_email_track:access_count:Emails_Access_Count:access_count:V', 'n', '', 1, 'and'),
(25, 0, 'vtiger_email_track:access_count:Emails_Access_Count:access_count:V', 'n', '', 1, 'and');

-- --------------------------------------------------------

--
-- 表的结构 `vtiger_relcriteria_grouping`
--

CREATE TABLE IF NOT EXISTS `vtiger_relcriteria_grouping` (
  `groupid` int(11) NOT NULL,
  `queryid` int(19) NOT NULL,
  `group_condition` varchar(256) DEFAULT NULL,
  `condition_expression` text
) ENGINE=InnoDB DEFAULT CHARSET=utf8;

--
-- 转存表中的数据 `vtiger_relcriteria_grouping`
--

INSERT INTO `vtiger_relcriteria_grouping` (`groupid`, `queryid`, `group_condition`, `condition_expression`) VALUES
(1, 1, '', '0'),
(1, 2, '', '0'),
(1, 3, '', '0'),
(1, 7, '', '0'),
(1, 12, '', '0'),
(1, 15, '', '0 and 1'),
(1, 22, '', '0'),
(1, 23, '', '0'),
(1, 24, '', '0'),
(1, 25, '', '0');

-- --------------------------------------------------------

--
-- 表的结构 `vtiger_reminder_interval`
--

CREATE TABLE IF NOT EXISTS `vtiger_reminder_interval` (
  `reminder_intervalid` int(19) NOT NULL,
  `reminder_interval` varchar(200) NOT NULL,
  `sortorderid` int(19) NOT NULL,
  `presence` int(1) NOT NULL
) ENGINE=InnoDB AUTO_INCREMENT=9 DEFAULT CHARSET=utf8;

--
-- 转存表中的数据 `vtiger_reminder_interval`
--

INSERT INTO `vtiger_reminder_interval` (`reminder_intervalid`, `reminder_interval`, `sortorderid`, `presence`) VALUES
(2, '1 Minute', 1, 1),
(3, '5 Minutes', 2, 1),
(4, '15 Minutes', 3, 1),
(5, '30 Minutes', 4, 1),
(6, '45 Minutes', 5, 1),
(7, '1 Hour', 6, 1),
(8, '1 Day', 7, 1);

-- --------------------------------------------------------

--
-- 表的结构 `vtiger_reminder_interval_seq`
--

CREATE TABLE IF NOT EXISTS `vtiger_reminder_interval_seq` (
  `id` int(11) NOT NULL
) ENGINE=InnoDB DEFAULT CHARSET=utf8;

--
-- 转存表中的数据 `vtiger_reminder_interval_seq`
--

INSERT INTO `vtiger_reminder_interval_seq` (`id`) VALUES
(8);

-- --------------------------------------------------------

--
-- 表的结构 `vtiger_report`
--

CREATE TABLE IF NOT EXISTS `vtiger_report` (
  `reportid` int(19) NOT NULL,
  `folderid` int(19) NOT NULL,
  `reportname` varchar(100) DEFAULT '',
  `description` varchar(250) DEFAULT '',
  `reporttype` varchar(50) DEFAULT '',
  `queryid` int(19) NOT NULL DEFAULT '0',
  `state` varchar(50) DEFAULT 'SAVED',
  `customizable` int(1) DEFAULT '1',
  `category` int(11) DEFAULT '1',
  `owner` int(11) DEFAULT '1',
  `sharingtype` varchar(200) DEFAULT 'Private'
) ENGINE=InnoDB DEFAULT CHARSET=utf8;

--
-- 转存表中的数据 `vtiger_report`
--

INSERT INTO `vtiger_report` (`reportid`, `folderid`, `reportname`, `description`, `reporttype`, `queryid`, `state`, `customizable`, `category`, `owner`, `sharingtype`) VALUES
(1, 1, 'Contacts by Accounts', 'Contacts related to Accounts', 'tabular', 1, 'CUSTOM', 1, 1, 1, 'Public'),
(2, 1, 'Contacts without Accounts', 'Contacts not related to Accounts', 'tabular', 2, 'CUSTOM', 1, 1, 1, 'Public'),
(3, 1, 'Contacts by Potentials', 'Contacts related to Potentials', 'tabular', 3, 'CUSTOM', 1, 1, 1, 'Public'),
(4, 2, 'Lead by Source', 'Lead by Source', 'summary', 4, 'CUSTOM', 1, 1, 1, 'Public'),
(5, 2, 'Lead Status Report', 'Lead Status Report', 'summary', 5, 'CUSTOM', 1, 1, 1, 'Public'),
(6, 3, 'Potential Pipeline', 'Potential Pipeline', 'summary', 6, 'CUSTOM', 1, 1, 1, 'Public'),
(7, 3, 'Closed Potentials', 'Potential that have Won', 'tabular', 7, 'CUSTOM', 1, 1, 1, 'Public'),
(8, 4, 'Last Month Activities', 'Last Month Activities', 'tabular', 8, 'CUSTOM', 1, 1, 1, 'Public'),
(9, 4, 'This Month Activities', 'This Month Activities', 'tabular', 9, 'CUSTOM', 1, 1, 1, 'Public'),
(10, 5, 'Tickets by Products', 'Tickets related to Products', 'tabular', 10, 'CUSTOM', 1, 1, 1, 'Public'),
(11, 5, 'Tickets by Priority', 'Tickets by Priority', 'summary', 11, 'CUSTOM', 1, 1, 1, 'Public'),
(12, 5, 'Open Tickets', 'Tickets that are Open', 'tabular', 12, 'CUSTOM', 1, 1, 1, 'Public'),
(13, 6, 'Product Details', 'Product Detailed Report', 'tabular', 13, 'CUSTOM', 1, 1, 1, 'Public'),
(14, 6, 'Products by Contacts', 'Products related to Contacts', 'tabular', 14, 'CUSTOM', 1, 1, 1, 'Public'),
(15, 7, 'Open Quotes', 'Quotes that are Open', 'tabular', 15, 'CUSTOM', 1, 1, 1, 'Public'),
(16, 7, 'Quotes Detailed Report', 'Quotes Detailed Report', 'tabular', 16, 'CUSTOM', 1, 1, 1, 'Public'),
(17, 8, 'PurchaseOrder by Contacts', 'PurchaseOrder related to Contacts', 'tabular', 17, 'CUSTOM', 1, 1, 1, 'Public'),
(18, 8, 'PurchaseOrder Detailed Report', 'PurchaseOrder Detailed Report', 'tabular', 18, 'CUSTOM', 1, 1, 1, 'Public'),
(19, 9, 'Invoice Detailed Report', 'Invoice Detailed Report', 'tabular', 19, 'CUSTOM', 1, 1, 1, 'Public'),
(20, 10, 'SalesOrder Detailed Report', 'SalesOrder Detailed Report', 'tabular', 20, 'CUSTOM', 1, 1, 1, 'Public'),
(21, 11, 'Campaign Expectations and Actuals', 'Campaign Expectations and Actuals', 'tabular', 21, 'CUSTOM', 1, 1, 1, 'Public'),
(22, 12, 'Contacts Email Report', 'Emails sent to Contacts', 'tabular', 22, 'CUSTOM', 1, 1, 1, 'Public'),
(23, 12, 'Accounts Email Report', 'Emails sent to Organizations', 'tabular', 23, 'CUSTOM', 1, 1, 1, 'Public'),
(24, 12, 'Leads Email Report', 'Emails sent to Leads', 'tabular', 24, 'CUSTOM', 1, 1, 1, 'Public'),
(25, 12, 'Vendors Email Report', 'Emails sent to Vendors', 'tabular', 25, 'CUSTOM', 1, 1, 1, 'Public');

-- --------------------------------------------------------

--
-- 表的结构 `vtiger_reportdatefilter`
--

CREATE TABLE IF NOT EXISTS `vtiger_reportdatefilter` (
  `datefilterid` int(19) NOT NULL,
  `datecolumnname` varchar(250) DEFAULT '',
  `datefilter` varchar(250) DEFAULT '',
  `startdate` date DEFAULT NULL,
  `enddate` date DEFAULT NULL
) ENGINE=InnoDB DEFAULT CHARSET=utf8;

--
-- 转存表中的数据 `vtiger_reportdatefilter`
--

INSERT INTO `vtiger_reportdatefilter` (`datefilterid`, `datecolumnname`, `datefilter`, `startdate`, `enddate`) VALUES
(8, 'vtiger_crmentity:modifiedtime:modifiedtime:Calendar_Modified_Time', 'lastmonth', '2005-05-01', '2005-05-31'),
(9, 'vtiger_crmentity:modifiedtime:modifiedtime:Calendar_Modified_Time', 'thismonth', '2005-06-01', '2005-06-30');

-- --------------------------------------------------------

--
-- 表的结构 `vtiger_reportfilters`
--

CREATE TABLE IF NOT EXISTS `vtiger_reportfilters` (
  `filterid` int(19) NOT NULL,
  `name` varchar(200) NOT NULL
) ENGINE=InnoDB DEFAULT CHARSET=utf8;

--
-- 转存表中的数据 `vtiger_reportfilters`
--

INSERT INTO `vtiger_reportfilters` (`filterid`, `name`) VALUES
(1, 'Private'),
(2, 'Public'),
(3, 'Shared');

-- --------------------------------------------------------

--
-- 表的结构 `vtiger_reportfolder`
--

CREATE TABLE IF NOT EXISTS `vtiger_reportfolder` (
  `folderid` int(19) NOT NULL,
  `foldername` varchar(100) NOT NULL DEFAULT '',
  `description` varchar(250) DEFAULT '',
  `state` varchar(50) DEFAULT 'SAVED'
) ENGINE=InnoDB AUTO_INCREMENT=13 DEFAULT CHARSET=utf8;

--
-- 转存表中的数据 `vtiger_reportfolder`
--

INSERT INTO `vtiger_reportfolder` (`folderid`, `foldername`, `description`, `state`) VALUES
(1, 'Account and Contact Reports', 'Account and Contact Reports', 'SAVED'),
(2, 'Lead Reports', 'Lead Reports', 'SAVED'),
(3, 'Potential Reports', 'Potential Reports', 'SAVED'),
(4, 'Activity Reports', 'Activity Reports', 'SAVED'),
(5, 'HelpDesk Reports', 'HelpDesk Reports', 'SAVED'),
(6, 'Product Reports', 'Product Reports', 'SAVED'),
(7, 'Quote Reports', 'Quote Reports', 'SAVED'),
(8, 'PurchaseOrder Reports', 'PurchaseOrder Reports', 'SAVED'),
(9, 'Invoice Reports', 'Invoice Reports', 'SAVED'),
(10, 'SalesOrder Reports', 'SalesOrder Reports', 'SAVED'),
(11, 'Campaign Reports', 'Campaign Reports', 'SAVED'),
(12, 'Email Reports', 'Email Reports', 'SAVED');

-- --------------------------------------------------------

--
-- 表的结构 `vtiger_reportgroupbycolumn`
--

CREATE TABLE IF NOT EXISTS `vtiger_reportgroupbycolumn` (
  `reportid` int(19) DEFAULT NULL,
  `sortid` int(19) DEFAULT NULL,
  `sortcolname` varchar(250) DEFAULT NULL,
  `dategroupbycriteria` varchar(250) DEFAULT NULL
) ENGINE=InnoDB DEFAULT CHARSET=utf8;

-- --------------------------------------------------------

--
-- 表的结构 `vtiger_reportmodules`
--

CREATE TABLE IF NOT EXISTS `vtiger_reportmodules` (
  `reportmodulesid` int(19) NOT NULL,
  `primarymodule` varchar(50) NOT NULL DEFAULT '',
  `secondarymodules` varchar(250) DEFAULT ''
) ENGINE=InnoDB DEFAULT CHARSET=utf8;

--
-- 转存表中的数据 `vtiger_reportmodules`
--

INSERT INTO `vtiger_reportmodules` (`reportmodulesid`, `primarymodule`, `secondarymodules`) VALUES
(1, 'Contacts', 'Accounts'),
(2, 'Contacts', 'Accounts'),
(3, 'Contacts', 'Potentials'),
(4, 'Leads', ''),
(5, 'Leads', ''),
(6, 'Potentials', ''),
(7, 'Potentials', ''),
(8, 'Calendar', ''),
(9, 'Calendar', ''),
(10, 'HelpDesk', 'Products'),
(11, 'HelpDesk', ''),
(12, 'HelpDesk', ''),
(13, 'Products', ''),
(14, 'Products', 'Contacts'),
(15, 'Quotes', ''),
(16, 'Quotes', ''),
(17, 'PurchaseOrder', 'Contacts'),
(18, 'PurchaseOrder', ''),
(19, 'Invoice', ''),
(20, 'SalesOrder', ''),
(21, 'Campaigns', ''),
(22, 'Contacts', 'Emails'),
(23, 'Accounts', 'Emails'),
(24, 'Leads', 'Emails'),
(25, 'Vendors', 'Emails');

-- --------------------------------------------------------

--
-- 表的结构 `vtiger_reportsharing`
--

CREATE TABLE IF NOT EXISTS `vtiger_reportsharing` (
  `reportid` int(19) NOT NULL,
  `shareid` int(19) NOT NULL,
  `setype` varchar(200) NOT NULL
) ENGINE=InnoDB DEFAULT CHARSET=utf8;

-- --------------------------------------------------------

--
-- 表的结构 `vtiger_reportsortcol`
--

CREATE TABLE IF NOT EXISTS `vtiger_reportsortcol` (
  `sortcolid` int(19) NOT NULL,
  `reportid` int(19) NOT NULL,
  `columnname` varchar(250) DEFAULT '',
  `sortorder` varchar(250) DEFAULT 'Asc'
) ENGINE=InnoDB DEFAULT CHARSET=utf8;

--
-- 转存表中的数据 `vtiger_reportsortcol`
--

INSERT INTO `vtiger_reportsortcol` (`sortcolid`, `reportid`, `columnname`, `sortorder`) VALUES
(1, 4, 'vtiger_leaddetails:leadsource:Leads_Lead_Source:leadsource:V', 'Ascending'),
(1, 5, 'vtiger_leaddetails:leadstatus:Leads_Lead_Status:leadstatus:V', 'Ascending'),
(1, 6, 'vtiger_potential:sales_stage:Potentials_Sales_Stage:sales_stage:V', 'Ascending'),
(1, 11, 'vtiger_troubletickets:priority:HelpDesk_Priority:ticketpriorities:V', 'Ascending');

-- --------------------------------------------------------

--
-- 表的结构 `vtiger_reportsummary`
--

CREATE TABLE IF NOT EXISTS `vtiger_reportsummary` (
  `reportsummaryid` int(19) NOT NULL,
  `summarytype` int(19) NOT NULL,
  `columnname` varchar(250) NOT NULL DEFAULT ''
) ENGINE=InnoDB DEFAULT CHARSET=utf8;

-- --------------------------------------------------------

--
-- 表的结构 `vtiger_reporttype`
--

CREATE TABLE IF NOT EXISTS `vtiger_reporttype` (
  `reportid` int(10) NOT NULL,
  `data` text
) ENGINE=InnoDB DEFAULT CHARSET=utf8;

-- --------------------------------------------------------

--
-- 表的结构 `vtiger_role`
--

CREATE TABLE IF NOT EXISTS `vtiger_role` (
  `roleid` varchar(255) NOT NULL,
  `rolename` varchar(200) DEFAULT NULL,
  `parentrole` varchar(255) DEFAULT NULL,
  `depth` int(19) DEFAULT NULL,
  `allowassignedrecordsto` int(2) NOT NULL DEFAULT '1'
) ENGINE=InnoDB DEFAULT CHARSET=utf8;

--
-- 转存表中的数据 `vtiger_role`
--

INSERT INTO `vtiger_role` (`roleid`, `rolename`, `parentrole`, `depth`, `allowassignedrecordsto`) VALUES
('H1', 'Organization', 'H1', 0, 1),
('H10', 'Sales Manager-Dick', 'H1::H2::H6::H10', 3, 1),
('H11', 'Sales Director- Henry', 'H1::H2::H6::H11', 3, 1),
('H12', 'Sales Manager-Raymond', 'H1::H2::H6::H11::H12', 4, 1),
('H13', 'Sales Manager-Jennifer', 'H1::H2::H3::H13', 3, 1),
('H2', 'CEO', 'H1::H2', 1, 1),
('H3', 'Vice President-L', 'H1::H2::H3', 2, 1),
('H4', 'Sales Manager-Chris', 'H1::H2::H3::H4', 3, 1),
('H6', 'Vice President-E', 'H1::H2::H6', 2, 1),
('H7', 'Sales Manager-Aska', 'H1::H2::H6::H7', 3, 1),
('H8', 'Sales Manager-Sampras', 'H1::H2::H3::H8', 3, 1),
('H9', 'Sales Director-Kevin', 'H1::H2::H3::H9', 3, 1);

-- --------------------------------------------------------

--
-- 表的结构 `vtiger_role2picklist`
--

CREATE TABLE IF NOT EXISTS `vtiger_role2picklist` (
  `roleid` varchar(255) NOT NULL,
  `picklistvalueid` int(11) NOT NULL,
  `picklistid` int(11) NOT NULL,
  `sortid` int(11) DEFAULT NULL
) ENGINE=InnoDB DEFAULT CHARSET=utf8;

--
-- 转存表中的数据 `vtiger_role2picklist`
--

INSERT INTO `vtiger_role2picklist` (`roleid`, `picklistvalueid`, `picklistid`, `sortid`) VALUES
('H1', 1, 1, 0),
('H1', 2, 1, 1),
('H1', 3, 1, 2),
('H1', 4, 1, 3),
('H1', 5, 1, 4),
('H1', 6, 1, 5),
('H1', 7, 1, 6),
('H1', 8, 1, 7),
('H1', 9, 1, 8),
('H1', 10, 1, 9),
('H1', 11, 1, 10),
('H1', 12, 2, 0),
('H1', 13, 2, 1),
('H1', 14, 3, 0),
('H1', 15, 3, 1),
('H1', 16, 3, 2),
('H1', 17, 3, 3),
('H1', 18, 3, 4),
('H1', 19, 3, 5),
('H1', 20, 4, 0),
('H1', 21, 4, 1),
('H1', 22, 4, 2),
('H1', 23, 4, 3),
('H1', 24, 4, 4),
('H1', 25, 4, 5),
('H1', 26, 4, 6),
('H1', 27, 4, 7),
('H1', 28, 4, 8),
('H1', 29, 4, 9),
('H1', 30, 4, 10),
('H1', 31, 4, 11),
('H1', 32, 4, 12),
('H1', 33, 5, 0),
('H1', 34, 5, 1),
('H1', 35, 5, 2),
('H1', 36, 5, 3),
('H1', 37, 5, 4),
('H1', 38, 6, 0),
('H1', 39, 6, 1),
('H1', 40, 6, 2),
('H1', 41, 7, 0),
('H1', 42, 7, 1),
('H1', 43, 7, 2),
('H1', 44, 7, 3),
('H1', 45, 7, 4),
('H1', 46, 8, 0),
('H1', 47, 9, 0),
('H1', 48, 9, 1),
('H1', 49, 9, 2),
('H1', 50, 9, 3),
('H1', 51, 10, 0),
('H1', 52, 10, 1),
('H1', 53, 10, 2),
('H1', 54, 10, 3),
('H1', 55, 10, 4),
('H1', 56, 10, 5),
('H1', 57, 10, 6),
('H1', 58, 10, 7),
('H1', 59, 10, 8),
('H1', 60, 11, 0),
('H1', 61, 11, 1),
('H1', 62, 11, 2),
('H1', 63, 11, 3),
('H1', 64, 11, 4),
('H1', 65, 11, 5),
('H1', 66, 11, 6),
('H1', 67, 11, 7),
('H1', 68, 11, 8),
('H1', 69, 11, 9),
('H1', 70, 11, 10),
('H1', 71, 11, 11),
('H1', 72, 11, 12),
('H1', 73, 11, 13),
('H1', 74, 11, 14),
('H1', 75, 11, 15),
('H1', 76, 11, 16),
('H1', 77, 11, 17),
('H1', 78, 11, 18),
('H1', 79, 11, 19),
('H1', 80, 11, 20),
('H1', 81, 11, 21),
('H1', 82, 11, 22),
('H1', 83, 11, 23),
('H1', 84, 11, 24),
('H1', 85, 11, 25),
('H1', 86, 11, 26),
('H1', 87, 11, 27),
('H1', 88, 11, 28),
('H1', 89, 11, 29),
('H1', 90, 11, 30),
('H1', 91, 11, 31),
('H1', 92, 12, 0),
('H1', 93, 12, 1),
('H1', 94, 12, 2),
('H1', 95, 12, 3),
('H1', 96, 12, 4),
('H1', 97, 12, 5),
('H1', 98, 13, 0),
('H1', 99, 13, 1),
('H1', 100, 13, 2),
('H1', 101, 13, 3),
('H1', 102, 13, 4),
('H1', 103, 13, 5),
('H1', 104, 13, 6),
('H1', 105, 13, 7),
('H1', 106, 13, 8),
('H1', 107, 13, 9),
('H1', 108, 13, 10),
('H1', 109, 13, 11),
('H1', 110, 13, 12),
('H1', 111, 14, 0),
('H1', 112, 14, 1),
('H1', 113, 14, 2),
('H1', 114, 14, 3),
('H1', 115, 14, 4),
('H1', 116, 14, 5),
('H1', 117, 14, 6),
('H1', 118, 14, 7),
('H1', 119, 14, 8),
('H1', 120, 14, 9),
('H1', 121, 14, 10),
('H1', 122, 14, 11),
('H1', 123, 15, 0),
('H1', 124, 15, 1),
('H1', 125, 15, 2),
('H1', 126, 15, 3),
('H1', 127, 16, 0),
('H1', 128, 16, 1),
('H1', 129, 16, 2),
('H1', 130, 17, 0),
('H1', 131, 17, 1),
('H1', 132, 17, 2),
('H1', 133, 17, 3),
('H1', 134, 17, 4),
('H1', 135, 18, 0),
('H1', 136, 18, 1),
('H1', 137, 18, 2),
('H1', 138, 18, 3),
('H1', 139, 19, 0),
('H1', 140, 19, 1),
('H1', 141, 19, 2),
('H1', 142, 19, 3),
('H1', 143, 19, 4),
('H1', 144, 20, 0),
('H1', 145, 20, 1),
('H1', 146, 20, 2),
('H1', 147, 20, 3),
('H1', 148, 20, 4),
('H1', 149, 20, 5),
('H1', 150, 21, 0),
('H1', 151, 21, 1),
('H1', 152, 21, 2),
('H1', 153, 21, 3),
('H1', 154, 21, 4),
('H1', 155, 21, 5),
('H1', 156, 21, 6),
('H1', 157, 21, 7),
('H1', 158, 21, 8),
('H1', 159, 21, 9),
('H1', 160, 22, 0),
('H1', 161, 22, 1),
('H1', 162, 22, 2),
('H1', 163, 22, 3),
('H1', 164, 22, 4),
('H1', 165, 22, 5),
('H1', 166, 23, 0),
('H1', 167, 23, 1),
('H1', 168, 23, 2),
('H1', 169, 23, 3),
('H1', 170, 24, 0),
('H1', 171, 24, 1),
('H1', 172, 24, 2),
('H1', 173, 25, 0),
('H1', 174, 25, 1),
('H1', 175, 25, 2),
('H1', 176, 25, 3),
('H1', 177, 25, 4),
('H1', 178, 25, 5),
('H1', 179, 26, 0),
('H1', 180, 26, 1),
('H1', 181, 26, 2),
('H1', 182, 27, 0),
('H1', 183, 27, 1),
('H1', 184, 27, 2),
('H1', 185, 27, 3),
('H1', 186, 28, 0),
('H1', 187, 28, 1),
('H1', 188, 28, 2),
('H1', 189, 28, 3),
('H1', 190, 29, 0),
('H1', 191, 29, 1),
('H1', 192, 29, 2),
('H1', 193, 29, 3),
('H1', 194, 30, 0),
('H1', 195, 30, 1),
('H1', 196, 30, 2),
('H1', 197, 30, 3),
('H1', 198, 30, 4),
('H1', 199, 30, 5),
('H1', 200, 30, 6),
('H1', 201, 30, 7),
('H1', 202, 30, 8),
('H1', 203, 30, 9),
('H1', 204, 30, 10),
('H1', 205, 30, 11),
('H1', 206, 30, 12),
('H1', 207, 30, 13),
('H1', 208, 30, 14),
('H1', 209, 30, 15),
('H1', 210, 31, 1),
('H1', 211, 31, 2),
('H1', 212, 31, 3),
('H1', 213, 32, 1),
('H1', 214, 32, 2),
('H1', 215, 32, 3),
('H1', 216, 32, 4),
('H1', 217, 32, 5),
('H1', 218, 32, 6),
('H1', 219, 33, 1),
('H1', 220, 33, 2),
('H1', 221, 33, 3),
('H1', 222, 33, 4),
('H1', 223, 34, 1),
('H1', 224, 34, 2),
('H1', 225, 34, 3),
('H1', 226, 34, 4),
('H1', 227, 34, 5),
('H1', 228, 34, 6),
('H1', 229, 35, 1),
('H1', 230, 35, 2),
('H1', 231, 35, 3),
('H1', 232, 36, 1),
('H1', 233, 36, 2),
('H1', 234, 36, 3),
('H1', 235, 37, 1),
('H1', 236, 37, 2),
('H1', 237, 37, 3),
('H1', 238, 37, 4),
('H1', 239, 38, 1),
('H1', 240, 38, 2),
('H1', 241, 38, 3),
('H1', 242, 38, 4),
('H1', 243, 39, 1),
('H1', 244, 39, 2),
('H1', 245, 39, 3),
('H1', 246, 39, 4),
('H1', 247, 40, 1),
('H1', 248, 40, 2),
('H1', 249, 40, 3),
('H1', 250, 40, 4),
('H1', 251, 40, 5),
('H1', 252, 40, 6),
('H1', 253, 40, 7),
('H1', 254, 40, 8),
('H1', 255, 40, 9),
('H1', 256, 40, 10),
('H1', 257, 40, 11),
('H1', 258, 41, 1),
('H1', 259, 41, 2),
('H1', 260, 41, 3),
('H1', 261, 41, 4),
('H1', 262, 41, 5),
('H1', 263, 41, 6),
('H1', 264, 41, 7),
('H1', 265, 41, 8),
('H1', 266, 41, 9),
('H1', 267, 42, 1),
('H1', 268, 42, 2),
('H1', 269, 42, 3),
('H1', 270, 42, 4),
('H1', 271, 43, 1),
('H1', 272, 43, 2),
('H1', 273, 43, 3),
('H1', 274, 43, 4),
('H1', 275, 44, 1),
('H1', 276, 44, 2),
('H1', 277, 44, 3),
('H1', 278, 44, 4),
('H1', 279, 44, 5),
('H1', 280, 44, 6),
('H1', 281, 44, 7),
('H1', 282, 44, 8),
('H1', 283, 44, 9),
('H1', 284, 44, 10),
('H1', 285, 44, 11),
('H1', 286, 45, 1),
('H1', 287, 45, 2),
('H1', 288, 12, 1),
('H1', 289, 46, 1),
('H1', 290, 46, 2),
('H1', 291, 46, 3),
('H1', 292, 46, 4),
('H1', 293, 46, 5),
('H1', 294, 46, 6),
('H1', 295, 2, 1),
('H1', 296, 47, 1),
('H1', 297, 47, 2),
('H1', 298, 47, 3),
('H1', 299, 48, 1),
('H1', 300, 48, 2),
('H10', 1, 1, 0),
('H10', 2, 1, 1),
('H10', 3, 1, 2),
('H10', 4, 1, 3),
('H10', 5, 1, 4),
('H10', 6, 1, 5),
('H10', 7, 1, 6),
('H10', 8, 1, 7),
('H10', 9, 1, 8),
('H10', 10, 1, 9),
('H10', 11, 1, 10),
('H10', 12, 2, 0),
('H10', 13, 2, 1),
('H10', 14, 3, 0),
('H10', 15, 3, 1),
('H10', 16, 3, 2),
('H10', 17, 3, 3),
('H10', 18, 3, 4),
('H10', 19, 3, 5),
('H10', 20, 4, 0),
('H10', 21, 4, 1),
('H10', 22, 4, 2),
('H10', 23, 4, 3),
('H10', 24, 4, 4),
('H10', 25, 4, 5),
('H10', 26, 4, 6),
('H10', 27, 4, 7),
('H10', 28, 4, 8),
('H10', 29, 4, 9),
('H10', 30, 4, 10),
('H10', 31, 4, 11),
('H10', 32, 4, 12),
('H10', 33, 5, 0),
('H10', 34, 5, 1),
('H10', 35, 5, 2),
('H10', 36, 5, 3),
('H10', 37, 5, 4),
('H10', 38, 6, 0),
('H10', 39, 6, 1),
('H10', 40, 6, 2),
('H10', 41, 7, 0),
('H10', 42, 7, 1),
('H10', 43, 7, 2),
('H10', 44, 7, 3),
('H10', 45, 7, 4),
('H10', 46, 8, 0),
('H10', 47, 9, 0),
('H10', 48, 9, 1),
('H10', 49, 9, 2),
('H10', 50, 9, 3),
('H10', 51, 10, 0),
('H10', 52, 10, 1),
('H10', 53, 10, 2),
('H10', 54, 10, 3),
('H10', 55, 10, 4),
('H10', 56, 10, 5),
('H10', 57, 10, 6),
('H10', 58, 10, 7),
('H10', 59, 10, 8),
('H10', 60, 11, 0),
('H10', 61, 11, 1),
('H10', 62, 11, 2),
('H10', 63, 11, 3),
('H10', 64, 11, 4),
('H10', 65, 11, 5),
('H10', 66, 11, 6),
('H10', 67, 11, 7),
('H10', 68, 11, 8),
('H10', 69, 11, 9),
('H10', 70, 11, 10),
('H10', 71, 11, 11),
('H10', 72, 11, 12),
('H10', 73, 11, 13),
('H10', 74, 11, 14),
('H10', 75, 11, 15),
('H10', 76, 11, 16),
('H10', 77, 11, 17),
('H10', 78, 11, 18),
('H10', 79, 11, 19),
('H10', 80, 11, 20),
('H10', 81, 11, 21),
('H10', 82, 11, 22),
('H10', 83, 11, 23),
('H10', 84, 11, 24),
('H10', 85, 11, 25),
('H10', 86, 11, 26),
('H10', 87, 11, 27),
('H10', 88, 11, 28),
('H10', 89, 11, 29),
('H10', 90, 11, 30),
('H10', 91, 11, 31),
('H10', 92, 12, 0),
('H10', 93, 12, 1),
('H10', 94, 12, 2),
('H10', 95, 12, 3),
('H10', 96, 12, 4),
('H10', 97, 12, 5),
('H10', 98, 13, 0),
('H10', 99, 13, 1),
('H10', 100, 13, 2),
('H10', 101, 13, 3),
('H10', 102, 13, 4),
('H10', 103, 13, 5),
('H10', 104, 13, 6),
('H10', 105, 13, 7),
('H10', 106, 13, 8),
('H10', 107, 13, 9),
('H10', 108, 13, 10),
('H10', 109, 13, 11),
('H10', 110, 13, 12),
('H10', 111, 14, 0),
('H10', 112, 14, 1),
('H10', 113, 14, 2),
('H10', 114, 14, 3),
('H10', 115, 14, 4),
('H10', 116, 14, 5),
('H10', 117, 14, 6),
('H10', 118, 14, 7),
('H10', 119, 14, 8),
('H10', 120, 14, 9),
('H10', 121, 14, 10),
('H10', 122, 14, 11),
('H10', 123, 15, 0),
('H10', 124, 15, 1),
('H10', 125, 15, 2),
('H10', 126, 15, 3),
('H10', 127, 16, 0),
('H10', 128, 16, 1),
('H10', 129, 16, 2),
('H10', 130, 17, 0),
('H10', 131, 17, 1),
('H10', 132, 17, 2),
('H10', 133, 17, 3),
('H10', 134, 17, 4),
('H10', 135, 18, 0),
('H10', 136, 18, 1),
('H10', 137, 18, 2),
('H10', 138, 18, 3),
('H10', 139, 19, 0),
('H10', 140, 19, 1),
('H10', 141, 19, 2),
('H10', 142, 19, 3),
('H10', 143, 19, 4),
('H10', 144, 20, 0),
('H10', 145, 20, 1),
('H10', 146, 20, 2),
('H10', 147, 20, 3),
('H10', 148, 20, 4),
('H10', 149, 20, 5),
('H10', 150, 21, 0),
('H10', 151, 21, 1),
('H10', 152, 21, 2),
('H10', 153, 21, 3),
('H10', 154, 21, 4),
('H10', 155, 21, 5),
('H10', 156, 21, 6),
('H10', 157, 21, 7),
('H10', 158, 21, 8),
('H10', 159, 21, 9),
('H10', 160, 22, 0),
('H10', 161, 22, 1),
('H10', 162, 22, 2),
('H10', 163, 22, 3),
('H10', 164, 22, 4),
('H10', 165, 22, 5),
('H10', 166, 23, 0),
('H10', 167, 23, 1),
('H10', 168, 23, 2),
('H10', 169, 23, 3),
('H10', 170, 24, 0),
('H10', 171, 24, 1),
('H10', 172, 24, 2),
('H10', 173, 25, 0),
('H10', 174, 25, 1),
('H10', 175, 25, 2),
('H10', 176, 25, 3),
('H10', 177, 25, 4),
('H10', 178, 25, 5),
('H10', 179, 26, 0),
('H10', 180, 26, 1),
('H10', 181, 26, 2),
('H10', 182, 27, 0),
('H10', 183, 27, 1),
('H10', 184, 27, 2),
('H10', 185, 27, 3),
('H10', 186, 28, 0),
('H10', 187, 28, 1),
('H10', 188, 28, 2),
('H10', 189, 28, 3),
('H10', 190, 29, 0),
('H10', 191, 29, 1),
('H10', 192, 29, 2),
('H10', 193, 29, 3),
('H10', 194, 30, 0),
('H10', 195, 30, 1),
('H10', 196, 30, 2),
('H10', 197, 30, 3),
('H10', 198, 30, 4),
('H10', 199, 30, 5),
('H10', 200, 30, 6),
('H10', 201, 30, 7),
('H10', 202, 30, 8),
('H10', 203, 30, 9),
('H10', 204, 30, 10),
('H10', 205, 30, 11),
('H10', 206, 30, 12),
('H10', 207, 30, 13),
('H10', 208, 30, 14),
('H10', 209, 30, 15),
('H10', 210, 31, 1),
('H10', 211, 31, 2),
('H10', 212, 31, 3),
('H10', 213, 32, 1),
('H10', 214, 32, 2),
('H10', 215, 32, 3),
('H10', 216, 32, 4),
('H10', 217, 32, 5),
('H10', 218, 32, 6),
('H10', 219, 33, 1),
('H10', 220, 33, 2),
('H10', 221, 33, 3),
('H10', 222, 33, 4),
('H10', 223, 34, 1),
('H10', 224, 34, 2),
('H10', 225, 34, 3),
('H10', 226, 34, 4),
('H10', 227, 34, 5),
('H10', 228, 34, 6),
('H10', 229, 35, 1),
('H10', 230, 35, 2),
('H10', 231, 35, 3),
('H10', 232, 36, 1),
('H10', 233, 36, 2),
('H10', 234, 36, 3),
('H10', 235, 37, 1),
('H10', 236, 37, 2),
('H10', 237, 37, 3),
('H10', 238, 37, 4),
('H10', 239, 38, 1),
('H10', 240, 38, 2),
('H10', 241, 38, 3),
('H10', 242, 38, 4),
('H10', 243, 39, 1),
('H10', 244, 39, 2),
('H10', 245, 39, 3),
('H10', 246, 39, 4),
('H10', 247, 40, 1),
('H10', 248, 40, 2),
('H10', 249, 40, 3),
('H10', 250, 40, 4),
('H10', 251, 40, 5),
('H10', 252, 40, 6),
('H10', 253, 40, 7),
('H10', 254, 40, 8),
('H10', 255, 40, 9),
('H10', 256, 40, 10),
('H10', 257, 40, 11),
('H10', 258, 41, 1),
('H10', 259, 41, 2),
('H10', 260, 41, 3),
('H10', 261, 41, 4),
('H10', 262, 41, 5),
('H10', 263, 41, 6),
('H10', 264, 41, 7),
('H10', 265, 41, 8),
('H10', 266, 41, 9),
('H10', 267, 42, 1),
('H10', 268, 42, 2),
('H10', 269, 42, 3),
('H10', 270, 42, 4),
('H10', 271, 43, 1),
('H10', 272, 43, 2),
('H10', 273, 43, 3),
('H10', 274, 43, 4),
('H10', 275, 44, 1),
('H10', 276, 44, 2),
('H10', 277, 44, 3),
('H10', 278, 44, 4),
('H10', 279, 44, 5),
('H10', 280, 44, 6),
('H10', 281, 44, 7),
('H10', 282, 44, 8),
('H10', 283, 44, 9),
('H10', 284, 44, 10),
('H10', 285, 44, 11),
('H10', 286, 45, 1),
('H10', 287, 45, 2),
('H10', 288, 12, 1),
('H10', 289, 46, 1),
('H10', 290, 46, 2),
('H10', 291, 46, 3),
('H10', 292, 46, 4),
('H10', 293, 46, 5),
('H10', 294, 46, 6),
('H10', 295, 2, 1),
('H10', 296, 47, 1),
('H10', 297, 47, 2),
('H10', 298, 47, 3),
('H10', 299, 48, 1),
('H10', 300, 48, 2),
('H11', 1, 1, 0),
('H11', 2, 1, 1),
('H11', 3, 1, 2),
('H11', 4, 1, 3),
('H11', 5, 1, 4),
('H11', 6, 1, 5),
('H11', 7, 1, 6),
('H11', 8, 1, 7),
('H11', 9, 1, 8),
('H11', 10, 1, 9),
('H11', 11, 1, 10),
('H11', 12, 2, 0),
('H11', 13, 2, 1),
('H11', 14, 3, 0),
('H11', 15, 3, 1),
('H11', 16, 3, 2),
('H11', 17, 3, 3),
('H11', 18, 3, 4),
('H11', 19, 3, 5),
('H11', 20, 4, 0),
('H11', 21, 4, 1),
('H11', 22, 4, 2),
('H11', 23, 4, 3),
('H11', 24, 4, 4),
('H11', 25, 4, 5),
('H11', 26, 4, 6),
('H11', 27, 4, 7),
('H11', 28, 4, 8),
('H11', 29, 4, 9),
('H11', 30, 4, 10),
('H11', 31, 4, 11),
('H11', 32, 4, 12),
('H11', 33, 5, 0),
('H11', 34, 5, 1),
('H11', 35, 5, 2),
('H11', 36, 5, 3),
('H11', 37, 5, 4),
('H11', 38, 6, 0),
('H11', 39, 6, 1),
('H11', 40, 6, 2),
('H11', 41, 7, 0),
('H11', 42, 7, 1),
('H11', 43, 7, 2),
('H11', 44, 7, 3),
('H11', 45, 7, 4),
('H11', 46, 8, 0),
('H11', 47, 9, 0),
('H11', 48, 9, 1),
('H11', 49, 9, 2),
('H11', 50, 9, 3),
('H11', 51, 10, 0),
('H11', 52, 10, 1),
('H11', 53, 10, 2),
('H11', 54, 10, 3),
('H11', 55, 10, 4),
('H11', 56, 10, 5),
('H11', 57, 10, 6),
('H11', 58, 10, 7),
('H11', 59, 10, 8),
('H11', 60, 11, 0),
('H11', 61, 11, 1),
('H11', 62, 11, 2),
('H11', 63, 11, 3),
('H11', 64, 11, 4),
('H11', 65, 11, 5),
('H11', 66, 11, 6),
('H11', 67, 11, 7),
('H11', 68, 11, 8),
('H11', 69, 11, 9),
('H11', 70, 11, 10),
('H11', 71, 11, 11),
('H11', 72, 11, 12),
('H11', 73, 11, 13),
('H11', 74, 11, 14),
('H11', 75, 11, 15),
('H11', 76, 11, 16),
('H11', 77, 11, 17),
('H11', 78, 11, 18),
('H11', 79, 11, 19),
('H11', 80, 11, 20),
('H11', 81, 11, 21),
('H11', 82, 11, 22),
('H11', 83, 11, 23),
('H11', 84, 11, 24),
('H11', 85, 11, 25),
('H11', 86, 11, 26),
('H11', 87, 11, 27),
('H11', 88, 11, 28),
('H11', 89, 11, 29),
('H11', 90, 11, 30),
('H11', 91, 11, 31),
('H11', 92, 12, 0),
('H11', 93, 12, 1),
('H11', 94, 12, 2),
('H11', 95, 12, 3),
('H11', 96, 12, 4),
('H11', 97, 12, 5),
('H11', 98, 13, 0),
('H11', 99, 13, 1),
('H11', 100, 13, 2),
('H11', 101, 13, 3),
('H11', 102, 13, 4),
('H11', 103, 13, 5),
('H11', 104, 13, 6),
('H11', 105, 13, 7),
('H11', 106, 13, 8),
('H11', 107, 13, 9),
('H11', 108, 13, 10),
('H11', 109, 13, 11),
('H11', 110, 13, 12),
('H11', 111, 14, 0),
('H11', 112, 14, 1),
('H11', 113, 14, 2),
('H11', 114, 14, 3),
('H11', 115, 14, 4),
('H11', 116, 14, 5),
('H11', 117, 14, 6),
('H11', 118, 14, 7),
('H11', 119, 14, 8),
('H11', 120, 14, 9),
('H11', 121, 14, 10),
('H11', 122, 14, 11),
('H11', 123, 15, 0),
('H11', 124, 15, 1),
('H11', 125, 15, 2),
('H11', 126, 15, 3),
('H11', 127, 16, 0),
('H11', 128, 16, 1),
('H11', 129, 16, 2),
('H11', 130, 17, 0),
('H11', 131, 17, 1),
('H11', 132, 17, 2),
('H11', 133, 17, 3),
('H11', 134, 17, 4),
('H11', 135, 18, 0),
('H11', 136, 18, 1),
('H11', 137, 18, 2),
('H11', 138, 18, 3),
('H11', 139, 19, 0),
('H11', 140, 19, 1),
('H11', 141, 19, 2),
('H11', 142, 19, 3),
('H11', 143, 19, 4),
('H11', 144, 20, 0),
('H11', 145, 20, 1),
('H11', 146, 20, 2),
('H11', 147, 20, 3),
('H11', 148, 20, 4),
('H11', 149, 20, 5),
('H11', 150, 21, 0),
('H11', 151, 21, 1),
('H11', 152, 21, 2),
('H11', 153, 21, 3),
('H11', 154, 21, 4),
('H11', 155, 21, 5),
('H11', 156, 21, 6),
('H11', 157, 21, 7),
('H11', 158, 21, 8),
('H11', 159, 21, 9),
('H11', 160, 22, 0),
('H11', 161, 22, 1),
('H11', 162, 22, 2),
('H11', 163, 22, 3),
('H11', 164, 22, 4),
('H11', 165, 22, 5),
('H11', 166, 23, 0),
('H11', 167, 23, 1),
('H11', 168, 23, 2),
('H11', 169, 23, 3),
('H11', 170, 24, 0),
('H11', 171, 24, 1),
('H11', 172, 24, 2),
('H11', 173, 25, 0),
('H11', 174, 25, 1),
('H11', 175, 25, 2),
('H11', 176, 25, 3),
('H11', 177, 25, 4),
('H11', 178, 25, 5),
('H11', 179, 26, 0),
('H11', 180, 26, 1),
('H11', 181, 26, 2),
('H11', 182, 27, 0),
('H11', 183, 27, 1),
('H11', 184, 27, 2),
('H11', 185, 27, 3),
('H11', 186, 28, 0),
('H11', 187, 28, 1),
('H11', 188, 28, 2),
('H11', 189, 28, 3),
('H11', 190, 29, 0),
('H11', 191, 29, 1),
('H11', 192, 29, 2),
('H11', 193, 29, 3),
('H11', 194, 30, 0),
('H11', 195, 30, 1),
('H11', 196, 30, 2),
('H11', 197, 30, 3),
('H11', 198, 30, 4),
('H11', 199, 30, 5),
('H11', 200, 30, 6),
('H11', 201, 30, 7),
('H11', 202, 30, 8),
('H11', 203, 30, 9),
('H11', 204, 30, 10),
('H11', 205, 30, 11),
('H11', 206, 30, 12),
('H11', 207, 30, 13),
('H11', 208, 30, 14),
('H11', 209, 30, 15),
('H11', 210, 31, 1),
('H11', 211, 31, 2),
('H11', 212, 31, 3),
('H11', 213, 32, 1),
('H11', 214, 32, 2),
('H11', 215, 32, 3),
('H11', 216, 32, 4),
('H11', 217, 32, 5),
('H11', 218, 32, 6),
('H11', 219, 33, 1),
('H11', 220, 33, 2),
('H11', 221, 33, 3),
('H11', 222, 33, 4),
('H11', 223, 34, 1),
('H11', 224, 34, 2),
('H11', 225, 34, 3),
('H11', 226, 34, 4),
('H11', 227, 34, 5),
('H11', 228, 34, 6),
('H11', 229, 35, 1),
('H11', 230, 35, 2),
('H11', 231, 35, 3),
('H11', 232, 36, 1),
('H11', 233, 36, 2),
('H11', 234, 36, 3),
('H11', 235, 37, 1),
('H11', 236, 37, 2),
('H11', 237, 37, 3),
('H11', 238, 37, 4),
('H11', 239, 38, 1),
('H11', 240, 38, 2),
('H11', 241, 38, 3),
('H11', 242, 38, 4),
('H11', 243, 39, 1),
('H11', 244, 39, 2),
('H11', 245, 39, 3),
('H11', 246, 39, 4),
('H11', 247, 40, 1),
('H11', 248, 40, 2),
('H11', 249, 40, 3),
('H11', 250, 40, 4),
('H11', 251, 40, 5),
('H11', 252, 40, 6),
('H11', 253, 40, 7),
('H11', 254, 40, 8),
('H11', 255, 40, 9),
('H11', 256, 40, 10),
('H11', 257, 40, 11),
('H11', 258, 41, 1),
('H11', 259, 41, 2),
('H11', 260, 41, 3),
('H11', 261, 41, 4),
('H11', 262, 41, 5),
('H11', 263, 41, 6),
('H11', 264, 41, 7),
('H11', 265, 41, 8),
('H11', 266, 41, 9),
('H11', 267, 42, 1),
('H11', 268, 42, 2),
('H11', 269, 42, 3),
('H11', 270, 42, 4),
('H11', 271, 43, 1),
('H11', 272, 43, 2),
('H11', 273, 43, 3),
('H11', 274, 43, 4),
('H11', 275, 44, 1),
('H11', 276, 44, 2),
('H11', 277, 44, 3),
('H11', 278, 44, 4),
('H11', 279, 44, 5),
('H11', 280, 44, 6),
('H11', 281, 44, 7),
('H11', 282, 44, 8),
('H11', 283, 44, 9),
('H11', 284, 44, 10),
('H11', 285, 44, 11),
('H11', 286, 45, 1),
('H11', 287, 45, 2),
('H11', 288, 12, 1),
('H11', 289, 46, 1),
('H11', 290, 46, 2),
('H11', 291, 46, 3),
('H11', 292, 46, 4),
('H11', 293, 46, 5),
('H11', 294, 46, 6),
('H11', 295, 2, 1),
('H11', 296, 47, 1),
('H11', 297, 47, 2),
('H11', 298, 47, 3),
('H11', 299, 48, 1),
('H11', 300, 48, 2),
('H12', 1, 1, 0),
('H12', 2, 1, 1),
('H12', 3, 1, 2),
('H12', 4, 1, 3),
('H12', 5, 1, 4),
('H12', 6, 1, 5),
('H12', 7, 1, 6),
('H12', 8, 1, 7),
('H12', 9, 1, 8),
('H12', 10, 1, 9),
('H12', 11, 1, 10),
('H12', 12, 2, 0),
('H12', 13, 2, 1),
('H12', 14, 3, 0),
('H12', 15, 3, 1),
('H12', 16, 3, 2),
('H12', 17, 3, 3),
('H12', 18, 3, 4),
('H12', 19, 3, 5),
('H12', 20, 4, 0),
('H12', 21, 4, 1),
('H12', 22, 4, 2),
('H12', 23, 4, 3),
('H12', 24, 4, 4),
('H12', 25, 4, 5),
('H12', 26, 4, 6),
('H12', 27, 4, 7),
('H12', 28, 4, 8),
('H12', 29, 4, 9),
('H12', 30, 4, 10),
('H12', 31, 4, 11),
('H12', 32, 4, 12),
('H12', 33, 5, 0),
('H12', 34, 5, 1),
('H12', 35, 5, 2),
('H12', 36, 5, 3),
('H12', 37, 5, 4),
('H12', 38, 6, 0),
('H12', 39, 6, 1),
('H12', 40, 6, 2),
('H12', 41, 7, 0),
('H12', 42, 7, 1),
('H12', 43, 7, 2),
('H12', 44, 7, 3),
('H12', 45, 7, 4),
('H12', 46, 8, 0),
('H12', 47, 9, 0),
('H12', 48, 9, 1),
('H12', 49, 9, 2),
('H12', 50, 9, 3),
('H12', 51, 10, 0),
('H12', 52, 10, 1),
('H12', 53, 10, 2),
('H12', 54, 10, 3),
('H12', 55, 10, 4),
('H12', 56, 10, 5),
('H12', 57, 10, 6),
('H12', 58, 10, 7),
('H12', 59, 10, 8),
('H12', 60, 11, 0),
('H12', 61, 11, 1),
('H12', 62, 11, 2),
('H12', 63, 11, 3),
('H12', 64, 11, 4),
('H12', 65, 11, 5),
('H12', 66, 11, 6),
('H12', 67, 11, 7),
('H12', 68, 11, 8),
('H12', 69, 11, 9),
('H12', 70, 11, 10),
('H12', 71, 11, 11),
('H12', 72, 11, 12),
('H12', 73, 11, 13),
('H12', 74, 11, 14),
('H12', 75, 11, 15),
('H12', 76, 11, 16),
('H12', 77, 11, 17),
('H12', 78, 11, 18),
('H12', 79, 11, 19),
('H12', 80, 11, 20),
('H12', 81, 11, 21),
('H12', 82, 11, 22),
('H12', 83, 11, 23),
('H12', 84, 11, 24),
('H12', 85, 11, 25),
('H12', 86, 11, 26),
('H12', 87, 11, 27),
('H12', 88, 11, 28),
('H12', 89, 11, 29),
('H12', 90, 11, 30),
('H12', 91, 11, 31),
('H12', 92, 12, 0),
('H12', 93, 12, 1),
('H12', 94, 12, 2),
('H12', 95, 12, 3),
('H12', 96, 12, 4),
('H12', 97, 12, 5),
('H12', 98, 13, 0),
('H12', 99, 13, 1),
('H12', 100, 13, 2),
('H12', 101, 13, 3),
('H12', 102, 13, 4),
('H12', 103, 13, 5),
('H12', 104, 13, 6),
('H12', 105, 13, 7),
('H12', 106, 13, 8),
('H12', 107, 13, 9),
('H12', 108, 13, 10),
('H12', 109, 13, 11),
('H12', 110, 13, 12),
('H12', 111, 14, 0),
('H12', 112, 14, 1),
('H12', 113, 14, 2),
('H12', 114, 14, 3),
('H12', 115, 14, 4),
('H12', 116, 14, 5),
('H12', 117, 14, 6),
('H12', 118, 14, 7),
('H12', 119, 14, 8),
('H12', 120, 14, 9),
('H12', 121, 14, 10),
('H12', 122, 14, 11),
('H12', 123, 15, 0),
('H12', 124, 15, 1),
('H12', 125, 15, 2),
('H12', 126, 15, 3),
('H12', 127, 16, 0),
('H12', 128, 16, 1),
('H12', 129, 16, 2),
('H12', 130, 17, 0),
('H12', 131, 17, 1),
('H12', 132, 17, 2),
('H12', 133, 17, 3),
('H12', 134, 17, 4),
('H12', 135, 18, 0),
('H12', 136, 18, 1),
('H12', 137, 18, 2),
('H12', 138, 18, 3),
('H12', 139, 19, 0),
('H12', 140, 19, 1),
('H12', 141, 19, 2),
('H12', 142, 19, 3),
('H12', 143, 19, 4),
('H12', 144, 20, 0),
('H12', 145, 20, 1),
('H12', 146, 20, 2),
('H12', 147, 20, 3),
('H12', 148, 20, 4),
('H12', 149, 20, 5),
('H12', 150, 21, 0),
('H12', 151, 21, 1),
('H12', 152, 21, 2),
('H12', 153, 21, 3),
('H12', 154, 21, 4),
('H12', 155, 21, 5),
('H12', 156, 21, 6),
('H12', 157, 21, 7),
('H12', 158, 21, 8),
('H12', 159, 21, 9),
('H12', 160, 22, 0),
('H12', 161, 22, 1),
('H12', 162, 22, 2),
('H12', 163, 22, 3),
('H12', 164, 22, 4),
('H12', 165, 22, 5),
('H12', 166, 23, 0),
('H12', 167, 23, 1),
('H12', 168, 23, 2),
('H12', 169, 23, 3),
('H12', 170, 24, 0),
('H12', 171, 24, 1),
('H12', 172, 24, 2),
('H12', 173, 25, 0),
('H12', 174, 25, 1),
('H12', 175, 25, 2),
('H12', 176, 25, 3),
('H12', 177, 25, 4),
('H12', 178, 25, 5),
('H12', 179, 26, 0),
('H12', 180, 26, 1),
('H12', 181, 26, 2),
('H12', 182, 27, 0),
('H12', 183, 27, 1),
('H12', 184, 27, 2),
('H12', 185, 27, 3),
('H12', 186, 28, 0),
('H12', 187, 28, 1),
('H12', 188, 28, 2),
('H12', 189, 28, 3),
('H12', 190, 29, 0),
('H12', 191, 29, 1),
('H12', 192, 29, 2),
('H12', 193, 29, 3),
('H12', 194, 30, 0),
('H12', 195, 30, 1),
('H12', 196, 30, 2),
('H12', 197, 30, 3),
('H12', 198, 30, 4),
('H12', 199, 30, 5),
('H12', 200, 30, 6),
('H12', 201, 30, 7),
('H12', 202, 30, 8),
('H12', 203, 30, 9),
('H12', 204, 30, 10),
('H12', 205, 30, 11),
('H12', 206, 30, 12),
('H12', 207, 30, 13),
('H12', 208, 30, 14),
('H12', 209, 30, 15),
('H12', 210, 31, 1),
('H12', 211, 31, 2),
('H12', 212, 31, 3),
('H12', 213, 32, 1),
('H12', 214, 32, 2),
('H12', 215, 32, 3),
('H12', 216, 32, 4),
('H12', 217, 32, 5),
('H12', 218, 32, 6),
('H12', 219, 33, 1),
('H12', 220, 33, 2),
('H12', 221, 33, 3),
('H12', 222, 33, 4),
('H12', 223, 34, 1),
('H12', 224, 34, 2),
('H12', 225, 34, 3),
('H12', 226, 34, 4),
('H12', 227, 34, 5),
('H12', 228, 34, 6),
('H12', 229, 35, 1),
('H12', 230, 35, 2),
('H12', 231, 35, 3),
('H12', 232, 36, 1),
('H12', 233, 36, 2),
('H12', 234, 36, 3),
('H12', 235, 37, 1),
('H12', 236, 37, 2),
('H12', 237, 37, 3),
('H12', 238, 37, 4),
('H12', 239, 38, 1),
('H12', 240, 38, 2),
('H12', 241, 38, 3),
('H12', 242, 38, 4),
('H12', 243, 39, 1),
('H12', 244, 39, 2),
('H12', 245, 39, 3),
('H12', 246, 39, 4),
('H12', 247, 40, 1),
('H12', 248, 40, 2),
('H12', 249, 40, 3),
('H12', 250, 40, 4),
('H12', 251, 40, 5),
('H12', 252, 40, 6),
('H12', 253, 40, 7),
('H12', 254, 40, 8),
('H12', 255, 40, 9),
('H12', 256, 40, 10),
('H12', 257, 40, 11),
('H12', 258, 41, 1),
('H12', 259, 41, 2),
('H12', 260, 41, 3),
('H12', 261, 41, 4),
('H12', 262, 41, 5),
('H12', 263, 41, 6),
('H12', 264, 41, 7),
('H12', 265, 41, 8),
('H12', 266, 41, 9),
('H12', 267, 42, 1),
('H12', 268, 42, 2),
('H12', 269, 42, 3),
('H12', 270, 42, 4),
('H12', 271, 43, 1),
('H12', 272, 43, 2),
('H12', 273, 43, 3),
('H12', 274, 43, 4),
('H12', 275, 44, 1),
('H12', 276, 44, 2),
('H12', 277, 44, 3),
('H12', 278, 44, 4),
('H12', 279, 44, 5),
('H12', 280, 44, 6),
('H12', 281, 44, 7),
('H12', 282, 44, 8),
('H12', 283, 44, 9),
('H12', 284, 44, 10),
('H12', 285, 44, 11),
('H12', 286, 45, 1),
('H12', 287, 45, 2),
('H12', 288, 12, 1),
('H12', 289, 46, 1),
('H12', 290, 46, 2),
('H12', 291, 46, 3),
('H12', 292, 46, 4),
('H12', 293, 46, 5),
('H12', 294, 46, 6),
('H12', 295, 2, 1),
('H12', 296, 47, 1),
('H12', 297, 47, 2),
('H12', 298, 47, 3),
('H12', 299, 48, 1),
('H12', 300, 48, 2),
('H13', 1, 1, 0),
('H13', 2, 1, 1),
('H13', 3, 1, 2),
('H13', 4, 1, 3),
('H13', 5, 1, 4),
('H13', 6, 1, 5),
('H13', 7, 1, 6),
('H13', 8, 1, 7),
('H13', 9, 1, 8),
('H13', 10, 1, 9),
('H13', 11, 1, 10),
('H13', 12, 2, 0),
('H13', 13, 2, 1),
('H13', 14, 3, 0),
('H13', 15, 3, 1),
('H13', 16, 3, 2),
('H13', 17, 3, 3),
('H13', 18, 3, 4),
('H13', 19, 3, 5),
('H13', 20, 4, 0),
('H13', 21, 4, 1),
('H13', 22, 4, 2),
('H13', 23, 4, 3),
('H13', 24, 4, 4),
('H13', 25, 4, 5),
('H13', 26, 4, 6),
('H13', 27, 4, 7),
('H13', 28, 4, 8),
('H13', 29, 4, 9),
('H13', 30, 4, 10),
('H13', 31, 4, 11),
('H13', 32, 4, 12),
('H13', 33, 5, 0),
('H13', 34, 5, 1),
('H13', 35, 5, 2),
('H13', 36, 5, 3),
('H13', 37, 5, 4),
('H13', 38, 6, 0),
('H13', 39, 6, 1),
('H13', 40, 6, 2),
('H13', 41, 7, 0),
('H13', 42, 7, 1),
('H13', 43, 7, 2),
('H13', 44, 7, 3),
('H13', 45, 7, 4),
('H13', 46, 8, 0),
('H13', 47, 9, 0),
('H13', 48, 9, 1),
('H13', 49, 9, 2),
('H13', 50, 9, 3),
('H13', 51, 10, 0),
('H13', 52, 10, 1),
('H13', 53, 10, 2),
('H13', 54, 10, 3),
('H13', 55, 10, 4),
('H13', 56, 10, 5),
('H13', 57, 10, 6),
('H13', 58, 10, 7),
('H13', 59, 10, 8),
('H13', 60, 11, 0),
('H13', 61, 11, 1),
('H13', 62, 11, 2),
('H13', 63, 11, 3),
('H13', 64, 11, 4),
('H13', 65, 11, 5),
('H13', 66, 11, 6),
('H13', 67, 11, 7),
('H13', 68, 11, 8),
('H13', 69, 11, 9),
('H13', 70, 11, 10),
('H13', 71, 11, 11),
('H13', 72, 11, 12),
('H13', 73, 11, 13),
('H13', 74, 11, 14),
('H13', 75, 11, 15),
('H13', 76, 11, 16),
('H13', 77, 11, 17),
('H13', 78, 11, 18),
('H13', 79, 11, 19),
('H13', 80, 11, 20),
('H13', 81, 11, 21),
('H13', 82, 11, 22),
('H13', 83, 11, 23),
('H13', 84, 11, 24),
('H13', 85, 11, 25),
('H13', 86, 11, 26),
('H13', 87, 11, 27),
('H13', 88, 11, 28),
('H13', 89, 11, 29),
('H13', 90, 11, 30),
('H13', 91, 11, 31),
('H13', 92, 12, 0),
('H13', 93, 12, 1),
('H13', 94, 12, 2),
('H13', 95, 12, 3),
('H13', 96, 12, 4),
('H13', 97, 12, 5),
('H13', 98, 13, 0),
('H13', 99, 13, 1),
('H13', 100, 13, 2),
('H13', 101, 13, 3),
('H13', 102, 13, 4),
('H13', 103, 13, 5),
('H13', 104, 13, 6),
('H13', 105, 13, 7),
('H13', 106, 13, 8),
('H13', 107, 13, 9),
('H13', 108, 13, 10),
('H13', 109, 13, 11),
('H13', 110, 13, 12),
('H13', 111, 14, 0),
('H13', 112, 14, 1),
('H13', 113, 14, 2),
('H13', 114, 14, 3),
('H13', 115, 14, 4),
('H13', 116, 14, 5),
('H13', 117, 14, 6),
('H13', 118, 14, 7),
('H13', 119, 14, 8),
('H13', 120, 14, 9),
('H13', 121, 14, 10),
('H13', 122, 14, 11),
('H13', 123, 15, 0),
('H13', 124, 15, 1),
('H13', 125, 15, 2),
('H13', 126, 15, 3),
('H13', 127, 16, 0),
('H13', 128, 16, 1),
('H13', 129, 16, 2),
('H13', 130, 17, 0),
('H13', 131, 17, 1),
('H13', 132, 17, 2),
('H13', 133, 17, 3),
('H13', 134, 17, 4),
('H13', 135, 18, 0),
('H13', 136, 18, 1),
('H13', 137, 18, 2),
('H13', 138, 18, 3),
('H13', 139, 19, 0),
('H13', 140, 19, 1),
('H13', 141, 19, 2),
('H13', 142, 19, 3),
('H13', 143, 19, 4),
('H13', 144, 20, 0),
('H13', 145, 20, 1),
('H13', 146, 20, 2),
('H13', 147, 20, 3),
('H13', 148, 20, 4),
('H13', 149, 20, 5),
('H13', 150, 21, 0),
('H13', 151, 21, 1),
('H13', 152, 21, 2),
('H13', 153, 21, 3),
('H13', 154, 21, 4),
('H13', 155, 21, 5),
('H13', 156, 21, 6),
('H13', 157, 21, 7),
('H13', 158, 21, 8),
('H13', 159, 21, 9),
('H13', 160, 22, 0),
('H13', 161, 22, 1),
('H13', 162, 22, 2),
('H13', 163, 22, 3),
('H13', 164, 22, 4),
('H13', 165, 22, 5),
('H13', 166, 23, 0),
('H13', 167, 23, 1),
('H13', 168, 23, 2),
('H13', 169, 23, 3),
('H13', 170, 24, 0),
('H13', 171, 24, 1),
('H13', 172, 24, 2),
('H13', 173, 25, 0),
('H13', 174, 25, 1),
('H13', 175, 25, 2),
('H13', 176, 25, 3),
('H13', 177, 25, 4),
('H13', 178, 25, 5),
('H13', 179, 26, 0),
('H13', 180, 26, 1),
('H13', 181, 26, 2),
('H13', 182, 27, 0),
('H13', 183, 27, 1),
('H13', 184, 27, 2),
('H13', 185, 27, 3),
('H13', 186, 28, 0),
('H13', 187, 28, 1),
('H13', 188, 28, 2),
('H13', 189, 28, 3),
('H13', 190, 29, 0),
('H13', 191, 29, 1),
('H13', 192, 29, 2),
('H13', 193, 29, 3),
('H13', 194, 30, 0),
('H13', 195, 30, 1),
('H13', 196, 30, 2),
('H13', 197, 30, 3),
('H13', 198, 30, 4),
('H13', 199, 30, 5),
('H13', 200, 30, 6),
('H13', 201, 30, 7),
('H13', 202, 30, 8),
('H13', 203, 30, 9),
('H13', 204, 30, 10),
('H13', 205, 30, 11),
('H13', 206, 30, 12),
('H13', 207, 30, 13),
('H13', 208, 30, 14),
('H13', 209, 30, 15),
('H13', 210, 31, 1),
('H13', 211, 31, 2),
('H13', 212, 31, 3),
('H13', 213, 32, 1),
('H13', 214, 32, 2),
('H13', 215, 32, 3),
('H13', 216, 32, 4),
('H13', 217, 32, 5),
('H13', 218, 32, 6),
('H13', 219, 33, 1),
('H13', 220, 33, 2),
('H13', 221, 33, 3),
('H13', 222, 33, 4),
('H13', 223, 34, 1),
('H13', 224, 34, 2),
('H13', 225, 34, 3),
('H13', 226, 34, 4),
('H13', 227, 34, 5),
('H13', 228, 34, 6),
('H13', 229, 35, 1),
('H13', 230, 35, 2),
('H13', 231, 35, 3),
('H13', 232, 36, 1),
('H13', 233, 36, 2),
('H13', 234, 36, 3),
('H13', 235, 37, 1),
('H13', 236, 37, 2),
('H13', 237, 37, 3),
('H13', 238, 37, 4),
('H13', 239, 38, 1),
('H13', 240, 38, 2),
('H13', 241, 38, 3),
('H13', 242, 38, 4),
('H13', 243, 39, 1),
('H13', 244, 39, 2),
('H13', 245, 39, 3),
('H13', 246, 39, 4),
('H13', 247, 40, 1),
('H13', 248, 40, 2),
('H13', 249, 40, 3),
('H13', 250, 40, 4),
('H13', 251, 40, 5),
('H13', 252, 40, 6),
('H13', 253, 40, 7),
('H13', 254, 40, 8),
('H13', 255, 40, 9),
('H13', 256, 40, 10),
('H13', 257, 40, 11),
('H13', 258, 41, 1),
('H13', 259, 41, 2),
('H13', 260, 41, 3),
('H13', 261, 41, 4),
('H13', 262, 41, 5),
('H13', 263, 41, 6),
('H13', 264, 41, 7),
('H13', 265, 41, 8),
('H13', 266, 41, 9),
('H13', 267, 42, 1),
('H13', 268, 42, 2),
('H13', 269, 42, 3),
('H13', 270, 42, 4),
('H13', 271, 43, 1),
('H13', 272, 43, 2),
('H13', 273, 43, 3),
('H13', 274, 43, 4),
('H13', 275, 44, 1),
('H13', 276, 44, 2),
('H13', 277, 44, 3),
('H13', 278, 44, 4),
('H13', 279, 44, 5),
('H13', 280, 44, 6),
('H13', 281, 44, 7),
('H13', 282, 44, 8),
('H13', 283, 44, 9),
('H13', 284, 44, 10),
('H13', 285, 44, 11),
('H13', 286, 45, 1),
('H13', 287, 45, 2),
('H13', 288, 12, 1),
('H13', 289, 46, 1),
('H13', 290, 46, 2),
('H13', 291, 46, 3),
('H13', 292, 46, 4),
('H13', 293, 46, 5),
('H13', 294, 46, 6),
('H13', 295, 2, 1),
('H13', 296, 47, 1),
('H13', 297, 47, 2),
('H13', 298, 47, 3),
('H13', 299, 48, 1),
('H13', 300, 48, 2),
('H14', 1, 1, 0),
('H14', 2, 1, 1),
('H14', 3, 1, 2),
('H14', 4, 1, 3),
('H14', 5, 1, 4),
('H14', 6, 1, 5),
('H14', 7, 1, 6),
('H14', 8, 1, 7),
('H14', 9, 1, 8),
('H14', 10, 1, 9),
('H14', 11, 1, 10),
('H14', 12, 2, 0),
('H14', 13, 2, 1),
('H14', 14, 3, 0),
('H14', 15, 3, 1),
('H14', 16, 3, 2),
('H14', 17, 3, 3),
('H14', 18, 3, 4),
('H14', 19, 3, 5),
('H14', 20, 4, 0),
('H14', 21, 4, 1),
('H14', 22, 4, 2),
('H14', 23, 4, 3),
('H14', 24, 4, 4),
('H14', 25, 4, 5),
('H14', 26, 4, 6),
('H14', 27, 4, 7),
('H14', 28, 4, 8),
('H14', 29, 4, 9),
('H14', 30, 4, 10),
('H14', 31, 4, 11),
('H14', 32, 4, 12),
('H14', 33, 5, 0),
('H14', 34, 5, 1),
('H14', 35, 5, 2),
('H14', 36, 5, 3),
('H14', 37, 5, 4),
('H14', 38, 6, 0),
('H14', 39, 6, 1),
('H14', 40, 6, 2),
('H14', 41, 7, 0),
('H14', 42, 7, 1),
('H14', 43, 7, 2),
('H14', 44, 7, 3),
('H14', 45, 7, 4),
('H14', 46, 8, 0),
('H14', 47, 9, 0),
('H14', 48, 9, 1),
('H14', 49, 9, 2),
('H14', 50, 9, 3),
('H14', 51, 10, 0),
('H14', 52, 10, 1),
('H14', 53, 10, 2),
('H14', 54, 10, 3),
('H14', 55, 10, 4),
('H14', 56, 10, 5),
('H14', 57, 10, 6),
('H14', 58, 10, 7),
('H14', 59, 10, 8),
('H14', 60, 11, 0),
('H14', 61, 11, 1),
('H14', 62, 11, 2),
('H14', 63, 11, 3),
('H14', 64, 11, 4),
('H14', 65, 11, 5),
('H14', 66, 11, 6),
('H14', 67, 11, 7),
('H14', 68, 11, 8),
('H14', 69, 11, 9),
('H14', 70, 11, 10),
('H14', 71, 11, 11),
('H14', 72, 11, 12),
('H14', 73, 11, 13),
('H14', 74, 11, 14),
('H14', 75, 11, 15),
('H14', 76, 11, 16),
('H14', 77, 11, 17),
('H14', 78, 11, 18),
('H14', 79, 11, 19),
('H14', 80, 11, 20),
('H14', 81, 11, 21),
('H14', 82, 11, 22),
('H14', 83, 11, 23),
('H14', 84, 11, 24),
('H14', 85, 11, 25),
('H14', 86, 11, 26),
('H14', 87, 11, 27),
('H14', 88, 11, 28),
('H14', 89, 11, 29),
('H14', 90, 11, 30),
('H14', 91, 11, 31),
('H14', 92, 12, 0),
('H14', 93, 12, 1),
('H14', 94, 12, 2),
('H14', 95, 12, 3),
('H14', 96, 12, 4),
('H14', 97, 12, 5),
('H14', 98, 13, 0),
('H14', 99, 13, 1),
('H14', 100, 13, 2),
('H14', 101, 13, 3),
('H14', 102, 13, 4),
('H14', 103, 13, 5),
('H14', 104, 13, 6),
('H14', 105, 13, 7),
('H14', 106, 13, 8),
('H14', 107, 13, 9),
('H14', 108, 13, 10),
('H14', 109, 13, 11),
('H14', 110, 13, 12),
('H14', 111, 14, 0),
('H14', 112, 14, 1),
('H14', 113, 14, 2),
('H14', 114, 14, 3),
('H14', 115, 14, 4),
('H14', 116, 14, 5),
('H14', 117, 14, 6),
('H14', 118, 14, 7),
('H14', 119, 14, 8),
('H14', 120, 14, 9),
('H14', 121, 14, 10),
('H14', 122, 14, 11),
('H14', 123, 15, 0),
('H14', 124, 15, 1),
('H14', 125, 15, 2),
('H14', 126, 15, 3),
('H14', 127, 16, 0),
('H14', 128, 16, 1),
('H14', 129, 16, 2),
('H14', 130, 17, 0),
('H14', 131, 17, 1),
('H14', 132, 17, 2),
('H14', 133, 17, 3),
('H14', 134, 17, 4),
('H14', 135, 18, 0),
('H14', 136, 18, 1),
('H14', 137, 18, 2),
('H14', 138, 18, 3),
('H14', 139, 19, 0),
('H14', 140, 19, 1),
('H14', 141, 19, 2),
('H14', 142, 19, 3),
('H14', 143, 19, 4),
('H14', 144, 20, 0),
('H14', 145, 20, 1),
('H14', 146, 20, 2),
('H14', 147, 20, 3),
('H14', 148, 20, 4),
('H14', 149, 20, 5),
('H14', 150, 21, 0),
('H14', 151, 21, 1),
('H14', 152, 21, 2),
('H14', 153, 21, 3),
('H14', 154, 21, 4),
('H14', 155, 21, 5),
('H14', 156, 21, 6),
('H14', 157, 21, 7),
('H14', 158, 21, 8),
('H14', 159, 21, 9),
('H14', 160, 22, 0),
('H14', 161, 22, 1),
('H14', 162, 22, 2),
('H14', 163, 22, 3),
('H14', 164, 22, 4),
('H14', 165, 22, 5),
('H14', 166, 23, 0),
('H14', 167, 23, 1),
('H14', 168, 23, 2),
('H14', 169, 23, 3),
('H14', 170, 24, 0),
('H14', 171, 24, 1),
('H14', 172, 24, 2),
('H14', 173, 25, 0),
('H14', 174, 25, 1),
('H14', 175, 25, 2),
('H14', 176, 25, 3),
('H14', 177, 25, 4),
('H14', 178, 25, 5),
('H14', 179, 26, 0),
('H14', 180, 26, 1),
('H14', 181, 26, 2),
('H14', 182, 27, 0),
('H14', 183, 27, 1),
('H14', 184, 27, 2),
('H14', 185, 27, 3),
('H14', 186, 28, 0),
('H14', 187, 28, 1),
('H14', 188, 28, 2),
('H14', 189, 28, 3),
('H14', 190, 29, 0),
('H14', 191, 29, 1),
('H14', 192, 29, 2),
('H14', 193, 29, 3),
('H14', 194, 30, 0),
('H14', 195, 30, 1),
('H14', 196, 30, 2),
('H14', 197, 30, 3),
('H14', 198, 30, 4),
('H14', 199, 30, 5),
('H14', 200, 30, 6),
('H14', 201, 30, 7),
('H14', 202, 30, 8),
('H14', 203, 30, 9),
('H14', 204, 30, 10),
('H14', 205, 30, 11),
('H14', 206, 30, 12),
('H14', 207, 30, 13),
('H14', 208, 30, 14),
('H14', 209, 30, 15),
('H14', 210, 31, 1),
('H14', 211, 31, 2),
('H14', 212, 31, 3),
('H14', 213, 32, 1),
('H14', 214, 32, 2),
('H14', 215, 32, 3),
('H14', 216, 32, 4),
('H14', 217, 32, 5),
('H14', 218, 32, 6),
('H14', 219, 33, 1),
('H14', 220, 33, 2),
('H14', 221, 33, 3),
('H14', 222, 33, 4),
('H14', 223, 34, 1),
('H14', 224, 34, 2),
('H14', 225, 34, 3),
('H14', 226, 34, 4),
('H14', 227, 34, 5),
('H14', 228, 34, 6),
('H14', 229, 35, 1),
('H14', 230, 35, 2),
('H14', 231, 35, 3),
('H14', 232, 36, 1),
('H14', 233, 36, 2),
('H14', 234, 36, 3),
('H14', 235, 37, 1),
('H14', 236, 37, 2),
('H14', 237, 37, 3),
('H14', 238, 37, 4),
('H14', 239, 38, 1),
('H14', 240, 38, 2),
('H14', 241, 38, 3),
('H14', 242, 38, 4),
('H14', 243, 39, 1),
('H14', 244, 39, 2),
('H14', 245, 39, 3),
('H14', 246, 39, 4),
('H14', 247, 40, 1),
('H14', 248, 40, 2),
('H14', 249, 40, 3),
('H14', 250, 40, 4),
('H14', 251, 40, 5),
('H14', 252, 40, 6),
('H14', 253, 40, 7),
('H14', 254, 40, 8),
('H14', 255, 40, 9),
('H14', 256, 40, 10),
('H14', 257, 40, 11),
('H14', 258, 41, 1),
('H14', 259, 41, 2),
('H14', 260, 41, 3),
('H14', 261, 41, 4),
('H14', 262, 41, 5),
('H14', 263, 41, 6),
('H14', 264, 41, 7),
('H14', 265, 41, 8),
('H14', 266, 41, 9),
('H14', 267, 42, 1),
('H14', 268, 42, 2),
('H14', 269, 42, 3),
('H14', 270, 42, 4),
('H14', 271, 43, 1),
('H14', 272, 43, 2),
('H14', 273, 43, 3),
('H14', 274, 43, 4),
('H14', 275, 44, 1),
('H14', 276, 44, 2),
('H14', 277, 44, 3),
('H14', 278, 44, 4),
('H14', 279, 44, 5),
('H14', 280, 44, 6),
('H14', 281, 44, 7),
('H14', 282, 44, 8),
('H14', 283, 44, 9),
('H14', 284, 44, 10),
('H14', 285, 44, 11),
('H14', 286, 45, 1),
('H14', 287, 45, 2),
('H14', 288, 12, 1),
('H14', 289, 46, 1),
('H14', 290, 46, 2),
('H14', 291, 46, 3),
('H14', 292, 46, 4),
('H14', 293, 46, 5),
('H14', 294, 46, 6),
('H14', 295, 2, 1),
('H14', 296, 47, 1),
('H14', 297, 47, 2),
('H14', 298, 47, 3),
('H14', 299, 48, 1),
('H14', 300, 48, 2),
('H2', 1, 1, 0),
('H2', 2, 1, 1),
('H2', 3, 1, 2),
('H2', 4, 1, 3),
('H2', 5, 1, 4),
('H2', 6, 1, 5),
('H2', 7, 1, 6),
('H2', 8, 1, 7),
('H2', 9, 1, 8),
('H2', 10, 1, 9),
('H2', 11, 1, 10),
('H2', 12, 2, 0),
('H2', 13, 2, 1),
('H2', 14, 3, 0),
('H2', 15, 3, 1),
('H2', 16, 3, 2),
('H2', 17, 3, 3),
('H2', 18, 3, 4),
('H2', 19, 3, 5),
('H2', 20, 4, 0),
('H2', 21, 4, 1),
('H2', 22, 4, 2),
('H2', 23, 4, 3),
('H2', 24, 4, 4),
('H2', 25, 4, 5),
('H2', 26, 4, 6),
('H2', 27, 4, 7),
('H2', 28, 4, 8),
('H2', 29, 4, 9),
('H2', 30, 4, 10),
('H2', 31, 4, 11),
('H2', 32, 4, 12),
('H2', 33, 5, 0),
('H2', 34, 5, 1),
('H2', 35, 5, 2),
('H2', 36, 5, 3),
('H2', 37, 5, 4),
('H2', 38, 6, 0),
('H2', 39, 6, 1),
('H2', 40, 6, 2),
('H2', 41, 7, 0),
('H2', 42, 7, 1),
('H2', 43, 7, 2),
('H2', 44, 7, 3),
('H2', 45, 7, 4),
('H2', 46, 8, 0),
('H2', 47, 9, 0),
('H2', 48, 9, 1),
('H2', 49, 9, 2),
('H2', 50, 9, 3),
('H2', 51, 10, 0),
('H2', 52, 10, 1),
('H2', 53, 10, 2),
('H2', 54, 10, 3),
('H2', 55, 10, 4),
('H2', 56, 10, 5),
('H2', 57, 10, 6),
('H2', 58, 10, 7),
('H2', 59, 10, 8),
('H2', 60, 11, 0),
('H2', 61, 11, 1),
('H2', 62, 11, 2),
('H2', 63, 11, 3),
('H2', 64, 11, 4),
('H2', 65, 11, 5),
('H2', 66, 11, 6),
('H2', 67, 11, 7),
('H2', 68, 11, 8),
('H2', 69, 11, 9),
('H2', 70, 11, 10),
('H2', 71, 11, 11),
('H2', 72, 11, 12),
('H2', 73, 11, 13),
('H2', 74, 11, 14),
('H2', 75, 11, 15),
('H2', 76, 11, 16),
('H2', 77, 11, 17),
('H2', 78, 11, 18),
('H2', 79, 11, 19),
('H2', 80, 11, 20),
('H2', 81, 11, 21),
('H2', 82, 11, 22),
('H2', 83, 11, 23),
('H2', 84, 11, 24),
('H2', 85, 11, 25),
('H2', 86, 11, 26),
('H2', 87, 11, 27),
('H2', 88, 11, 28),
('H2', 89, 11, 29),
('H2', 90, 11, 30),
('H2', 91, 11, 31),
('H2', 92, 12, 0),
('H2', 93, 12, 1),
('H2', 94, 12, 2),
('H2', 95, 12, 3),
('H2', 96, 12, 4),
('H2', 97, 12, 5),
('H2', 98, 13, 0),
('H2', 99, 13, 1),
('H2', 100, 13, 2),
('H2', 101, 13, 3),
('H2', 102, 13, 4),
('H2', 103, 13, 5),
('H2', 104, 13, 6),
('H2', 105, 13, 7),
('H2', 106, 13, 8),
('H2', 107, 13, 9),
('H2', 108, 13, 10),
('H2', 109, 13, 11),
('H2', 110, 13, 12),
('H2', 111, 14, 0),
('H2', 112, 14, 1),
('H2', 113, 14, 2),
('H2', 114, 14, 3),
('H2', 115, 14, 4),
('H2', 116, 14, 5),
('H2', 117, 14, 6),
('H2', 118, 14, 7),
('H2', 119, 14, 8),
('H2', 120, 14, 9),
('H2', 121, 14, 10),
('H2', 122, 14, 11),
('H2', 123, 15, 0),
('H2', 124, 15, 1),
('H2', 125, 15, 2),
('H2', 126, 15, 3),
('H2', 127, 16, 0),
('H2', 128, 16, 1),
('H2', 129, 16, 2),
('H2', 130, 17, 0),
('H2', 131, 17, 1),
('H2', 132, 17, 2),
('H2', 133, 17, 3),
('H2', 134, 17, 4),
('H2', 135, 18, 0),
('H2', 136, 18, 1),
('H2', 137, 18, 2),
('H2', 138, 18, 3),
('H2', 139, 19, 0),
('H2', 140, 19, 1),
('H2', 141, 19, 2),
('H2', 142, 19, 3),
('H2', 143, 19, 4),
('H2', 144, 20, 0),
('H2', 145, 20, 1),
('H2', 146, 20, 2),
('H2', 147, 20, 3),
('H2', 148, 20, 4),
('H2', 149, 20, 5),
('H2', 150, 21, 0),
('H2', 151, 21, 1),
('H2', 152, 21, 2),
('H2', 153, 21, 3),
('H2', 154, 21, 4),
('H2', 155, 21, 5),
('H2', 156, 21, 6),
('H2', 157, 21, 7),
('H2', 158, 21, 8),
('H2', 159, 21, 9),
('H2', 160, 22, 0),
('H2', 161, 22, 1),
('H2', 162, 22, 2),
('H2', 163, 22, 3),
('H2', 164, 22, 4),
('H2', 165, 22, 5),
('H2', 166, 23, 0),
('H2', 167, 23, 1),
('H2', 168, 23, 2),
('H2', 169, 23, 3),
('H2', 170, 24, 0),
('H2', 171, 24, 1),
('H2', 172, 24, 2),
('H2', 173, 25, 0),
('H2', 174, 25, 1),
('H2', 175, 25, 2),
('H2', 176, 25, 3),
('H2', 177, 25, 4),
('H2', 178, 25, 5),
('H2', 179, 26, 0),
('H2', 180, 26, 1),
('H2', 181, 26, 2),
('H2', 182, 27, 0),
('H2', 183, 27, 1),
('H2', 184, 27, 2),
('H2', 185, 27, 3),
('H2', 186, 28, 0),
('H2', 187, 28, 1),
('H2', 188, 28, 2),
('H2', 189, 28, 3),
('H2', 190, 29, 0),
('H2', 191, 29, 1),
('H2', 192, 29, 2),
('H2', 193, 29, 3),
('H2', 194, 30, 0),
('H2', 195, 30, 1),
('H2', 196, 30, 2),
('H2', 197, 30, 3),
('H2', 198, 30, 4),
('H2', 199, 30, 5),
('H2', 200, 30, 6),
('H2', 201, 30, 7),
('H2', 202, 30, 8),
('H2', 203, 30, 9),
('H2', 204, 30, 10),
('H2', 205, 30, 11),
('H2', 206, 30, 12),
('H2', 207, 30, 13),
('H2', 208, 30, 14),
('H2', 209, 30, 15),
('H2', 210, 31, 1),
('H2', 211, 31, 2),
('H2', 212, 31, 3),
('H2', 213, 32, 1),
('H2', 214, 32, 2),
('H2', 215, 32, 3),
('H2', 216, 32, 4),
('H2', 217, 32, 5),
('H2', 218, 32, 6),
('H2', 219, 33, 1),
('H2', 220, 33, 2),
('H2', 221, 33, 3),
('H2', 222, 33, 4),
('H2', 223, 34, 1),
('H2', 224, 34, 2),
('H2', 225, 34, 3),
('H2', 226, 34, 4),
('H2', 227, 34, 5),
('H2', 228, 34, 6),
('H2', 229, 35, 1),
('H2', 230, 35, 2),
('H2', 231, 35, 3),
('H2', 232, 36, 1),
('H2', 233, 36, 2),
('H2', 234, 36, 3),
('H2', 235, 37, 1),
('H2', 236, 37, 2),
('H2', 237, 37, 3),
('H2', 238, 37, 4),
('H2', 239, 38, 1),
('H2', 240, 38, 2),
('H2', 241, 38, 3),
('H2', 242, 38, 4),
('H2', 243, 39, 1),
('H2', 244, 39, 2),
('H2', 245, 39, 3),
('H2', 246, 39, 4),
('H2', 247, 40, 1),
('H2', 248, 40, 2),
('H2', 249, 40, 3),
('H2', 250, 40, 4),
('H2', 251, 40, 5),
('H2', 252, 40, 6),
('H2', 253, 40, 7),
('H2', 254, 40, 8),
('H2', 255, 40, 9),
('H2', 256, 40, 10),
('H2', 257, 40, 11),
('H2', 258, 41, 1),
('H2', 259, 41, 2),
('H2', 260, 41, 3),
('H2', 261, 41, 4),
('H2', 262, 41, 5),
('H2', 263, 41, 6),
('H2', 264, 41, 7),
('H2', 265, 41, 8),
('H2', 266, 41, 9),
('H2', 267, 42, 1),
('H2', 268, 42, 2),
('H2', 269, 42, 3),
('H2', 270, 42, 4),
('H2', 271, 43, 1),
('H2', 272, 43, 2),
('H2', 273, 43, 3),
('H2', 274, 43, 4),
('H2', 275, 44, 1),
('H2', 276, 44, 2),
('H2', 277, 44, 3),
('H2', 278, 44, 4),
('H2', 279, 44, 5),
('H2', 280, 44, 6),
('H2', 281, 44, 7),
('H2', 282, 44, 8),
('H2', 283, 44, 9),
('H2', 284, 44, 10),
('H2', 285, 44, 11),
('H2', 286, 45, 1),
('H2', 287, 45, 2),
('H2', 288, 12, 1),
('H2', 289, 46, 1),
('H2', 290, 46, 2),
('H2', 291, 46, 3),
('H2', 292, 46, 4),
('H2', 293, 46, 5),
('H2', 294, 46, 6),
('H2', 295, 2, 1),
('H2', 296, 47, 1),
('H2', 297, 47, 2),
('H2', 298, 47, 3),
('H2', 299, 48, 1),
('H2', 300, 48, 2),
('H3', 1, 1, 0),
('H3', 2, 1, 1),
('H3', 3, 1, 2),
('H3', 4, 1, 3),
('H3', 5, 1, 4),
('H3', 6, 1, 5),
('H3', 7, 1, 6),
('H3', 8, 1, 7),
('H3', 9, 1, 8),
('H3', 10, 1, 9),
('H3', 11, 1, 10),
('H3', 12, 2, 0),
('H3', 13, 2, 1),
('H3', 14, 3, 0),
('H3', 15, 3, 1),
('H3', 16, 3, 2),
('H3', 17, 3, 3),
('H3', 18, 3, 4),
('H3', 19, 3, 5),
('H3', 20, 4, 0),
('H3', 21, 4, 1),
('H3', 22, 4, 2),
('H3', 23, 4, 3),
('H3', 24, 4, 4),
('H3', 25, 4, 5),
('H3', 26, 4, 6),
('H3', 27, 4, 7),
('H3', 28, 4, 8),
('H3', 29, 4, 9),
('H3', 30, 4, 10),
('H3', 31, 4, 11),
('H3', 32, 4, 12),
('H3', 33, 5, 0),
('H3', 34, 5, 1),
('H3', 35, 5, 2),
('H3', 36, 5, 3),
('H3', 37, 5, 4),
('H3', 38, 6, 0),
('H3', 39, 6, 1),
('H3', 40, 6, 2),
('H3', 41, 7, 0),
('H3', 42, 7, 1),
('H3', 43, 7, 2),
('H3', 44, 7, 3),
('H3', 45, 7, 4),
('H3', 46, 8, 0),
('H3', 47, 9, 0),
('H3', 48, 9, 1),
('H3', 49, 9, 2),
('H3', 50, 9, 3),
('H3', 51, 10, 0),
('H3', 52, 10, 1),
('H3', 53, 10, 2),
('H3', 54, 10, 3),
('H3', 55, 10, 4),
('H3', 56, 10, 5),
('H3', 57, 10, 6),
('H3', 58, 10, 7),
('H3', 59, 10, 8),
('H3', 60, 11, 0),
('H3', 61, 11, 1),
('H3', 62, 11, 2),
('H3', 63, 11, 3),
('H3', 64, 11, 4),
('H3', 65, 11, 5),
('H3', 66, 11, 6),
('H3', 67, 11, 7),
('H3', 68, 11, 8),
('H3', 69, 11, 9),
('H3', 70, 11, 10),
('H3', 71, 11, 11),
('H3', 72, 11, 12),
('H3', 73, 11, 13),
('H3', 74, 11, 14),
('H3', 75, 11, 15),
('H3', 76, 11, 16),
('H3', 77, 11, 17),
('H3', 78, 11, 18),
('H3', 79, 11, 19),
('H3', 80, 11, 20),
('H3', 81, 11, 21),
('H3', 82, 11, 22),
('H3', 83, 11, 23),
('H3', 84, 11, 24),
('H3', 85, 11, 25),
('H3', 86, 11, 26),
('H3', 87, 11, 27),
('H3', 88, 11, 28),
('H3', 89, 11, 29),
('H3', 90, 11, 30),
('H3', 91, 11, 31),
('H3', 92, 12, 0),
('H3', 93, 12, 1),
('H3', 94, 12, 2),
('H3', 95, 12, 3),
('H3', 96, 12, 4),
('H3', 97, 12, 5),
('H3', 98, 13, 0),
('H3', 99, 13, 1),
('H3', 100, 13, 2),
('H3', 101, 13, 3),
('H3', 102, 13, 4),
('H3', 103, 13, 5),
('H3', 104, 13, 6),
('H3', 105, 13, 7),
('H3', 106, 13, 8),
('H3', 107, 13, 9),
('H3', 108, 13, 10),
('H3', 109, 13, 11),
('H3', 110, 13, 12),
('H3', 111, 14, 0),
('H3', 112, 14, 1),
('H3', 113, 14, 2),
('H3', 114, 14, 3),
('H3', 115, 14, 4),
('H3', 116, 14, 5),
('H3', 117, 14, 6),
('H3', 118, 14, 7),
('H3', 119, 14, 8),
('H3', 120, 14, 9),
('H3', 121, 14, 10),
('H3', 122, 14, 11),
('H3', 123, 15, 0),
('H3', 124, 15, 1),
('H3', 125, 15, 2),
('H3', 126, 15, 3),
('H3', 127, 16, 0),
('H3', 128, 16, 1),
('H3', 129, 16, 2),
('H3', 130, 17, 0),
('H3', 131, 17, 1),
('H3', 132, 17, 2),
('H3', 133, 17, 3),
('H3', 134, 17, 4),
('H3', 135, 18, 0),
('H3', 136, 18, 1),
('H3', 137, 18, 2),
('H3', 138, 18, 3),
('H3', 139, 19, 0),
('H3', 140, 19, 1),
('H3', 141, 19, 2),
('H3', 142, 19, 3),
('H3', 143, 19, 4),
('H3', 144, 20, 0),
('H3', 145, 20, 1),
('H3', 146, 20, 2),
('H3', 147, 20, 3),
('H3', 148, 20, 4),
('H3', 149, 20, 5),
('H3', 150, 21, 0),
('H3', 151, 21, 1),
('H3', 152, 21, 2),
('H3', 153, 21, 3),
('H3', 154, 21, 4),
('H3', 155, 21, 5),
('H3', 156, 21, 6),
('H3', 157, 21, 7),
('H3', 158, 21, 8),
('H3', 159, 21, 9),
('H3', 160, 22, 0),
('H3', 161, 22, 1),
('H3', 162, 22, 2),
('H3', 163, 22, 3),
('H3', 164, 22, 4),
('H3', 165, 22, 5),
('H3', 166, 23, 0),
('H3', 167, 23, 1),
('H3', 168, 23, 2),
('H3', 169, 23, 3),
('H3', 170, 24, 0),
('H3', 171, 24, 1),
('H3', 172, 24, 2),
('H3', 173, 25, 0),
('H3', 174, 25, 1),
('H3', 175, 25, 2),
('H3', 176, 25, 3),
('H3', 177, 25, 4),
('H3', 178, 25, 5),
('H3', 179, 26, 0),
('H3', 180, 26, 1),
('H3', 181, 26, 2),
('H3', 182, 27, 0),
('H3', 183, 27, 1),
('H3', 184, 27, 2),
('H3', 185, 27, 3),
('H3', 186, 28, 0),
('H3', 187, 28, 1),
('H3', 188, 28, 2),
('H3', 189, 28, 3),
('H3', 190, 29, 0),
('H3', 191, 29, 1),
('H3', 192, 29, 2),
('H3', 193, 29, 3),
('H3', 194, 30, 0),
('H3', 195, 30, 1),
('H3', 196, 30, 2),
('H3', 197, 30, 3),
('H3', 198, 30, 4),
('H3', 199, 30, 5),
('H3', 200, 30, 6),
('H3', 201, 30, 7),
('H3', 202, 30, 8),
('H3', 203, 30, 9),
('H3', 204, 30, 10),
('H3', 205, 30, 11),
('H3', 206, 30, 12),
('H3', 207, 30, 13),
('H3', 208, 30, 14),
('H3', 209, 30, 15),
('H3', 210, 31, 1),
('H3', 211, 31, 2),
('H3', 212, 31, 3),
('H3', 213, 32, 1),
('H3', 214, 32, 2),
('H3', 215, 32, 3),
('H3', 216, 32, 4),
('H3', 217, 32, 5),
('H3', 218, 32, 6),
('H3', 219, 33, 1),
('H3', 220, 33, 2),
('H3', 221, 33, 3),
('H3', 222, 33, 4),
('H3', 223, 34, 1),
('H3', 224, 34, 2),
('H3', 225, 34, 3),
('H3', 226, 34, 4),
('H3', 227, 34, 5),
('H3', 228, 34, 6),
('H3', 229, 35, 1),
('H3', 230, 35, 2),
('H3', 231, 35, 3),
('H3', 232, 36, 1),
('H3', 233, 36, 2),
('H3', 234, 36, 3),
('H3', 235, 37, 1),
('H3', 236, 37, 2),
('H3', 237, 37, 3),
('H3', 238, 37, 4),
('H3', 239, 38, 1),
('H3', 240, 38, 2),
('H3', 241, 38, 3),
('H3', 242, 38, 4),
('H3', 243, 39, 1),
('H3', 244, 39, 2),
('H3', 245, 39, 3),
('H3', 246, 39, 4),
('H3', 247, 40, 1),
('H3', 248, 40, 2),
('H3', 249, 40, 3),
('H3', 250, 40, 4),
('H3', 251, 40, 5),
('H3', 252, 40, 6),
('H3', 253, 40, 7),
('H3', 254, 40, 8),
('H3', 255, 40, 9),
('H3', 256, 40, 10),
('H3', 257, 40, 11),
('H3', 258, 41, 1),
('H3', 259, 41, 2),
('H3', 260, 41, 3),
('H3', 261, 41, 4),
('H3', 262, 41, 5),
('H3', 263, 41, 6),
('H3', 264, 41, 7),
('H3', 265, 41, 8),
('H3', 266, 41, 9),
('H3', 267, 42, 1),
('H3', 268, 42, 2),
('H3', 269, 42, 3),
('H3', 270, 42, 4),
('H3', 271, 43, 1),
('H3', 272, 43, 2),
('H3', 273, 43, 3),
('H3', 274, 43, 4),
('H3', 275, 44, 1),
('H3', 276, 44, 2),
('H3', 277, 44, 3),
('H3', 278, 44, 4),
('H3', 279, 44, 5),
('H3', 280, 44, 6),
('H3', 281, 44, 7),
('H3', 282, 44, 8),
('H3', 283, 44, 9),
('H3', 284, 44, 10),
('H3', 285, 44, 11),
('H3', 286, 45, 1),
('H3', 287, 45, 2),
('H3', 288, 12, 1),
('H3', 289, 46, 1),
('H3', 290, 46, 2),
('H3', 291, 46, 3),
('H3', 292, 46, 4),
('H3', 293, 46, 5),
('H3', 294, 46, 6),
('H3', 295, 2, 1),
('H3', 296, 47, 1),
('H3', 297, 47, 2),
('H3', 298, 47, 3),
('H3', 299, 48, 1),
('H3', 300, 48, 2),
('H4', 1, 1, 0),
('H4', 2, 1, 1),
('H4', 3, 1, 2),
('H4', 4, 1, 3),
('H4', 5, 1, 4),
('H4', 6, 1, 5),
('H4', 7, 1, 6),
('H4', 8, 1, 7),
('H4', 9, 1, 8),
('H4', 10, 1, 9),
('H4', 11, 1, 10),
('H4', 12, 2, 0),
('H4', 13, 2, 1),
('H4', 14, 3, 0),
('H4', 15, 3, 1),
('H4', 16, 3, 2),
('H4', 17, 3, 3),
('H4', 18, 3, 4),
('H4', 19, 3, 5),
('H4', 20, 4, 0),
('H4', 21, 4, 1),
('H4', 22, 4, 2),
('H4', 23, 4, 3),
('H4', 24, 4, 4),
('H4', 25, 4, 5),
('H4', 26, 4, 6),
('H4', 27, 4, 7),
('H4', 28, 4, 8),
('H4', 29, 4, 9),
('H4', 30, 4, 10),
('H4', 31, 4, 11),
('H4', 32, 4, 12),
('H4', 33, 5, 0),
('H4', 34, 5, 1),
('H4', 35, 5, 2),
('H4', 36, 5, 3),
('H4', 37, 5, 4),
('H4', 38, 6, 0),
('H4', 39, 6, 1),
('H4', 40, 6, 2),
('H4', 41, 7, 0),
('H4', 42, 7, 1),
('H4', 43, 7, 2),
('H4', 44, 7, 3),
('H4', 45, 7, 4),
('H4', 46, 8, 0),
('H4', 47, 9, 0),
('H4', 48, 9, 1),
('H4', 49, 9, 2),
('H4', 50, 9, 3),
('H4', 51, 10, 0),
('H4', 52, 10, 1),
('H4', 53, 10, 2),
('H4', 54, 10, 3),
('H4', 55, 10, 4),
('H4', 56, 10, 5),
('H4', 57, 10, 6),
('H4', 58, 10, 7),
('H4', 59, 10, 8),
('H4', 60, 11, 0),
('H4', 61, 11, 1),
('H4', 62, 11, 2),
('H4', 63, 11, 3),
('H4', 64, 11, 4),
('H4', 65, 11, 5),
('H4', 66, 11, 6),
('H4', 67, 11, 7),
('H4', 68, 11, 8),
('H4', 69, 11, 9),
('H4', 70, 11, 10),
('H4', 71, 11, 11),
('H4', 72, 11, 12),
('H4', 73, 11, 13),
('H4', 74, 11, 14),
('H4', 75, 11, 15),
('H4', 76, 11, 16),
('H4', 77, 11, 17),
('H4', 78, 11, 18),
('H4', 79, 11, 19),
('H4', 80, 11, 20),
('H4', 81, 11, 21),
('H4', 82, 11, 22),
('H4', 83, 11, 23),
('H4', 84, 11, 24),
('H4', 85, 11, 25),
('H4', 86, 11, 26),
('H4', 87, 11, 27),
('H4', 88, 11, 28),
('H4', 89, 11, 29),
('H4', 90, 11, 30),
('H4', 91, 11, 31),
('H4', 92, 12, 0),
('H4', 93, 12, 1),
('H4', 94, 12, 2),
('H4', 95, 12, 3),
('H4', 96, 12, 4),
('H4', 97, 12, 5),
('H4', 98, 13, 0),
('H4', 99, 13, 1),
('H4', 100, 13, 2),
('H4', 101, 13, 3),
('H4', 102, 13, 4),
('H4', 103, 13, 5),
('H4', 104, 13, 6),
('H4', 105, 13, 7),
('H4', 106, 13, 8),
('H4', 107, 13, 9),
('H4', 108, 13, 10),
('H4', 109, 13, 11),
('H4', 110, 13, 12),
('H4', 111, 14, 0),
('H4', 112, 14, 1),
('H4', 113, 14, 2),
('H4', 114, 14, 3),
('H4', 115, 14, 4),
('H4', 116, 14, 5),
('H4', 117, 14, 6),
('H4', 118, 14, 7),
('H4', 119, 14, 8),
('H4', 120, 14, 9),
('H4', 121, 14, 10),
('H4', 122, 14, 11),
('H4', 123, 15, 0),
('H4', 124, 15, 1),
('H4', 125, 15, 2),
('H4', 126, 15, 3),
('H4', 127, 16, 0),
('H4', 128, 16, 1),
('H4', 129, 16, 2),
('H4', 130, 17, 0),
('H4', 131, 17, 1),
('H4', 132, 17, 2),
('H4', 133, 17, 3),
('H4', 134, 17, 4),
('H4', 135, 18, 0),
('H4', 136, 18, 1),
('H4', 137, 18, 2),
('H4', 138, 18, 3),
('H4', 139, 19, 0),
('H4', 140, 19, 1),
('H4', 141, 19, 2),
('H4', 142, 19, 3),
('H4', 143, 19, 4),
('H4', 144, 20, 0),
('H4', 145, 20, 1),
('H4', 146, 20, 2),
('H4', 147, 20, 3),
('H4', 148, 20, 4),
('H4', 149, 20, 5),
('H4', 150, 21, 0),
('H4', 151, 21, 1),
('H4', 152, 21, 2),
('H4', 153, 21, 3),
('H4', 154, 21, 4),
('H4', 155, 21, 5),
('H4', 156, 21, 6),
('H4', 157, 21, 7),
('H4', 158, 21, 8),
('H4', 159, 21, 9),
('H4', 160, 22, 0),
('H4', 161, 22, 1),
('H4', 162, 22, 2),
('H4', 163, 22, 3),
('H4', 164, 22, 4),
('H4', 165, 22, 5),
('H4', 166, 23, 0),
('H4', 167, 23, 1),
('H4', 168, 23, 2),
('H4', 169, 23, 3),
('H4', 170, 24, 0),
('H4', 171, 24, 1),
('H4', 172, 24, 2),
('H4', 173, 25, 0),
('H4', 174, 25, 1),
('H4', 175, 25, 2),
('H4', 176, 25, 3),
('H4', 177, 25, 4),
('H4', 178, 25, 5),
('H4', 179, 26, 0),
('H4', 180, 26, 1),
('H4', 181, 26, 2),
('H4', 182, 27, 0),
('H4', 183, 27, 1),
('H4', 184, 27, 2),
('H4', 185, 27, 3),
('H4', 186, 28, 0),
('H4', 187, 28, 1),
('H4', 188, 28, 2),
('H4', 189, 28, 3),
('H4', 190, 29, 0),
('H4', 191, 29, 1),
('H4', 192, 29, 2),
('H4', 193, 29, 3),
('H4', 194, 30, 0),
('H4', 195, 30, 1),
('H4', 196, 30, 2),
('H4', 197, 30, 3),
('H4', 198, 30, 4),
('H4', 199, 30, 5),
('H4', 200, 30, 6),
('H4', 201, 30, 7),
('H4', 202, 30, 8),
('H4', 203, 30, 9),
('H4', 204, 30, 10),
('H4', 205, 30, 11),
('H4', 206, 30, 12),
('H4', 207, 30, 13),
('H4', 208, 30, 14),
('H4', 209, 30, 15),
('H4', 210, 31, 1),
('H4', 211, 31, 2),
('H4', 212, 31, 3),
('H4', 213, 32, 1),
('H4', 214, 32, 2),
('H4', 215, 32, 3),
('H4', 216, 32, 4),
('H4', 217, 32, 5),
('H4', 218, 32, 6),
('H4', 219, 33, 1),
('H4', 220, 33, 2),
('H4', 221, 33, 3),
('H4', 222, 33, 4),
('H4', 223, 34, 1),
('H4', 224, 34, 2),
('H4', 225, 34, 3),
('H4', 226, 34, 4),
('H4', 227, 34, 5),
('H4', 228, 34, 6),
('H4', 229, 35, 1),
('H4', 230, 35, 2),
('H4', 231, 35, 3),
('H4', 232, 36, 1),
('H4', 233, 36, 2),
('H4', 234, 36, 3),
('H4', 235, 37, 1),
('H4', 236, 37, 2),
('H4', 237, 37, 3),
('H4', 238, 37, 4),
('H4', 239, 38, 1),
('H4', 240, 38, 2),
('H4', 241, 38, 3),
('H4', 242, 38, 4),
('H4', 243, 39, 1),
('H4', 244, 39, 2),
('H4', 245, 39, 3),
('H4', 246, 39, 4),
('H4', 247, 40, 1),
('H4', 248, 40, 2),
('H4', 249, 40, 3),
('H4', 250, 40, 4),
('H4', 251, 40, 5),
('H4', 252, 40, 6),
('H4', 253, 40, 7),
('H4', 254, 40, 8),
('H4', 255, 40, 9),
('H4', 256, 40, 10),
('H4', 257, 40, 11),
('H4', 258, 41, 1),
('H4', 259, 41, 2),
('H4', 260, 41, 3),
('H4', 261, 41, 4),
('H4', 262, 41, 5),
('H4', 263, 41, 6),
('H4', 264, 41, 7),
('H4', 265, 41, 8),
('H4', 266, 41, 9),
('H4', 267, 42, 1),
('H4', 268, 42, 2),
('H4', 269, 42, 3),
('H4', 270, 42, 4),
('H4', 271, 43, 1),
('H4', 272, 43, 2),
('H4', 273, 43, 3),
('H4', 274, 43, 4),
('H4', 275, 44, 1),
('H4', 276, 44, 2),
('H4', 277, 44, 3),
('H4', 278, 44, 4),
('H4', 279, 44, 5),
('H4', 280, 44, 6),
('H4', 281, 44, 7),
('H4', 282, 44, 8),
('H4', 283, 44, 9),
('H4', 284, 44, 10),
('H4', 285, 44, 11),
('H4', 286, 45, 1),
('H4', 287, 45, 2),
('H4', 288, 12, 1),
('H4', 289, 46, 1),
('H4', 290, 46, 2),
('H4', 291, 46, 3),
('H4', 292, 46, 4),
('H4', 293, 46, 5),
('H4', 294, 46, 6),
('H4', 295, 2, 1),
('H4', 296, 47, 1),
('H4', 297, 47, 2),
('H4', 298, 47, 3),
('H4', 299, 48, 1),
('H4', 300, 48, 2),
('H5', 1, 1, 0),
('H5', 2, 1, 1),
('H5', 3, 1, 2),
('H5', 4, 1, 3),
('H5', 5, 1, 4),
('H5', 6, 1, 5),
('H5', 7, 1, 6),
('H5', 8, 1, 7),
('H5', 9, 1, 8),
('H5', 10, 1, 9),
('H5', 11, 1, 10),
('H5', 12, 2, 0),
('H5', 13, 2, 1),
('H5', 14, 3, 0),
('H5', 15, 3, 1),
('H5', 16, 3, 2),
('H5', 17, 3, 3),
('H5', 18, 3, 4),
('H5', 19, 3, 5),
('H5', 20, 4, 0),
('H5', 21, 4, 1),
('H5', 22, 4, 2),
('H5', 23, 4, 3),
('H5', 24, 4, 4),
('H5', 25, 4, 5),
('H5', 26, 4, 6),
('H5', 27, 4, 7),
('H5', 28, 4, 8),
('H5', 29, 4, 9),
('H5', 30, 4, 10),
('H5', 31, 4, 11),
('H5', 32, 4, 12),
('H5', 33, 5, 0),
('H5', 34, 5, 1),
('H5', 35, 5, 2),
('H5', 36, 5, 3),
('H5', 37, 5, 4),
('H5', 38, 6, 0),
('H5', 39, 6, 1),
('H5', 40, 6, 2),
('H5', 41, 7, 0),
('H5', 42, 7, 1),
('H5', 43, 7, 2),
('H5', 44, 7, 3),
('H5', 45, 7, 4),
('H5', 46, 8, 0),
('H5', 47, 9, 0),
('H5', 48, 9, 1),
('H5', 49, 9, 2),
('H5', 50, 9, 3),
('H5', 51, 10, 0),
('H5', 52, 10, 1),
('H5', 53, 10, 2),
('H5', 54, 10, 3);
INSERT INTO `vtiger_role2picklist` (`roleid`, `picklistvalueid`, `picklistid`, `sortid`) VALUES
('H5', 55, 10, 4),
('H5', 56, 10, 5),
('H5', 57, 10, 6),
('H5', 58, 10, 7),
('H5', 59, 10, 8),
('H5', 60, 11, 0),
('H5', 61, 11, 1),
('H5', 62, 11, 2),
('H5', 63, 11, 3),
('H5', 64, 11, 4),
('H5', 65, 11, 5),
('H5', 66, 11, 6),
('H5', 67, 11, 7),
('H5', 68, 11, 8),
('H5', 69, 11, 9),
('H5', 70, 11, 10),
('H5', 71, 11, 11),
('H5', 72, 11, 12),
('H5', 73, 11, 13),
('H5', 74, 11, 14),
('H5', 75, 11, 15),
('H5', 76, 11, 16),
('H5', 77, 11, 17),
('H5', 78, 11, 18),
('H5', 79, 11, 19),
('H5', 80, 11, 20),
('H5', 81, 11, 21),
('H5', 82, 11, 22),
('H5', 83, 11, 23),
('H5', 84, 11, 24),
('H5', 85, 11, 25),
('H5', 86, 11, 26),
('H5', 87, 11, 27),
('H5', 88, 11, 28),
('H5', 89, 11, 29),
('H5', 90, 11, 30),
('H5', 91, 11, 31),
('H5', 92, 12, 0),
('H5', 93, 12, 1),
('H5', 94, 12, 2),
('H5', 95, 12, 3),
('H5', 96, 12, 4),
('H5', 97, 12, 5),
('H5', 98, 13, 0),
('H5', 99, 13, 1),
('H5', 100, 13, 2),
('H5', 101, 13, 3),
('H5', 102, 13, 4),
('H5', 103, 13, 5),
('H5', 104, 13, 6),
('H5', 105, 13, 7),
('H5', 106, 13, 8),
('H5', 107, 13, 9),
('H5', 108, 13, 10),
('H5', 109, 13, 11),
('H5', 110, 13, 12),
('H5', 111, 14, 0),
('H5', 112, 14, 1),
('H5', 113, 14, 2),
('H5', 114, 14, 3),
('H5', 115, 14, 4),
('H5', 116, 14, 5),
('H5', 117, 14, 6),
('H5', 118, 14, 7),
('H5', 119, 14, 8),
('H5', 120, 14, 9),
('H5', 121, 14, 10),
('H5', 122, 14, 11),
('H5', 123, 15, 0),
('H5', 124, 15, 1),
('H5', 125, 15, 2),
('H5', 126, 15, 3),
('H5', 127, 16, 0),
('H5', 128, 16, 1),
('H5', 129, 16, 2),
('H5', 130, 17, 0),
('H5', 131, 17, 1),
('H5', 132, 17, 2),
('H5', 133, 17, 3),
('H5', 134, 17, 4),
('H5', 135, 18, 0),
('H5', 136, 18, 1),
('H5', 137, 18, 2),
('H5', 138, 18, 3),
('H5', 139, 19, 0),
('H5', 140, 19, 1),
('H5', 141, 19, 2),
('H5', 142, 19, 3),
('H5', 143, 19, 4),
('H5', 144, 20, 0),
('H5', 145, 20, 1),
('H5', 146, 20, 2),
('H5', 147, 20, 3),
('H5', 148, 20, 4),
('H5', 149, 20, 5),
('H5', 150, 21, 0),
('H5', 151, 21, 1),
('H5', 152, 21, 2),
('H5', 153, 21, 3),
('H5', 154, 21, 4),
('H5', 155, 21, 5),
('H5', 156, 21, 6),
('H5', 157, 21, 7),
('H5', 158, 21, 8),
('H5', 159, 21, 9),
('H5', 160, 22, 0),
('H5', 161, 22, 1),
('H5', 162, 22, 2),
('H5', 163, 22, 3),
('H5', 164, 22, 4),
('H5', 165, 22, 5),
('H5', 166, 23, 0),
('H5', 167, 23, 1),
('H5', 168, 23, 2),
('H5', 169, 23, 3),
('H5', 170, 24, 0),
('H5', 171, 24, 1),
('H5', 172, 24, 2),
('H5', 173, 25, 0),
('H5', 174, 25, 1),
('H5', 175, 25, 2),
('H5', 176, 25, 3),
('H5', 177, 25, 4),
('H5', 178, 25, 5),
('H5', 179, 26, 0),
('H5', 180, 26, 1),
('H5', 181, 26, 2),
('H5', 182, 27, 0),
('H5', 183, 27, 1),
('H5', 184, 27, 2),
('H5', 185, 27, 3),
('H5', 186, 28, 0),
('H5', 187, 28, 1),
('H5', 188, 28, 2),
('H5', 189, 28, 3),
('H5', 190, 29, 0),
('H5', 191, 29, 1),
('H5', 192, 29, 2),
('H5', 193, 29, 3),
('H5', 194, 30, 0),
('H5', 195, 30, 1),
('H5', 196, 30, 2),
('H5', 197, 30, 3),
('H5', 198, 30, 4),
('H5', 199, 30, 5),
('H5', 200, 30, 6),
('H5', 201, 30, 7),
('H5', 202, 30, 8),
('H5', 203, 30, 9),
('H5', 204, 30, 10),
('H5', 205, 30, 11),
('H5', 206, 30, 12),
('H5', 207, 30, 13),
('H5', 208, 30, 14),
('H5', 209, 30, 15),
('H5', 210, 31, 1),
('H5', 211, 31, 2),
('H5', 212, 31, 3),
('H5', 213, 32, 1),
('H5', 214, 32, 2),
('H5', 215, 32, 3),
('H5', 216, 32, 4),
('H5', 217, 32, 5),
('H5', 218, 32, 6),
('H5', 219, 33, 1),
('H5', 220, 33, 2),
('H5', 221, 33, 3),
('H5', 222, 33, 4),
('H5', 223, 34, 1),
('H5', 224, 34, 2),
('H5', 225, 34, 3),
('H5', 226, 34, 4),
('H5', 227, 34, 5),
('H5', 228, 34, 6),
('H5', 229, 35, 1),
('H5', 230, 35, 2),
('H5', 231, 35, 3),
('H5', 232, 36, 1),
('H5', 233, 36, 2),
('H5', 234, 36, 3),
('H5', 235, 37, 1),
('H5', 236, 37, 2),
('H5', 237, 37, 3),
('H5', 238, 37, 4),
('H5', 239, 38, 1),
('H5', 240, 38, 2),
('H5', 241, 38, 3),
('H5', 242, 38, 4),
('H5', 243, 39, 1),
('H5', 244, 39, 2),
('H5', 245, 39, 3),
('H5', 246, 39, 4),
('H5', 247, 40, 1),
('H5', 248, 40, 2),
('H5', 249, 40, 3),
('H5', 250, 40, 4),
('H5', 251, 40, 5),
('H5', 252, 40, 6),
('H5', 253, 40, 7),
('H5', 254, 40, 8),
('H5', 255, 40, 9),
('H5', 256, 40, 10),
('H5', 257, 40, 11),
('H5', 258, 41, 1),
('H5', 259, 41, 2),
('H5', 260, 41, 3),
('H5', 261, 41, 4),
('H5', 262, 41, 5),
('H5', 263, 41, 6),
('H5', 264, 41, 7),
('H5', 265, 41, 8),
('H5', 266, 41, 9),
('H5', 267, 42, 1),
('H5', 268, 42, 2),
('H5', 269, 42, 3),
('H5', 270, 42, 4),
('H5', 271, 43, 1),
('H5', 272, 43, 2),
('H5', 273, 43, 3),
('H5', 274, 43, 4),
('H5', 275, 44, 1),
('H5', 276, 44, 2),
('H5', 277, 44, 3),
('H5', 278, 44, 4),
('H5', 279, 44, 5),
('H5', 280, 44, 6),
('H5', 281, 44, 7),
('H5', 282, 44, 8),
('H5', 283, 44, 9),
('H5', 284, 44, 10),
('H5', 285, 44, 11),
('H5', 286, 45, 1),
('H5', 287, 45, 2),
('H5', 288, 12, 1),
('H5', 289, 46, 1),
('H5', 290, 46, 2),
('H5', 291, 46, 3),
('H5', 292, 46, 4),
('H5', 293, 46, 5),
('H5', 294, 46, 6),
('H5', 295, 2, 1),
('H5', 296, 47, 1),
('H5', 297, 47, 2),
('H5', 298, 47, 3),
('H5', 299, 48, 1),
('H5', 300, 48, 2),
('H6', 1, 1, 0),
('H6', 2, 1, 1),
('H6', 3, 1, 2),
('H6', 4, 1, 3),
('H6', 5, 1, 4),
('H6', 6, 1, 5),
('H6', 7, 1, 6),
('H6', 8, 1, 7),
('H6', 9, 1, 8),
('H6', 10, 1, 9),
('H6', 11, 1, 10),
('H6', 12, 2, 0),
('H6', 13, 2, 1),
('H6', 14, 3, 0),
('H6', 15, 3, 1),
('H6', 16, 3, 2),
('H6', 17, 3, 3),
('H6', 18, 3, 4),
('H6', 19, 3, 5),
('H6', 20, 4, 0),
('H6', 21, 4, 1),
('H6', 22, 4, 2),
('H6', 23, 4, 3),
('H6', 24, 4, 4),
('H6', 25, 4, 5),
('H6', 26, 4, 6),
('H6', 27, 4, 7),
('H6', 28, 4, 8),
('H6', 29, 4, 9),
('H6', 30, 4, 10),
('H6', 31, 4, 11),
('H6', 32, 4, 12),
('H6', 33, 5, 0),
('H6', 34, 5, 1),
('H6', 35, 5, 2),
('H6', 36, 5, 3),
('H6', 37, 5, 4),
('H6', 38, 6, 0),
('H6', 39, 6, 1),
('H6', 40, 6, 2),
('H6', 41, 7, 0),
('H6', 42, 7, 1),
('H6', 43, 7, 2),
('H6', 44, 7, 3),
('H6', 45, 7, 4),
('H6', 46, 8, 0),
('H6', 47, 9, 0),
('H6', 48, 9, 1),
('H6', 49, 9, 2),
('H6', 50, 9, 3),
('H6', 51, 10, 0),
('H6', 52, 10, 1),
('H6', 53, 10, 2),
('H6', 54, 10, 3),
('H6', 55, 10, 4),
('H6', 56, 10, 5),
('H6', 57, 10, 6),
('H6', 58, 10, 7),
('H6', 59, 10, 8),
('H6', 60, 11, 0),
('H6', 61, 11, 1),
('H6', 62, 11, 2),
('H6', 63, 11, 3),
('H6', 64, 11, 4),
('H6', 65, 11, 5),
('H6', 66, 11, 6),
('H6', 67, 11, 7),
('H6', 68, 11, 8),
('H6', 69, 11, 9),
('H6', 70, 11, 10),
('H6', 71, 11, 11),
('H6', 72, 11, 12),
('H6', 73, 11, 13),
('H6', 74, 11, 14),
('H6', 75, 11, 15),
('H6', 76, 11, 16),
('H6', 77, 11, 17),
('H6', 78, 11, 18),
('H6', 79, 11, 19),
('H6', 80, 11, 20),
('H6', 81, 11, 21),
('H6', 82, 11, 22),
('H6', 83, 11, 23),
('H6', 84, 11, 24),
('H6', 85, 11, 25),
('H6', 86, 11, 26),
('H6', 87, 11, 27),
('H6', 88, 11, 28),
('H6', 89, 11, 29),
('H6', 90, 11, 30),
('H6', 91, 11, 31),
('H6', 92, 12, 0),
('H6', 93, 12, 1),
('H6', 94, 12, 2),
('H6', 95, 12, 3),
('H6', 96, 12, 4),
('H6', 97, 12, 5),
('H6', 98, 13, 0),
('H6', 99, 13, 1),
('H6', 100, 13, 2),
('H6', 101, 13, 3),
('H6', 102, 13, 4),
('H6', 103, 13, 5),
('H6', 104, 13, 6),
('H6', 105, 13, 7),
('H6', 106, 13, 8),
('H6', 107, 13, 9),
('H6', 108, 13, 10),
('H6', 109, 13, 11),
('H6', 110, 13, 12),
('H6', 111, 14, 0),
('H6', 112, 14, 1),
('H6', 113, 14, 2),
('H6', 114, 14, 3),
('H6', 115, 14, 4),
('H6', 116, 14, 5),
('H6', 117, 14, 6),
('H6', 118, 14, 7),
('H6', 119, 14, 8),
('H6', 120, 14, 9),
('H6', 121, 14, 10),
('H6', 122, 14, 11),
('H6', 123, 15, 0),
('H6', 124, 15, 1),
('H6', 125, 15, 2),
('H6', 126, 15, 3),
('H6', 127, 16, 0),
('H6', 128, 16, 1),
('H6', 129, 16, 2),
('H6', 130, 17, 0),
('H6', 131, 17, 1),
('H6', 132, 17, 2),
('H6', 133, 17, 3),
('H6', 134, 17, 4),
('H6', 135, 18, 0),
('H6', 136, 18, 1),
('H6', 137, 18, 2),
('H6', 138, 18, 3),
('H6', 139, 19, 0),
('H6', 140, 19, 1),
('H6', 141, 19, 2),
('H6', 142, 19, 3),
('H6', 143, 19, 4),
('H6', 144, 20, 0),
('H6', 145, 20, 1),
('H6', 146, 20, 2),
('H6', 147, 20, 3),
('H6', 148, 20, 4),
('H6', 149, 20, 5),
('H6', 150, 21, 0),
('H6', 151, 21, 1),
('H6', 152, 21, 2),
('H6', 153, 21, 3),
('H6', 154, 21, 4),
('H6', 155, 21, 5),
('H6', 156, 21, 6),
('H6', 157, 21, 7),
('H6', 158, 21, 8),
('H6', 159, 21, 9),
('H6', 160, 22, 0),
('H6', 161, 22, 1),
('H6', 162, 22, 2),
('H6', 163, 22, 3),
('H6', 164, 22, 4),
('H6', 165, 22, 5),
('H6', 166, 23, 0),
('H6', 167, 23, 1),
('H6', 168, 23, 2),
('H6', 169, 23, 3),
('H6', 170, 24, 0),
('H6', 171, 24, 1),
('H6', 172, 24, 2),
('H6', 173, 25, 0),
('H6', 174, 25, 1),
('H6', 175, 25, 2),
('H6', 176, 25, 3),
('H6', 177, 25, 4),
('H6', 178, 25, 5),
('H6', 179, 26, 0),
('H6', 180, 26, 1),
('H6', 181, 26, 2),
('H6', 182, 27, 0),
('H6', 183, 27, 1),
('H6', 184, 27, 2),
('H6', 185, 27, 3),
('H6', 186, 28, 0),
('H6', 187, 28, 1),
('H6', 188, 28, 2),
('H6', 189, 28, 3),
('H6', 190, 29, 0),
('H6', 191, 29, 1),
('H6', 192, 29, 2),
('H6', 193, 29, 3),
('H6', 194, 30, 0),
('H6', 195, 30, 1),
('H6', 196, 30, 2),
('H6', 197, 30, 3),
('H6', 198, 30, 4),
('H6', 199, 30, 5),
('H6', 200, 30, 6),
('H6', 201, 30, 7),
('H6', 202, 30, 8),
('H6', 203, 30, 9),
('H6', 204, 30, 10),
('H6', 205, 30, 11),
('H6', 206, 30, 12),
('H6', 207, 30, 13),
('H6', 208, 30, 14),
('H6', 209, 30, 15),
('H6', 210, 31, 1),
('H6', 211, 31, 2),
('H6', 212, 31, 3),
('H6', 213, 32, 1),
('H6', 214, 32, 2),
('H6', 215, 32, 3),
('H6', 216, 32, 4),
('H6', 217, 32, 5),
('H6', 218, 32, 6),
('H6', 219, 33, 1),
('H6', 220, 33, 2),
('H6', 221, 33, 3),
('H6', 222, 33, 4),
('H6', 223, 34, 1),
('H6', 224, 34, 2),
('H6', 225, 34, 3),
('H6', 226, 34, 4),
('H6', 227, 34, 5),
('H6', 228, 34, 6),
('H6', 229, 35, 1),
('H6', 230, 35, 2),
('H6', 231, 35, 3),
('H6', 232, 36, 1),
('H6', 233, 36, 2),
('H6', 234, 36, 3),
('H6', 235, 37, 1),
('H6', 236, 37, 2),
('H6', 237, 37, 3),
('H6', 238, 37, 4),
('H6', 239, 38, 1),
('H6', 240, 38, 2),
('H6', 241, 38, 3),
('H6', 242, 38, 4),
('H6', 243, 39, 1),
('H6', 244, 39, 2),
('H6', 245, 39, 3),
('H6', 246, 39, 4),
('H6', 247, 40, 1),
('H6', 248, 40, 2),
('H6', 249, 40, 3),
('H6', 250, 40, 4),
('H6', 251, 40, 5),
('H6', 252, 40, 6),
('H6', 253, 40, 7),
('H6', 254, 40, 8),
('H6', 255, 40, 9),
('H6', 256, 40, 10),
('H6', 257, 40, 11),
('H6', 258, 41, 1),
('H6', 259, 41, 2),
('H6', 260, 41, 3),
('H6', 261, 41, 4),
('H6', 262, 41, 5),
('H6', 263, 41, 6),
('H6', 264, 41, 7),
('H6', 265, 41, 8),
('H6', 266, 41, 9),
('H6', 267, 42, 1),
('H6', 268, 42, 2),
('H6', 269, 42, 3),
('H6', 270, 42, 4),
('H6', 271, 43, 1),
('H6', 272, 43, 2),
('H6', 273, 43, 3),
('H6', 274, 43, 4),
('H6', 275, 44, 1),
('H6', 276, 44, 2),
('H6', 277, 44, 3),
('H6', 278, 44, 4),
('H6', 279, 44, 5),
('H6', 280, 44, 6),
('H6', 281, 44, 7),
('H6', 282, 44, 8),
('H6', 283, 44, 9),
('H6', 284, 44, 10),
('H6', 285, 44, 11),
('H6', 286, 45, 1),
('H6', 287, 45, 2),
('H6', 288, 12, 1),
('H6', 289, 46, 1),
('H6', 290, 46, 2),
('H6', 291, 46, 3),
('H6', 292, 46, 4),
('H6', 293, 46, 5),
('H6', 294, 46, 6),
('H6', 295, 2, 1),
('H6', 296, 47, 1),
('H6', 297, 47, 2),
('H6', 298, 47, 3),
('H6', 299, 48, 1),
('H6', 300, 48, 2),
('H7', 1, 1, 0),
('H7', 2, 1, 1),
('H7', 3, 1, 2),
('H7', 4, 1, 3),
('H7', 5, 1, 4),
('H7', 6, 1, 5),
('H7', 7, 1, 6),
('H7', 8, 1, 7),
('H7', 9, 1, 8),
('H7', 10, 1, 9),
('H7', 11, 1, 10),
('H7', 12, 2, 0),
('H7', 13, 2, 1),
('H7', 14, 3, 0),
('H7', 15, 3, 1),
('H7', 16, 3, 2),
('H7', 17, 3, 3),
('H7', 18, 3, 4),
('H7', 19, 3, 5),
('H7', 20, 4, 0),
('H7', 21, 4, 1),
('H7', 22, 4, 2),
('H7', 23, 4, 3),
('H7', 24, 4, 4),
('H7', 25, 4, 5),
('H7', 26, 4, 6),
('H7', 27, 4, 7),
('H7', 28, 4, 8),
('H7', 29, 4, 9),
('H7', 30, 4, 10),
('H7', 31, 4, 11),
('H7', 32, 4, 12),
('H7', 33, 5, 0),
('H7', 34, 5, 1),
('H7', 35, 5, 2),
('H7', 36, 5, 3),
('H7', 37, 5, 4),
('H7', 38, 6, 0),
('H7', 39, 6, 1),
('H7', 40, 6, 2),
('H7', 41, 7, 0),
('H7', 42, 7, 1),
('H7', 43, 7, 2),
('H7', 44, 7, 3),
('H7', 45, 7, 4),
('H7', 46, 8, 0),
('H7', 47, 9, 0),
('H7', 48, 9, 1),
('H7', 49, 9, 2),
('H7', 50, 9, 3),
('H7', 51, 10, 0),
('H7', 52, 10, 1),
('H7', 53, 10, 2),
('H7', 54, 10, 3),
('H7', 55, 10, 4),
('H7', 56, 10, 5),
('H7', 57, 10, 6),
('H7', 58, 10, 7),
('H7', 59, 10, 8),
('H7', 60, 11, 0),
('H7', 61, 11, 1),
('H7', 62, 11, 2),
('H7', 63, 11, 3),
('H7', 64, 11, 4),
('H7', 65, 11, 5),
('H7', 66, 11, 6),
('H7', 67, 11, 7),
('H7', 68, 11, 8),
('H7', 69, 11, 9),
('H7', 70, 11, 10),
('H7', 71, 11, 11),
('H7', 72, 11, 12),
('H7', 73, 11, 13),
('H7', 74, 11, 14),
('H7', 75, 11, 15),
('H7', 76, 11, 16),
('H7', 77, 11, 17),
('H7', 78, 11, 18),
('H7', 79, 11, 19),
('H7', 80, 11, 20),
('H7', 81, 11, 21),
('H7', 82, 11, 22),
('H7', 83, 11, 23),
('H7', 84, 11, 24),
('H7', 85, 11, 25),
('H7', 86, 11, 26),
('H7', 87, 11, 27),
('H7', 88, 11, 28),
('H7', 89, 11, 29),
('H7', 90, 11, 30),
('H7', 91, 11, 31),
('H7', 92, 12, 0),
('H7', 93, 12, 1),
('H7', 94, 12, 2),
('H7', 95, 12, 3),
('H7', 96, 12, 4),
('H7', 97, 12, 5),
('H7', 98, 13, 0),
('H7', 99, 13, 1),
('H7', 100, 13, 2),
('H7', 101, 13, 3),
('H7', 102, 13, 4),
('H7', 103, 13, 5),
('H7', 104, 13, 6),
('H7', 105, 13, 7),
('H7', 106, 13, 8),
('H7', 107, 13, 9),
('H7', 108, 13, 10),
('H7', 109, 13, 11),
('H7', 110, 13, 12),
('H7', 111, 14, 0),
('H7', 112, 14, 1),
('H7', 113, 14, 2),
('H7', 114, 14, 3),
('H7', 115, 14, 4),
('H7', 116, 14, 5),
('H7', 117, 14, 6),
('H7', 118, 14, 7),
('H7', 119, 14, 8),
('H7', 120, 14, 9),
('H7', 121, 14, 10),
('H7', 122, 14, 11),
('H7', 123, 15, 0),
('H7', 124, 15, 1),
('H7', 125, 15, 2),
('H7', 126, 15, 3),
('H7', 127, 16, 0),
('H7', 128, 16, 1),
('H7', 129, 16, 2),
('H7', 130, 17, 0),
('H7', 131, 17, 1),
('H7', 132, 17, 2),
('H7', 133, 17, 3),
('H7', 134, 17, 4),
('H7', 135, 18, 0),
('H7', 136, 18, 1),
('H7', 137, 18, 2),
('H7', 138, 18, 3),
('H7', 139, 19, 0),
('H7', 140, 19, 1),
('H7', 141, 19, 2),
('H7', 142, 19, 3),
('H7', 143, 19, 4),
('H7', 144, 20, 0),
('H7', 145, 20, 1),
('H7', 146, 20, 2),
('H7', 147, 20, 3),
('H7', 148, 20, 4),
('H7', 149, 20, 5),
('H7', 150, 21, 0),
('H7', 151, 21, 1),
('H7', 152, 21, 2),
('H7', 153, 21, 3),
('H7', 154, 21, 4),
('H7', 155, 21, 5),
('H7', 156, 21, 6),
('H7', 157, 21, 7),
('H7', 158, 21, 8),
('H7', 159, 21, 9),
('H7', 160, 22, 0),
('H7', 161, 22, 1),
('H7', 162, 22, 2),
('H7', 163, 22, 3),
('H7', 164, 22, 4),
('H7', 165, 22, 5),
('H7', 166, 23, 0),
('H7', 167, 23, 1),
('H7', 168, 23, 2),
('H7', 169, 23, 3),
('H7', 170, 24, 0),
('H7', 171, 24, 1),
('H7', 172, 24, 2),
('H7', 173, 25, 0),
('H7', 174, 25, 1),
('H7', 175, 25, 2),
('H7', 176, 25, 3),
('H7', 177, 25, 4),
('H7', 178, 25, 5),
('H7', 179, 26, 0),
('H7', 180, 26, 1),
('H7', 181, 26, 2),
('H7', 182, 27, 0),
('H7', 183, 27, 1),
('H7', 184, 27, 2),
('H7', 185, 27, 3),
('H7', 186, 28, 0),
('H7', 187, 28, 1),
('H7', 188, 28, 2),
('H7', 189, 28, 3),
('H7', 190, 29, 0),
('H7', 191, 29, 1),
('H7', 192, 29, 2),
('H7', 193, 29, 3),
('H7', 194, 30, 0),
('H7', 195, 30, 1),
('H7', 196, 30, 2),
('H7', 197, 30, 3),
('H7', 198, 30, 4),
('H7', 199, 30, 5),
('H7', 200, 30, 6),
('H7', 201, 30, 7),
('H7', 202, 30, 8),
('H7', 203, 30, 9),
('H7', 204, 30, 10),
('H7', 205, 30, 11),
('H7', 206, 30, 12),
('H7', 207, 30, 13),
('H7', 208, 30, 14),
('H7', 209, 30, 15),
('H7', 210, 31, 1),
('H7', 211, 31, 2),
('H7', 212, 31, 3),
('H7', 213, 32, 1),
('H7', 214, 32, 2),
('H7', 215, 32, 3),
('H7', 216, 32, 4),
('H7', 217, 32, 5),
('H7', 218, 32, 6),
('H7', 219, 33, 1),
('H7', 220, 33, 2),
('H7', 221, 33, 3),
('H7', 222, 33, 4),
('H7', 223, 34, 1),
('H7', 224, 34, 2),
('H7', 225, 34, 3),
('H7', 226, 34, 4),
('H7', 227, 34, 5),
('H7', 228, 34, 6),
('H7', 229, 35, 1),
('H7', 230, 35, 2),
('H7', 231, 35, 3),
('H7', 232, 36, 1),
('H7', 233, 36, 2),
('H7', 234, 36, 3),
('H7', 235, 37, 1),
('H7', 236, 37, 2),
('H7', 237, 37, 3),
('H7', 238, 37, 4),
('H7', 239, 38, 1),
('H7', 240, 38, 2),
('H7', 241, 38, 3),
('H7', 242, 38, 4),
('H7', 243, 39, 1),
('H7', 244, 39, 2),
('H7', 245, 39, 3),
('H7', 246, 39, 4),
('H7', 247, 40, 1),
('H7', 248, 40, 2),
('H7', 249, 40, 3),
('H7', 250, 40, 4),
('H7', 251, 40, 5),
('H7', 252, 40, 6),
('H7', 253, 40, 7),
('H7', 254, 40, 8),
('H7', 255, 40, 9),
('H7', 256, 40, 10),
('H7', 257, 40, 11),
('H7', 258, 41, 1),
('H7', 259, 41, 2),
('H7', 260, 41, 3),
('H7', 261, 41, 4),
('H7', 262, 41, 5),
('H7', 263, 41, 6),
('H7', 264, 41, 7),
('H7', 265, 41, 8),
('H7', 266, 41, 9),
('H7', 267, 42, 1),
('H7', 268, 42, 2),
('H7', 269, 42, 3),
('H7', 270, 42, 4),
('H7', 271, 43, 1),
('H7', 272, 43, 2),
('H7', 273, 43, 3),
('H7', 274, 43, 4),
('H7', 275, 44, 1),
('H7', 276, 44, 2),
('H7', 277, 44, 3),
('H7', 278, 44, 4),
('H7', 279, 44, 5),
('H7', 280, 44, 6),
('H7', 281, 44, 7),
('H7', 282, 44, 8),
('H7', 283, 44, 9),
('H7', 284, 44, 10),
('H7', 285, 44, 11),
('H7', 286, 45, 1),
('H7', 287, 45, 2),
('H7', 288, 12, 1),
('H7', 289, 46, 1),
('H7', 290, 46, 2),
('H7', 291, 46, 3),
('H7', 292, 46, 4),
('H7', 293, 46, 5),
('H7', 294, 46, 6),
('H7', 295, 2, 1),
('H7', 296, 47, 1),
('H7', 297, 47, 2),
('H7', 298, 47, 3),
('H7', 299, 48, 1),
('H7', 300, 48, 2),
('H8', 1, 1, 0),
('H8', 2, 1, 1),
('H8', 3, 1, 2),
('H8', 4, 1, 3),
('H8', 5, 1, 4),
('H8', 6, 1, 5),
('H8', 7, 1, 6),
('H8', 8, 1, 7),
('H8', 9, 1, 8),
('H8', 10, 1, 9),
('H8', 11, 1, 10),
('H8', 12, 2, 0),
('H8', 13, 2, 1),
('H8', 14, 3, 0),
('H8', 15, 3, 1),
('H8', 16, 3, 2),
('H8', 17, 3, 3),
('H8', 18, 3, 4),
('H8', 19, 3, 5),
('H8', 20, 4, 0),
('H8', 21, 4, 1),
('H8', 22, 4, 2),
('H8', 23, 4, 3),
('H8', 24, 4, 4),
('H8', 25, 4, 5),
('H8', 26, 4, 6),
('H8', 27, 4, 7),
('H8', 28, 4, 8),
('H8', 29, 4, 9),
('H8', 30, 4, 10),
('H8', 31, 4, 11),
('H8', 32, 4, 12),
('H8', 33, 5, 0),
('H8', 34, 5, 1),
('H8', 35, 5, 2),
('H8', 36, 5, 3),
('H8', 37, 5, 4),
('H8', 38, 6, 0),
('H8', 39, 6, 1),
('H8', 40, 6, 2),
('H8', 41, 7, 0),
('H8', 42, 7, 1),
('H8', 43, 7, 2),
('H8', 44, 7, 3),
('H8', 45, 7, 4),
('H8', 46, 8, 0),
('H8', 47, 9, 0),
('H8', 48, 9, 1),
('H8', 49, 9, 2),
('H8', 50, 9, 3),
('H8', 51, 10, 0),
('H8', 52, 10, 1),
('H8', 53, 10, 2),
('H8', 54, 10, 3),
('H8', 55, 10, 4),
('H8', 56, 10, 5),
('H8', 57, 10, 6),
('H8', 58, 10, 7),
('H8', 59, 10, 8),
('H8', 60, 11, 0),
('H8', 61, 11, 1),
('H8', 62, 11, 2),
('H8', 63, 11, 3),
('H8', 64, 11, 4),
('H8', 65, 11, 5),
('H8', 66, 11, 6),
('H8', 67, 11, 7),
('H8', 68, 11, 8),
('H8', 69, 11, 9),
('H8', 70, 11, 10),
('H8', 71, 11, 11),
('H8', 72, 11, 12),
('H8', 73, 11, 13),
('H8', 74, 11, 14),
('H8', 75, 11, 15),
('H8', 76, 11, 16),
('H8', 77, 11, 17),
('H8', 78, 11, 18),
('H8', 79, 11, 19),
('H8', 80, 11, 20),
('H8', 81, 11, 21),
('H8', 82, 11, 22),
('H8', 83, 11, 23),
('H8', 84, 11, 24),
('H8', 85, 11, 25),
('H8', 86, 11, 26),
('H8', 87, 11, 27),
('H8', 88, 11, 28),
('H8', 89, 11, 29),
('H8', 90, 11, 30),
('H8', 91, 11, 31),
('H8', 92, 12, 0),
('H8', 93, 12, 1),
('H8', 94, 12, 2),
('H8', 95, 12, 3),
('H8', 96, 12, 4),
('H8', 97, 12, 5),
('H8', 98, 13, 0),
('H8', 99, 13, 1),
('H8', 100, 13, 2),
('H8', 101, 13, 3),
('H8', 102, 13, 4),
('H8', 103, 13, 5),
('H8', 104, 13, 6),
('H8', 105, 13, 7),
('H8', 106, 13, 8),
('H8', 107, 13, 9),
('H8', 108, 13, 10),
('H8', 109, 13, 11),
('H8', 110, 13, 12),
('H8', 111, 14, 0),
('H8', 112, 14, 1),
('H8', 113, 14, 2),
('H8', 114, 14, 3),
('H8', 115, 14, 4),
('H8', 116, 14, 5),
('H8', 117, 14, 6),
('H8', 118, 14, 7),
('H8', 119, 14, 8),
('H8', 120, 14, 9),
('H8', 121, 14, 10),
('H8', 122, 14, 11),
('H8', 123, 15, 0),
('H8', 124, 15, 1),
('H8', 125, 15, 2),
('H8', 126, 15, 3),
('H8', 127, 16, 0),
('H8', 128, 16, 1),
('H8', 129, 16, 2),
('H8', 130, 17, 0),
('H8', 131, 17, 1),
('H8', 132, 17, 2),
('H8', 133, 17, 3),
('H8', 134, 17, 4),
('H8', 135, 18, 0),
('H8', 136, 18, 1),
('H8', 137, 18, 2),
('H8', 138, 18, 3),
('H8', 139, 19, 0),
('H8', 140, 19, 1),
('H8', 141, 19, 2),
('H8', 142, 19, 3),
('H8', 143, 19, 4),
('H8', 144, 20, 0),
('H8', 145, 20, 1),
('H8', 146, 20, 2),
('H8', 147, 20, 3),
('H8', 148, 20, 4),
('H8', 149, 20, 5),
('H8', 150, 21, 0),
('H8', 151, 21, 1),
('H8', 152, 21, 2),
('H8', 153, 21, 3),
('H8', 154, 21, 4),
('H8', 155, 21, 5),
('H8', 156, 21, 6),
('H8', 157, 21, 7),
('H8', 158, 21, 8),
('H8', 159, 21, 9),
('H8', 160, 22, 0),
('H8', 161, 22, 1),
('H8', 162, 22, 2),
('H8', 163, 22, 3),
('H8', 164, 22, 4),
('H8', 165, 22, 5),
('H8', 166, 23, 0),
('H8', 167, 23, 1),
('H8', 168, 23, 2),
('H8', 169, 23, 3),
('H8', 170, 24, 0),
('H8', 171, 24, 1),
('H8', 172, 24, 2),
('H8', 173, 25, 0),
('H8', 174, 25, 1),
('H8', 175, 25, 2),
('H8', 176, 25, 3),
('H8', 177, 25, 4),
('H8', 178, 25, 5),
('H8', 179, 26, 0),
('H8', 180, 26, 1),
('H8', 181, 26, 2),
('H8', 182, 27, 0),
('H8', 183, 27, 1),
('H8', 184, 27, 2),
('H8', 185, 27, 3),
('H8', 186, 28, 0),
('H8', 187, 28, 1),
('H8', 188, 28, 2),
('H8', 189, 28, 3),
('H8', 190, 29, 0),
('H8', 191, 29, 1),
('H8', 192, 29, 2),
('H8', 193, 29, 3),
('H8', 194, 30, 0),
('H8', 195, 30, 1),
('H8', 196, 30, 2),
('H8', 197, 30, 3),
('H8', 198, 30, 4),
('H8', 199, 30, 5),
('H8', 200, 30, 6),
('H8', 201, 30, 7),
('H8', 202, 30, 8),
('H8', 203, 30, 9),
('H8', 204, 30, 10),
('H8', 205, 30, 11),
('H8', 206, 30, 12),
('H8', 207, 30, 13),
('H8', 208, 30, 14),
('H8', 209, 30, 15),
('H8', 210, 31, 1),
('H8', 211, 31, 2),
('H8', 212, 31, 3),
('H8', 213, 32, 1),
('H8', 214, 32, 2),
('H8', 215, 32, 3),
('H8', 216, 32, 4),
('H8', 217, 32, 5),
('H8', 218, 32, 6),
('H8', 219, 33, 1),
('H8', 220, 33, 2),
('H8', 221, 33, 3),
('H8', 222, 33, 4),
('H8', 223, 34, 1),
('H8', 224, 34, 2),
('H8', 225, 34, 3),
('H8', 226, 34, 4),
('H8', 227, 34, 5),
('H8', 228, 34, 6),
('H8', 229, 35, 1),
('H8', 230, 35, 2),
('H8', 231, 35, 3),
('H8', 232, 36, 1),
('H8', 233, 36, 2),
('H8', 234, 36, 3),
('H8', 235, 37, 1),
('H8', 236, 37, 2),
('H8', 237, 37, 3),
('H8', 238, 37, 4),
('H8', 239, 38, 1),
('H8', 240, 38, 2),
('H8', 241, 38, 3),
('H8', 242, 38, 4),
('H8', 243, 39, 1),
('H8', 244, 39, 2),
('H8', 245, 39, 3),
('H8', 246, 39, 4),
('H8', 247, 40, 1),
('H8', 248, 40, 2),
('H8', 249, 40, 3),
('H8', 250, 40, 4),
('H8', 251, 40, 5),
('H8', 252, 40, 6),
('H8', 253, 40, 7),
('H8', 254, 40, 8),
('H8', 255, 40, 9),
('H8', 256, 40, 10),
('H8', 257, 40, 11),
('H8', 258, 41, 1),
('H8', 259, 41, 2),
('H8', 260, 41, 3),
('H8', 261, 41, 4),
('H8', 262, 41, 5),
('H8', 263, 41, 6),
('H8', 264, 41, 7),
('H8', 265, 41, 8),
('H8', 266, 41, 9),
('H8', 267, 42, 1),
('H8', 268, 42, 2),
('H8', 269, 42, 3),
('H8', 270, 42, 4),
('H8', 271, 43, 1),
('H8', 272, 43, 2),
('H8', 273, 43, 3),
('H8', 274, 43, 4),
('H8', 275, 44, 1),
('H8', 276, 44, 2),
('H8', 277, 44, 3),
('H8', 278, 44, 4),
('H8', 279, 44, 5),
('H8', 280, 44, 6),
('H8', 281, 44, 7),
('H8', 282, 44, 8),
('H8', 283, 44, 9),
('H8', 284, 44, 10),
('H8', 285, 44, 11),
('H8', 286, 45, 1),
('H8', 287, 45, 2),
('H8', 288, 12, 1),
('H8', 289, 46, 1),
('H8', 290, 46, 2),
('H8', 291, 46, 3),
('H8', 292, 46, 4),
('H8', 293, 46, 5),
('H8', 294, 46, 6),
('H8', 295, 2, 1),
('H8', 296, 47, 1),
('H8', 297, 47, 2),
('H8', 298, 47, 3),
('H8', 299, 48, 1),
('H8', 300, 48, 2),
('H9', 1, 1, 0),
('H9', 2, 1, 1),
('H9', 3, 1, 2),
('H9', 4, 1, 3),
('H9', 5, 1, 4),
('H9', 6, 1, 5),
('H9', 7, 1, 6),
('H9', 8, 1, 7),
('H9', 9, 1, 8),
('H9', 10, 1, 9),
('H9', 11, 1, 10),
('H9', 12, 2, 0),
('H9', 13, 2, 1),
('H9', 14, 3, 0),
('H9', 15, 3, 1),
('H9', 16, 3, 2),
('H9', 17, 3, 3),
('H9', 18, 3, 4),
('H9', 19, 3, 5),
('H9', 20, 4, 0),
('H9', 21, 4, 1),
('H9', 22, 4, 2),
('H9', 23, 4, 3),
('H9', 24, 4, 4),
('H9', 25, 4, 5),
('H9', 26, 4, 6),
('H9', 27, 4, 7),
('H9', 28, 4, 8),
('H9', 29, 4, 9),
('H9', 30, 4, 10),
('H9', 31, 4, 11),
('H9', 32, 4, 12),
('H9', 33, 5, 0),
('H9', 34, 5, 1),
('H9', 35, 5, 2),
('H9', 36, 5, 3),
('H9', 37, 5, 4),
('H9', 38, 6, 0),
('H9', 39, 6, 1),
('H9', 40, 6, 2),
('H9', 41, 7, 0),
('H9', 42, 7, 1),
('H9', 43, 7, 2),
('H9', 44, 7, 3),
('H9', 45, 7, 4),
('H9', 46, 8, 0),
('H9', 47, 9, 0),
('H9', 48, 9, 1),
('H9', 49, 9, 2),
('H9', 50, 9, 3),
('H9', 51, 10, 0),
('H9', 52, 10, 1),
('H9', 53, 10, 2),
('H9', 54, 10, 3),
('H9', 55, 10, 4),
('H9', 56, 10, 5),
('H9', 57, 10, 6),
('H9', 58, 10, 7),
('H9', 59, 10, 8),
('H9', 60, 11, 0),
('H9', 61, 11, 1),
('H9', 62, 11, 2),
('H9', 63, 11, 3),
('H9', 64, 11, 4),
('H9', 65, 11, 5),
('H9', 66, 11, 6),
('H9', 67, 11, 7),
('H9', 68, 11, 8),
('H9', 69, 11, 9),
('H9', 70, 11, 10),
('H9', 71, 11, 11),
('H9', 72, 11, 12),
('H9', 73, 11, 13),
('H9', 74, 11, 14),
('H9', 75, 11, 15),
('H9', 76, 11, 16),
('H9', 77, 11, 17),
('H9', 78, 11, 18),
('H9', 79, 11, 19),
('H9', 80, 11, 20),
('H9', 81, 11, 21),
('H9', 82, 11, 22),
('H9', 83, 11, 23),
('H9', 84, 11, 24),
('H9', 85, 11, 25),
('H9', 86, 11, 26),
('H9', 87, 11, 27),
('H9', 88, 11, 28),
('H9', 89, 11, 29),
('H9', 90, 11, 30),
('H9', 91, 11, 31),
('H9', 92, 12, 0),
('H9', 93, 12, 1),
('H9', 94, 12, 2),
('H9', 95, 12, 3),
('H9', 96, 12, 4),
('H9', 97, 12, 5),
('H9', 98, 13, 0),
('H9', 99, 13, 1),
('H9', 100, 13, 2),
('H9', 101, 13, 3),
('H9', 102, 13, 4),
('H9', 103, 13, 5),
('H9', 104, 13, 6),
('H9', 105, 13, 7),
('H9', 106, 13, 8),
('H9', 107, 13, 9),
('H9', 108, 13, 10),
('H9', 109, 13, 11),
('H9', 110, 13, 12),
('H9', 111, 14, 0),
('H9', 112, 14, 1),
('H9', 113, 14, 2),
('H9', 114, 14, 3),
('H9', 115, 14, 4),
('H9', 116, 14, 5),
('H9', 117, 14, 6),
('H9', 118, 14, 7),
('H9', 119, 14, 8),
('H9', 120, 14, 9),
('H9', 121, 14, 10),
('H9', 122, 14, 11),
('H9', 123, 15, 0),
('H9', 124, 15, 1),
('H9', 125, 15, 2),
('H9', 126, 15, 3),
('H9', 127, 16, 0),
('H9', 128, 16, 1),
('H9', 129, 16, 2),
('H9', 130, 17, 0),
('H9', 131, 17, 1),
('H9', 132, 17, 2),
('H9', 133, 17, 3),
('H9', 134, 17, 4),
('H9', 135, 18, 0),
('H9', 136, 18, 1),
('H9', 137, 18, 2),
('H9', 138, 18, 3),
('H9', 139, 19, 0),
('H9', 140, 19, 1),
('H9', 141, 19, 2),
('H9', 142, 19, 3),
('H9', 143, 19, 4),
('H9', 144, 20, 0),
('H9', 145, 20, 1),
('H9', 146, 20, 2),
('H9', 147, 20, 3),
('H9', 148, 20, 4),
('H9', 149, 20, 5),
('H9', 150, 21, 0),
('H9', 151, 21, 1),
('H9', 152, 21, 2),
('H9', 153, 21, 3),
('H9', 154, 21, 4),
('H9', 155, 21, 5),
('H9', 156, 21, 6),
('H9', 157, 21, 7),
('H9', 158, 21, 8),
('H9', 159, 21, 9),
('H9', 160, 22, 0),
('H9', 161, 22, 1),
('H9', 162, 22, 2),
('H9', 163, 22, 3),
('H9', 164, 22, 4),
('H9', 165, 22, 5),
('H9', 166, 23, 0),
('H9', 167, 23, 1),
('H9', 168, 23, 2),
('H9', 169, 23, 3),
('H9', 170, 24, 0),
('H9', 171, 24, 1),
('H9', 172, 24, 2),
('H9', 173, 25, 0),
('H9', 174, 25, 1),
('H9', 175, 25, 2),
('H9', 176, 25, 3),
('H9', 177, 25, 4),
('H9', 178, 25, 5),
('H9', 179, 26, 0),
('H9', 180, 26, 1),
('H9', 181, 26, 2),
('H9', 182, 27, 0),
('H9', 183, 27, 1),
('H9', 184, 27, 2),
('H9', 185, 27, 3),
('H9', 186, 28, 0),
('H9', 187, 28, 1),
('H9', 188, 28, 2),
('H9', 189, 28, 3),
('H9', 190, 29, 0),
('H9', 191, 29, 1),
('H9', 192, 29, 2),
('H9', 193, 29, 3),
('H9', 194, 30, 0),
('H9', 195, 30, 1),
('H9', 196, 30, 2),
('H9', 197, 30, 3),
('H9', 198, 30, 4),
('H9', 199, 30, 5),
('H9', 200, 30, 6),
('H9', 201, 30, 7),
('H9', 202, 30, 8),
('H9', 203, 30, 9),
('H9', 204, 30, 10),
('H9', 205, 30, 11),
('H9', 206, 30, 12),
('H9', 207, 30, 13),
('H9', 208, 30, 14),
('H9', 209, 30, 15),
('H9', 210, 31, 1),
('H9', 211, 31, 2),
('H9', 212, 31, 3),
('H9', 213, 32, 1),
('H9', 214, 32, 2),
('H9', 215, 32, 3),
('H9', 216, 32, 4),
('H9', 217, 32, 5),
('H9', 218, 32, 6),
('H9', 219, 33, 1),
('H9', 220, 33, 2),
('H9', 221, 33, 3),
('H9', 222, 33, 4),
('H9', 223, 34, 1),
('H9', 224, 34, 2),
('H9', 225, 34, 3),
('H9', 226, 34, 4),
('H9', 227, 34, 5),
('H9', 228, 34, 6),
('H9', 229, 35, 1),
('H9', 230, 35, 2),
('H9', 231, 35, 3),
('H9', 232, 36, 1),
('H9', 233, 36, 2),
('H9', 234, 36, 3),
('H9', 235, 37, 1),
('H9', 236, 37, 2),
('H9', 237, 37, 3),
('H9', 238, 37, 4),
('H9', 239, 38, 1),
('H9', 240, 38, 2),
('H9', 241, 38, 3),
('H9', 242, 38, 4),
('H9', 243, 39, 1),
('H9', 244, 39, 2),
('H9', 245, 39, 3),
('H9', 246, 39, 4),
('H9', 247, 40, 1),
('H9', 248, 40, 2),
('H9', 249, 40, 3),
('H9', 250, 40, 4),
('H9', 251, 40, 5),
('H9', 252, 40, 6),
('H9', 253, 40, 7),
('H9', 254, 40, 8),
('H9', 255, 40, 9),
('H9', 256, 40, 10),
('H9', 257, 40, 11),
('H9', 258, 41, 1),
('H9', 259, 41, 2),
('H9', 260, 41, 3),
('H9', 261, 41, 4),
('H9', 262, 41, 5),
('H9', 263, 41, 6),
('H9', 264, 41, 7),
('H9', 265, 41, 8),
('H9', 266, 41, 9),
('H9', 267, 42, 1),
('H9', 268, 42, 2),
('H9', 269, 42, 3),
('H9', 270, 42, 4),
('H9', 271, 43, 1),
('H9', 272, 43, 2),
('H9', 273, 43, 3),
('H9', 274, 43, 4),
('H9', 275, 44, 1),
('H9', 276, 44, 2),
('H9', 277, 44, 3),
('H9', 278, 44, 4),
('H9', 279, 44, 5),
('H9', 280, 44, 6),
('H9', 281, 44, 7),
('H9', 282, 44, 8),
('H9', 283, 44, 9),
('H9', 284, 44, 10),
('H9', 285, 44, 11),
('H9', 286, 45, 1),
('H9', 287, 45, 2),
('H9', 288, 12, 1),
('H9', 289, 46, 1),
('H9', 290, 46, 2),
('H9', 291, 46, 3),
('H9', 292, 46, 4),
('H9', 293, 46, 5),
('H9', 294, 46, 6),
('H9', 295, 2, 1),
('H9', 296, 47, 1),
('H9', 297, 47, 2),
('H9', 298, 47, 3),
('H9', 299, 48, 1),
('H9', 300, 48, 2);

-- --------------------------------------------------------

--
-- 表的结构 `vtiger_role2profile`
--

CREATE TABLE IF NOT EXISTS `vtiger_role2profile` (
  `roleid` varchar(255) NOT NULL,
  `profileid` int(11) NOT NULL
) ENGINE=InnoDB DEFAULT CHARSET=utf8;

--
-- 转存表中的数据 `vtiger_role2profile`
--

INSERT INTO `vtiger_role2profile` (`roleid`, `profileid`) VALUES
('H10', 9),
('H11', 10),
('H12', 11),
('H13', 12),
('H2', 1),
('H3', 2),
('H4', 2),
('H6', 5),
('H7', 6),
('H8', 7),
('H9', 8);

-- --------------------------------------------------------

--
-- 表的结构 `vtiger_role_seq`
--

CREATE TABLE IF NOT EXISTS `vtiger_role_seq` (
  `id` int(11) NOT NULL
) ENGINE=InnoDB DEFAULT CHARSET=utf8;

--
-- 转存表中的数据 `vtiger_role_seq`
--

INSERT INTO `vtiger_role_seq` (`id`) VALUES
(14);

-- --------------------------------------------------------

--
-- 表的结构 `vtiger_rowheight`
--

CREATE TABLE IF NOT EXISTS `vtiger_rowheight` (
  `rowheightid` int(11) NOT NULL,
  `rowheight` varchar(200) NOT NULL,
  `sortorderid` int(11) DEFAULT NULL,
  `presence` int(11) NOT NULL DEFAULT '1'
) ENGINE=InnoDB AUTO_INCREMENT=4 DEFAULT CHARSET=utf8;

--
-- 转存表中的数据 `vtiger_rowheight`
--

INSERT INTO `vtiger_rowheight` (`rowheightid`, `rowheight`, `sortorderid`, `presence`) VALUES
(1, 'wide', 1, 1),
(2, 'medium', 2, 1),
(3, 'narrow', 3, 1);

-- --------------------------------------------------------

--
-- 表的结构 `vtiger_rowheight_seq`
--

CREATE TABLE IF NOT EXISTS `vtiger_rowheight_seq` (
  `id` int(11) NOT NULL
) ENGINE=InnoDB DEFAULT CHARSET=utf8;

--
-- 转存表中的数据 `vtiger_rowheight_seq`
--

INSERT INTO `vtiger_rowheight_seq` (`id`) VALUES
(3);

-- --------------------------------------------------------

--
-- 表的结构 `vtiger_rss`
--

CREATE TABLE IF NOT EXISTS `vtiger_rss` (
  `rssid` int(19) NOT NULL,
  `rssurl` varchar(200) NOT NULL DEFAULT '',
  `rsstitle` varchar(200) DEFAULT NULL,
  `rsstype` int(10) DEFAULT '0',
  `starred` int(1) DEFAULT '0'
) ENGINE=InnoDB DEFAULT CHARSET=utf8;

-- --------------------------------------------------------

--
-- 表的结构 `vtiger_salesmanactivityrel`
--

CREATE TABLE IF NOT EXISTS `vtiger_salesmanactivityrel` (
  `smid` int(19) NOT NULL DEFAULT '0',
  `activityid` int(19) NOT NULL DEFAULT '0'
) ENGINE=InnoDB DEFAULT CHARSET=utf8;

--
-- 转存表中的数据 `vtiger_salesmanactivityrel`
--

INSERT INTO `vtiger_salesmanactivityrel` (`smid`, `activityid`) VALUES
(1, 2),
(1, 3),
(9, 71),
(15, 71),
(18, 71),
(6, 172),
(5, 173);

-- --------------------------------------------------------

--
-- 表的结构 `vtiger_salesmanattachmentsrel`
--

CREATE TABLE IF NOT EXISTS `vtiger_salesmanattachmentsrel` (
  `smid` int(19) NOT NULL DEFAULT '0',
  `attachmentsid` int(19) NOT NULL DEFAULT '0'
) ENGINE=InnoDB DEFAULT CHARSET=utf8;

-- --------------------------------------------------------

--
-- 表的结构 `vtiger_salesmanticketrel`
--

CREATE TABLE IF NOT EXISTS `vtiger_salesmanticketrel` (
  `smid` int(19) NOT NULL DEFAULT '0',
  `id` int(19) NOT NULL DEFAULT '0'
) ENGINE=InnoDB DEFAULT CHARSET=utf8;

-- --------------------------------------------------------

--
-- 表的结构 `vtiger_salesorder`
--

CREATE TABLE IF NOT EXISTS `vtiger_salesorder` (
  `salesorderid` int(19) NOT NULL DEFAULT '0',
  `subject` varchar(100) DEFAULT NULL,
  `potentialid` int(19) DEFAULT NULL,
  `customerno` varchar(100) DEFAULT NULL,
  `salesorder_no` varchar(100) DEFAULT NULL,
  `quoteid` int(19) DEFAULT NULL,
  `vendorterms` varchar(100) DEFAULT NULL,
  `contactid` int(19) DEFAULT NULL,
  `vendorid` int(19) DEFAULT NULL,
  `duedate` date DEFAULT NULL,
  `carrier` varchar(200) DEFAULT NULL,
  `pending` varchar(200) DEFAULT NULL,
  `type` varchar(100) DEFAULT NULL,
  `adjustment` decimal(25,8) DEFAULT NULL,
  `salescommission` decimal(25,3) DEFAULT NULL,
  `exciseduty` decimal(25,3) DEFAULT NULL,
  `total` decimal(25,8) DEFAULT NULL,
  `subtotal` decimal(25,8) DEFAULT NULL,
  `taxtype` varchar(25) DEFAULT NULL,
  `discount_percent` decimal(25,3) DEFAULT NULL,
  `discount_amount` decimal(25,8) DEFAULT NULL,
  `s_h_amount` decimal(25,8) DEFAULT NULL,
  `accountid` int(19) DEFAULT NULL,
  `terms_conditions` text,
  `purchaseorder` varchar(200) DEFAULT NULL,
  `sostatus` varchar(200) DEFAULT NULL,
  `currency_id` int(19) NOT NULL DEFAULT '1',
  `conversion_rate` decimal(10,3) NOT NULL DEFAULT '1.000',
  `enable_recurring` int(11) DEFAULT '0',
  `pre_tax_total` decimal(25,8) DEFAULT NULL,
  `s_h_percent` int(11) DEFAULT NULL
) ENGINE=InnoDB DEFAULT CHARSET=utf8;

--
-- 转存表中的数据 `vtiger_salesorder`
--

INSERT INTO `vtiger_salesorder` (`salesorderid`, `subject`, `potentialid`, `customerno`, `salesorder_no`, `quoteid`, `vendorterms`, `contactid`, `vendorid`, `duedate`, `carrier`, `pending`, `type`, `adjustment`, `salescommission`, `exciseduty`, `total`, `subtotal`, `taxtype`, `discount_percent`, `discount_amount`, `s_h_amount`, `accountid`, `terms_conditions`, `purchaseorder`, `sostatus`, `currency_id`, `conversion_rate`, `enable_recurring`, `pre_tax_total`, `s_h_percent`) VALUES
(15, 'Quotation of Hydraulic Test FM200', 12, '', 'SO1', 14, NULL, 0, NULL, NULL, '', '', NULL, '0.00000000', '0.000', '0.000', '35000.00000000', '35000.00000000', 'group', '0.000', NULL, '0.00000000', 10, '- Unless otherwise agreed in writing by the supplier all invoices are payable within thirty (30) days of the date of invoice, in the currency of the invoice, drawn on a bank based in India or by such other method as is agreed in advance by the Supplier.\n\n - All prices are not inclusive of VAT which shall be payable in addition by the Customer at the applicable rate.', '', 'Created', 2, '0.860', 0, '35000.00000000', 27);

-- --------------------------------------------------------

--
-- 表的结构 `vtiger_salesordercf`
--

CREATE TABLE IF NOT EXISTS `vtiger_salesordercf` (
  `salesorderid` int(19) NOT NULL DEFAULT '0'
) ENGINE=InnoDB DEFAULT CHARSET=utf8;

--
-- 转存表中的数据 `vtiger_salesordercf`
--

INSERT INTO `vtiger_salesordercf` (`salesorderid`) VALUES
(15);

-- --------------------------------------------------------

--
-- 表的结构 `vtiger_sales_stage`
--

CREATE TABLE IF NOT EXISTS `vtiger_sales_stage` (
  `sales_stage_id` int(19) NOT NULL,
  `sales_stage` varchar(200) DEFAULT NULL,
  `presence` int(1) NOT NULL DEFAULT '1',
  `picklist_valueid` int(19) NOT NULL DEFAULT '0',
  `sortorderid` int(11) DEFAULT NULL
) ENGINE=InnoDB AUTO_INCREMENT=11 DEFAULT CHARSET=utf8;

--
-- 转存表中的数据 `vtiger_sales_stage`
--

INSERT INTO `vtiger_sales_stage` (`sales_stage_id`, `sales_stage`, `presence`, `picklist_valueid`, `sortorderid`) VALUES
(1, 'Prospecting', 1, 150, 0),
(2, 'Qualification', 1, 151, 1),
(3, 'Needs Analysis', 1, 152, 2),
(4, 'Value Proposition', 1, 153, 3),
(5, 'Id. Decision Makers', 1, 154, 4),
(6, 'Perception Analysis', 1, 155, 5),
(7, 'Proposal or Price Quote', 1, 156, 6),
(8, 'Negotiation or Review', 1, 157, 7),
(9, 'Closed Won', 0, 158, 8),
(10, 'Closed Lost', 0, 159, 9);

-- --------------------------------------------------------

--
-- 表的结构 `vtiger_sales_stage_seq`
--

CREATE TABLE IF NOT EXISTS `vtiger_sales_stage_seq` (
  `id` int(11) NOT NULL
) ENGINE=InnoDB DEFAULT CHARSET=utf8;

--
-- 转存表中的数据 `vtiger_sales_stage_seq`
--

INSERT INTO `vtiger_sales_stage_seq` (`id`) VALUES
(10);

-- --------------------------------------------------------

--
-- 表的结构 `vtiger_salutationtype`
--

CREATE TABLE IF NOT EXISTS `vtiger_salutationtype` (
  `salutationid` int(19) NOT NULL,
  `salutationtype` varchar(200) NOT NULL,
  `presence` int(1) NOT NULL DEFAULT '1',
  `picklist_valueid` int(19) NOT NULL DEFAULT '0',
  `sortorderid` int(11) DEFAULT NULL
) ENGINE=InnoDB AUTO_INCREMENT=7 DEFAULT CHARSET=utf8;

--
-- 转存表中的数据 `vtiger_salutationtype`
--

INSERT INTO `vtiger_salutationtype` (`salutationid`, `salutationtype`, `presence`, `picklist_valueid`, `sortorderid`) VALUES
(2, 'Mr.', 1, 161, 1),
(3, 'Ms.', 1, 162, 2),
(4, 'Mrs.', 1, 163, 3),
(5, 'Dr.', 1, 164, 4),
(6, 'Prof.', 1, 165, 5);

-- --------------------------------------------------------

--
-- 表的结构 `vtiger_salutationtype_seq`
--

CREATE TABLE IF NOT EXISTS `vtiger_salutationtype_seq` (
  `id` int(11) NOT NULL
) ENGINE=InnoDB DEFAULT CHARSET=utf8;

--
-- 转存表中的数据 `vtiger_salutationtype_seq`
--

INSERT INTO `vtiger_salutationtype_seq` (`id`) VALUES
(6);

-- --------------------------------------------------------

--
-- 表的结构 `vtiger_scheduled_reports`
--

CREATE TABLE IF NOT EXISTS `vtiger_scheduled_reports` (
  `reportid` int(11) NOT NULL,
  `recipients` text,
  `schedule` text,
  `format` varchar(10) DEFAULT NULL,
  `next_trigger_time` timestamp NOT NULL DEFAULT CURRENT_TIMESTAMP ON UPDATE CURRENT_TIMESTAMP
) ENGINE=InnoDB DEFAULT CHARSET=utf8;

-- --------------------------------------------------------

--
-- 表的结构 `vtiger_schedulereports`
--

CREATE TABLE IF NOT EXISTS `vtiger_schedulereports` (
  `reportid` int(10) DEFAULT NULL,
  `scheduleid` int(3) DEFAULT NULL,
  `recipients` text,
  `schdate` varchar(20) DEFAULT NULL,
  `schtime` time DEFAULT NULL,
  `schdayoftheweek` varchar(100) DEFAULT NULL,
  `schdayofthemonth` varchar(100) DEFAULT NULL,
  `schannualdates` varchar(500) DEFAULT NULL,
  `specificemails` varchar(500) DEFAULT NULL,
  `next_trigger_time` timestamp NOT NULL DEFAULT CURRENT_TIMESTAMP
) ENGINE=InnoDB DEFAULT CHARSET=utf8;

-- --------------------------------------------------------

--
-- 表的结构 `vtiger_seactivityrel`
--

CREATE TABLE IF NOT EXISTS `vtiger_seactivityrel` (
  `crmid` int(19) NOT NULL,
  `activityid` int(19) NOT NULL
) ENGINE=InnoDB DEFAULT CHARSET=utf8;

-- --------------------------------------------------------

--
-- 表的结构 `vtiger_seactivityrel_seq`
--

CREATE TABLE IF NOT EXISTS `vtiger_seactivityrel_seq` (
  `id` int(11) NOT NULL
) ENGINE=InnoDB DEFAULT CHARSET=utf8;

--
-- 转存表中的数据 `vtiger_seactivityrel_seq`
--

INSERT INTO `vtiger_seactivityrel_seq` (`id`) VALUES
(1);

-- --------------------------------------------------------

--
-- 表的结构 `vtiger_seattachmentsrel`
--

CREATE TABLE IF NOT EXISTS `vtiger_seattachmentsrel` (
  `crmid` int(19) NOT NULL DEFAULT '0',
  `attachmentsid` int(19) NOT NULL DEFAULT '0'
) ENGINE=InnoDB DEFAULT CHARSET=utf8;

-- --------------------------------------------------------

--
-- 表的结构 `vtiger_selectcolumn`
--

CREATE TABLE IF NOT EXISTS `vtiger_selectcolumn` (
  `queryid` int(19) NOT NULL,
  `columnindex` int(11) NOT NULL DEFAULT '0',
  `columnname` varchar(250) DEFAULT ''
) ENGINE=InnoDB DEFAULT CHARSET=utf8;

--
-- 转存表中的数据 `vtiger_selectcolumn`
--

INSERT INTO `vtiger_selectcolumn` (`queryid`, `columnindex`, `columnname`) VALUES
(1, 0, 'vtiger_contactdetails:firstname:Contacts_First_Name:firstname:V'),
(1, 1, 'vtiger_contactdetails:lastname:Contacts_Last_Name:lastname:V'),
(1, 2, 'vtiger_contactsubdetails:leadsource:Contacts_Lead_Source:leadsource:V'),
(1, 3, 'vtiger_contactdetails:accountid:Contacts_Account_Name:account_id:V'),
(1, 4, 'vtiger_account:industry:Accounts_industry:industry:V'),
(1, 5, 'vtiger_contactdetails:email:Contacts_Email:email:E'),
(2, 0, 'vtiger_contactdetails:firstname:Contacts_First_Name:firstname:V'),
(2, 1, 'vtiger_contactdetails:lastname:Contacts_Last_Name:lastname:V'),
(2, 2, 'vtiger_contactsubdetails:leadsource:Contacts_Lead_Source:leadsource:V'),
(2, 3, 'vtiger_contactdetails:accountid:Contacts_Account_Name:account_id:V'),
(2, 4, 'vtiger_account:industry:Accounts_industry:industry:V'),
(2, 5, 'vtiger_contactdetails:email:Contacts_Email:email:E'),
(3, 0, 'vtiger_contactdetails:firstname:Contacts_First_Name:firstname:V'),
(3, 1, 'vtiger_contactdetails:lastname:Contacts_Last_Name:lastname:V'),
(3, 2, 'vtiger_contactdetails:accountid:Contacts_Account_Name:account_id:V'),
(3, 3, 'vtiger_contactdetails:email:Contacts_Email:email:E'),
(3, 4, 'vtiger_potential:potentialname:Potentials_Potential_Name:potentialname:V'),
(3, 5, 'vtiger_potential:sales_stage:Potentials_Sales_Stage:sales_stage:V'),
(4, 0, 'vtiger_leaddetails:firstname:Leads_First_Name:firstname:V'),
(4, 1, 'vtiger_leaddetails:lastname:Leads_Last_Name:lastname:V'),
(4, 2, 'vtiger_leaddetails:company:Leads_Company:company:V'),
(4, 3, 'vtiger_leaddetails:email:Leads_Email:email:E'),
(4, 4, 'vtiger_leaddetails:leadsource:Leads_Lead_Source:leadsource:V'),
(5, 0, 'vtiger_leaddetails:firstname:Leads_First_Name:firstname:V'),
(5, 1, 'vtiger_leaddetails:lastname:Leads_Last_Name:lastname:V'),
(5, 2, 'vtiger_leaddetails:company:Leads_Company:company:V'),
(5, 3, 'vtiger_leaddetails:email:Leads_Email:email:E'),
(5, 4, 'vtiger_leaddetails:leadsource:Leads_Lead_Source:leadsource:V'),
(5, 5, 'vtiger_leaddetails:leadstatus:Leads_Lead_Status:leadstatus:V'),
(6, 0, 'vtiger_potential:potentialname:Potentials_Potential_Name:potentialname:V'),
(6, 1, 'vtiger_potential:amount:Potentials_Amount:amount:N'),
(6, 2, 'vtiger_potential:potentialtype:Potentials_Type:opportunity_type:V'),
(6, 3, 'vtiger_potential:leadsource:Potentials_Lead_Source:leadsource:V'),
(6, 4, 'vtiger_potential:sales_stage:Potentials_Sales_Stage:sales_stage:V'),
(7, 0, 'vtiger_potential:potentialname:Potentials_Potential_Name:potentialname:V'),
(7, 1, 'vtiger_potential:amount:Potentials_Amount:amount:N'),
(7, 2, 'vtiger_potential:potentialtype:Potentials_Type:opportunity_type:V'),
(7, 3, 'vtiger_potential:leadsource:Potentials_Lead_Source:leadsource:V'),
(7, 4, 'vtiger_potential:sales_stage:Potentials_Sales_Stage:sales_stage:V'),
(8, 0, 'vtiger_activity:subject:Calendar_Subject:subject:V'),
(8, 1, 'vtiger_contactdetailsCalendar:lastname:Calendar_Contact_Name:contact_id:I'),
(8, 2, 'vtiger_activity:status:Calendar_Status:taskstatus:V'),
(8, 3, 'vtiger_activity:priority:Calendar_Priority:taskpriority:V'),
(8, 4, 'vtiger_usersCalendar:user_name:Calendar_Assigned_To:assigned_user_id:V'),
(9, 0, 'vtiger_activity:subject:Calendar_Subject:subject:V'),
(9, 1, 'vtiger_contactdetailsCalendar:lastname:Calendar_Contact_Name:contact_id:I'),
(9, 2, 'vtiger_activity:status:Calendar_Status:taskstatus:V'),
(9, 3, 'vtiger_activity:priority:Calendar_Priority:taskpriority:V'),
(9, 4, 'vtiger_usersCalendar:user_name:Calendar_Assigned_To:assigned_user_id:V'),
(10, 0, 'vtiger_troubletickets:title:HelpDesk_Title:ticket_title:V'),
(10, 1, 'vtiger_troubletickets:status:HelpDesk_Status:ticketstatus:V'),
(10, 2, 'vtiger_products:productname:Products_Product_Name:productname:V'),
(10, 3, 'vtiger_products:discontinued:Products_Product_Active:discontinued:V'),
(10, 4, 'vtiger_products:productcategory:Products_Product_Category:productcategory:V'),
(10, 5, 'vtiger_products:manufacturer:Products_Manufacturer:manufacturer:V'),
(11, 0, 'vtiger_troubletickets:title:HelpDesk_Title:ticket_title:V'),
(11, 1, 'vtiger_troubletickets:priority:HelpDesk_Priority:ticketpriorities:V'),
(11, 2, 'vtiger_troubletickets:severity:HelpDesk_Severity:ticketseverities:V'),
(11, 3, 'vtiger_troubletickets:status:HelpDesk_Status:ticketstatus:V'),
(11, 4, 'vtiger_troubletickets:category:HelpDesk_Category:ticketcategories:V'),
(11, 5, 'vtiger_usersHelpDesk:user_name:HelpDesk_Assigned_To:assigned_user_id:V'),
(12, 0, 'vtiger_troubletickets:title:HelpDesk_Title:ticket_title:V'),
(12, 1, 'vtiger_troubletickets:priority:HelpDesk_Priority:ticketpriorities:V'),
(12, 2, 'vtiger_troubletickets:severity:HelpDesk_Severity:ticketseverities:V'),
(12, 3, 'vtiger_troubletickets:status:HelpDesk_Status:ticketstatus:V'),
(12, 4, 'vtiger_troubletickets:category:HelpDesk_Category:ticketcategories:V'),
(12, 5, 'vtiger_usersHelpDesk:user_name:HelpDesk_Assigned_To:assigned_user_id:V'),
(13, 0, 'vtiger_products:productname:Products_Product_Name:productname:V'),
(13, 1, 'vtiger_products:productcode:Products_Product_Code:productcode:V'),
(13, 2, 'vtiger_products:discontinued:Products_Product_Active:discontinued:V'),
(13, 3, 'vtiger_products:productcategory:Products_Product_Category:productcategory:V'),
(13, 4, 'vtiger_products:website:Products_Website:website:V'),
(13, 5, 'vtiger_vendorRelProducts:vendorname:Products_Vendor_Name:vendor_id:I'),
(13, 6, 'vtiger_products:mfr_part_no:Products_Mfr_PartNo:mfr_part_no:V'),
(14, 0, 'vtiger_products:productname:Products_Product_Name:productname:V'),
(14, 1, 'vtiger_products:manufacturer:Products_Manufacturer:manufacturer:V'),
(14, 2, 'vtiger_products:productcategory:Products_Product_Category:productcategory:V'),
(14, 3, 'vtiger_contactdetails:firstname:Contacts_First_Name:firstname:V'),
(14, 4, 'vtiger_contactdetails:lastname:Contacts_Last_Name:lastname:V'),
(14, 5, 'vtiger_contactsubdetails:leadsource:Contacts_Lead_Source:leadsource:V'),
(15, 0, 'vtiger_quotes:subject:Quotes_Subject:subject:V'),
(15, 1, 'vtiger_potentialRelQuotes:potentialname:Quotes_Potential_Name:potential_id:I'),
(15, 2, 'vtiger_quotes:quotestage:Quotes_Quote_Stage:quotestage:V'),
(15, 3, 'vtiger_quotes:contactid:Quotes_Contact_Name:contact_id:V'),
(15, 4, 'vtiger_usersRel1:user_name:Quotes_Inventory_Manager:assigned_user_id1:I'),
(15, 5, 'vtiger_accountQuotes:accountname:Quotes_Account_Name:account_id:I'),
(16, 0, 'vtiger_quotes:subject:Quotes_Subject:subject:V'),
(16, 1, 'vtiger_potentialRelQuotes:potentialname:Quotes_Potential_Name:potential_id:I'),
(16, 2, 'vtiger_quotes:quotestage:Quotes_Quote_Stage:quotestage:V'),
(16, 3, 'vtiger_quotes:contactid:Quotes_Contact_Name:contact_id:V'),
(16, 4, 'vtiger_usersRel1:user_name:Quotes_Inventory_Manager:assigned_user_id1:I'),
(16, 5, 'vtiger_accountQuotes:accountname:Quotes_Account_Name:account_id:I'),
(16, 6, 'vtiger_quotes:carrier:Quotes_Carrier:carrier:V'),
(16, 7, 'vtiger_quotes:shipping:Quotes_Shipping:shipping:V'),
(17, 0, 'vtiger_purchaseorder:subject:PurchaseOrder_Subject:subject:V'),
(17, 1, 'vtiger_vendorRelPurchaseOrder:vendorname:PurchaseOrder_Vendor_Name:vendor_id:I'),
(17, 2, 'vtiger_purchaseorder:tracking_no:PurchaseOrder_Tracking_Number:tracking_no:V'),
(17, 3, 'vtiger_contactdetails:firstname:Contacts_First_Name:firstname:V'),
(17, 4, 'vtiger_contactdetails:lastname:Contacts_Last_Name:lastname:V'),
(17, 5, 'vtiger_contactsubdetails:leadsource:Contacts_Lead_Source:leadsource:V'),
(17, 6, 'vtiger_contactdetails:email:Contacts_Email:email:E'),
(18, 0, 'vtiger_purchaseorder:subject:PurchaseOrder_Subject:subject:V'),
(18, 1, 'vtiger_vendorRelPurchaseOrder:vendorname:PurchaseOrder_Vendor_Name:vendor_id:I'),
(18, 2, 'vtiger_purchaseorder:requisition_no:PurchaseOrder_Requisition_No:requisition_no:V'),
(18, 3, 'vtiger_purchaseorder:tracking_no:PurchaseOrder_Tracking_Number:tracking_no:V'),
(18, 4, 'vtiger_contactdetailsPurchaseOrder:lastname:PurchaseOrder_Contact_Name:contact_id:I'),
(18, 5, 'vtiger_purchaseorder:carrier:PurchaseOrder_Carrier:carrier:V'),
(18, 6, 'vtiger_purchaseorder:salescommission:PurchaseOrder_Sales_Commission:salescommission:N'),
(18, 7, 'vtiger_purchaseorder:exciseduty:PurchaseOrder_Excise_Duty:exciseduty:N'),
(18, 8, 'vtiger_usersPurchaseOrder:user_name:PurchaseOrder_Assigned_To:assigned_user_id:V'),
(19, 0, 'vtiger_invoice:subject:Invoice_Subject:subject:V'),
(19, 1, 'vtiger_invoice:salesorderid:Invoice_Sales_Order:salesorder_id:I'),
(19, 2, 'vtiger_invoice:customerno:Invoice_Customer_No:customerno:V'),
(19, 3, 'vtiger_invoice:exciseduty:Invoice_Excise_Duty:exciseduty:N'),
(19, 4, 'vtiger_invoice:salescommission:Invoice_Sales_Commission:salescommission:N'),
(19, 5, 'vtiger_accountInvoice:accountname:Invoice_Account_Name:account_id:I'),
(20, 0, 'vtiger_salesorder:subject:SalesOrder_Subject:subject:V'),
(20, 1, 'vtiger_quotesSalesOrder:subject:SalesOrder_Quote_Name:quote_id:I'),
(20, 2, 'vtiger_contactdetailsSalesOrder:lastname:SalesOrder_Contact_Name:contact_id:I'),
(20, 3, 'vtiger_salesorder:duedate:SalesOrder_Due_Date:duedate:D'),
(20, 4, 'vtiger_salesorder:carrier:SalesOrder_Carrier:carrier:V'),
(20, 5, 'vtiger_salesorder:sostatus:SalesOrder_Status:sostatus:V'),
(20, 6, 'vtiger_accountSalesOrder:accountname:SalesOrder_Account_Name:account_id:I'),
(20, 7, 'vtiger_salesorder:salescommission:SalesOrder_Sales_Commission:salescommission:N'),
(20, 8, 'vtiger_salesorder:exciseduty:SalesOrder_Excise_Duty:exciseduty:N'),
(20, 9, 'vtiger_usersSalesOrder:user_name:SalesOrder_Assigned_To:assigned_user_id:V'),
(21, 0, 'vtiger_campaign:campaignname:Campaigns_Campaign_Name:campaignname:V'),
(21, 1, 'vtiger_campaign:campaigntype:Campaigns_Campaign_Type:campaigntype:V'),
(21, 2, 'vtiger_campaign:targetaudience:Campaigns_Target_Audience:targetaudience:V'),
(21, 3, 'vtiger_campaign:budgetcost:Campaigns_Budget_Cost:budgetcost:I'),
(21, 4, 'vtiger_campaign:actualcost:Campaigns_Actual_Cost:actualcost:I'),
(21, 5, 'vtiger_campaign:expectedrevenue:Campaigns_Expected_Revenue:expectedrevenue:I'),
(21, 6, 'vtiger_campaign:expectedsalescount:Campaigns_Expected_Sales_Count:expectedsalescount:N'),
(21, 7, 'vtiger_campaign:actualsalescount:Campaigns_Actual_Sales_Count:actualsalescount:N'),
(21, 8, 'vtiger_usersCampaigns:user_name:Campaigns_Assigned_To:assigned_user_id:V'),
(22, 0, 'vtiger_contactdetails:lastname:Contacts_Last_Name:lastname:V'),
(22, 1, 'vtiger_contactdetails:email:Contacts_Email:email:E'),
(22, 2, 'vtiger_activity:subject:Emails_Subject:subject:V'),
(22, 3, 'vtiger_email_track:access_count:Emails_Access_Count:access_count:V'),
(23, 0, 'vtiger_account:accountname:Accounts_Account_Name:accountname:V'),
(23, 1, 'vtiger_account:phone:Accounts_Phone:phone:V'),
(23, 2, 'vtiger_account:email1:Accounts_Email:email1:E'),
(23, 3, 'vtiger_activity:subject:Emails_Subject:subject:V'),
(23, 4, 'vtiger_email_track:access_count:Emails_Access_Count:access_count:V'),
(24, 0, 'vtiger_leaddetails:lastname:Leads_Last_Name:lastname:V'),
(24, 1, 'vtiger_leaddetails:company:Leads_Company:company:V'),
(24, 2, 'vtiger_leaddetails:email:Leads_Email:email:E'),
(24, 3, 'vtiger_activity:subject:Emails_Subject:subject:V'),
(24, 4, 'vtiger_email_track:access_count:Emails_Access_Count:access_count:V'),
(25, 0, 'vtiger_vendor:vendorname:Vendors_Vendor_Name:vendorname:V'),
(25, 1, 'vtiger_vendor:glacct:Vendors_GL_Account:glacct:V'),
(25, 2, 'vtiger_vendor:email:Vendors_Email:email:E'),
(25, 3, 'vtiger_activity:subject:Emails_Subject:subject:V'),
(25, 4, 'vtiger_email_track:access_count:Emails_Access_Count:access_count:V');

-- --------------------------------------------------------

--
-- 表的结构 `vtiger_selectquery`
--

CREATE TABLE IF NOT EXISTS `vtiger_selectquery` (
  `queryid` int(19) NOT NULL,
  `startindex` int(19) DEFAULT '0',
  `numofobjects` int(19) DEFAULT '0'
) ENGINE=InnoDB DEFAULT CHARSET=utf8;

--
-- 转存表中的数据 `vtiger_selectquery`
--

INSERT INTO `vtiger_selectquery` (`queryid`, `startindex`, `numofobjects`) VALUES
(1, 0, 0),
(2, 0, 0),
(3, 0, 0),
(4, 0, 0),
(5, 0, 0),
(6, 0, 0),
(7, 0, 0),
(8, 0, 0),
(9, 0, 0),
(10, 0, 0),
(11, 0, 0),
(12, 0, 0),
(13, 0, 0),
(14, 0, 0),
(15, 0, 0),
(16, 0, 0),
(17, 0, 0),
(18, 0, 0),
(19, 0, 0),
(20, 0, 0),
(21, 0, 0),
(22, 0, 0),
(23, 0, 0),
(24, 0, 0),
(25, 0, 0);

-- --------------------------------------------------------

--
-- 表的结构 `vtiger_selectquery_seq`
--

CREATE TABLE IF NOT EXISTS `vtiger_selectquery_seq` (
  `id` int(11) NOT NULL
) ENGINE=InnoDB DEFAULT CHARSET=utf8;

--
-- 转存表中的数据 `vtiger_selectquery_seq`
--

INSERT INTO `vtiger_selectquery_seq` (`id`) VALUES
(25);

-- --------------------------------------------------------

--
-- 表的结构 `vtiger_senotesrel`
--

CREATE TABLE IF NOT EXISTS `vtiger_senotesrel` (
  `crmid` int(19) NOT NULL DEFAULT '0',
  `notesid` int(19) NOT NULL DEFAULT '0'
) ENGINE=InnoDB DEFAULT CHARSET=utf8;

-- --------------------------------------------------------

--
-- 表的结构 `vtiger_seproductsrel`
--

CREATE TABLE IF NOT EXISTS `vtiger_seproductsrel` (
  `crmid` int(19) NOT NULL DEFAULT '0',
  `productid` int(19) NOT NULL DEFAULT '0',
  `setype` varchar(30) NOT NULL
) ENGINE=InnoDB DEFAULT CHARSET=utf8;

-- --------------------------------------------------------

--
-- 表的结构 `vtiger_service`
--

CREATE TABLE IF NOT EXISTS `vtiger_service` (
  `serviceid` int(11) NOT NULL,
  `service_no` varchar(100) NOT NULL,
  `servicename` varchar(50) NOT NULL,
  `servicecategory` varchar(200) DEFAULT NULL,
  `qty_per_unit` decimal(11,2) DEFAULT '0.00',
  `unit_price` decimal(25,8) DEFAULT NULL,
  `sales_start_date` date DEFAULT NULL,
  `sales_end_date` date DEFAULT NULL,
  `start_date` date DEFAULT NULL,
  `expiry_date` date DEFAULT NULL,
  `discontinued` int(1) NOT NULL DEFAULT '0',
  `service_usageunit` varchar(200) DEFAULT NULL,
  `website` varchar(100) DEFAULT NULL,
  `taxclass` varchar(200) DEFAULT NULL,
  `currency_id` int(19) NOT NULL DEFAULT '1',
  `commissionrate` decimal(7,3) DEFAULT NULL
) ENGINE=InnoDB DEFAULT CHARSET=utf8;

--
-- 转存表中的数据 `vtiger_service`
--

INSERT INTO `vtiger_service` (`serviceid`, `service_no`, `servicename`, `servicecategory`, `qty_per_unit`, `unit_price`, `sales_start_date`, `sales_end_date`, `start_date`, `expiry_date`, `discontinued`, `service_usageunit`, `website`, `taxclass`, `currency_id`, `commissionrate`) VALUES
(5, 'SER1', 'Man Day', 'Support', '0.00', '1900.00000000', NULL, '2016-05-11', NULL, '2016-05-11', 0, 'Days', '', '', 2, '0.000');

-- --------------------------------------------------------

--
-- 表的结构 `vtiger_servicecategory`
--

CREATE TABLE IF NOT EXISTS `vtiger_servicecategory` (
  `servicecategoryid` int(11) NOT NULL,
  `servicecategory` varchar(200) NOT NULL,
  `presence` int(1) NOT NULL DEFAULT '1',
  `picklist_valueid` int(11) NOT NULL DEFAULT '0',
  `sortorderid` int(11) DEFAULT '0'
) ENGINE=InnoDB AUTO_INCREMENT=7 DEFAULT CHARSET=utf8;

--
-- 转存表中的数据 `vtiger_servicecategory`
--

INSERT INTO `vtiger_servicecategory` (`servicecategoryid`, `servicecategory`, `presence`, `picklist_valueid`, `sortorderid`) VALUES
(2, 'Support', 1, 214, 2),
(3, 'Installation', 1, 215, 3),
(4, 'Migration', 1, 216, 4),
(5, 'Customization', 1, 217, 5),
(6, 'Training', 1, 218, 6);

-- --------------------------------------------------------

--
-- 表的结构 `vtiger_servicecategory_seq`
--

CREATE TABLE IF NOT EXISTS `vtiger_servicecategory_seq` (
  `id` int(11) NOT NULL
) ENGINE=InnoDB DEFAULT CHARSET=utf8;

--
-- 转存表中的数据 `vtiger_servicecategory_seq`
--

INSERT INTO `vtiger_servicecategory_seq` (`id`) VALUES
(6);

-- --------------------------------------------------------

--
-- 表的结构 `vtiger_servicecf`
--

CREATE TABLE IF NOT EXISTS `vtiger_servicecf` (
  `serviceid` int(19) NOT NULL DEFAULT '0'
) ENGINE=InnoDB DEFAULT CHARSET=utf8;

--
-- 转存表中的数据 `vtiger_servicecf`
--

INSERT INTO `vtiger_servicecf` (`serviceid`) VALUES
(5);

-- --------------------------------------------------------

--
-- 表的结构 `vtiger_servicecontracts`
--

CREATE TABLE IF NOT EXISTS `vtiger_servicecontracts` (
  `servicecontractsid` int(11) DEFAULT NULL,
  `start_date` date DEFAULT NULL,
  `end_date` date DEFAULT NULL,
  `sc_related_to` int(11) DEFAULT NULL,
  `tracking_unit` varchar(100) DEFAULT NULL,
  `total_units` decimal(5,2) DEFAULT NULL,
  `used_units` decimal(5,2) DEFAULT NULL,
  `subject` varchar(100) DEFAULT NULL,
  `due_date` date DEFAULT NULL,
  `planned_duration` varchar(256) DEFAULT NULL,
  `actual_duration` varchar(256) DEFAULT NULL,
  `contract_status` varchar(200) DEFAULT NULL,
  `priority` varchar(200) DEFAULT NULL,
  `contract_type` varchar(200) DEFAULT NULL,
  `progress` decimal(5,2) DEFAULT NULL,
  `contract_no` varchar(100) DEFAULT NULL
) ENGINE=InnoDB DEFAULT CHARSET=utf8;

-- --------------------------------------------------------

--
-- 表的结构 `vtiger_servicecontractscf`
--

CREATE TABLE IF NOT EXISTS `vtiger_servicecontractscf` (
  `servicecontractsid` int(11) NOT NULL
) ENGINE=InnoDB DEFAULT CHARSET=utf8;

-- --------------------------------------------------------

--
-- 表的结构 `vtiger_service_usageunit`
--

CREATE TABLE IF NOT EXISTS `vtiger_service_usageunit` (
  `service_usageunitid` int(11) NOT NULL,
  `service_usageunit` varchar(200) NOT NULL,
  `presence` int(1) NOT NULL DEFAULT '1',
  `picklist_valueid` int(11) NOT NULL DEFAULT '0',
  `sortorderid` int(11) DEFAULT '0'
) ENGINE=InnoDB AUTO_INCREMENT=4 DEFAULT CHARSET=utf8;

--
-- 转存表中的数据 `vtiger_service_usageunit`
--

INSERT INTO `vtiger_service_usageunit` (`service_usageunitid`, `service_usageunit`, `presence`, `picklist_valueid`, `sortorderid`) VALUES
(1, 'Hours', 1, 210, 1),
(2, 'Days', 1, 211, 2),
(3, 'Incidents', 1, 212, 3);

-- --------------------------------------------------------

--
-- 表的结构 `vtiger_service_usageunit_seq`
--

CREATE TABLE IF NOT EXISTS `vtiger_service_usageunit_seq` (
  `id` int(11) NOT NULL
) ENGINE=InnoDB DEFAULT CHARSET=utf8;

--
-- 转存表中的数据 `vtiger_service_usageunit_seq`
--

INSERT INTO `vtiger_service_usageunit_seq` (`id`) VALUES
(3);

-- --------------------------------------------------------

--
-- 表的结构 `vtiger_seticketsrel`
--

CREATE TABLE IF NOT EXISTS `vtiger_seticketsrel` (
  `crmid` int(19) NOT NULL DEFAULT '0',
  `ticketid` int(19) NOT NULL DEFAULT '0'
) ENGINE=InnoDB DEFAULT CHARSET=utf8;

-- --------------------------------------------------------

--
-- 表的结构 `vtiger_settings_blocks`
--

CREATE TABLE IF NOT EXISTS `vtiger_settings_blocks` (
  `blockid` int(19) NOT NULL,
  `label` varchar(250) DEFAULT NULL,
  `sequence` int(19) DEFAULT NULL
) ENGINE=InnoDB DEFAULT CHARSET=utf8;

--
-- 转存表中的数据 `vtiger_settings_blocks`
--

INSERT INTO `vtiger_settings_blocks` (`blockid`, `label`, `sequence`) VALUES
(1, 'LBL_USER_MANAGEMENT', 1),
(2, 'LBL_STUDIO', 2),
(3, 'LBL_COMMUNICATION_TEMPLATES', 3),
(4, 'LBL_OTHER_SETTINGS', 4),
(5, 'LBL_INTEGRATION', 5);

-- --------------------------------------------------------

--
-- 表的结构 `vtiger_settings_blocks_seq`
--

CREATE TABLE IF NOT EXISTS `vtiger_settings_blocks_seq` (
  `id` int(11) NOT NULL
) ENGINE=InnoDB DEFAULT CHARSET=utf8;

--
-- 转存表中的数据 `vtiger_settings_blocks_seq`
--

INSERT INTO `vtiger_settings_blocks_seq` (`id`) VALUES
(5);

-- --------------------------------------------------------

--
-- 表的结构 `vtiger_settings_field`
--

CREATE TABLE IF NOT EXISTS `vtiger_settings_field` (
  `fieldid` int(19) NOT NULL,
  `blockid` int(19) DEFAULT NULL,
  `name` varchar(250) DEFAULT NULL,
  `iconpath` varchar(300) DEFAULT NULL,
  `description` text,
  `linkto` text,
  `sequence` int(19) DEFAULT NULL,
  `active` int(19) DEFAULT '0',
  `pinned` int(1) DEFAULT '0'
) ENGINE=InnoDB DEFAULT CHARSET=utf8;

--
-- 转存表中的数据 `vtiger_settings_field`
--

INSERT INTO `vtiger_settings_field` (`fieldid`, `blockid`, `name`, `iconpath`, `description`, `linkto`, `sequence`, `active`, `pinned`) VALUES
(1, 1, 'LBL_USERS', 'ico-users.gif', 'LBL_USER_DESCRIPTION', 'index.php?module=Users&parent=Settings&view=List', 1, 0, 1),
(2, 1, 'LBL_ROLES', 'ico-roles.gif', 'LBL_ROLE_DESCRIPTION', 'index.php?module=Roles&parent=Settings&view=Index', 2, 0, 0),
(3, 1, 'LBL_PROFILES', 'ico-profile.gif', 'LBL_PROFILE_DESCRIPTION', 'index.php?module=Profiles&parent=Settings&view=List', 3, 0, 0),
(4, 1, 'USERGROUPLIST', 'ico-groups.gif', 'LBL_GROUP_DESCRIPTION', 'index.php?module=Groups&parent=Settings&view=List', 4, 0, 0),
(5, 1, 'LBL_SHARING_ACCESS', 'shareaccess.gif', 'LBL_SHARING_ACCESS_DESCRIPTION', 'index.php?module=SharingAccess&parent=Settings&view=Index', 5, 0, 0),
(6, 1, 'LBL_FIELDS_ACCESS', 'orgshar.gif', 'LBL_SHARING_FIELDS_DESCRIPTION', 'index.php?module=FieldAccess&parent=Settings&view=Index', 6, 0, 0),
(7, 1, 'LBL_LOGIN_HISTORY_DETAILS', 'set-IcoLoginHistory.gif', 'LBL_LOGIN_HISTORY_DESCRIPTION', 'index.php?module=LoginHistory&parent=Settings&view=List', 7, 0, 0),
(8, 2, 'VTLIB_LBL_MODULE_MANAGER', 'vtlib_modmng.gif', 'VTLIB_LBL_MODULE_MANAGER_DESCRIPTION', 'index.php?module=ModuleManager&parent=Settings&view=List', 8, 0, 1),
(9, 2, 'LBL_PICKLIST_EDITOR', 'picklist.gif', 'LBL_PICKLIST_DESCRIPTION', 'index.php?parent=Settings&module=Picklist&view=Index', 1, 0, 1),
(10, 2, 'LBL_PICKLIST_DEPENDENCY_SETUP', 'picklistdependency.gif', 'LBL_PICKLIST_DEPENDENCY_DESCRIPTION', 'index.php?parent=Settings&module=PickListDependency&view=List', 2, 0, 0),
(11, 2, 'LBL_MENU_EDITOR', 'menueditor.png', 'LBL_MENU_DESC', 'index.php?module=MenuEditor&parent=Settings&view=Index', 3, 0, 0),
(12, 3, 'NOTIFICATIONSCHEDULERS', 'notification.gif', 'LBL_NOTIF_SCHED_DESCRIPTION', 'index.php?module=Settings&view=listnotificationschedulers&parenttab=Settings', 4, 0, 0),
(13, 3, 'INVENTORYNOTIFICATION', 'inventory.gif', 'LBL_INV_NOTIF_DESCRIPTION', 'index.php?module=Settings&view=listinventorynotifications&parenttab=Settings', 1, 0, 0),
(14, 3, 'LBL_COMPANY_DETAILS', 'company.gif', 'LBL_COMPANY_DESCRIPTION', 'index.php?parent=Settings&module=Vtiger&view=CompanyDetails', 2, 0, 0),
(15, 4, 'LBL_MAIL_SERVER_SETTINGS', 'ogmailserver.gif', 'LBL_MAIL_SERVER_DESCRIPTION', 'index.php?parent=Settings&module=Vtiger&view=OutgoingServerDetail', 3, 0, 0),
(16, 4, 'LBL_CURRENCY_SETTINGS', 'currency.gif', 'LBL_CURRENCY_DESCRIPTION', 'index.php?parent=Settings&module=Currency&view=List', 4, 0, 0),
(17, 4, 'LBL_TAX_SETTINGS', 'taxConfiguration.gif', 'LBL_TAX_DESCRIPTION', 'index.php?module=Vtiger&parent=Settings&view=TaxIndex', 5, 0, 0),
(18, 4, 'LBL_SYSTEM_INFO', 'system.gif', 'LBL_SYSTEM_DESCRIPTION', 'index.php?module=Settings&submodule=Server&view=ProxyConfig', 6, 1, 0),
(19, 4, 'LBL_ANNOUNCEMENT', 'announ.gif', 'LBL_ANNOUNCEMENT_DESCRIPTION', 'index.php?parent=Settings&module=Vtiger&view=AnnouncementEdit', 1, 0, 0),
(20, 4, 'LBL_DEFAULT_MODULE_VIEW', 'set-IcoTwoTabConfig.gif', 'LBL_DEFAULT_MODULE_VIEW_DESC', 'index.php?module=Settings&action=DefModuleView&parenttab=Settings', 2, 0, 0),
(21, 4, 'INVENTORYTERMSANDCONDITIONS', 'terms.gif', 'LBL_INV_TANDC_DESCRIPTION', 'index.php?parent=Settings&module=Vtiger&view=TermsAndConditionsEdit', 3, 0, 0),
(22, 4, 'LBL_CUSTOMIZE_MODENT_NUMBER', 'settingsInvNumber.gif', 'LBL_CUSTOMIZE_MODENT_NUMBER_DESCRIPTION', 'index.php?module=Vtiger&parent=Settings&view=CustomRecordNumbering', 4, 0, 0),
(23, 4, 'LBL_MAIL_SCANNER', 'mailScanner.gif', 'LBL_MAIL_SCANNER_DESCRIPTION', 'index.php?parent=Settings&module=MailConverter&view=List', 5, 0, 0),
(24, 4, 'LBL_LIST_WORKFLOWS', 'settingsWorkflow.png', 'LBL_LIST_WORKFLOWS_DESCRIPTION', 'index.php?module=Workflows&parent=Settings&view=List', 6, 0, 1),
(25, 4, 'LBL_CONFIG_EDITOR', 'migrate.gif', 'LBL_CONFIG_EDITOR_DESCRIPTION', 'index.php?module=Vtiger&parent=Settings&view=ConfigEditorDetail', 7, 0, 0),
(26, 4, 'Scheduler', 'Cron.png', 'Allows you to Configure Cron Task', 'index.php?module=CronTasks&parent=Settings&view=List', 8, 0, 0),
(27, 4, 'LBL_WORKFLOW_LIST', 'settingsWorkflow.png', 'LBL_AVAILABLE_WORKLIST_LIST', 'index.php?module=com_vtiger_workflow&action=workflowlist', 8, 0, 0),
(28, 4, 'ModTracker', 'set-IcoLoginHistory.gif', 'LBL_MODTRACKER_DESCRIPTION', 'index.php?module=ModTracker&action=BasicSettings&parenttab=Settings&formodule=ModTracker', 9, 0, 0),
(29, 5, 'LBL_PBXMANAGER', '', 'PBXManager module Configuration', 'index.php?module=PBXManager&parent=Settings&view=Index', 2, 0, 0),
(30, 4, 'Webforms', 'modules/Webforms/img/Webform.png', 'LBL_WEBFORMS_DESCRIPTION', 'index.php?module=Webforms&action=index&parenttab=Settings', 10, 0, 0),
(31, 4, 'LBL_CUSTOMER_PORTAL', 'portal_icon.png', 'PORTAL_EXTENSION_DESCRIPTION', 'index.php?module=CustomerPortal&action=index&parenttab=Settings', 11, 0, 0),
(32, 2, 'LBL_EDIT_FIELDS', '', 'LBL_LAYOUT_EDITOR_DESCRIPTION', 'index.php?module=LayoutEditor&parent=Settings&view=Index', NULL, 0, 0);

-- --------------------------------------------------------

--
-- 表的结构 `vtiger_settings_field_seq`
--

CREATE TABLE IF NOT EXISTS `vtiger_settings_field_seq` (
  `id` int(11) NOT NULL
) ENGINE=InnoDB DEFAULT CHARSET=utf8;

--
-- 转存表中的数据 `vtiger_settings_field_seq`
--

INSERT INTO `vtiger_settings_field_seq` (`id`) VALUES
(32);

-- --------------------------------------------------------

--
-- 表的结构 `vtiger_sharedcalendar`
--

CREATE TABLE IF NOT EXISTS `vtiger_sharedcalendar` (
  `userid` int(19) NOT NULL,
  `sharedid` int(19) NOT NULL
) ENGINE=InnoDB DEFAULT CHARSET=utf8;

-- --------------------------------------------------------

--
-- 表的结构 `vtiger_shareduserinfo`
--

CREATE TABLE IF NOT EXISTS `vtiger_shareduserinfo` (
  `userid` int(19) NOT NULL DEFAULT '0',
  `shareduserid` int(19) NOT NULL DEFAULT '0',
  `color` varchar(50) DEFAULT NULL,
  `visible` int(19) DEFAULT '1'
) ENGINE=InnoDB DEFAULT CHARSET=utf8;

-- --------------------------------------------------------

--
-- 表的结构 `vtiger_shippingtaxinfo`
--

CREATE TABLE IF NOT EXISTS `vtiger_shippingtaxinfo` (
  `taxid` int(3) NOT NULL,
  `taxname` varchar(50) DEFAULT NULL,
  `taxlabel` varchar(50) DEFAULT NULL,
  `percentage` decimal(7,3) DEFAULT NULL,
  `deleted` int(1) DEFAULT NULL
) ENGINE=InnoDB DEFAULT CHARSET=utf8;

--
-- 转存表中的数据 `vtiger_shippingtaxinfo`
--

INSERT INTO `vtiger_shippingtaxinfo` (`taxid`, `taxname`, `taxlabel`, `percentage`, `deleted`) VALUES
(1, 'shtax1', 'VAT', '4.500', 1),
(2, 'shtax2', 'Sales', '10.000', 1),
(3, 'shtax3', 'Service', '12.500', 1);

-- --------------------------------------------------------

--
-- 表的结构 `vtiger_shippingtaxinfo_seq`
--

CREATE TABLE IF NOT EXISTS `vtiger_shippingtaxinfo_seq` (
  `id` int(11) NOT NULL
) ENGINE=InnoDB DEFAULT CHARSET=utf8;

--
-- 转存表中的数据 `vtiger_shippingtaxinfo_seq`
--

INSERT INTO `vtiger_shippingtaxinfo_seq` (`id`) VALUES
(3);

-- --------------------------------------------------------

--
-- 表的结构 `vtiger_shorturls`
--

CREATE TABLE IF NOT EXISTS `vtiger_shorturls` (
  `id` int(11) NOT NULL,
  `uid` varchar(50) DEFAULT NULL,
  `handler_path` varchar(400) DEFAULT NULL,
  `handler_class` varchar(100) DEFAULT NULL,
  `handler_function` varchar(100) DEFAULT NULL,
  `handler_data` varchar(255) DEFAULT NULL,
  `onetime` int(5) DEFAULT NULL
) ENGINE=InnoDB DEFAULT CHARSET=utf8;

-- --------------------------------------------------------

--
-- 表的结构 `vtiger_smsnotifier`
--

CREATE TABLE IF NOT EXISTS `vtiger_smsnotifier` (
  `smsnotifierid` int(11) DEFAULT NULL,
  `message` text,
  `status` varchar(100) DEFAULT NULL
) ENGINE=InnoDB DEFAULT CHARSET=utf8;

-- --------------------------------------------------------

--
-- 表的结构 `vtiger_smsnotifiercf`
--

CREATE TABLE IF NOT EXISTS `vtiger_smsnotifiercf` (
  `smsnotifierid` int(11) NOT NULL
) ENGINE=InnoDB DEFAULT CHARSET=utf8;

-- --------------------------------------------------------

--
-- 表的结构 `vtiger_smsnotifier_servers`
--

CREATE TABLE IF NOT EXISTS `vtiger_smsnotifier_servers` (
  `id` int(11) NOT NULL,
  `password` varchar(255) DEFAULT NULL,
  `isactive` int(1) DEFAULT NULL,
  `providertype` varchar(50) DEFAULT NULL,
  `username` varchar(255) DEFAULT NULL,
  `parameters` text
) ENGINE=InnoDB DEFAULT CHARSET=utf8;

-- --------------------------------------------------------

--
-- 表的结构 `vtiger_smsnotifier_status`
--

CREATE TABLE IF NOT EXISTS `vtiger_smsnotifier_status` (
  `smsnotifierid` int(11) DEFAULT NULL,
  `tonumber` varchar(20) DEFAULT NULL,
  `status` varchar(10) DEFAULT NULL,
  `smsmessageid` varchar(50) DEFAULT NULL,
  `needlookup` int(1) DEFAULT '1',
  `statusid` int(11) NOT NULL,
  `statusmessage` varchar(100) DEFAULT NULL
) ENGINE=InnoDB DEFAULT CHARSET=utf8;

-- --------------------------------------------------------

--
-- 表的结构 `vtiger_soapservice`
--

CREATE TABLE IF NOT EXISTS `vtiger_soapservice` (
  `id` int(19) DEFAULT NULL,
  `type` varchar(25) DEFAULT NULL,
  `sessionid` varchar(100) DEFAULT NULL
) ENGINE=InnoDB DEFAULT CHARSET=utf8;

-- --------------------------------------------------------

--
-- 表的结构 `vtiger_sobillads`
--

CREATE TABLE IF NOT EXISTS `vtiger_sobillads` (
  `sobilladdressid` int(19) NOT NULL DEFAULT '0',
  `bill_city` varchar(30) DEFAULT NULL,
  `bill_code` varchar(30) DEFAULT NULL,
  `bill_country` varchar(30) DEFAULT NULL,
  `bill_state` varchar(30) DEFAULT NULL,
  `bill_street` varchar(250) DEFAULT NULL,
  `bill_pobox` varchar(30) DEFAULT NULL
) ENGINE=InnoDB DEFAULT CHARSET=utf8;

--
-- 转存表中的数据 `vtiger_sobillads`
--

INSERT INTO `vtiger_sobillads` (`sobilladdressid`, `bill_city`, `bill_code`, `bill_country`, `bill_state`, `bill_street`, `bill_pobox`) VALUES
(15, '', '', '', '', '38 Wang Lee Street, Yuen Long Industrial Estate, \nBright Future Pharmaceutical Centre, Yuen Long, N.T., Hong Kong', '');

-- --------------------------------------------------------

--
-- 表的结构 `vtiger_soshipads`
--

CREATE TABLE IF NOT EXISTS `vtiger_soshipads` (
  `soshipaddressid` int(19) NOT NULL DEFAULT '0',
  `ship_city` varchar(30) DEFAULT NULL,
  `ship_code` varchar(30) DEFAULT NULL,
  `ship_country` varchar(30) DEFAULT NULL,
  `ship_state` varchar(30) DEFAULT NULL,
  `ship_street` varchar(250) DEFAULT NULL,
  `ship_pobox` varchar(30) DEFAULT NULL
) ENGINE=InnoDB DEFAULT CHARSET=utf8;

--
-- 转存表中的数据 `vtiger_soshipads`
--

INSERT INTO `vtiger_soshipads` (`soshipaddressid`, `ship_city`, `ship_code`, `ship_country`, `ship_state`, `ship_street`, `ship_pobox`) VALUES
(15, '', '', '', '', '38 Wang Lee Street, Yuen Long Industrial Estate, \nBright Future Pharmaceutical Centre, Yuen Long, N.T., Hong Kong', '');

-- --------------------------------------------------------

--
-- 表的结构 `vtiger_sostatus`
--

CREATE TABLE IF NOT EXISTS `vtiger_sostatus` (
  `sostatusid` int(19) NOT NULL,
  `sostatus` varchar(200) NOT NULL,
  `presence` int(1) NOT NULL DEFAULT '1',
  `picklist_valueid` int(19) NOT NULL DEFAULT '0',
  `sortorderid` int(11) DEFAULT NULL
) ENGINE=InnoDB AUTO_INCREMENT=5 DEFAULT CHARSET=utf8;

--
-- 转存表中的数据 `vtiger_sostatus`
--

INSERT INTO `vtiger_sostatus` (`sostatusid`, `sostatus`, `presence`, `picklist_valueid`, `sortorderid`) VALUES
(1, 'Created', 0, 166, 0),
(2, 'Approved', 0, 167, 1),
(3, 'Delivered', 0, 168, 2),
(4, 'Cancelled', 0, 169, 3);

-- --------------------------------------------------------

--
-- 表的结构 `vtiger_sostatushistory`
--

CREATE TABLE IF NOT EXISTS `vtiger_sostatushistory` (
  `historyid` int(19) NOT NULL,
  `salesorderid` int(19) NOT NULL,
  `accountname` varchar(100) DEFAULT NULL,
  `total` decimal(10,0) DEFAULT NULL,
  `sostatus` varchar(200) DEFAULT NULL,
  `lastmodified` datetime DEFAULT NULL
) ENGINE=InnoDB DEFAULT CHARSET=utf8;

-- --------------------------------------------------------

--
-- 表的结构 `vtiger_sostatus_seq`
--

CREATE TABLE IF NOT EXISTS `vtiger_sostatus_seq` (
  `id` int(11) NOT NULL
) ENGINE=InnoDB DEFAULT CHARSET=utf8;

--
-- 转存表中的数据 `vtiger_sostatus_seq`
--

INSERT INTO `vtiger_sostatus_seq` (`id`) VALUES
(4);

-- --------------------------------------------------------

--
-- 表的结构 `vtiger_sqltimelog`
--

CREATE TABLE IF NOT EXISTS `vtiger_sqltimelog` (
  `id` int(11) DEFAULT NULL,
  `type` varchar(10) DEFAULT NULL,
  `data` text,
  `started` decimal(20,6) DEFAULT NULL,
  `ended` decimal(20,6) DEFAULT NULL,
  `loggedon` datetime DEFAULT NULL
) ENGINE=InnoDB DEFAULT CHARSET=utf8;

-- --------------------------------------------------------

--
-- 表的结构 `vtiger_start_hour`
--

CREATE TABLE IF NOT EXISTS `vtiger_start_hour` (
  `start_hourid` int(11) NOT NULL,
  `start_hour` varchar(200) NOT NULL,
  `sortorderid` int(11) DEFAULT NULL,
  `presence` int(11) NOT NULL DEFAULT '1'
) ENGINE=InnoDB AUTO_INCREMENT=25 DEFAULT CHARSET=utf8;

--
-- 转存表中的数据 `vtiger_start_hour`
--

INSERT INTO `vtiger_start_hour` (`start_hourid`, `start_hour`, `sortorderid`, `presence`) VALUES
(1, '00:00', 1, 1),
(2, '01:00', 2, 1),
(3, '02:00', 3, 1),
(4, '03:00', 4, 1),
(5, '04:00', 5, 1),
(6, '05:00', 6, 1),
(7, '06:00', 7, 1),
(8, '07:00', 8, 1),
(9, '08:00', 9, 1),
(10, '09:00', 10, 1),
(11, '10:00', 11, 1),
(12, '11:00', 12, 1),
(13, '12:00', 13, 1),
(14, '13:00', 14, 1),
(15, '14:00', 15, 1),
(16, '15:00', 16, 1),
(17, '16:00', 17, 1),
(18, '17:00', 18, 1),
(19, '18:00', 19, 1),
(20, '19:00', 20, 1),
(21, '20:00', 21, 1),
(22, '21:00', 22, 1),
(23, '22:00', 23, 1),
(24, '23:00', 24, 1);

-- --------------------------------------------------------

--
-- 表的结构 `vtiger_start_hour_seq`
--

CREATE TABLE IF NOT EXISTS `vtiger_start_hour_seq` (
  `id` int(11) NOT NULL
) ENGINE=InnoDB DEFAULT CHARSET=utf8;

--
-- 转存表中的数据 `vtiger_start_hour_seq`
--

INSERT INTO `vtiger_start_hour_seq` (`id`) VALUES
(24);

-- --------------------------------------------------------

--
-- 表的结构 `vtiger_status`
--

CREATE TABLE IF NOT EXISTS `vtiger_status` (
  `statusid` int(19) NOT NULL,
  `status` varchar(200) NOT NULL,
  `presence` int(1) NOT NULL DEFAULT '1',
  `picklist_valueid` int(19) NOT NULL DEFAULT '0'
) ENGINE=InnoDB AUTO_INCREMENT=3 DEFAULT CHARSET=utf8;

--
-- 转存表中的数据 `vtiger_status`
--

INSERT INTO `vtiger_status` (`statusid`, `status`, `presence`, `picklist_valueid`) VALUES
(1, 'Active', 0, 1),
(2, 'Inactive', 1, 1);

-- --------------------------------------------------------

--
-- 表的结构 `vtiger_status_seq`
--

CREATE TABLE IF NOT EXISTS `vtiger_status_seq` (
  `id` int(11) NOT NULL
) ENGINE=InnoDB DEFAULT CHARSET=utf8;

--
-- 转存表中的数据 `vtiger_status_seq`
--

INSERT INTO `vtiger_status_seq` (`id`) VALUES
(2);

-- --------------------------------------------------------

--
-- 表的结构 `vtiger_systems`
--

CREATE TABLE IF NOT EXISTS `vtiger_systems` (
  `id` int(19) NOT NULL,
  `server` varchar(100) DEFAULT NULL,
  `server_port` int(19) DEFAULT NULL,
  `server_username` varchar(100) DEFAULT NULL,
  `server_password` varchar(100) DEFAULT NULL,
  `server_type` varchar(20) DEFAULT NULL,
  `smtp_auth` varchar(5) DEFAULT NULL,
  `server_path` varchar(256) DEFAULT NULL,
  `from_email_field` varchar(50) DEFAULT NULL
) ENGINE=InnoDB DEFAULT CHARSET=utf8;

-- --------------------------------------------------------

--
-- 表的结构 `vtiger_tab`
--

CREATE TABLE IF NOT EXISTS `vtiger_tab` (
  `tabid` int(19) NOT NULL DEFAULT '0',
  `name` varchar(25) NOT NULL,
  `presence` int(19) NOT NULL DEFAULT '1',
  `tabsequence` int(10) DEFAULT NULL,
  `tablabel` varchar(25) NOT NULL,
  `modifiedby` int(19) DEFAULT NULL,
  `modifiedtime` int(19) DEFAULT NULL,
  `customized` int(19) DEFAULT NULL,
  `ownedby` int(19) DEFAULT NULL,
  `isentitytype` int(11) NOT NULL DEFAULT '1',
  `trial` int(1) NOT NULL DEFAULT '0',
  `version` varchar(10) DEFAULT NULL,
  `parent` varchar(30) DEFAULT NULL
) ENGINE=InnoDB DEFAULT CHARSET=utf8;

--
-- 转存表中的数据 `vtiger_tab`
--

INSERT INTO `vtiger_tab` (`tabid`, `name`, `presence`, `tabsequence`, `tablabel`, `modifiedby`, `modifiedtime`, `customized`, `ownedby`, `isentitytype`, `trial`, `version`, `parent`) VALUES
(1, 'Dashboard', 0, 12, 'Dashboards', NULL, NULL, 0, 1, 0, 0, NULL, 'Analytics'),
(2, 'Potentials', 0, 7, 'Potentials', NULL, NULL, 0, 0, 1, 0, NULL, 'Sales'),
(3, 'Home', 0, 1, 'Home', NULL, NULL, 0, 1, 0, 0, NULL, NULL),
(4, 'Contacts', 0, 6, 'Contacts', NULL, NULL, 0, 0, 1, 0, NULL, 'Sales'),
(6, 'Accounts', 0, 5, 'Accounts', NULL, NULL, 0, 0, 1, 0, NULL, 'Sales'),
(7, 'Leads', 0, 4, 'Leads', NULL, NULL, 0, 0, 1, 0, NULL, 'Sales'),
(8, 'Documents', 0, 9, 'Documents', NULL, NULL, 0, 0, 1, 0, NULL, 'Tools'),
(9, 'Calendar', 0, 3, 'Calendar', NULL, NULL, 0, 0, 1, 0, NULL, 'Tools'),
(10, 'Emails', 0, 10, 'Emails', NULL, NULL, 0, 1, 1, 0, NULL, 'Tools'),
(13, 'HelpDesk', 0, 11, 'HelpDesk', NULL, NULL, 0, 0, 1, 0, NULL, 'Support'),
(14, 'Products', 0, 8, 'Products', NULL, NULL, 0, 0, 1, 0, NULL, 'Inventory'),
(15, 'Faq', 0, -1, 'Faq', NULL, NULL, 0, 1, 1, 0, NULL, 'Support'),
(16, 'Events', 2, -1, 'Events', NULL, NULL, 0, 0, 1, 0, NULL, NULL),
(18, 'Vendors', 0, -1, 'Vendors', NULL, NULL, 0, 0, 1, 0, NULL, 'Inventory'),
(19, 'PriceBooks', 0, -1, 'PriceBooks', NULL, NULL, 0, 1, 1, 0, NULL, 'Inventory'),
(20, 'Quotes', 0, -1, 'Quotes', NULL, NULL, 0, 0, 1, 0, NULL, 'Sales'),
(21, 'PurchaseOrder', 0, -1, 'PurchaseOrder', NULL, NULL, 0, 0, 1, 0, NULL, 'Inventory'),
(22, 'SalesOrder', 0, -1, 'SalesOrder', NULL, NULL, 0, 0, 1, 0, NULL, 'Sales'),
(23, 'Invoice', 0, -1, 'Invoice', NULL, NULL, 0, 0, 1, 0, NULL, 'Sales'),
(24, 'Rss', 0, -1, 'Rss', NULL, NULL, 0, 1, 0, 0, NULL, 'Tools'),
(25, 'Reports', 0, -1, 'Reports', NULL, NULL, 0, 1, 0, 0, NULL, 'Analytics'),
(26, 'Campaigns', 0, -1, 'Campaigns', NULL, NULL, 0, 0, 1, 0, NULL, 'Marketing'),
(27, 'Portal', 0, -1, 'Portal', NULL, NULL, 0, 1, 0, 0, NULL, 'Tools'),
(28, 'Webmails', 0, -1, 'Webmails', NULL, NULL, 0, 1, 1, 0, NULL, NULL),
(29, 'Users', 0, -1, 'Users', NULL, NULL, 0, 1, 0, 0, NULL, NULL),
(30, 'Services', 0, -1, 'Services', NULL, NULL, 0, 0, 1, 0, '2.6', 'Inventory'),
(31, 'MailManager', 0, -1, 'MailManager', NULL, NULL, 1, 0, 0, 0, '1.9', 'Tools'),
(32, 'ModTracker', 0, -1, 'ModTracker', NULL, NULL, 0, 0, 0, 0, '1.2', ''),
(33, 'ServiceContracts', 0, -1, 'Service Contracts', NULL, NULL, 0, 0, 1, 0, '2.4', 'Support'),
(34, 'Mobile', 0, -1, 'Mobile', NULL, NULL, 1, 0, 0, 0, '2.0', ''),
(35, 'PBXManager', 0, -1, 'PBXManager', NULL, NULL, 1, 0, 1, 0, '2.2', 'Tools'),
(36, 'Import', 0, -1, 'Import', NULL, NULL, 1, 0, 0, 0, '1.7', ''),
(37, 'WSAPP', 0, -1, 'WSAPP', NULL, NULL, 1, 0, 0, 0, '3.4.4', ''),
(38, 'Webforms', 0, -1, 'Webforms', NULL, NULL, 0, 0, 0, 0, '1.6', ''),
(39, 'SMSNotifier', 0, -1, 'SMSNotifier', NULL, NULL, 0, 0, 1, 0, '1.9', 'Tools'),
(40, 'Google', 0, -1, 'Google', NULL, NULL, 0, 0, 0, 0, '1.5', ''),
(41, 'RecycleBin', 0, -1, 'Recycle Bin', NULL, NULL, 0, 0, 0, 0, '1.5', 'Tools'),
(42, 'ModComments', 0, -1, 'Comments', NULL, NULL, 0, 0, 1, 0, '2.1', 'Tools'),
(43, 'CustomerPortal', 0, -1, 'CustomerPortal', NULL, NULL, 0, 0, 0, 0, '1.4', ''),
(44, 'ProjectMilestone', 0, -1, 'ProjectMilestone', NULL, NULL, 0, 0, 1, 0, '3.0', 'Support'),
(45, 'ProjectTask', 0, -1, 'ProjectTask', NULL, NULL, 0, 0, 1, 0, '3.1', 'Support'),
(46, 'Project', 0, -1, 'Project', NULL, NULL, 0, 0, 1, 0, '3.3', 'Support'),
(47, 'Assets', 0, -1, 'Assets', NULL, NULL, 0, 0, 1, 0, '2.0', 'Inventory'),
(48, 'EmailTemplates', 0, -1, 'Email Templates', NULL, NULL, 1, 0, 0, 0, '1.0', 'Tools'),
(49, 'ExtensionStore', 0, -1, 'Extension Store', NULL, NULL, 1, 0, 0, 0, '1.2', 'Settings');

-- --------------------------------------------------------

--
-- 表的结构 `vtiger_tab_info`
--

CREATE TABLE IF NOT EXISTS `vtiger_tab_info` (
  `tabid` int(19) DEFAULT NULL,
  `prefname` varchar(256) DEFAULT NULL,
  `prefvalue` varchar(256) DEFAULT NULL
) ENGINE=InnoDB DEFAULT CHARSET=utf8;

--
-- 转存表中的数据 `vtiger_tab_info`
--

INSERT INTO `vtiger_tab_info` (`tabid`, `prefname`, `prefvalue`) VALUES
(30, 'vtiger_min_version', '6.0.0rc'),
(30, 'vtiger_max_version', '6.*'),
(31, 'vtiger_min_version', '6.0.0RC'),
(32, 'vtiger_min_version', '6.0.0rc'),
(33, 'vtiger_min_version', '6.0.0rc'),
(34, 'vtiger_min_version', '6.0.0rc'),
(35, 'vtiger_min_version', '6.0.0'),
(35, 'vtiger_max_version', '6.*'),
(36, 'vtiger_min_version', '6.0.0rc'),
(36, 'vtiger_max_version', '6.*'),
(37, 'vtiger_min_version', '6.0.0rc'),
(38, 'vtiger_min_version', '6.0.0rc'),
(38, 'vtiger_max_version', '6.*'),
(39, 'vtiger_min_version', '6.0.0rc'),
(39, 'vtiger_max_version', '6.*'),
(40, 'vtiger_min_version', '6.0.0rc'),
(40, 'vtiger_max_version', '6.*'),
(41, 'vtiger_min_version', '6.0.0rc'),
(41, 'vtiger_max_version', '6.*'),
(42, 'vtiger_min_version', '6.0.0rc'),
(42, 'vtiger_max_version', '6.*'),
(43, 'vtiger_min_version', '6.0.0rc'),
(43, 'vtiger_max_version', '6.*'),
(44, 'vtiger_min_version', '6.0.0rc'),
(44, 'vtiger_max_version', '6.*'),
(45, 'vtiger_min_version', '6.0.0rc'),
(46, 'vtiger_min_version', '6.0.0rc'),
(47, 'vtiger_min_version', '6.0.0rc'),
(47, 'vtiger_max_version', '6.*'),
(48, 'vtiger_min_version', '6.0.0rc'),
(48, 'vtiger_max_version', '6.*'),
(49, 'vtiger_min_version', '6.0.0'),
(49, 'vtiger_max_version', '6.*');

-- --------------------------------------------------------

--
-- 表的结构 `vtiger_taskpriority`
--

CREATE TABLE IF NOT EXISTS `vtiger_taskpriority` (
  `taskpriorityid` int(19) NOT NULL,
  `taskpriority` varchar(200) DEFAULT NULL,
  `presence` int(1) NOT NULL DEFAULT '1',
  `picklist_valueid` int(19) NOT NULL DEFAULT '0',
  `sortorderid` int(11) DEFAULT NULL
) ENGINE=InnoDB AUTO_INCREMENT=4 DEFAULT CHARSET=utf8;

--
-- 转存表中的数据 `vtiger_taskpriority`
--

INSERT INTO `vtiger_taskpriority` (`taskpriorityid`, `taskpriority`, `presence`, `picklist_valueid`, `sortorderid`) VALUES
(1, 'High', 1, 170, 0),
(2, 'Medium', 1, 171, 1),
(3, 'Low', 1, 172, 2);

-- --------------------------------------------------------

--
-- 表的结构 `vtiger_taskpriority_seq`
--

CREATE TABLE IF NOT EXISTS `vtiger_taskpriority_seq` (
  `id` int(11) NOT NULL
) ENGINE=InnoDB DEFAULT CHARSET=utf8;

--
-- 转存表中的数据 `vtiger_taskpriority_seq`
--

INSERT INTO `vtiger_taskpriority_seq` (`id`) VALUES
(3);

-- --------------------------------------------------------

--
-- 表的结构 `vtiger_taskstatus`
--

CREATE TABLE IF NOT EXISTS `vtiger_taskstatus` (
  `taskstatusid` int(19) NOT NULL,
  `taskstatus` varchar(200) DEFAULT NULL,
  `presence` int(1) NOT NULL DEFAULT '1',
  `picklist_valueid` int(19) NOT NULL DEFAULT '0',
  `sortorderid` int(11) DEFAULT NULL
) ENGINE=InnoDB AUTO_INCREMENT=7 DEFAULT CHARSET=utf8;

--
-- 转存表中的数据 `vtiger_taskstatus`
--

INSERT INTO `vtiger_taskstatus` (`taskstatusid`, `taskstatus`, `presence`, `picklist_valueid`, `sortorderid`) VALUES
(1, 'Not Started', 0, 173, 0),
(2, 'In Progress', 0, 174, 1),
(3, 'Completed', 0, 175, 2),
(4, 'Pending Input', 0, 176, 3),
(5, 'Deferred', 0, 177, 4),
(6, 'Planned', 0, 178, 5);

-- --------------------------------------------------------

--
-- 表的结构 `vtiger_taskstatus_seq`
--

CREATE TABLE IF NOT EXISTS `vtiger_taskstatus_seq` (
  `id` int(11) NOT NULL
) ENGINE=InnoDB DEFAULT CHARSET=utf8;

--
-- 转存表中的数据 `vtiger_taskstatus_seq`
--

INSERT INTO `vtiger_taskstatus_seq` (`id`) VALUES
(6);

-- --------------------------------------------------------

--
-- 表的结构 `vtiger_taxclass`
--

CREATE TABLE IF NOT EXISTS `vtiger_taxclass` (
  `taxclassid` int(19) NOT NULL,
  `taxclass` varchar(200) NOT NULL,
  `sortorderid` int(19) NOT NULL DEFAULT '0',
  `presence` int(1) NOT NULL DEFAULT '1'
) ENGINE=InnoDB AUTO_INCREMENT=3 DEFAULT CHARSET=utf8;

--
-- 转存表中的数据 `vtiger_taxclass`
--

INSERT INTO `vtiger_taxclass` (`taxclassid`, `taxclass`, `sortorderid`, `presence`) VALUES
(1, 'SalesTax', 0, 1),
(2, 'Vat', 1, 1);

-- --------------------------------------------------------

--
-- 表的结构 `vtiger_taxclass_seq`
--

CREATE TABLE IF NOT EXISTS `vtiger_taxclass_seq` (
  `id` int(11) NOT NULL
) ENGINE=InnoDB DEFAULT CHARSET=utf8;

--
-- 转存表中的数据 `vtiger_taxclass_seq`
--

INSERT INTO `vtiger_taxclass_seq` (`id`) VALUES
(2);

-- --------------------------------------------------------

--
-- 表的结构 `vtiger_ticketcategories`
--

CREATE TABLE IF NOT EXISTS `vtiger_ticketcategories` (
  `ticketcategories_id` int(19) NOT NULL,
  `ticketcategories` varchar(200) DEFAULT NULL,
  `presence` int(1) NOT NULL DEFAULT '0',
  `picklist_valueid` int(19) NOT NULL DEFAULT '0',
  `sortorderid` int(11) DEFAULT NULL
) ENGINE=InnoDB AUTO_INCREMENT=4 DEFAULT CHARSET=utf8;

--
-- 转存表中的数据 `vtiger_ticketcategories`
--

INSERT INTO `vtiger_ticketcategories` (`ticketcategories_id`, `ticketcategories`, `presence`, `picklist_valueid`, `sortorderid`) VALUES
(1, 'Big Problem', 1, 179, 0),
(2, 'Small Problem', 1, 180, 1),
(3, 'Other Problem', 1, 181, 2);

-- --------------------------------------------------------

--
-- 表的结构 `vtiger_ticketcategories_seq`
--

CREATE TABLE IF NOT EXISTS `vtiger_ticketcategories_seq` (
  `id` int(11) NOT NULL
) ENGINE=InnoDB DEFAULT CHARSET=utf8;

--
-- 转存表中的数据 `vtiger_ticketcategories_seq`
--

INSERT INTO `vtiger_ticketcategories_seq` (`id`) VALUES
(3);

-- --------------------------------------------------------

--
-- 表的结构 `vtiger_ticketcf`
--

CREATE TABLE IF NOT EXISTS `vtiger_ticketcf` (
  `ticketid` int(19) NOT NULL DEFAULT '0',
  `from_portal` varchar(3) DEFAULT NULL
) ENGINE=InnoDB DEFAULT CHARSET=utf8;

-- --------------------------------------------------------

--
-- 表的结构 `vtiger_ticketcomments`
--

CREATE TABLE IF NOT EXISTS `vtiger_ticketcomments` (
  `commentid` int(19) NOT NULL,
  `ticketid` int(19) DEFAULT NULL,
  `comments` text,
  `ownerid` int(19) NOT NULL DEFAULT '0',
  `ownertype` varchar(10) DEFAULT NULL,
  `createdtime` datetime NOT NULL
) ENGINE=InnoDB DEFAULT CHARSET=utf8;

-- --------------------------------------------------------

--
-- 表的结构 `vtiger_ticketpriorities`
--

CREATE TABLE IF NOT EXISTS `vtiger_ticketpriorities` (
  `ticketpriorities_id` int(19) NOT NULL,
  `ticketpriorities` varchar(200) DEFAULT NULL,
  `presence` int(1) NOT NULL DEFAULT '0',
  `picklist_valueid` int(19) NOT NULL DEFAULT '0',
  `sortorderid` int(11) DEFAULT NULL
) ENGINE=InnoDB AUTO_INCREMENT=5 DEFAULT CHARSET=utf8;

--
-- 转存表中的数据 `vtiger_ticketpriorities`
--

INSERT INTO `vtiger_ticketpriorities` (`ticketpriorities_id`, `ticketpriorities`, `presence`, `picklist_valueid`, `sortorderid`) VALUES
(1, 'Low', 1, 182, 0),
(2, 'Normal', 1, 183, 1),
(3, 'High', 1, 184, 2),
(4, 'Urgent', 1, 185, 3);

-- --------------------------------------------------------

--
-- 表的结构 `vtiger_ticketpriorities_seq`
--

CREATE TABLE IF NOT EXISTS `vtiger_ticketpriorities_seq` (
  `id` int(11) NOT NULL
) ENGINE=InnoDB DEFAULT CHARSET=utf8;

--
-- 转存表中的数据 `vtiger_ticketpriorities_seq`
--

INSERT INTO `vtiger_ticketpriorities_seq` (`id`) VALUES
(4);

-- --------------------------------------------------------

--
-- 表的结构 `vtiger_ticketseverities`
--

CREATE TABLE IF NOT EXISTS `vtiger_ticketseverities` (
  `ticketseverities_id` int(19) NOT NULL,
  `ticketseverities` varchar(200) DEFAULT NULL,
  `presence` int(1) NOT NULL DEFAULT '0',
  `picklist_valueid` int(19) NOT NULL DEFAULT '0',
  `sortorderid` int(11) DEFAULT NULL
) ENGINE=InnoDB AUTO_INCREMENT=5 DEFAULT CHARSET=utf8;

--
-- 转存表中的数据 `vtiger_ticketseverities`
--

INSERT INTO `vtiger_ticketseverities` (`ticketseverities_id`, `ticketseverities`, `presence`, `picklist_valueid`, `sortorderid`) VALUES
(1, 'Minor', 1, 186, 0),
(2, 'Major', 1, 187, 1),
(3, 'Feature', 1, 188, 2),
(4, 'Critical', 1, 189, 3);

-- --------------------------------------------------------

--
-- 表的结构 `vtiger_ticketseverities_seq`
--

CREATE TABLE IF NOT EXISTS `vtiger_ticketseverities_seq` (
  `id` int(11) NOT NULL
) ENGINE=InnoDB DEFAULT CHARSET=utf8;

--
-- 转存表中的数据 `vtiger_ticketseverities_seq`
--

INSERT INTO `vtiger_ticketseverities_seq` (`id`) VALUES
(4);

-- --------------------------------------------------------

--
-- 表的结构 `vtiger_ticketstatus`
--

CREATE TABLE IF NOT EXISTS `vtiger_ticketstatus` (
  `ticketstatus_id` int(19) NOT NULL,
  `ticketstatus` varchar(200) DEFAULT NULL,
  `presence` int(1) NOT NULL DEFAULT '0',
  `picklist_valueid` int(19) NOT NULL DEFAULT '0',
  `sortorderid` int(11) DEFAULT NULL
) ENGINE=InnoDB AUTO_INCREMENT=5 DEFAULT CHARSET=utf8;

--
-- 转存表中的数据 `vtiger_ticketstatus`
--

INSERT INTO `vtiger_ticketstatus` (`ticketstatus_id`, `ticketstatus`, `presence`, `picklist_valueid`, `sortorderid`) VALUES
(1, 'Open', 0, 190, 0),
(2, 'In Progress', 0, 191, 1),
(3, 'Wait For Response', 0, 192, 2),
(4, 'Closed', 0, 193, 3);

-- --------------------------------------------------------

--
-- 表的结构 `vtiger_ticketstatus_seq`
--

CREATE TABLE IF NOT EXISTS `vtiger_ticketstatus_seq` (
  `id` int(11) NOT NULL
) ENGINE=InnoDB DEFAULT CHARSET=utf8;

--
-- 转存表中的数据 `vtiger_ticketstatus_seq`
--

INSERT INTO `vtiger_ticketstatus_seq` (`id`) VALUES
(4);

-- --------------------------------------------------------

--
-- 表的结构 `vtiger_time_zone`
--

CREATE TABLE IF NOT EXISTS `vtiger_time_zone` (
  `time_zoneid` int(19) NOT NULL,
  `time_zone` varchar(200) NOT NULL,
  `sortorderid` int(19) NOT NULL DEFAULT '0',
  `presence` int(1) NOT NULL DEFAULT '1'
) ENGINE=InnoDB AUTO_INCREMENT=98 DEFAULT CHARSET=utf8;

--
-- 转存表中的数据 `vtiger_time_zone`
--

INSERT INTO `vtiger_time_zone` (`time_zoneid`, `time_zone`, `sortorderid`, `presence`) VALUES
(1, 'Pacific/Midway', 0, 1),
(2, 'Pacific/Samoa', 1, 1),
(3, 'Pacific/Honolulu', 2, 1),
(4, 'America/Anchorage', 3, 1),
(5, 'America/Los_Angeles', 4, 1),
(6, 'America/Tijuana', 5, 1),
(7, 'America/Denver', 6, 1),
(8, 'America/Chihuahua', 7, 1),
(9, 'America/Mazatlan', 8, 1),
(10, 'America/Phoenix', 9, 1),
(11, 'America/Regina', 10, 1),
(12, 'America/Tegucigalpa', 11, 1),
(13, 'America/Chicago', 12, 1),
(14, 'America/Mexico_City', 13, 1),
(15, 'America/Monterrey', 14, 1),
(16, 'America/New_York', 15, 1),
(17, 'America/Bogota', 16, 1),
(18, 'America/Lima', 17, 1),
(19, 'America/Rio_Branco', 18, 1),
(20, 'America/Indiana/Indianapolis', 19, 1),
(21, 'America/Caracas', 20, 1),
(22, 'America/Halifax', 21, 1),
(23, 'America/Manaus', 22, 1),
(24, 'America/Santiago', 23, 1),
(25, 'America/La_Paz', 24, 1),
(26, 'America/Cuiaba', 25, 1),
(27, 'America/Asuncion', 26, 1),
(28, 'America/St_Johns', 27, 1),
(29, 'America/Argentina/Buenos_Aires', 28, 1),
(30, 'America/Sao_Paulo', 29, 1),
(31, 'America/Godthab', 30, 1),
(32, 'America/Montevideo', 31, 1),
(33, 'Atlantic/South_Georgia', 32, 1),
(34, 'Atlantic/Azores', 33, 1),
(35, 'Atlantic/Cape_Verde', 34, 1),
(36, 'Europe/London', 35, 1),
(37, 'UTC', 36, 1),
(38, 'Africa/Monrovia', 37, 1),
(39, 'Africa/Casablanca', 38, 1),
(40, 'Europe/Belgrade', 39, 1),
(41, 'Europe/Sarajevo', 40, 1),
(42, 'Europe/Brussels', 41, 1),
(43, 'Africa/Algiers', 42, 1),
(44, 'Europe/Amsterdam', 43, 1),
(45, 'Europe/Minsk', 44, 1),
(46, 'Africa/Cairo', 45, 1),
(47, 'Europe/Helsinki', 46, 1),
(48, 'Europe/Athens', 47, 1),
(49, 'Europe/Istanbul', 48, 1),
(50, 'Asia/Jerusalem', 49, 1),
(51, 'Asia/Amman', 50, 1),
(52, 'Asia/Beirut', 51, 1),
(53, 'Africa/Windhoek', 52, 1),
(54, 'Africa/Harare', 53, 1),
(55, 'Asia/Kuwait', 54, 1),
(56, 'Asia/Baghdad', 55, 1),
(57, 'Africa/Nairobi', 56, 1),
(58, 'Asia/Tehran', 57, 1),
(59, 'Asia/Tbilisi', 58, 1),
(60, 'Europe/Moscow', 59, 1),
(61, 'Asia/Muscat', 60, 1),
(62, 'Asia/Baku', 61, 1),
(63, 'Asia/Yerevan', 62, 1),
(64, 'Asia/Karachi', 63, 1),
(65, 'Asia/Tashkent', 64, 1),
(66, 'Asia/Kolkata', 65, 1),
(67, 'Asia/Colombo', 66, 1),
(68, 'Asia/Katmandu', 67, 1),
(69, 'Asia/Dhaka', 68, 1),
(70, 'Asia/Almaty', 69, 1),
(71, 'Asia/Yekaterinburg', 70, 1),
(72, 'Asia/Rangoon', 71, 1),
(73, 'Asia/Novosibirsk', 72, 1),
(74, 'Asia/Bangkok', 73, 1),
(75, 'Asia/Brunei', 74, 1),
(76, 'Asia/Krasnoyarsk', 75, 1),
(77, 'Asia/Ulaanbaatar', 76, 1),
(78, 'Asia/Kuala_Lumpur', 77, 1),
(79, 'Asia/Taipei', 78, 1),
(80, 'Australia/Perth', 79, 1),
(81, 'Asia/Irkutsk', 80, 1),
(82, 'Asia/Seoul', 81, 1),
(83, 'Asia/Tokyo', 82, 1),
(84, 'Australia/Darwin', 83, 1),
(85, 'Australia/Adelaide', 84, 1),
(86, 'Australia/Canberra', 85, 1),
(87, 'Australia/Brisbane', 86, 1),
(88, 'Australia/Hobart', 87, 1),
(89, 'Asia/Vladivostok', 88, 1),
(90, 'Pacific/Guam', 89, 1),
(91, 'Asia/Yakutsk', 90, 1),
(92, 'Pacific/Fiji', 92, 1),
(93, 'Asia/Kamchatka', 93, 1),
(94, 'Pacific/Auckland', 94, 1),
(95, 'Asia/Magadan', 95, 1),
(96, 'Pacific/Tongatapu', 96, 1),
(97, 'Etc/GMT-11', 91, 1);

-- --------------------------------------------------------

--
-- 表的结构 `vtiger_time_zone_seq`
--

CREATE TABLE IF NOT EXISTS `vtiger_time_zone_seq` (
  `id` int(11) NOT NULL
) ENGINE=InnoDB DEFAULT CHARSET=utf8;

--
-- 转存表中的数据 `vtiger_time_zone_seq`
--

INSERT INTO `vtiger_time_zone_seq` (`id`) VALUES
(96);

-- --------------------------------------------------------

--
-- 表的结构 `vtiger_tmp_read_group_rel_sharing_per`
--

CREATE TABLE IF NOT EXISTS `vtiger_tmp_read_group_rel_sharing_per` (
  `userid` int(11) NOT NULL,
  `tabid` int(11) NOT NULL,
  `relatedtabid` int(11) NOT NULL,
  `sharedgroupid` int(11) NOT NULL
) ENGINE=InnoDB DEFAULT CHARSET=utf8;

--
-- 转存表中的数据 `vtiger_tmp_read_group_rel_sharing_per`
--

INSERT INTO `vtiger_tmp_read_group_rel_sharing_per` (`userid`, `tabid`, `relatedtabid`, `sharedgroupid`) VALUES
(8, 20, 22, 10),
(8, 22, 23, 10),
(9, 20, 22, 10),
(9, 22, 23, 10),
(11, 20, 22, 14),
(11, 22, 23, 14),
(12, 20, 22, 14),
(12, 22, 23, 14),
(13, 20, 22, 14),
(13, 22, 23, 14);

-- --------------------------------------------------------

--
-- 表的结构 `vtiger_tmp_read_group_sharing_per`
--

CREATE TABLE IF NOT EXISTS `vtiger_tmp_read_group_sharing_per` (
  `userid` int(11) NOT NULL,
  `tabid` int(11) NOT NULL,
  `sharedgroupid` int(11) NOT NULL
) ENGINE=InnoDB DEFAULT CHARSET=utf8;

--
-- 转存表中的数据 `vtiger_tmp_read_group_sharing_per`
--

INSERT INTO `vtiger_tmp_read_group_sharing_per` (`userid`, `tabid`, `sharedgroupid`) VALUES
(7, 7, 2),
(7, 7, 10),
(7, 7, 14),
(8, 7, 2),
(8, 7, 10),
(8, 20, 10),
(8, 21, 10),
(8, 22, 10),
(8, 7, 14),
(9, 7, 2),
(9, 7, 10),
(9, 20, 10),
(9, 21, 10),
(9, 22, 10),
(9, 7, 14),
(11, 7, 2),
(11, 7, 10),
(11, 7, 14),
(11, 20, 14),
(11, 21, 14),
(11, 22, 14),
(12, 7, 2),
(12, 7, 10),
(12, 7, 14),
(12, 20, 14),
(12, 21, 14),
(12, 22, 14),
(13, 7, 2),
(13, 7, 10),
(13, 7, 14),
(13, 20, 14),
(13, 21, 14),
(13, 22, 14),
(16, 7, 2),
(16, 7, 10),
(16, 7, 14),
(17, 7, 2),
(17, 7, 10),
(17, 7, 14),
(18, 7, 2),
(18, 7, 10),
(18, 7, 14);

-- --------------------------------------------------------

--
-- 表的结构 `vtiger_tmp_read_user_rel_sharing_per`
--

CREATE TABLE IF NOT EXISTS `vtiger_tmp_read_user_rel_sharing_per` (
  `userid` int(11) NOT NULL,
  `tabid` int(11) NOT NULL,
  `relatedtabid` int(11) NOT NULL,
  `shareduserid` int(11) NOT NULL
) ENGINE=InnoDB DEFAULT CHARSET=utf8;

--
-- 转存表中的数据 `vtiger_tmp_read_user_rel_sharing_per`
--

INSERT INTO `vtiger_tmp_read_user_rel_sharing_per` (`userid`, `tabid`, `relatedtabid`, `shareduserid`) VALUES
(8, 20, 22, 8),
(8, 22, 23, 8),
(8, 20, 22, 9),
(8, 22, 23, 9),
(9, 2, 20, 7),
(9, 2, 22, 7),
(9, 6, 2, 8),
(9, 6, 13, 8),
(9, 2, 20, 8),
(9, 6, 20, 8),
(9, 2, 22, 8),
(9, 6, 22, 8),
(9, 20, 22, 8),
(9, 6, 23, 8),
(9, 22, 23, 8),
(9, 20, 22, 9),
(9, 22, 23, 9),
(11, 20, 22, 11),
(11, 22, 23, 11),
(11, 20, 22, 12),
(11, 22, 23, 12),
(11, 20, 22, 13),
(11, 22, 23, 13),
(12, 20, 22, 11),
(12, 22, 23, 11),
(12, 20, 22, 12),
(12, 22, 23, 12),
(12, 20, 22, 13),
(12, 22, 23, 13),
(13, 20, 22, 11),
(13, 22, 23, 11),
(13, 20, 22, 12),
(13, 22, 23, 12),
(13, 20, 22, 13),
(13, 22, 23, 13);

-- --------------------------------------------------------

--
-- 表的结构 `vtiger_tmp_read_user_sharing_per`
--

CREATE TABLE IF NOT EXISTS `vtiger_tmp_read_user_sharing_per` (
  `userid` int(11) NOT NULL,
  `tabid` int(11) NOT NULL,
  `shareduserid` int(11) NOT NULL
) ENGINE=InnoDB DEFAULT CHARSET=utf8;

--
-- 转存表中的数据 `vtiger_tmp_read_user_sharing_per`
--

INSERT INTO `vtiger_tmp_read_user_sharing_per` (`userid`, `tabid`, `shareduserid`) VALUES
(7, 7, 8),
(7, 7, 9),
(7, 7, 11),
(7, 7, 12),
(7, 7, 13),
(8, 7, 8),
(8, 20, 8),
(8, 21, 8),
(8, 22, 8),
(8, 7, 9),
(8, 20, 9),
(8, 21, 9),
(8, 22, 9),
(8, 7, 11),
(8, 7, 12),
(8, 7, 13),
(9, 2, 7),
(9, 2, 8),
(9, 4, 8),
(9, 6, 8),
(9, 7, 8),
(9, 20, 8),
(9, 21, 8),
(9, 22, 8),
(9, 7, 9),
(9, 20, 9),
(9, 21, 9),
(9, 22, 9),
(9, 7, 11),
(9, 7, 12),
(9, 7, 13),
(11, 7, 8),
(11, 7, 9),
(11, 7, 11),
(11, 20, 11),
(11, 21, 11),
(11, 22, 11),
(11, 7, 12),
(11, 20, 12),
(11, 21, 12),
(11, 22, 12),
(11, 7, 13),
(11, 20, 13),
(11, 21, 13),
(11, 22, 13),
(12, 7, 8),
(12, 7, 9),
(12, 7, 11),
(12, 20, 11),
(12, 21, 11),
(12, 22, 11),
(12, 7, 12),
(12, 20, 12),
(12, 21, 12),
(12, 22, 12),
(12, 7, 13),
(12, 20, 13),
(12, 21, 13),
(12, 22, 13),
(13, 7, 8),
(13, 7, 9),
(13, 7, 11),
(13, 20, 11),
(13, 21, 11),
(13, 22, 11),
(13, 7, 12),
(13, 20, 12),
(13, 21, 12),
(13, 22, 12),
(13, 7, 13),
(13, 20, 13),
(13, 21, 13),
(13, 22, 13),
(16, 7, 8),
(16, 7, 9),
(16, 7, 11),
(16, 7, 12),
(16, 7, 13),
(17, 7, 8),
(17, 7, 9),
(17, 7, 11),
(17, 7, 12),
(17, 7, 13),
(18, 7, 8),
(18, 7, 9),
(18, 7, 11),
(18, 7, 12),
(18, 7, 13);

-- --------------------------------------------------------

--
-- 表的结构 `vtiger_tmp_write_group_rel_sharing_per`
--

CREATE TABLE IF NOT EXISTS `vtiger_tmp_write_group_rel_sharing_per` (
  `userid` int(11) NOT NULL,
  `tabid` int(11) NOT NULL,
  `relatedtabid` int(11) NOT NULL,
  `sharedgroupid` int(11) NOT NULL
) ENGINE=InnoDB DEFAULT CHARSET=utf8;

-- --------------------------------------------------------

--
-- 表的结构 `vtiger_tmp_write_group_sharing_per`
--

CREATE TABLE IF NOT EXISTS `vtiger_tmp_write_group_sharing_per` (
  `userid` int(11) NOT NULL,
  `tabid` int(11) NOT NULL,
  `sharedgroupid` int(11) NOT NULL
) ENGINE=InnoDB DEFAULT CHARSET=utf8;

-- --------------------------------------------------------

--
-- 表的结构 `vtiger_tmp_write_user_rel_sharing_per`
--

CREATE TABLE IF NOT EXISTS `vtiger_tmp_write_user_rel_sharing_per` (
  `userid` int(11) NOT NULL,
  `tabid` int(11) NOT NULL,
  `relatedtabid` int(11) NOT NULL,
  `shareduserid` int(11) NOT NULL
) ENGINE=InnoDB DEFAULT CHARSET=utf8;

-- --------------------------------------------------------

--
-- 表的结构 `vtiger_tmp_write_user_sharing_per`
--

CREATE TABLE IF NOT EXISTS `vtiger_tmp_write_user_sharing_per` (
  `userid` int(11) NOT NULL,
  `tabid` int(11) NOT NULL,
  `shareduserid` int(11) NOT NULL
) ENGINE=InnoDB DEFAULT CHARSET=utf8;

-- --------------------------------------------------------

--
-- 表的结构 `vtiger_tracker`
--

CREATE TABLE IF NOT EXISTS `vtiger_tracker` (
  `id` int(11) NOT NULL,
  `user_id` varchar(36) DEFAULT NULL,
  `module_name` varchar(25) DEFAULT NULL,
  `item_id` varchar(36) DEFAULT NULL,
  `item_summary` varchar(255) DEFAULT NULL
) ENGINE=InnoDB DEFAULT CHARSET=utf8;

-- --------------------------------------------------------

--
-- 表的结构 `vtiger_tracking_unit`
--

CREATE TABLE IF NOT EXISTS `vtiger_tracking_unit` (
  `tracking_unitid` int(11) NOT NULL,
  `tracking_unit` varchar(200) NOT NULL,
  `presence` int(1) NOT NULL DEFAULT '1',
  `picklist_valueid` int(11) NOT NULL DEFAULT '0',
  `sortorderid` int(11) DEFAULT '0'
) ENGINE=InnoDB AUTO_INCREMENT=5 DEFAULT CHARSET=utf8;

--
-- 转存表中的数据 `vtiger_tracking_unit`
--

INSERT INTO `vtiger_tracking_unit` (`tracking_unitid`, `tracking_unit`, `presence`, `picklist_valueid`, `sortorderid`) VALUES
(2, 'Hours', 1, 220, 2),
(3, 'Days', 1, 221, 3),
(4, 'Incidents', 1, 222, 4);

-- --------------------------------------------------------

--
-- 表的结构 `vtiger_tracking_unit_seq`
--

CREATE TABLE IF NOT EXISTS `vtiger_tracking_unit_seq` (
  `id` int(11) NOT NULL
) ENGINE=InnoDB DEFAULT CHARSET=utf8;

--
-- 转存表中的数据 `vtiger_tracking_unit_seq`
--

INSERT INTO `vtiger_tracking_unit_seq` (`id`) VALUES
(4);

-- --------------------------------------------------------

--
-- 表的结构 `vtiger_troubletickets`
--

CREATE TABLE IF NOT EXISTS `vtiger_troubletickets` (
  `ticketid` int(19) NOT NULL,
  `ticket_no` varchar(100) NOT NULL,
  `groupname` varchar(100) DEFAULT NULL,
  `parent_id` varchar(100) DEFAULT NULL,
  `product_id` varchar(100) DEFAULT NULL,
  `priority` varchar(200) DEFAULT NULL,
  `severity` varchar(200) DEFAULT NULL,
  `status` varchar(200) DEFAULT NULL,
  `category` varchar(200) DEFAULT NULL,
  `title` varchar(255) NOT NULL,
  `solution` text,
  `update_log` text,
  `version_id` int(11) DEFAULT NULL,
  `hours` decimal(25,8) DEFAULT NULL,
  `days` decimal(25,8) DEFAULT NULL,
  `contact_id` int(19) DEFAULT NULL
) ENGINE=InnoDB DEFAULT CHARSET=utf8;

-- --------------------------------------------------------

--
-- 表的结构 `vtiger_usageunit`
--

CREATE TABLE IF NOT EXISTS `vtiger_usageunit` (
  `usageunitid` int(19) NOT NULL,
  `usageunit` varchar(200) NOT NULL,
  `presence` int(1) NOT NULL DEFAULT '1',
  `picklist_valueid` int(19) NOT NULL DEFAULT '0',
  `sortorderid` int(11) DEFAULT NULL
) ENGINE=InnoDB AUTO_INCREMENT=17 DEFAULT CHARSET=utf8;

--
-- 转存表中的数据 `vtiger_usageunit`
--

INSERT INTO `vtiger_usageunit` (`usageunitid`, `usageunit`, `presence`, `picklist_valueid`, `sortorderid`) VALUES
(1, 'Box', 1, 194, 0),
(2, 'Carton', 1, 195, 1),
(3, 'Dozen', 1, 196, 2),
(4, 'Each', 1, 197, 3),
(5, 'Hours', 1, 198, 4),
(6, 'Impressions', 1, 199, 5),
(7, 'Lb', 1, 200, 6),
(8, 'M', 1, 201, 7),
(9, 'Pack', 1, 202, 8),
(10, 'Pages', 1, 203, 9),
(11, 'Pieces', 1, 204, 10),
(12, 'Quantity', 1, 205, 11),
(13, 'Reams', 1, 206, 12),
(14, 'Sheet', 1, 207, 13),
(15, 'Spiral Binder', 1, 208, 14),
(16, 'Sq Ft', 1, 209, 15);

-- --------------------------------------------------------

--
-- 表的结构 `vtiger_usageunit_seq`
--

CREATE TABLE IF NOT EXISTS `vtiger_usageunit_seq` (
  `id` int(11) NOT NULL
) ENGINE=InnoDB DEFAULT CHARSET=utf8;

--
-- 转存表中的数据 `vtiger_usageunit_seq`
--

INSERT INTO `vtiger_usageunit_seq` (`id`) VALUES
(16);

-- --------------------------------------------------------

--
-- 表的结构 `vtiger_user2mergefields`
--

CREATE TABLE IF NOT EXISTS `vtiger_user2mergefields` (
  `userid` int(11) DEFAULT NULL,
  `tabid` int(19) DEFAULT NULL,
  `fieldid` int(19) DEFAULT NULL,
  `visible` int(2) DEFAULT NULL
) ENGINE=InnoDB DEFAULT CHARSET=utf8;

-- --------------------------------------------------------

--
-- 表的结构 `vtiger_user2role`
--

CREATE TABLE IF NOT EXISTS `vtiger_user2role` (
  `userid` int(11) NOT NULL,
  `roleid` varchar(255) NOT NULL
) ENGINE=InnoDB DEFAULT CHARSET=utf8;

--
-- 转存表中的数据 `vtiger_user2role`
--

INSERT INTO `vtiger_user2role` (`userid`, `roleid`) VALUES
(11, 'H10'),
(17, 'H12'),
(18, 'H13'),
(1, 'H2'),
(5, 'H2'),
(6, 'H2'),
(15, 'H2'),
(19, 'H2'),
(9, 'H3'),
(8, 'H4'),
(13, 'H6'),
(12, 'H7'),
(7, 'H8'),
(16, 'H9');

-- --------------------------------------------------------

--
-- 表的结构 `vtiger_users`
--

CREATE TABLE IF NOT EXISTS `vtiger_users` (
  `id` int(11) NOT NULL,
  `user_name` varchar(255) DEFAULT NULL,
  `user_password` varchar(200) DEFAULT NULL,
  `user_hash` varchar(32) DEFAULT NULL,
  `cal_color` varchar(25) DEFAULT '#E6FAD8',
  `first_name` varchar(30) DEFAULT NULL,
  `last_name` varchar(30) DEFAULT NULL,
  `reports_to_id` varchar(36) DEFAULT NULL,
  `is_admin` varchar(3) DEFAULT '0',
  `currency_id` int(19) NOT NULL DEFAULT '1',
  `description` text,
  `date_entered` timestamp NOT NULL DEFAULT CURRENT_TIMESTAMP ON UPDATE CURRENT_TIMESTAMP,
  `date_modified` timestamp NOT NULL DEFAULT '0000-00-00 00:00:00',
  `modified_user_id` varchar(36) DEFAULT NULL,
  `title` varchar(50) DEFAULT NULL,
  `department` varchar(50) DEFAULT NULL,
  `phone_home` varchar(50) DEFAULT NULL,
  `phone_mobile` varchar(50) DEFAULT NULL,
  `phone_work` varchar(50) DEFAULT NULL,
  `phone_other` varchar(50) DEFAULT NULL,
  `phone_fax` varchar(50) DEFAULT NULL,
  `email1` varchar(100) DEFAULT NULL,
  `email2` varchar(100) DEFAULT NULL,
  `secondaryemail` varchar(100) DEFAULT NULL,
  `status` varchar(25) DEFAULT NULL,
  `signature` text,
  `address_street` varchar(150) DEFAULT NULL,
  `address_city` varchar(100) DEFAULT NULL,
  `address_state` varchar(100) DEFAULT NULL,
  `address_country` varchar(25) DEFAULT NULL,
  `address_postalcode` varchar(9) DEFAULT NULL,
  `user_preferences` text,
  `tz` varchar(30) DEFAULT NULL,
  `holidays` varchar(60) DEFAULT NULL,
  `namedays` varchar(60) DEFAULT NULL,
  `workdays` varchar(30) DEFAULT NULL,
  `weekstart` int(11) DEFAULT NULL,
  `date_format` varchar(200) DEFAULT NULL,
  `hour_format` varchar(30) DEFAULT 'am/pm',
  `start_hour` varchar(30) DEFAULT '10:00',
  `end_hour` varchar(30) DEFAULT '23:00',
  `activity_view` varchar(200) DEFAULT 'Today',
  `lead_view` varchar(200) DEFAULT 'Today',
  `imagename` varchar(250) DEFAULT NULL,
  `deleted` int(1) NOT NULL DEFAULT '0',
  `confirm_password` varchar(300) DEFAULT NULL,
  `internal_mailer` varchar(3) NOT NULL DEFAULT '1',
  `reminder_interval` varchar(100) DEFAULT NULL,
  `reminder_next_time` varchar(100) DEFAULT NULL,
  `crypt_type` varchar(20) NOT NULL DEFAULT 'MD5',
  `accesskey` varchar(36) DEFAULT NULL,
  `theme` varchar(100) DEFAULT NULL,
  `language` varchar(36) DEFAULT NULL,
  `time_zone` varchar(200) DEFAULT NULL,
  `currency_grouping_pattern` varchar(100) DEFAULT NULL,
  `currency_decimal_separator` varchar(2) DEFAULT NULL,
  `currency_grouping_separator` varchar(2) DEFAULT NULL,
  `currency_symbol_placement` varchar(20) DEFAULT NULL,
  `phone_crm_extension` varchar(100) DEFAULT NULL,
  `no_of_currency_decimals` varchar(2) DEFAULT NULL,
  `truncate_trailing_zeros` varchar(3) DEFAULT NULL,
  `dayoftheweek` varchar(100) DEFAULT NULL,
  `callduration` varchar(100) DEFAULT NULL,
  `othereventduration` varchar(100) DEFAULT NULL,
  `calendarsharedtype` varchar(100) DEFAULT NULL,
  `default_record_view` varchar(10) DEFAULT NULL,
  `leftpanelhide` varchar(3) DEFAULT NULL,
  `rowheight` varchar(10) DEFAULT NULL,
  `defaulteventstatus` varchar(50) DEFAULT NULL,
  `defaultactivitytype` varchar(50) DEFAULT NULL,
  `hidecompletedevents` int(11) DEFAULT NULL,
  `is_owner` varchar(5) DEFAULT NULL
) ENGINE=InnoDB AUTO_INCREMENT=20 DEFAULT CHARSET=utf8;

--
-- 转存表中的数据 `vtiger_users`
--

INSERT INTO `vtiger_users` (`id`, `user_name`, `user_password`, `user_hash`, `cal_color`, `first_name`, `last_name`, `reports_to_id`, `is_admin`, `currency_id`, `description`, `date_entered`, `date_modified`, `modified_user_id`, `title`, `department`, `phone_home`, `phone_mobile`, `phone_work`, `phone_other`, `phone_fax`, `email1`, `email2`, `secondaryemail`, `status`, `signature`, `address_street`, `address_city`, `address_state`, `address_country`, `address_postalcode`, `user_preferences`, `tz`, `holidays`, `namedays`, `workdays`, `weekstart`, `date_format`, `hour_format`, `start_hour`, `end_hour`, `activity_view`, `lead_view`, `imagename`, `deleted`, `confirm_password`, `internal_mailer`, `reminder_interval`, `reminder_next_time`, `crypt_type`, `accesskey`, `theme`, `language`, `time_zone`, `currency_grouping_pattern`, `currency_decimal_separator`, `currency_grouping_separator`, `currency_symbol_placement`, `phone_crm_extension`, `no_of_currency_decimals`, `truncate_trailing_zeros`, `dayoftheweek`, `callduration`, `othereventduration`, `calendarsharedtype`, `default_record_view`, `leftpanelhide`, `rowheight`, `defaulteventstatus`, `defaultactivitytype`, `hidecompletedevents`, `is_owner`) VALUES
(1, 'admin', '$1$ad000000$1jvzdRkAmg5wadxlW4FaM/', 'd41d8cd98f00b204e9800998ecf8427e', '#E6FAD8', 'Kin Sang', 'Wong', '', 'on', 2, '', '2016-08-16 14:45:21', '0000-00-00 00:00:00', NULL, '', '', '', '', '', '', '', 'inventorsang@gmail.com', '', '', 'Active', '', '', '', '', '', '', NULL, NULL, NULL, NULL, NULL, NULL, 'yyyy-mm-dd', '12', '00:00', '23:00', 'This Week', 'Today', '', 0, '$1$ad000000$nYTnfhTZRmUP.wQT9y1AE.', '1', '1 Minute', NULL, 'PHP5.3MD5', 'GWh9Mm6JMHMZ7nBq', 'orchid', 'zh_tw', 'Asia/Brunei', '123,456,789', '.', ',', '$1.0', '', '2', '1', 'Sunday', '5', '5', 'public', 'Summary', '0', 'medium', '請選擇', '請選擇', 0, '1'),
(5, 'Kenny', '$1$Ke000000$1cQ2DB5C1uAqJWZ6wXepw/', '989f4d0683b9de9fdadab0f35e8b8aee', '#E6FAD8', 'Kenny', 'Lo', '', 'on', 2, '', '2016-08-22 12:31:56', '0000-00-00 00:00:00', NULL, '', '', '', '', '', '', '', 'lokong@me.com', '', '', 'Active', '', '', '', '', '', '', NULL, NULL, NULL, NULL, NULL, NULL, 'dd-mm-yyyy', '12', '00:00', '', 'Today', 'Today', '', 0, '$1$Ke000000$1cQ2DB5C1uAqJWZ6wXepw/', '0', '', NULL, 'PHP5.3MD5', 'vOnmTXcktgYnq8GV', 'orchid', 'zh_tw', 'Pacific/Midway', '123,456,789', '.', ',', '$1.0', '', '2', '0', 'Monday', '5', '5', 'public', 'Summary', '1', 'wide', '請選擇', '請選擇', 0, '1'),
(6, 'Ruth', '$1$Ru000000$7mDKDqARK.vmeKoEHZweF.', '989f4d0683b9de9fdadab0f35e8b8aee', '#E6FAD8', 'Ruth', 'Siu', '', 'on', 2, '', '2016-08-23 02:23:21', '0000-00-00 00:00:00', NULL, '', '', '', '', '', '', '', 'ruthsiu@shinybesthk.com', '', '', 'Active', '', '', '', '', '', '', NULL, NULL, NULL, NULL, NULL, NULL, 'dd-mm-yyyy', '12', '00:00', '', 'Today', 'Today', '', 0, '$1$Ru000000$7mDKDqARK.vmeKoEHZweF.', '0', '', NULL, 'PHP5.3MD5', '5wX37QCPORB78lt', 'twilight', 'zh_tw', 'Asia/Brunei', '123,456,789', '.', ',', '$1.0', '', '2', '0', 'Monday', '5', '5', 'public', 'Summary', '0', 'medium', '請選擇', '請選擇', 0, '1'),
(7, 'Sampras Wong', '$1$Sa000000$uVGXqWYBNQMNCM3oFMSKC/', '13eee2c1d2db28d6654c2f4fa47d3c7d', '#E6FAD8', 'Sampras', '黃嘉健', '', 'off', 2, '', '2016-08-30 01:47:19', '0000-00-00 00:00:00', NULL, '', '', '', '', '', '', '', 'sampraswong@shinybesthk.com', '', '', 'Active', '', '', '', '', '', '', NULL, NULL, NULL, NULL, NULL, NULL, 'dd-mm-yyyy', '12', '00:00', '', 'Today', 'Today', '', 0, '$1$Sa000000$uVGXqWYBNQMNCM3oFMSKC/', '0', '', NULL, 'PHP5.3MD5', '6lemao5najPwZELU', 'softed', 'en_us', 'Asia/Brunei', '123,456,789', '.', ',', '$1.0', '', '0', '0', 'Monday', '5', '5', 'public', 'Summary', '1', 'medium', 'Select an Option', 'Select an Option', 0, '0'),
(8, 'chrislee', '$1$ch000000$6CrYHAYY769i3//WTjVSA/', '13eee2c1d2db28d6654c2f4fa47d3c7d', '#E6FAD8', 'Chris', '李飛龍', '', 'off', 2, '', '2016-08-23 02:25:19', '0000-00-00 00:00:00', NULL, '', '', '', '', '', '', '', 'chrislee@shinybesthk.com', '', '', 'Active', '', '', '', '', '', '', NULL, NULL, NULL, NULL, NULL, NULL, 'dd-mm-yyyy', '12', '00:00', '', 'Today', 'Today', '', 0, '$1$ch000000$6CrYHAYY769i3//WTjVSA/', '0', '', NULL, 'PHP5.3MD5', 'CwhS2K8IHL1FyMGi', 'softed', 'en_us', 'Pacific/Midway', '123,456,789', '.', ',', '$1.0', '', '0', '0', 'Monday', '5', '5', 'public', 'Summary', '0', 'medium', 'Select an Option', 'Select an Option', 0, '0'),
(9, 'Lewiskwok', '$1$Le000000$mEtbZ8vieyQK7MT/26uju/', '13eee2c1d2db28d6654c2f4fa47d3c7d', '#E6FAD8', 'Lewis', '郭志忠', '', 'off', 2, '', '2016-08-08 08:08:45', '0000-00-00 00:00:00', NULL, '', '', '', '', '', '', '', 'lewis@shinybesthk.com', '', '', 'Active', '', '', '', '', '', '', NULL, NULL, NULL, NULL, NULL, NULL, 'dd-mm-yyyy', '12', '00:00', '', 'Today', 'Today', '', 0, '$1$Le000000$mEtbZ8vieyQK7MT/26uju/', '0', '', NULL, 'PHP5.3MD5', 'XXmVe13NbqRZQmMM', 'softed', 'en_us', 'Asia/Brunei', '123,456,789', '.', '.', '$1.0', '', '2', '0', 'Monday', '5', '5', 'public', 'Summary', '0', 'medium', '請選擇', '請選擇', 0, '0'),
(11, 'Dicklee', '$1$Di000000$3Oeh7/s15JpO6FI4HzxA1.', '13eee2c1d2db28d6654c2f4fa47d3c7d', '#E6FAD8', 'Dick', '李匯東', '', 'off', 2, '', '2016-09-02 04:48:43', '0000-00-00 00:00:00', NULL, '', '', '', '', '', '', '', 'dicklee@shinybesthk.com', '', '', 'Inactive', '', '', '', '', '', '', NULL, NULL, NULL, NULL, NULL, NULL, 'dd-mm-yyyy', '12', '00:00', '', 'Today', 'Today', '', 1, '$1$Di000000$3Oeh7/s15JpO6FI4HzxA1.', '0', '', NULL, 'PHP5.3MD5', 'a76u96fio7tYFDpX', 'softed', 'en_us', 'Pacific/Midway', '123,456,789', '.', '.', '$1.0', '', '2', '0', 'Monday', '5', '5', 'public', 'Summary', '0', 'medium', '請選擇', '請選擇', 0, '0'),
(12, 'Askalo', '$1$As000000$hohaD/xo9MXgBL6mdFfgO.', '13eee2c1d2db28d6654c2f4fa47d3c7d', '#E6FAD8', 'Aska', '勞雄飛', '', 'off', 2, '', '2016-09-02 04:49:10', '0000-00-00 00:00:00', NULL, '', '', '', '', '', '', '', 'askalo@shinybesthk.com', '', '', 'Inactive', '', '', '', '', '', '', NULL, NULL, NULL, NULL, NULL, NULL, 'dd-mm-yyyy', '12', '00:00', '', 'Today', 'Today', '', 1, '$1$As000000$hohaD/xo9MXgBL6mdFfgO.', '0', '', NULL, 'PHP5.3MD5', 'BGLpF3V0pFfZVfYa', 'softed', 'en_us', 'Pacific/Midway', '123,456,789', '.', '.', '$1.0', '', '2', '0', 'Monday', '5', '5', 'public', 'Summary', '0', 'medium', '請選擇', '請選擇', 0, '0'),
(13, 'Ericchu', '$1$Er000000$sjhlMnzePknxWsbgGO2FV0', '13eee2c1d2db28d6654c2f4fa47d3c7d', '#E6FAD8', 'Eric', '朱明偉', '', 'off', 2, '', '2016-09-02 04:49:02', '0000-00-00 00:00:00', NULL, '', '', '', '', '', '', '', 'ericchu@shinybesthk.com', '', '', 'Inactive', '', '', '', '', '', '', NULL, NULL, NULL, NULL, NULL, NULL, 'dd-mm-yyyy', '12', '00:00', '', 'Today', 'Today', '', 1, '$1$Er000000$sjhlMnzePknxWsbgGO2FV0', '0', '', NULL, 'PHP5.3MD5', 'Jal4o4jwVswhUHH2', 'softed', 'en_us', 'Asia/Brunei', '123,456,789', '.', '.', '$1.0', '', '2', '0', 'Monday', '5', '5', 'public', 'Summary', '0', 'medium', '請選擇', '請選擇', 0, '0'),
(15, 'lewis', '$1$le000000$WaxMHgdxWNnwCEmMRFiLs/', '989f4d0683b9de9fdadab0f35e8b8aee', '#E6FAD8', 'Lewis', 'Kwok', '', 'on', 2, '', '2016-09-13 02:46:18', '0000-00-00 00:00:00', NULL, '', '', '', '', '', '', '', 'lewis@shinybesthk.com', '', '', 'Active', '', '', '', '', '', '', NULL, NULL, NULL, NULL, NULL, NULL, 'dd-mm-yyyy', '12', '00:00', '', 'Today', 'Today', '', 0, '$1$le000000$WaxMHgdxWNnwCEmMRFiLs/', '0', '', NULL, 'PHP5.3MD5', 'GZYhuU3CzACrKiI2', 'softed', 'en_us', 'Asia/Brunei', '123,456,789', '.', ',', '$1.0', '', '2', '0', 'Monday', '5', '5', 'public', 'Summary', '0', 'medium', 'Select an Option', 'Select an Option', 0, '1'),
(16, 'kevinmo', '$1$ke000000$LYtDy5Jf3SWauTlF/nv6w/', '13eee2c1d2db28d6654c2f4fa47d3c7d', '#E6FAD8', 'Kevin', '毛佳俊', '', 'off', 2, '', '2016-08-23 02:19:20', '0000-00-00 00:00:00', NULL, '', '', '', '', '', '', '', 'kevinmo@shinybesthk.com', '', '', 'Active', '', '', '', '', '', '', NULL, NULL, NULL, NULL, NULL, NULL, 'dd-mm-yyyy', '12', '00:00', '', 'Today', 'Today', '', 0, '$1$ke000000$LYtDy5Jf3SWauTlF/nv6w/', '0', '', NULL, 'PHP5.3MD5', 'JCARH05DPbISn4yB', 'softed', 'en_us', 'Asia/Brunei', '123,456,789', '.', ',', '$1.0', '', '2', '0', 'Monday', '5', '5', 'public', 'Summary', '0', 'medium', 'Select an Option', 'Select an Option', 0, '0'),
(17, 'raymondchan', '$1$ra000000$4xDPHafuGrfAnhli9yaor.', '13eee2c1d2db28d6654c2f4fa47d3c7d', '#E6FAD8', 'Raymond', '陳振樂', '', 'off', 1, '', '2016-09-02 04:49:21', '0000-00-00 00:00:00', NULL, '', '', '', '', '', '', '', 'raymondchan@shinybesthk.com', '', '', 'Inactive', '', '', '', '', '', '', NULL, NULL, NULL, NULL, NULL, NULL, 'dd-mm-yyyy', '12', '00:00', '', 'Today', 'Today', '', 1, '$1$ra000000$4xDPHafuGrfAnhli9yaor.', '0', '', NULL, 'PHP5.3MD5', 'KN5PkJ2BFNIvO2cB', 'softed', 'en_us', 'Pacific/Midway', '123,456,789', '.', '.', '$1.0', '', '2', '0', 'Monday', '5', '5', 'public', 'Summary', '0', 'medium', '請選擇', '請選擇', 0, '0'),
(18, 'jenniferyau', '$1$je000000$0ji3Me5jDO9SivN3keB6j0', '13eee2c1d2db28d6654c2f4fa47d3c7d', '#E6FAD8', 'Jennifer', '丘慧鑾', '', 'off', 1, '', '2016-08-23 02:25:41', '0000-00-00 00:00:00', NULL, '', '', '', '', '', '', '', 'jenniferyau@shinybesthk.com', '', '', 'Active', '', '', '', '', '', '', NULL, NULL, NULL, NULL, NULL, NULL, 'dd-mm-yyyy', '12', '00:00', '', 'Today', 'Today', '', 0, '$1$je000000$0ji3Me5jDO9SivN3keB6j0', '0', '', NULL, 'PHP5.3MD5', 'Y5lesCdhVbxpD3B', 'orchid', 'en_us', 'Asia/Brunei', '123,456,789', '.', ',', '$1.0', '', '2', '0', 'Monday', '5', '5', 'public', 'Summary', '0', 'medium', '請選擇', '請選擇', 0, '0'),
(19, 'venchow', '$1$ve000000$valwNgdG4Z1Y.fZUi8BjQ.', '13eee2c1d2db28d6654c2f4fa47d3c7d', '#E6FAD8', 'Ven', 'venchow', '', 'on', 1, '', '2016-08-23 02:22:14', '0000-00-00 00:00:00', NULL, '', '', '', '', '', '', '', 'venchow@shinybesthk.com', '', '', 'Active', '', '', '', '', '', '', NULL, NULL, NULL, NULL, NULL, NULL, 'dd-mm-yyyy', '12', '00:00', '', 'Today', 'Today', '', 0, '$1$ve000000$valwNgdG4Z1Y.fZUi8BjQ.', '0', '', NULL, 'PHP5.3MD5', 'CbdyXfkeQSKtbaV1', 'softed', 'en_us', 'Asia/Brunei', '123,456,789', '.', '.', '$1.0', '', '2', '0', 'Monday', '5', '5', 'public', 'Summary', '0', 'medium', 'Select an Option', 'Select an Option', 0, '1');

-- --------------------------------------------------------

--
-- 表的结构 `vtiger_users2group`
--

CREATE TABLE IF NOT EXISTS `vtiger_users2group` (
  `groupid` int(19) NOT NULL,
  `userid` int(19) NOT NULL
) ENGINE=InnoDB DEFAULT CHARSET=utf8;

--
-- 转存表中的数据 `vtiger_users2group`
--

INSERT INTO `vtiger_users2group` (`groupid`, `userid`) VALUES
(3, 1);

-- --------------------------------------------------------

--
-- 表的结构 `vtiger_userscf`
--

CREATE TABLE IF NOT EXISTS `vtiger_userscf` (
  `usersid` int(11) NOT NULL
) ENGINE=InnoDB DEFAULT CHARSET=utf8;

-- --------------------------------------------------------

--
-- 表的结构 `vtiger_users_last_import`
--

CREATE TABLE IF NOT EXISTS `vtiger_users_last_import` (
  `id` int(36) NOT NULL,
  `assigned_user_id` varchar(36) DEFAULT NULL,
  `bean_type` varchar(36) DEFAULT NULL,
  `bean_id` varchar(36) DEFAULT NULL,
  `deleted` int(1) NOT NULL DEFAULT '0'
) ENGINE=InnoDB DEFAULT CHARSET=utf8;

-- --------------------------------------------------------

--
-- 表的结构 `vtiger_users_seq`
--

CREATE TABLE IF NOT EXISTS `vtiger_users_seq` (
  `id` int(11) NOT NULL
) ENGINE=InnoDB DEFAULT CHARSET=utf8;

--
-- 转存表中的数据 `vtiger_users_seq`
--

INSERT INTO `vtiger_users_seq` (`id`) VALUES
(19);

-- --------------------------------------------------------

--
-- 表的结构 `vtiger_user_module_preferences`
--

CREATE TABLE IF NOT EXISTS `vtiger_user_module_preferences` (
  `userid` int(19) NOT NULL,
  `tabid` int(19) NOT NULL,
  `default_cvid` int(19) NOT NULL
) ENGINE=InnoDB DEFAULT CHARSET=utf8;

-- --------------------------------------------------------

--
-- 表的结构 `vtiger_vendor`
--

CREATE TABLE IF NOT EXISTS `vtiger_vendor` (
  `vendorid` int(19) NOT NULL DEFAULT '0',
  `vendor_no` varchar(100) NOT NULL,
  `vendorname` varchar(100) DEFAULT NULL,
  `phone` varchar(100) DEFAULT NULL,
  `email` varchar(100) DEFAULT NULL,
  `website` varchar(100) DEFAULT NULL,
  `glacct` varchar(200) DEFAULT NULL,
  `category` varchar(50) DEFAULT NULL,
  `street` text,
  `city` varchar(30) DEFAULT NULL,
  `state` varchar(30) DEFAULT NULL,
  `pobox` varchar(30) DEFAULT NULL,
  `postalcode` varchar(100) DEFAULT NULL,
  `country` varchar(100) DEFAULT NULL,
  `description` text
) ENGINE=InnoDB DEFAULT CHARSET=utf8;

--
-- 转存表中的数据 `vtiger_vendor`
--

INSERT INTO `vtiger_vendor` (`vendorid`, `vendor_no`, `vendorname`, `phone`, `email`, `website`, `glacct`, `category`, `street`, `city`, `state`, `pobox`, `postalcode`, `country`, `description`) VALUES
(20, 'VEN1', 'One Solution', '', '', '', '', '', '', '', '', '', '', '', NULL),
(22, 'VEN2', 'Shiny Best (In-House)', '', '', '', '', '', '', '', '', '', '', '', NULL),
(26, 'VEN3', 'B&DATA', '', '', '', '', '', '', '', '', '', '', '', NULL),
(27, 'VEN4', 'B & DATA', '', '', '', '', '', '', '', '', '', '', '', NULL),
(28, 'VEN5', 'B and Data', '', '', '', '', '', '', '', '', '', '', '', NULL);

-- --------------------------------------------------------

--
-- 表的结构 `vtiger_vendorcf`
--

CREATE TABLE IF NOT EXISTS `vtiger_vendorcf` (
  `vendorid` int(19) NOT NULL DEFAULT '0'
) ENGINE=InnoDB DEFAULT CHARSET=utf8;

--
-- 转存表中的数据 `vtiger_vendorcf`
--

INSERT INTO `vtiger_vendorcf` (`vendorid`) VALUES
(20),
(22),
(26),
(27),
(28);

-- --------------------------------------------------------

--
-- 表的结构 `vtiger_vendorcontactrel`
--

CREATE TABLE IF NOT EXISTS `vtiger_vendorcontactrel` (
  `vendorid` int(19) NOT NULL DEFAULT '0',
  `contactid` int(19) NOT NULL DEFAULT '0'
) ENGINE=InnoDB DEFAULT CHARSET=utf8;

-- --------------------------------------------------------

--
-- 表的结构 `vtiger_version`
--

CREATE TABLE IF NOT EXISTS `vtiger_version` (
  `id` int(11) NOT NULL,
  `old_version` varchar(30) DEFAULT NULL,
  `current_version` varchar(30) DEFAULT NULL
) ENGINE=InnoDB AUTO_INCREMENT=2 DEFAULT CHARSET=utf8;

--
-- 转存表中的数据 `vtiger_version`
--

INSERT INTO `vtiger_version` (`id`, `old_version`, `current_version`) VALUES
(1, '6.4.0', '6.4.0');

-- --------------------------------------------------------

--
-- 表的结构 `vtiger_version_seq`
--

CREATE TABLE IF NOT EXISTS `vtiger_version_seq` (
  `id` int(11) NOT NULL
) ENGINE=InnoDB DEFAULT CHARSET=utf8;

--
-- 转存表中的数据 `vtiger_version_seq`
--

INSERT INTO `vtiger_version_seq` (`id`) VALUES
(1);

-- --------------------------------------------------------

--
-- 表的结构 `vtiger_visibility`
--

CREATE TABLE IF NOT EXISTS `vtiger_visibility` (
  `visibilityid` int(19) NOT NULL,
  `visibility` varchar(200) NOT NULL,
  `sortorderid` int(19) NOT NULL DEFAULT '0',
  `presence` int(1) NOT NULL DEFAULT '1'
) ENGINE=InnoDB AUTO_INCREMENT=3 DEFAULT CHARSET=utf8;

--
-- 转存表中的数据 `vtiger_visibility`
--

INSERT INTO `vtiger_visibility` (`visibilityid`, `visibility`, `sortorderid`, `presence`) VALUES
(1, 'Private', 0, 1),
(2, 'Public', 1, 1);

-- --------------------------------------------------------

--
-- 表的结构 `vtiger_visibility_seq`
--

CREATE TABLE IF NOT EXISTS `vtiger_visibility_seq` (
  `id` int(11) NOT NULL
) ENGINE=InnoDB DEFAULT CHARSET=utf8;

--
-- 转存表中的数据 `vtiger_visibility_seq`
--

INSERT INTO `vtiger_visibility_seq` (`id`) VALUES
(2);

-- --------------------------------------------------------

--
-- 表的结构 `vtiger_webforms`
--

CREATE TABLE IF NOT EXISTS `vtiger_webforms` (
  `id` int(19) NOT NULL,
  `name` varchar(100) NOT NULL,
  `publicid` varchar(100) NOT NULL,
  `enabled` int(1) NOT NULL DEFAULT '1',
  `targetmodule` varchar(50) NOT NULL,
  `description` text,
  `ownerid` int(19) NOT NULL,
  `returnurl` varchar(250) DEFAULT NULL,
  `captcha` int(1) NOT NULL DEFAULT '0',
  `roundrobin` int(1) NOT NULL DEFAULT '0',
  `roundrobin_userid` varchar(256) DEFAULT NULL,
  `roundrobin_logic` int(11) NOT NULL DEFAULT '0'
) ENGINE=InnoDB DEFAULT CHARSET=utf8;

-- --------------------------------------------------------

--
-- 表的结构 `vtiger_webforms_field`
--

CREATE TABLE IF NOT EXISTS `vtiger_webforms_field` (
  `id` int(19) NOT NULL,
  `webformid` int(19) NOT NULL,
  `fieldname` varchar(50) NOT NULL,
  `neutralizedfield` varchar(50) NOT NULL,
  `defaultvalue` varchar(200) DEFAULT NULL,
  `required` int(10) NOT NULL DEFAULT '0',
  `sequence` int(10) DEFAULT NULL,
  `hidden` int(10) DEFAULT NULL
) ENGINE=InnoDB DEFAULT CHARSET=utf8;

-- --------------------------------------------------------

--
-- 表的结构 `vtiger_wordtemplates`
--

CREATE TABLE IF NOT EXISTS `vtiger_wordtemplates` (
  `templateid` int(19) NOT NULL,
  `filename` varchar(100) NOT NULL,
  `module` varchar(30) NOT NULL,
  `date_entered` timestamp NOT NULL DEFAULT CURRENT_TIMESTAMP ON UPDATE CURRENT_TIMESTAMP,
  `parent_type` varchar(50) NOT NULL,
  `data` longblob,
  `description` text,
  `filesize` varchar(50) NOT NULL,
  `filetype` varchar(20) NOT NULL,
  `deleted` int(1) NOT NULL DEFAULT '0'
) ENGINE=InnoDB DEFAULT CHARSET=utf8;

-- --------------------------------------------------------

--
-- 表的结构 `vtiger_wsapp`
--

CREATE TABLE IF NOT EXISTS `vtiger_wsapp` (
  `appid` int(11) NOT NULL,
  `name` varchar(200) NOT NULL,
  `appkey` varchar(255) DEFAULT NULL,
  `type` varchar(100) DEFAULT NULL
) ENGINE=InnoDB AUTO_INCREMENT=2 DEFAULT CHARSET=utf8;

--
-- 转存表中的数据 `vtiger_wsapp`
--

INSERT INTO `vtiger_wsapp` (`appid`, `name`, `appkey`, `type`) VALUES
(1, 'vtigerCRM', '5777e19a5817a', 'user');

-- --------------------------------------------------------

--
-- 表的结构 `vtiger_wsapp_handlerdetails`
--

CREATE TABLE IF NOT EXISTS `vtiger_wsapp_handlerdetails` (
  `type` varchar(200) NOT NULL,
  `handlerclass` varchar(100) DEFAULT NULL,
  `handlerpath` varchar(300) DEFAULT NULL
) ENGINE=InnoDB DEFAULT CHARSET=utf8;

--
-- 转存表中的数据 `vtiger_wsapp_handlerdetails`
--

INSERT INTO `vtiger_wsapp_handlerdetails` (`type`, `handlerclass`, `handlerpath`) VALUES
('Outlook', 'OutlookHandler', 'modules/WSAPP/Handlers/OutlookHandler.php'),
('vtigerCRM', 'vtigerCRMHandler', 'modules/WSAPP/Handlers/vtigerCRMHandler.php'),
('vtigerSyncLib', 'WSAPP_VtigerSyncEventHandler', 'modules/WSAPP/synclib/handlers/VtigerSyncEventHandler.php'),
('Google_vtigerHandler', 'Google_Vtiger_Handler', 'modules/Google/handlers/Vtiger.php'),
('Google_vtigerSyncHandler', 'Google_VtigerSync_Handler', 'modules/Google/handlers/VtigerSync.php');

-- --------------------------------------------------------

--
-- 表的结构 `vtiger_wsapp_queuerecords`
--

CREATE TABLE IF NOT EXISTS `vtiger_wsapp_queuerecords` (
  `syncserverid` int(19) DEFAULT NULL,
  `details` varchar(300) DEFAULT NULL,
  `flag` varchar(100) DEFAULT NULL,
  `appid` int(19) DEFAULT NULL
) ENGINE=InnoDB DEFAULT CHARSET=utf8;

-- --------------------------------------------------------

--
-- 表的结构 `vtiger_wsapp_recordmapping`
--

CREATE TABLE IF NOT EXISTS `vtiger_wsapp_recordmapping` (
  `id` int(19) NOT NULL,
  `serverid` varchar(10) DEFAULT NULL,
  `clientid` varchar(255) DEFAULT NULL,
  `clientmodifiedtime` datetime DEFAULT NULL,
  `appid` int(11) DEFAULT NULL,
  `servermodifiedtime` datetime DEFAULT NULL,
  `serverappid` int(11) DEFAULT NULL
) ENGINE=InnoDB DEFAULT CHARSET=utf8;

-- --------------------------------------------------------

--
-- 表的结构 `vtiger_wsapp_sync_state`
--

CREATE TABLE IF NOT EXISTS `vtiger_wsapp_sync_state` (
  `id` int(19) NOT NULL,
  `name` varchar(200) DEFAULT NULL,
  `stateencodedvalues` varchar(300) NOT NULL,
  `userid` int(19) DEFAULT NULL
) ENGINE=InnoDB DEFAULT CHARSET=utf8;

-- --------------------------------------------------------

--
-- 表的结构 `vtiger_ws_entity`
--

CREATE TABLE IF NOT EXISTS `vtiger_ws_entity` (
  `id` int(11) NOT NULL,
  `name` varchar(25) NOT NULL,
  `handler_path` varchar(255) NOT NULL,
  `handler_class` varchar(64) NOT NULL,
  `ismodule` int(3) NOT NULL
) ENGINE=InnoDB AUTO_INCREMENT=36 DEFAULT CHARSET=utf8;

--
-- 转存表中的数据 `vtiger_ws_entity`
--

INSERT INTO `vtiger_ws_entity` (`id`, `name`, `handler_path`, `handler_class`, `ismodule`) VALUES
(1, 'Campaigns', 'include/Webservices/VtigerModuleOperation.php', 'VtigerModuleOperation', 1),
(2, 'Vendors', 'include/Webservices/VtigerModuleOperation.php', 'VtigerModuleOperation', 1),
(3, 'Faq', 'include/Webservices/VtigerModuleOperation.php', 'VtigerModuleOperation', 1),
(4, 'Quotes', 'include/Webservices/LineItem/VtigerInventoryOperation.php', 'VtigerInventoryOperation', 1),
(5, 'PurchaseOrder', 'include/Webservices/LineItem/VtigerInventoryOperation.php', 'VtigerInventoryOperation', 1),
(6, 'SalesOrder', 'include/Webservices/LineItem/VtigerInventoryOperation.php', 'VtigerInventoryOperation', 1),
(7, 'Invoice', 'include/Webservices/LineItem/VtigerInventoryOperation.php', 'VtigerInventoryOperation', 1),
(8, 'PriceBooks', 'include/Webservices/VtigerModuleOperation.php', 'VtigerModuleOperation', 1),
(9, 'Calendar', 'include/Webservices/VtigerModuleOperation.php', 'VtigerModuleOperation', 1),
(10, 'Leads', 'include/Webservices/VtigerModuleOperation.php', 'VtigerModuleOperation', 1),
(11, 'Accounts', 'include/Webservices/VtigerModuleOperation.php', 'VtigerModuleOperation', 1),
(12, 'Contacts', 'include/Webservices/VtigerModuleOperation.php', 'VtigerModuleOperation', 1),
(13, 'Potentials', 'include/Webservices/VtigerModuleOperation.php', 'VtigerModuleOperation', 1),
(14, 'Products', 'include/Webservices/VtigerModuleOperation.php', 'VtigerModuleOperation', 1),
(15, 'Documents', 'include/Webservices/VtigerModuleOperation.php', 'VtigerModuleOperation', 1),
(16, 'Emails', 'include/Webservices/VtigerModuleOperation.php', 'VtigerModuleOperation', 1),
(17, 'HelpDesk', 'include/Webservices/VtigerModuleOperation.php', 'VtigerModuleOperation', 1),
(18, 'Events', 'include/Webservices/VtigerModuleOperation.php', 'VtigerModuleOperation', 1),
(19, 'Users', 'include/Webservices/VtigerModuleOperation.php', 'VtigerModuleOperation', 1),
(20, 'Groups', 'include/Webservices/VtigerActorOperation.php', 'VtigerActorOperation', 0),
(21, 'Currency', 'include/Webservices/VtigerActorOperation.php', 'VtigerActorOperation', 0),
(22, 'DocumentFolders', 'include/Webservices/VtigerActorOperation.php', 'VtigerActorOperation', 0),
(23, 'CompanyDetails', 'include/Webservices/VtigerCompanyDetails.php', 'VtigerCompanyDetails', 0),
(24, 'Services', 'include/Webservices/VtigerModuleOperation.php', 'VtigerModuleOperation', 1),
(25, 'ServiceContracts', 'include/Webservices/VtigerModuleOperation.php', 'VtigerModuleOperation', 1),
(26, 'PBXManager', 'include/Webservices/VtigerModuleOperation.php', 'VtigerModuleOperation', 1),
(27, 'SMSNotifier', 'include/Webservices/VtigerModuleOperation.php', 'VtigerModuleOperation', 1),
(28, 'ModComments', 'include/Webservices/VtigerModuleOperation.php', 'VtigerModuleOperation', 1),
(29, 'ProjectMilestone', 'include/Webservices/VtigerModuleOperation.php', 'VtigerModuleOperation', 1),
(30, 'ProjectTask', 'include/Webservices/VtigerModuleOperation.php', 'VtigerModuleOperation', 1),
(31, 'Project', 'include/Webservices/VtigerModuleOperation.php', 'VtigerModuleOperation', 1),
(32, 'Assets', 'include/Webservices/VtigerModuleOperation.php', 'VtigerModuleOperation', 1),
(33, 'LineItem', 'include/Webservices/LineItem/VtigerLineItemOperation.php', 'VtigerLineItemOperation', 0),
(34, 'Tax', 'include/Webservices/LineItem/VtigerTaxOperation.php', 'VtigerTaxOperation', 0),
(35, 'ProductTaxes', 'include/Webservices/LineItem/VtigerProductTaxesOperation.php', 'VtigerProductTaxesOperation', 0);

-- --------------------------------------------------------

--
-- 表的结构 `vtiger_ws_entity_fieldtype`
--

CREATE TABLE IF NOT EXISTS `vtiger_ws_entity_fieldtype` (
  `fieldtypeid` int(19) NOT NULL,
  `table_name` varchar(50) NOT NULL,
  `field_name` varchar(50) NOT NULL,
  `fieldtype` varchar(200) NOT NULL
) ENGINE=InnoDB AUTO_INCREMENT=11 DEFAULT CHARSET=utf8;

--
-- 转存表中的数据 `vtiger_ws_entity_fieldtype`
--

INSERT INTO `vtiger_ws_entity_fieldtype` (`fieldtypeid`, `table_name`, `field_name`, `fieldtype`) VALUES
(1, 'vtiger_attachmentsfolder', 'createdby', 'reference'),
(2, 'vtiger_organizationdetails', 'logoname', 'file'),
(3, 'vtiger_organizationdetails', 'phone', 'phone'),
(4, 'vtiger_organizationdetails', 'fax', 'phone'),
(5, 'vtiger_organizationdetails', 'website', 'url'),
(6, 'vtiger_inventoryproductrel', 'productid', 'reference'),
(7, 'vtiger_inventoryproductrel', 'id', 'reference'),
(8, 'vtiger_inventoryproductrel', 'incrementondel', 'autogenerated'),
(9, 'vtiger_producttaxrel', 'productid', 'reference'),
(10, 'vtiger_producttaxrel', 'taxid', 'reference');

-- --------------------------------------------------------

--
-- 表的结构 `vtiger_ws_entity_fieldtype_seq`
--

CREATE TABLE IF NOT EXISTS `vtiger_ws_entity_fieldtype_seq` (
  `id` int(11) NOT NULL
) ENGINE=InnoDB DEFAULT CHARSET=utf8;

--
-- 转存表中的数据 `vtiger_ws_entity_fieldtype_seq`
--

INSERT INTO `vtiger_ws_entity_fieldtype_seq` (`id`) VALUES
(10);

-- --------------------------------------------------------

--
-- 表的结构 `vtiger_ws_entity_name`
--

CREATE TABLE IF NOT EXISTS `vtiger_ws_entity_name` (
  `entity_id` int(11) NOT NULL,
  `name_fields` varchar(50) NOT NULL,
  `index_field` varchar(50) NOT NULL,
  `table_name` varchar(50) NOT NULL
) ENGINE=InnoDB DEFAULT CHARSET=utf8;

--
-- 转存表中的数据 `vtiger_ws_entity_name`
--

INSERT INTO `vtiger_ws_entity_name` (`entity_id`, `name_fields`, `index_field`, `table_name`) VALUES
(20, 'groupname', 'groupid', 'vtiger_groups'),
(21, 'currency_name', 'id', 'vtiger_currency_info'),
(22, 'foldername', 'folderid', 'vtiger_attachmentsfolder'),
(23, 'organizationname', 'groupid', 'vtiger_organizationdetails'),
(34, 'taxlabel', 'taxid', 'vtiger_inventorytaxinfo');

-- --------------------------------------------------------

--
-- 表的结构 `vtiger_ws_entity_referencetype`
--

CREATE TABLE IF NOT EXISTS `vtiger_ws_entity_referencetype` (
  `fieldtypeid` int(19) NOT NULL,
  `type` varchar(25) NOT NULL
) ENGINE=InnoDB DEFAULT CHARSET=utf8;

--
-- 转存表中的数据 `vtiger_ws_entity_referencetype`
--

INSERT INTO `vtiger_ws_entity_referencetype` (`fieldtypeid`, `type`) VALUES
(5, 'Users'),
(6, 'Products'),
(7, 'Invoice'),
(7, 'PurchaseOrder'),
(7, 'Quotes'),
(7, 'SalesOrder'),
(9, 'Products'),
(10, 'Tax');

-- --------------------------------------------------------

--
-- 表的结构 `vtiger_ws_entity_seq`
--

CREATE TABLE IF NOT EXISTS `vtiger_ws_entity_seq` (
  `id` int(11) NOT NULL
) ENGINE=InnoDB DEFAULT CHARSET=utf8;

--
-- 转存表中的数据 `vtiger_ws_entity_seq`
--

INSERT INTO `vtiger_ws_entity_seq` (`id`) VALUES
(35);

-- --------------------------------------------------------

--
-- 表的结构 `vtiger_ws_entity_tables`
--

CREATE TABLE IF NOT EXISTS `vtiger_ws_entity_tables` (
  `webservice_entity_id` int(11) NOT NULL,
  `table_name` varchar(50) NOT NULL
) ENGINE=InnoDB DEFAULT CHARSET=utf8;

--
-- 转存表中的数据 `vtiger_ws_entity_tables`
--

INSERT INTO `vtiger_ws_entity_tables` (`webservice_entity_id`, `table_name`) VALUES
(20, 'vtiger_groups'),
(21, 'vtiger_currency_info'),
(22, 'vtiger_attachmentsfolder'),
(23, 'vtiger_organizationdetails'),
(33, 'vtiger_inventoryproductrel'),
(34, 'vtiger_inventorytaxinfo'),
(35, 'vtiger_producttaxrel');

-- --------------------------------------------------------

--
-- 表的结构 `vtiger_ws_fieldinfo`
--

CREATE TABLE IF NOT EXISTS `vtiger_ws_fieldinfo` (
  `id` varchar(64) NOT NULL,
  `property_name` varchar(32) DEFAULT NULL,
  `property_value` varchar(64) DEFAULT NULL
) ENGINE=InnoDB DEFAULT CHARSET=utf8;

--
-- 转存表中的数据 `vtiger_ws_fieldinfo`
--

INSERT INTO `vtiger_ws_fieldinfo` (`id`, `property_name`, `property_value`) VALUES
('vtiger_organizationdetails.organization_id', 'upload.path', '1');

-- --------------------------------------------------------

--
-- 表的结构 `vtiger_ws_fieldtype`
--

CREATE TABLE IF NOT EXISTS `vtiger_ws_fieldtype` (
  `fieldtypeid` int(19) NOT NULL,
  `uitype` varchar(30) NOT NULL,
  `fieldtype` varchar(200) NOT NULL
) ENGINE=InnoDB AUTO_INCREMENT=40 DEFAULT CHARSET=utf8;

--
-- 转存表中的数据 `vtiger_ws_fieldtype`
--

INSERT INTO `vtiger_ws_fieldtype` (`fieldtypeid`, `uitype`, `fieldtype`) VALUES
(1, '15', 'picklist'),
(2, '16', 'picklist'),
(3, '19', 'text'),
(4, '20', 'text'),
(5, '21', 'text'),
(6, '24', 'text'),
(7, '3', 'autogenerated'),
(8, '11', 'phone'),
(9, '33', 'multipicklist'),
(10, '17', 'url'),
(11, '85', 'skype'),
(12, '56', 'boolean'),
(13, '156', 'boolean'),
(14, '53', 'owner'),
(15, '61', 'file'),
(16, '28', 'file'),
(17, '13', 'email'),
(18, '71', 'currency'),
(19, '72', 'currency'),
(20, '50', 'reference'),
(21, '51', 'reference'),
(22, '57', 'reference'),
(23, '58', 'reference'),
(24, '73', 'reference'),
(25, '75', 'reference'),
(26, '76', 'reference'),
(27, '78', 'reference'),
(28, '80', 'reference'),
(29, '81', 'reference'),
(30, '101', 'reference'),
(31, '52', 'reference'),
(32, '357', 'reference'),
(33, '59', 'reference'),
(34, '66', 'reference'),
(35, '77', 'reference'),
(36, '68', 'reference'),
(37, '117', 'reference'),
(38, '26', 'reference'),
(39, '10', 'reference');

-- --------------------------------------------------------

--
-- 表的结构 `vtiger_ws_operation`
--

CREATE TABLE IF NOT EXISTS `vtiger_ws_operation` (
  `operationid` int(11) NOT NULL,
  `name` varchar(128) NOT NULL,
  `handler_path` varchar(255) NOT NULL,
  `handler_method` varchar(64) NOT NULL,
  `type` varchar(8) NOT NULL,
  `prelogin` int(3) NOT NULL
) ENGINE=InnoDB AUTO_INCREMENT=34 DEFAULT CHARSET=utf8;

--
-- 转存表中的数据 `vtiger_ws_operation`
--

INSERT INTO `vtiger_ws_operation` (`operationid`, `name`, `handler_path`, `handler_method`, `type`, `prelogin`) VALUES
(1, 'login', 'include/Webservices/Login.php', 'vtws_login', 'POST', 1),
(2, 'retrieve', 'include/Webservices/Retrieve.php', 'vtws_retrieve', 'GET', 0),
(3, 'create', 'include/Webservices/Create.php', 'vtws_create', 'POST', 0),
(4, 'update', 'include/Webservices/Update.php', 'vtws_update', 'POST', 0),
(5, 'delete', 'include/Webservices/Delete.php', 'vtws_delete', 'POST', 0),
(6, 'sync', 'include/Webservices/GetUpdates.php', 'vtws_sync', 'GET', 0),
(7, 'query', 'include/Webservices/Query.php', 'vtws_query', 'GET', 0),
(8, 'logout', 'include/Webservices/Logout.php', 'vtws_logout', 'POST', 0),
(9, 'listtypes', 'include/Webservices/ModuleTypes.php', 'vtws_listtypes', 'GET', 0),
(10, 'getchallenge', 'include/Webservices/AuthToken.php', 'vtws_getchallenge', 'GET', 1),
(11, 'describe', 'include/Webservices/DescribeObject.php', 'vtws_describe', 'GET', 0),
(12, 'extendsession', 'include/Webservices/ExtendSession.php', 'vtws_extendSession', 'POST', 1),
(13, 'convertlead', 'include/Webservices/ConvertLead.php', 'vtws_convertlead', 'POST', 0),
(14, 'revise', 'include/Webservices/Revise.php', 'vtws_revise', 'POST', 0),
(15, 'changePassword', 'include/Webservices/ChangePassword.php', 'vtws_changePassword', 'POST', 0),
(16, 'deleteUser', 'include/Webservices/DeleteUser.php', 'vtws_deleteUser', 'POST', 0),
(17, 'mobile.fetchallalerts', 'modules/Mobile/api/wsapi.php', 'mobile_ws_fetchAllAlerts', 'POST', 0),
(18, 'mobile.alertdetailswithmessage', 'modules/Mobile/api/wsapi.php', 'mobile_ws_alertDetailsWithMessage', 'POST', 0),
(19, 'mobile.fetchmodulefilters', 'modules/Mobile/api/wsapi.php', 'mobile_ws_fetchModuleFilters', 'POST', 0),
(20, 'mobile.fetchrecord', 'modules/Mobile/api/wsapi.php', 'mobile_ws_fetchRecord', 'POST', 0),
(21, 'mobile.fetchrecordwithgrouping', 'modules/Mobile/api/wsapi.php', 'mobile_ws_fetchRecordWithGrouping', 'POST', 0),
(22, 'mobile.filterdetailswithcount', 'modules/Mobile/api/wsapi.php', 'mobile_ws_filterDetailsWithCount', 'POST', 0),
(23, 'mobile.listmodulerecords', 'modules/Mobile/api/wsapi.php', 'mobile_ws_listModuleRecords', 'POST', 0),
(24, 'mobile.saverecord', 'modules/Mobile/api/wsapi.php', 'mobile_ws_saveRecord', 'POST', 0),
(25, 'mobile.syncModuleRecords', 'modules/Mobile/api/wsapi.php', 'mobile_ws_syncModuleRecords', 'POST', 0),
(26, 'mobile.query', 'modules/Mobile/api/wsapi.php', 'mobile_ws_query', 'POST', 0),
(27, 'mobile.querywithgrouping', 'modules/Mobile/api/wsapi.php', 'mobile_ws_queryWithGrouping', 'POST', 0),
(28, 'wsapp_register', 'modules/WSAPP/api/ws/Register.php', 'wsapp_register', 'POST', 0),
(29, 'wsapp_deregister', 'modules/WSAPP/api/ws/DeRegister.php', 'wsapp_deregister', 'POST', 0),
(30, 'wsapp_get', 'modules/WSAPP/api/ws/Get.php', 'wsapp_get', 'POST', 0),
(31, 'wsapp_put', 'modules/WSAPP/api/ws/Put.php', 'wsapp_put', 'POST', 0),
(32, 'wsapp_map', 'modules/WSAPP/api/ws/Map.php', 'wsapp_map', 'POST', 0),
(33, 'retrieve_inventory', 'include/Webservices/LineItem/RetrieveInventory.php', 'vtws_retrieve_inventory', 'GET', 0);

-- --------------------------------------------------------

--
-- 表的结构 `vtiger_ws_operation_parameters`
--

CREATE TABLE IF NOT EXISTS `vtiger_ws_operation_parameters` (
  `operationid` int(11) NOT NULL,
  `name` varchar(128) NOT NULL,
  `type` varchar(64) NOT NULL,
  `sequence` int(11) NOT NULL
) ENGINE=InnoDB AUTO_INCREMENT=34 DEFAULT CHARSET=utf8;

--
-- 转存表中的数据 `vtiger_ws_operation_parameters`
--

INSERT INTO `vtiger_ws_operation_parameters` (`operationid`, `name`, `type`, `sequence`) VALUES
(1, 'accessKey', 'String', 2),
(1, 'username', 'String', 1),
(2, 'id', 'String', 1),
(3, 'element', 'encoded', 2),
(3, 'elementType', 'String', 1),
(4, 'element', 'encoded', 1),
(5, 'id', 'String', 1),
(6, 'elementType', 'String', 2),
(6, 'modifiedTime', 'DateTime', 1),
(7, 'query', 'String', 1),
(8, 'sessionName', 'String', 1),
(9, 'fieldTypeList', 'encoded', 1),
(10, 'username', 'String', 1),
(11, 'elementType', 'String', 1),
(13, 'accountName', 'String', 3),
(13, 'assignedTo', 'String', 2),
(13, 'avoidPotential', 'Boolean', 4),
(13, 'leadId', 'String', 1),
(13, 'potential', 'Encoded', 5),
(14, 'element', 'Encoded', 1),
(15, 'confirmPassword', 'String', 4),
(15, 'id', 'String', 1),
(15, 'newPassword', 'String', 3),
(15, 'oldPassword', 'String', 2),
(16, 'id', 'String', 1),
(16, 'newOwnerId', 'String', 2),
(18, 'alertid', 'string', 1),
(19, 'module', 'string', 1),
(20, 'record', 'string', 1),
(21, 'record', 'string', 1),
(22, 'filterid', 'string', 1),
(23, 'elements', 'encoded', 1),
(24, 'module', 'string', 1),
(24, 'record', 'string', 2),
(24, 'values', 'encoded', 3),
(25, 'module', 'string', 1),
(25, 'page', 'string', 3),
(25, 'syncToken', 'string', 2),
(26, 'module', 'string', 1),
(26, 'page', 'string', 3),
(26, 'query', 'string', 2),
(27, 'module', 'string', 1),
(27, 'page', 'string', 3),
(27, 'query', 'string', 2),
(28, 'synctype', 'string', 2),
(28, 'type', 'string', 1),
(29, 'key', 'string', 2),
(29, 'type', 'string', 1),
(30, 'key', 'string', 1),
(30, 'module', 'string', 2),
(30, 'token', 'string', 3),
(31, 'element', 'encoded', 2),
(31, 'key', 'string', 1),
(32, 'element', 'encoded', 2),
(32, 'key', 'string', 1),
(33, 'id', 'String', 1);

-- --------------------------------------------------------

--
-- 表的结构 `vtiger_ws_operation_seq`
--

CREATE TABLE IF NOT EXISTS `vtiger_ws_operation_seq` (
  `id` int(11) NOT NULL
) ENGINE=InnoDB DEFAULT CHARSET=utf8;

--
-- 转存表中的数据 `vtiger_ws_operation_seq`
--

INSERT INTO `vtiger_ws_operation_seq` (`id`) VALUES
(33);

-- --------------------------------------------------------

--
-- 表的结构 `vtiger_ws_referencetype`
--

CREATE TABLE IF NOT EXISTS `vtiger_ws_referencetype` (
  `fieldtypeid` int(19) NOT NULL,
  `type` varchar(25) NOT NULL
) ENGINE=InnoDB DEFAULT CHARSET=utf8;

--
-- 转存表中的数据 `vtiger_ws_referencetype`
--

INSERT INTO `vtiger_ws_referencetype` (`fieldtypeid`, `type`) VALUES
(20, 'Accounts'),
(21, 'Accounts'),
(22, 'Contacts'),
(23, 'Campaigns'),
(24, 'Accounts'),
(25, 'Vendors'),
(26, 'Potentials'),
(27, 'Quotes'),
(28, 'SalesOrder'),
(29, 'Vendors'),
(30, 'Users'),
(31, 'Campaigns'),
(31, 'Users'),
(32, 'Accounts'),
(32, 'Contacts'),
(32, 'Leads'),
(32, 'Users'),
(32, 'Vendors'),
(33, 'Products'),
(34, 'Accounts'),
(34, 'Campaigns'),
(34, 'HelpDesk'),
(34, 'Leads'),
(34, 'Potentials'),
(35, 'Users'),
(36, 'Accounts'),
(36, 'Contacts'),
(37, 'Currency'),
(38, 'DocumentFolders');

-- --------------------------------------------------------

--
-- 表的结构 `vtiger_ws_userauthtoken`
--

CREATE TABLE IF NOT EXISTS `vtiger_ws_userauthtoken` (
  `userid` int(19) NOT NULL,
  `token` varchar(36) NOT NULL,
  `expiretime` int(19) NOT NULL
) ENGINE=InnoDB DEFAULT CHARSET=utf8;

--
-- Indexes for dumped tables
--

--
-- Indexes for table `com_vtiger_workflows`
--
ALTER TABLE `com_vtiger_workflows`
  ADD PRIMARY KEY (`workflow_id`),
  ADD UNIQUE KEY `com_vtiger_workflows_idx` (`workflow_id`);

--
-- Indexes for table `com_vtiger_workflowtasks`
--
ALTER TABLE `com_vtiger_workflowtasks`
  ADD PRIMARY KEY (`task_id`),
  ADD UNIQUE KEY `com_vtiger_workflowtasks_idx` (`task_id`);

--
-- Indexes for table `com_vtiger_workflowtasks_entitymethod`
--
ALTER TABLE `com_vtiger_workflowtasks_entitymethod`
  ADD PRIMARY KEY (`workflowtasks_entitymethod_id`),
  ADD UNIQUE KEY `com_vtiger_workflowtasks_entitymethod_idx` (`workflowtasks_entitymethod_id`);

--
-- Indexes for table `com_vtiger_workflowtemplates`
--
ALTER TABLE `com_vtiger_workflowtemplates`
  ADD PRIMARY KEY (`template_id`);

--
-- Indexes for table `com_vtiger_workflow_activatedonce`
--
ALTER TABLE `com_vtiger_workflow_activatedonce`
  ADD PRIMARY KEY (`workflow_id`,`entity_id`);

--
-- Indexes for table `vtiger_account`
--
ALTER TABLE `vtiger_account`
  ADD PRIMARY KEY (`accountid`),
  ADD KEY `account_account_type_idx` (`account_type`),
  ADD KEY `email_idx` (`email1`,`email2`);

--
-- Indexes for table `vtiger_accountbillads`
--
ALTER TABLE `vtiger_accountbillads`
  ADD PRIMARY KEY (`accountaddressid`);

--
-- Indexes for table `vtiger_accountrating`
--
ALTER TABLE `vtiger_accountrating`
  ADD PRIMARY KEY (`accountratingid`),
  ADD UNIQUE KEY `accountrating_rating_idx` (`rating`);

--
-- Indexes for table `vtiger_accountscf`
--
ALTER TABLE `vtiger_accountscf`
  ADD PRIMARY KEY (`accountid`);

--
-- Indexes for table `vtiger_accountshipads`
--
ALTER TABLE `vtiger_accountshipads`
  ADD PRIMARY KEY (`accountaddressid`);

--
-- Indexes for table `vtiger_accounttype`
--
ALTER TABLE `vtiger_accounttype`
  ADD PRIMARY KEY (`accounttypeid`),
  ADD UNIQUE KEY `accounttype_accounttype_idx` (`accounttype`);

--
-- Indexes for table `vtiger_actionmapping`
--
ALTER TABLE `vtiger_actionmapping`
  ADD PRIMARY KEY (`actionid`,`actionname`);

--
-- Indexes for table `vtiger_activity`
--
ALTER TABLE `vtiger_activity`
  ADD PRIMARY KEY (`activityid`),
  ADD KEY `activity_activityid_subject_idx` (`activityid`,`subject`),
  ADD KEY `activity_activitytype_date_start_idx` (`activitytype`,`date_start`),
  ADD KEY `activity_date_start_due_date_idx` (`date_start`,`due_date`),
  ADD KEY `activity_date_start_time_start_idx` (`date_start`,`time_start`),
  ADD KEY `activity_eventstatus_idx` (`eventstatus`),
  ADD KEY `activity_status_idx` (`status`);

--
-- Indexes for table `vtiger_activitycf`
--
ALTER TABLE `vtiger_activitycf`
  ADD PRIMARY KEY (`activityid`);

--
-- Indexes for table `vtiger_activityproductrel`
--
ALTER TABLE `vtiger_activityproductrel`
  ADD PRIMARY KEY (`activityid`,`productid`),
  ADD KEY `activityproductrel_activityid_idx` (`activityid`),
  ADD KEY `activityproductrel_productid_idx` (`productid`);

--
-- Indexes for table `vtiger_activitytype`
--
ALTER TABLE `vtiger_activitytype`
  ADD PRIMARY KEY (`activitytypeid`),
  ADD UNIQUE KEY `activitytype_activitytype_idx` (`activitytype`);

--
-- Indexes for table `vtiger_activity_reminder`
--
ALTER TABLE `vtiger_activity_reminder`
  ADD PRIMARY KEY (`activity_id`,`recurringid`);

--
-- Indexes for table `vtiger_activity_reminder_popup`
--
ALTER TABLE `vtiger_activity_reminder_popup`
  ADD PRIMARY KEY (`reminderid`);

--
-- Indexes for table `vtiger_activity_view`
--
ALTER TABLE `vtiger_activity_view`
  ADD PRIMARY KEY (`activity_viewid`);

--
-- Indexes for table `vtiger_announcement`
--
ALTER TABLE `vtiger_announcement`
  ADD PRIMARY KEY (`creatorid`),
  ADD KEY `announcement_creatorid_idx` (`creatorid`);

--
-- Indexes for table `vtiger_assets`
--
ALTER TABLE `vtiger_assets`
  ADD PRIMARY KEY (`assetsid`);

--
-- Indexes for table `vtiger_assetscf`
--
ALTER TABLE `vtiger_assetscf`
  ADD PRIMARY KEY (`assetsid`);

--
-- Indexes for table `vtiger_assetstatus`
--
ALTER TABLE `vtiger_assetstatus`
  ADD PRIMARY KEY (`assetstatusid`);

--
-- Indexes for table `vtiger_asteriskincomingevents`
--
ALTER TABLE `vtiger_asteriskincomingevents`
  ADD PRIMARY KEY (`uid`);

--
-- Indexes for table `vtiger_attachments`
--
ALTER TABLE `vtiger_attachments`
  ADD PRIMARY KEY (`attachmentsid`),
  ADD KEY `attachments_attachmentsid_idx` (`attachmentsid`);

--
-- Indexes for table `vtiger_attachmentsfolder`
--
ALTER TABLE `vtiger_attachmentsfolder`
  ADD PRIMARY KEY (`folderid`);

--
-- Indexes for table `vtiger_audit_trial`
--
ALTER TABLE `vtiger_audit_trial`
  ADD PRIMARY KEY (`auditid`);

--
-- Indexes for table `vtiger_blocks`
--
ALTER TABLE `vtiger_blocks`
  ADD PRIMARY KEY (`blockid`),
  ADD KEY `block_tabid_idx` (`tabid`);

--
-- Indexes for table `vtiger_calendarsharedtype`
--
ALTER TABLE `vtiger_calendarsharedtype`
  ADD PRIMARY KEY (`calendarsharedtypeid`);

--
-- Indexes for table `vtiger_calendar_default_activitytypes`
--
ALTER TABLE `vtiger_calendar_default_activitytypes`
  ADD PRIMARY KEY (`id`);

--
-- Indexes for table `vtiger_calendar_user_activitytypes`
--
ALTER TABLE `vtiger_calendar_user_activitytypes`
  ADD PRIMARY KEY (`id`);

--
-- Indexes for table `vtiger_callduration`
--
ALTER TABLE `vtiger_callduration`
  ADD PRIMARY KEY (`calldurationid`);

--
-- Indexes for table `vtiger_campaign`
--
ALTER TABLE `vtiger_campaign`
  ADD PRIMARY KEY (`campaignid`),
  ADD KEY `campaign_campaignstatus_idx` (`campaignstatus`),
  ADD KEY `campaign_campaignname_idx` (`campaignname`),
  ADD KEY `campaign_campaignid_idx` (`campaignid`);

--
-- Indexes for table `vtiger_campaigncontrel`
--
ALTER TABLE `vtiger_campaigncontrel`
  ADD PRIMARY KEY (`campaignid`,`contactid`,`campaignrelstatusid`),
  ADD KEY `campaigncontrel_contractid_idx` (`contactid`);

--
-- Indexes for table `vtiger_campaignleadrel`
--
ALTER TABLE `vtiger_campaignleadrel`
  ADD PRIMARY KEY (`campaignid`,`leadid`,`campaignrelstatusid`),
  ADD KEY `campaignleadrel_leadid_campaignid_idx` (`leadid`,`campaignid`);

--
-- Indexes for table `vtiger_campaignscf`
--
ALTER TABLE `vtiger_campaignscf`
  ADD PRIMARY KEY (`campaignid`);

--
-- Indexes for table `vtiger_campaignstatus`
--
ALTER TABLE `vtiger_campaignstatus`
  ADD PRIMARY KEY (`campaignstatusid`),
  ADD KEY `campaignstatus_campaignstatus_idx` (`campaignstatus`);

--
-- Indexes for table `vtiger_campaigntype`
--
ALTER TABLE `vtiger_campaigntype`
  ADD PRIMARY KEY (`campaigntypeid`),
  ADD UNIQUE KEY `campaigntype_campaigntype_idx` (`campaigntype`);

--
-- Indexes for table `vtiger_carrier`
--
ALTER TABLE `vtiger_carrier`
  ADD PRIMARY KEY (`carrierid`),
  ADD UNIQUE KEY `carrier_carrier_idx` (`carrier`);

--
-- Indexes for table `vtiger_cntactivityrel`
--
ALTER TABLE `vtiger_cntactivityrel`
  ADD PRIMARY KEY (`contactid`,`activityid`),
  ADD KEY `cntactivityrel_contactid_idx` (`contactid`),
  ADD KEY `cntactivityrel_activityid_idx` (`activityid`);

--
-- Indexes for table `vtiger_contactaddress`
--
ALTER TABLE `vtiger_contactaddress`
  ADD PRIMARY KEY (`contactaddressid`);

--
-- Indexes for table `vtiger_contactdetails`
--
ALTER TABLE `vtiger_contactdetails`
  ADD PRIMARY KEY (`contactid`),
  ADD KEY `contactdetails_accountid_idx` (`accountid`),
  ADD KEY `email_idx` (`email`);

--
-- Indexes for table `vtiger_contactscf`
--
ALTER TABLE `vtiger_contactscf`
  ADD PRIMARY KEY (`contactid`);

--
-- Indexes for table `vtiger_contactsubdetails`
--
ALTER TABLE `vtiger_contactsubdetails`
  ADD PRIMARY KEY (`contactsubscriptionid`);

--
-- Indexes for table `vtiger_contpotentialrel`
--
ALTER TABLE `vtiger_contpotentialrel`
  ADD PRIMARY KEY (`contactid`,`potentialid`),
  ADD KEY `contpotentialrel_potentialid_idx` (`potentialid`),
  ADD KEY `contpotentialrel_contactid_idx` (`contactid`);

--
-- Indexes for table `vtiger_contract_priority`
--
ALTER TABLE `vtiger_contract_priority`
  ADD PRIMARY KEY (`contract_priorityid`);

--
-- Indexes for table `vtiger_contract_status`
--
ALTER TABLE `vtiger_contract_status`
  ADD PRIMARY KEY (`contract_statusid`);

--
-- Indexes for table `vtiger_contract_type`
--
ALTER TABLE `vtiger_contract_type`
  ADD PRIMARY KEY (`contract_typeid`);

--
-- Indexes for table `vtiger_convertleadmapping`
--
ALTER TABLE `vtiger_convertleadmapping`
  ADD PRIMARY KEY (`cfmid`);

--
-- Indexes for table `vtiger_crmentity`
--
ALTER TABLE `vtiger_crmentity`
  ADD PRIMARY KEY (`crmid`),
  ADD KEY `crmentity_smcreatorid_idx` (`smcreatorid`),
  ADD KEY `crmentity_modifiedby_idx` (`modifiedby`),
  ADD KEY `crmentity_deleted_idx` (`deleted`),
  ADD KEY `crm_ownerid_del_setype_idx` (`smownerid`,`deleted`,`setype`),
  ADD KEY `vtiger_crmentity_labelidx` (`label`);

--
-- Indexes for table `vtiger_cron_task`
--
ALTER TABLE `vtiger_cron_task`
  ADD PRIMARY KEY (`id`),
  ADD UNIQUE KEY `name` (`name`),
  ADD UNIQUE KEY `handler_file` (`handler_file`);

--
-- Indexes for table `vtiger_currencies`
--
ALTER TABLE `vtiger_currencies`
  ADD PRIMARY KEY (`currencyid`);

--
-- Indexes for table `vtiger_currency`
--
ALTER TABLE `vtiger_currency`
  ADD PRIMARY KEY (`currencyid`),
  ADD UNIQUE KEY `currency_currency_idx` (`currency`);

--
-- Indexes for table `vtiger_currency_decimal_separator`
--
ALTER TABLE `vtiger_currency_decimal_separator`
  ADD PRIMARY KEY (`currency_decimal_separatorid`);

--
-- Indexes for table `vtiger_currency_grouping_pattern`
--
ALTER TABLE `vtiger_currency_grouping_pattern`
  ADD PRIMARY KEY (`currency_grouping_patternid`);

--
-- Indexes for table `vtiger_currency_grouping_separator`
--
ALTER TABLE `vtiger_currency_grouping_separator`
  ADD PRIMARY KEY (`currency_grouping_separatorid`);

--
-- Indexes for table `vtiger_currency_info`
--
ALTER TABLE `vtiger_currency_info`
  ADD PRIMARY KEY (`id`);

--
-- Indexes for table `vtiger_currency_symbol_placement`
--
ALTER TABLE `vtiger_currency_symbol_placement`
  ADD PRIMARY KEY (`currency_symbol_placementid`);

--
-- Indexes for table `vtiger_customaction`
--
ALTER TABLE `vtiger_customaction`
  ADD KEY `customaction_cvid_idx` (`cvid`);

--
-- Indexes for table `vtiger_customerdetails`
--
ALTER TABLE `vtiger_customerdetails`
  ADD PRIMARY KEY (`customerid`);

--
-- Indexes for table `vtiger_customerportal_prefs`
--
ALTER TABLE `vtiger_customerportal_prefs`
  ADD PRIMARY KEY (`tabid`,`prefkey`);

--
-- Indexes for table `vtiger_customerportal_tabs`
--
ALTER TABLE `vtiger_customerportal_tabs`
  ADD PRIMARY KEY (`tabid`);

--
-- Indexes for table `vtiger_customview`
--
ALTER TABLE `vtiger_customview`
  ADD PRIMARY KEY (`cvid`),
  ADD KEY `customview_entitytype_idx` (`entitytype`);

--
-- Indexes for table `vtiger_cvadvfilter`
--
ALTER TABLE `vtiger_cvadvfilter`
  ADD PRIMARY KEY (`cvid`,`columnindex`),
  ADD KEY `cvadvfilter_cvid_idx` (`cvid`);

--
-- Indexes for table `vtiger_cvadvfilter_grouping`
--
ALTER TABLE `vtiger_cvadvfilter_grouping`
  ADD PRIMARY KEY (`groupid`,`cvid`);

--
-- Indexes for table `vtiger_cvcolumnlist`
--
ALTER TABLE `vtiger_cvcolumnlist`
  ADD PRIMARY KEY (`cvid`,`columnindex`),
  ADD KEY `cvcolumnlist_columnindex_idx` (`columnindex`),
  ADD KEY `cvcolumnlist_cvid_idx` (`cvid`);

--
-- Indexes for table `vtiger_cvstdfilter`
--
ALTER TABLE `vtiger_cvstdfilter`
  ADD PRIMARY KEY (`cvid`),
  ADD KEY `cvstdfilter_cvid_idx` (`cvid`);

--
-- Indexes for table `vtiger_datashare_grp2grp`
--
ALTER TABLE `vtiger_datashare_grp2grp`
  ADD PRIMARY KEY (`shareid`),
  ADD KEY `datashare_grp2grp_share_groupid_idx` (`share_groupid`),
  ADD KEY `datashare_grp2grp_to_groupid_idx` (`to_groupid`);

--
-- Indexes for table `vtiger_datashare_grp2role`
--
ALTER TABLE `vtiger_datashare_grp2role`
  ADD PRIMARY KEY (`shareid`),
  ADD KEY `idx_datashare_grp2role_share_groupid` (`share_groupid`),
  ADD KEY `idx_datashare_grp2role_to_roleid` (`to_roleid`);

--
-- Indexes for table `vtiger_datashare_grp2rs`
--
ALTER TABLE `vtiger_datashare_grp2rs`
  ADD PRIMARY KEY (`shareid`),
  ADD KEY `datashare_grp2rs_share_groupid_idx` (`share_groupid`),
  ADD KEY `datashare_grp2rs_to_roleandsubid_idx` (`to_roleandsubid`);

--
-- Indexes for table `vtiger_datashare_module_rel`
--
ALTER TABLE `vtiger_datashare_module_rel`
  ADD PRIMARY KEY (`shareid`),
  ADD KEY `idx_datashare_module_rel_tabid` (`tabid`);

--
-- Indexes for table `vtiger_datashare_relatedmodules`
--
ALTER TABLE `vtiger_datashare_relatedmodules`
  ADD PRIMARY KEY (`datashare_relatedmodule_id`),
  ADD KEY `datashare_relatedmodules_tabid_idx` (`tabid`),
  ADD KEY `datashare_relatedmodules_relatedto_tabid_idx` (`relatedto_tabid`);

--
-- Indexes for table `vtiger_datashare_relatedmodule_permission`
--
ALTER TABLE `vtiger_datashare_relatedmodule_permission`
  ADD PRIMARY KEY (`shareid`,`datashare_relatedmodule_id`),
  ADD KEY `datashare_relatedmodule_permission_shareid_permissions_idx` (`shareid`,`permission`);

--
-- Indexes for table `vtiger_datashare_role2group`
--
ALTER TABLE `vtiger_datashare_role2group`
  ADD PRIMARY KEY (`shareid`),
  ADD KEY `idx_datashare_role2group_share_roleid` (`share_roleid`),
  ADD KEY `idx_datashare_role2group_to_groupid` (`to_groupid`);

--
-- Indexes for table `vtiger_datashare_role2role`
--
ALTER TABLE `vtiger_datashare_role2role`
  ADD PRIMARY KEY (`shareid`),
  ADD KEY `datashare_role2role_share_roleid_idx` (`share_roleid`),
  ADD KEY `datashare_role2role_to_roleid_idx` (`to_roleid`);

--
-- Indexes for table `vtiger_datashare_role2rs`
--
ALTER TABLE `vtiger_datashare_role2rs`
  ADD PRIMARY KEY (`shareid`),
  ADD KEY `datashare_role2s_share_roleid_idx` (`share_roleid`),
  ADD KEY `datashare_role2s_to_roleandsubid_idx` (`to_roleandsubid`);

--
-- Indexes for table `vtiger_datashare_rs2grp`
--
ALTER TABLE `vtiger_datashare_rs2grp`
  ADD PRIMARY KEY (`shareid`),
  ADD KEY `datashare_rs2grp_share_roleandsubid_idx` (`share_roleandsubid`),
  ADD KEY `datashare_rs2grp_to_groupid_idx` (`to_groupid`);

--
-- Indexes for table `vtiger_datashare_rs2role`
--
ALTER TABLE `vtiger_datashare_rs2role`
  ADD PRIMARY KEY (`shareid`),
  ADD KEY `datashare_rs2role_share_roleandsubid_idx` (`share_roleandsubid`),
  ADD KEY `datashare_rs2role_to_roleid_idx` (`to_roleid`);

--
-- Indexes for table `vtiger_datashare_rs2rs`
--
ALTER TABLE `vtiger_datashare_rs2rs`
  ADD PRIMARY KEY (`shareid`),
  ADD KEY `datashare_rs2rs_share_roleandsubid_idx` (`share_roleandsubid`),
  ADD KEY `idx_datashare_rs2rs_to_roleandsubid_idx` (`to_roleandsubid`);

--
-- Indexes for table `vtiger_date_format`
--
ALTER TABLE `vtiger_date_format`
  ADD PRIMARY KEY (`date_formatid`);

--
-- Indexes for table `vtiger_dayoftheweek`
--
ALTER TABLE `vtiger_dayoftheweek`
  ADD PRIMARY KEY (`dayoftheweekid`);

--
-- Indexes for table `vtiger_defaultactivitytype`
--
ALTER TABLE `vtiger_defaultactivitytype`
  ADD PRIMARY KEY (`defaultactivitytypeid`);

--
-- Indexes for table `vtiger_defaultcv`
--
ALTER TABLE `vtiger_defaultcv`
  ADD PRIMARY KEY (`tabid`);

--
-- Indexes for table `vtiger_defaulteventstatus`
--
ALTER TABLE `vtiger_defaulteventstatus`
  ADD PRIMARY KEY (`defaulteventstatusid`);

--
-- Indexes for table `vtiger_default_record_view`
--
ALTER TABLE `vtiger_default_record_view`
  ADD PRIMARY KEY (`default_record_viewid`);

--
-- Indexes for table `vtiger_def_org_field`
--
ALTER TABLE `vtiger_def_org_field`
  ADD PRIMARY KEY (`fieldid`),
  ADD KEY `def_org_field_tabid_fieldid_idx` (`tabid`,`fieldid`),
  ADD KEY `def_org_field_tabid_idx` (`tabid`),
  ADD KEY `def_org_field_visible_fieldid_idx` (`visible`,`fieldid`);

--
-- Indexes for table `vtiger_def_org_share`
--
ALTER TABLE `vtiger_def_org_share`
  ADD PRIMARY KEY (`ruleid`);

--
-- Indexes for table `vtiger_durationhrs`
--
ALTER TABLE `vtiger_durationhrs`
  ADD PRIMARY KEY (`hrsid`);

--
-- Indexes for table `vtiger_durationmins`
--
ALTER TABLE `vtiger_durationmins`
  ADD PRIMARY KEY (`minsid`);

--
-- Indexes for table `vtiger_duration_minutes`
--
ALTER TABLE `vtiger_duration_minutes`
  ADD PRIMARY KEY (`minutesid`);

--
-- Indexes for table `vtiger_emaildetails`
--
ALTER TABLE `vtiger_emaildetails`
  ADD PRIMARY KEY (`emailid`);

--
-- Indexes for table `vtiger_emailtemplates`
--
ALTER TABLE `vtiger_emailtemplates`
  ADD PRIMARY KEY (`templateid`),
  ADD KEY `emailtemplates_foldernamd_templatename_subject_idx` (`foldername`,`templatename`,`subject`);

--
-- Indexes for table `vtiger_email_track`
--
ALTER TABLE `vtiger_email_track`
  ADD UNIQUE KEY `link_tabidtype_idx` (`crmid`,`mailid`);

--
-- Indexes for table `vtiger_entityname`
--
ALTER TABLE `vtiger_entityname`
  ADD PRIMARY KEY (`tabid`),
  ADD KEY `entityname_tabid_idx` (`tabid`);

--
-- Indexes for table `vtiger_eventhandlers`
--
ALTER TABLE `vtiger_eventhandlers`
  ADD PRIMARY KEY (`eventhandler_id`,`event_name`,`handler_class`),
  ADD UNIQUE KEY `eventhandler_idx` (`eventhandler_id`);

--
-- Indexes for table `vtiger_eventhandler_module`
--
ALTER TABLE `vtiger_eventhandler_module`
  ADD PRIMARY KEY (`eventhandler_module_id`);

--
-- Indexes for table `vtiger_eventstatus`
--
ALTER TABLE `vtiger_eventstatus`
  ADD PRIMARY KEY (`eventstatusid`);

--
-- Indexes for table `vtiger_expectedresponse`
--
ALTER TABLE `vtiger_expectedresponse`
  ADD PRIMARY KEY (`expectedresponseid`),
  ADD UNIQUE KEY `CampaignExpRes_UK01` (`expectedresponse`);

--
-- Indexes for table `vtiger_extnstore_users`
--
ALTER TABLE `vtiger_extnstore_users`
  ADD PRIMARY KEY (`id`);

--
-- Indexes for table `vtiger_faq`
--
ALTER TABLE `vtiger_faq`
  ADD PRIMARY KEY (`id`),
  ADD KEY `faq_id_idx` (`id`);

--
-- Indexes for table `vtiger_faqcategories`
--
ALTER TABLE `vtiger_faqcategories`
  ADD PRIMARY KEY (`faqcategories_id`);

--
-- Indexes for table `vtiger_faqcf`
--
ALTER TABLE `vtiger_faqcf`
  ADD PRIMARY KEY (`faqid`);

--
-- Indexes for table `vtiger_faqcomments`
--
ALTER TABLE `vtiger_faqcomments`
  ADD PRIMARY KEY (`commentid`),
  ADD KEY `faqcomments_faqid_idx` (`faqid`);

--
-- Indexes for table `vtiger_faqstatus`
--
ALTER TABLE `vtiger_faqstatus`
  ADD PRIMARY KEY (`faqstatus_id`);

--
-- Indexes for table `vtiger_field`
--
ALTER TABLE `vtiger_field`
  ADD PRIMARY KEY (`fieldid`),
  ADD KEY `field_tabid_idx` (`tabid`),
  ADD KEY `field_fieldname_idx` (`fieldname`),
  ADD KEY `field_block_idx` (`block`),
  ADD KEY `field_displaytype_idx` (`displaytype`);

--
-- Indexes for table `vtiger_freetagged_objects`
--
ALTER TABLE `vtiger_freetagged_objects`
  ADD PRIMARY KEY (`tag_id`,`tagger_id`,`object_id`),
  ADD KEY `freetagged_objects_tag_id_tagger_id_object_id_idx` (`tag_id`,`tagger_id`,`object_id`);

--
-- Indexes for table `vtiger_freetags`
--
ALTER TABLE `vtiger_freetags`
  ADD PRIMARY KEY (`id`);

--
-- Indexes for table `vtiger_glacct`
--
ALTER TABLE `vtiger_glacct`
  ADD PRIMARY KEY (`glacctid`),
  ADD UNIQUE KEY `glacct_glacct_idx` (`glacct`);

--
-- Indexes for table `vtiger_group2grouprel`
--
ALTER TABLE `vtiger_group2grouprel`
  ADD PRIMARY KEY (`groupid`,`containsgroupid`);

--
-- Indexes for table `vtiger_group2role`
--
ALTER TABLE `vtiger_group2role`
  ADD PRIMARY KEY (`groupid`,`roleid`);

--
-- Indexes for table `vtiger_group2rs`
--
ALTER TABLE `vtiger_group2rs`
  ADD PRIMARY KEY (`groupid`,`roleandsubid`);

--
-- Indexes for table `vtiger_groups`
--
ALTER TABLE `vtiger_groups`
  ADD PRIMARY KEY (`groupid`),
  ADD UNIQUE KEY `groups_groupname_idx` (`groupname`);

--
-- Indexes for table `vtiger_homedashbd`
--
ALTER TABLE `vtiger_homedashbd`
  ADD PRIMARY KEY (`stuffid`),
  ADD KEY `stuff_stuffid_idx` (`stuffid`);

--
-- Indexes for table `vtiger_homedefault`
--
ALTER TABLE `vtiger_homedefault`
  ADD PRIMARY KEY (`stuffid`),
  ADD KEY `stuff_stuffid_idx` (`stuffid`);

--
-- Indexes for table `vtiger_homemodule`
--
ALTER TABLE `vtiger_homemodule`
  ADD PRIMARY KEY (`stuffid`),
  ADD KEY `stuff_stuffid_idx` (`stuffid`);

--
-- Indexes for table `vtiger_homemoduleflds`
--
ALTER TABLE `vtiger_homemoduleflds`
  ADD KEY `stuff_stuffid_idx` (`stuffid`);

--
-- Indexes for table `vtiger_homereportchart`
--
ALTER TABLE `vtiger_homereportchart`
  ADD PRIMARY KEY (`stuffid`);

--
-- Indexes for table `vtiger_homerss`
--
ALTER TABLE `vtiger_homerss`
  ADD PRIMARY KEY (`stuffid`),
  ADD KEY `stuff_stuffid_idx` (`stuffid`);

--
-- Indexes for table `vtiger_homestuff`
--
ALTER TABLE `vtiger_homestuff`
  ADD PRIMARY KEY (`stuffid`),
  ADD KEY `stuff_stuffid_idx` (`stuffid`);

--
-- Indexes for table `vtiger_home_layout`
--
ALTER TABLE `vtiger_home_layout`
  ADD PRIMARY KEY (`userid`);

--
-- Indexes for table `vtiger_hour_format`
--
ALTER TABLE `vtiger_hour_format`
  ADD PRIMARY KEY (`hour_formatid`);

--
-- Indexes for table `vtiger_import_locks`
--
ALTER TABLE `vtiger_import_locks`
  ADD PRIMARY KEY (`vtiger_import_lock_id`);

--
-- Indexes for table `vtiger_import_maps`
--
ALTER TABLE `vtiger_import_maps`
  ADD PRIMARY KEY (`id`),
  ADD KEY `import_maps_assigned_user_id_module_name_deleted_idx` (`assigned_user_id`,`module`,`name`,`deleted`);

--
-- Indexes for table `vtiger_import_queue`
--
ALTER TABLE `vtiger_import_queue`
  ADD PRIMARY KEY (`importid`);

--
-- Indexes for table `vtiger_industry`
--
ALTER TABLE `vtiger_industry`
  ADD PRIMARY KEY (`industryid`),
  ADD UNIQUE KEY `industry_industry_idx` (`industry`);

--
-- Indexes for table `vtiger_inventorynotification`
--
ALTER TABLE `vtiger_inventorynotification`
  ADD PRIMARY KEY (`notificationid`);

--
-- Indexes for table `vtiger_inventoryproductrel`
--
ALTER TABLE `vtiger_inventoryproductrel`
  ADD PRIMARY KEY (`lineitem_id`),
  ADD KEY `inventoryproductrel_id_idx` (`id`),
  ADD KEY `inventoryproductrel_productid_idx` (`productid`);

--
-- Indexes for table `vtiger_inventoryshippingrel`
--
ALTER TABLE `vtiger_inventoryshippingrel`
  ADD KEY `inventoryishippingrel_id_idx` (`id`);

--
-- Indexes for table `vtiger_inventorytaxinfo`
--
ALTER TABLE `vtiger_inventorytaxinfo`
  ADD PRIMARY KEY (`taxid`),
  ADD KEY `inventorytaxinfo_taxname_idx` (`taxname`);

--
-- Indexes for table `vtiger_inventory_tandc`
--
ALTER TABLE `vtiger_inventory_tandc`
  ADD PRIMARY KEY (`id`);

--
-- Indexes for table `vtiger_invitees`
--
ALTER TABLE `vtiger_invitees`
  ADD PRIMARY KEY (`activityid`,`inviteeid`);

--
-- Indexes for table `vtiger_invoice`
--
ALTER TABLE `vtiger_invoice`
  ADD PRIMARY KEY (`invoiceid`),
  ADD KEY `invoice_purchaseorderid_idx` (`invoiceid`);

--
-- Indexes for table `vtiger_invoicebillads`
--
ALTER TABLE `vtiger_invoicebillads`
  ADD PRIMARY KEY (`invoicebilladdressid`);

--
-- Indexes for table `vtiger_invoicecf`
--
ALTER TABLE `vtiger_invoicecf`
  ADD PRIMARY KEY (`invoiceid`);

--
-- Indexes for table `vtiger_invoiceshipads`
--
ALTER TABLE `vtiger_invoiceshipads`
  ADD PRIMARY KEY (`invoiceshipaddressid`);

--
-- Indexes for table `vtiger_invoicestatus`
--
ALTER TABLE `vtiger_invoicestatus`
  ADD PRIMARY KEY (`invoicestatusid`),
  ADD UNIQUE KEY `invoicestatus_invoiestatus_idx` (`invoicestatus`);

--
-- Indexes for table `vtiger_invoicestatushistory`
--
ALTER TABLE `vtiger_invoicestatushistory`
  ADD PRIMARY KEY (`historyid`),
  ADD KEY `invoicestatushistory_invoiceid_idx` (`invoiceid`);

--
-- Indexes for table `vtiger_invoice_recurring_info`
--
ALTER TABLE `vtiger_invoice_recurring_info`
  ADD PRIMARY KEY (`salesorderid`);

--
-- Indexes for table `vtiger_language`
--
ALTER TABLE `vtiger_language`
  ADD PRIMARY KEY (`id`);

--
-- Indexes for table `vtiger_leadaddress`
--
ALTER TABLE `vtiger_leadaddress`
  ADD PRIMARY KEY (`leadaddressid`);

--
-- Indexes for table `vtiger_leaddetails`
--
ALTER TABLE `vtiger_leaddetails`
  ADD PRIMARY KEY (`leadid`),
  ADD KEY `leaddetails_converted_leadstatus_idx` (`converted`,`leadstatus`),
  ADD KEY `email_idx` (`email`);

--
-- Indexes for table `vtiger_leadscf`
--
ALTER TABLE `vtiger_leadscf`
  ADD PRIMARY KEY (`leadid`);

--
-- Indexes for table `vtiger_leadsource`
--
ALTER TABLE `vtiger_leadsource`
  ADD PRIMARY KEY (`leadsourceid`);

--
-- Indexes for table `vtiger_leadstage`
--
ALTER TABLE `vtiger_leadstage`
  ADD PRIMARY KEY (`leadstageid`),
  ADD UNIQUE KEY `leadstage_stage_idx` (`stage`);

--
-- Indexes for table `vtiger_leadstatus`
--
ALTER TABLE `vtiger_leadstatus`
  ADD PRIMARY KEY (`leadstatusid`);

--
-- Indexes for table `vtiger_leadsubdetails`
--
ALTER TABLE `vtiger_leadsubdetails`
  ADD PRIMARY KEY (`leadsubscriptionid`);

--
-- Indexes for table `vtiger_lead_view`
--
ALTER TABLE `vtiger_lead_view`
  ADD PRIMARY KEY (`lead_viewid`);

--
-- Indexes for table `vtiger_links`
--
ALTER TABLE `vtiger_links`
  ADD PRIMARY KEY (`linkid`),
  ADD KEY `link_tabidtype_idx` (`tabid`,`linktype`);

--
-- Indexes for table `vtiger_loginhistory`
--
ALTER TABLE `vtiger_loginhistory`
  ADD PRIMARY KEY (`login_id`);

--
-- Indexes for table `vtiger_mailmanager_mailattachments`
--
ALTER TABLE `vtiger_mailmanager_mailattachments`
  ADD KEY `userid_muid_idx` (`userid`,`muid`);

--
-- Indexes for table `vtiger_mailmanager_mailrecord`
--
ALTER TABLE `vtiger_mailmanager_mailrecord`
  ADD KEY `userid_lastsavedtime_idx` (`userid`,`lastsavedtime`),
  ADD KEY `userid_muid_idx` (`userid`,`muid`);

--
-- Indexes for table `vtiger_mailscanner`
--
ALTER TABLE `vtiger_mailscanner`
  ADD PRIMARY KEY (`scannerid`);

--
-- Indexes for table `vtiger_mailscanner_actions`
--
ALTER TABLE `vtiger_mailscanner_actions`
  ADD PRIMARY KEY (`actionid`);

--
-- Indexes for table `vtiger_mailscanner_folders`
--
ALTER TABLE `vtiger_mailscanner_folders`
  ADD PRIMARY KEY (`folderid`),
  ADD KEY `folderid_idx` (`folderid`);

--
-- Indexes for table `vtiger_mailscanner_ids`
--
ALTER TABLE `vtiger_mailscanner_ids`
  ADD KEY `scanner_message_ids_idx` (`scannerid`,`messageid`(255));

--
-- Indexes for table `vtiger_mailscanner_rules`
--
ALTER TABLE `vtiger_mailscanner_rules`
  ADD PRIMARY KEY (`ruleid`);

--
-- Indexes for table `vtiger_mail_accounts`
--
ALTER TABLE `vtiger_mail_accounts`
  ADD PRIMARY KEY (`account_id`);

--
-- Indexes for table `vtiger_manufacturer`
--
ALTER TABLE `vtiger_manufacturer`
  ADD PRIMARY KEY (`manufacturerid`),
  ADD UNIQUE KEY `manufacturer_manufacturer_idx` (`manufacturer`);

--
-- Indexes for table `vtiger_mobile_alerts`
--
ALTER TABLE `vtiger_mobile_alerts`
  ADD PRIMARY KEY (`id`);

--
-- Indexes for table `vtiger_modcomments`
--
ALTER TABLE `vtiger_modcomments`
  ADD KEY `relatedto_idx` (`related_to`);

--
-- Indexes for table `vtiger_modcommentscf`
--
ALTER TABLE `vtiger_modcommentscf`
  ADD PRIMARY KEY (`modcommentsid`);

--
-- Indexes for table `vtiger_modentity_num`
--
ALTER TABLE `vtiger_modentity_num`
  ADD PRIMARY KEY (`num_id`),
  ADD UNIQUE KEY `num_idx` (`num_id`),
  ADD KEY `semodule_active_idx` (`semodule`,`active`);

--
-- Indexes for table `vtiger_modtracker_basic`
--
ALTER TABLE `vtiger_modtracker_basic`
  ADD PRIMARY KEY (`id`),
  ADD KEY `crmidx` (`crmid`),
  ADD KEY `idx` (`id`);

--
-- Indexes for table `vtiger_modtracker_detail`
--
ALTER TABLE `vtiger_modtracker_detail`
  ADD KEY `idx` (`id`);

--
-- Indexes for table `vtiger_modtracker_relations`
--
ALTER TABLE `vtiger_modtracker_relations`
  ADD PRIMARY KEY (`id`);

--
-- Indexes for table `vtiger_modtracker_tabs`
--
ALTER TABLE `vtiger_modtracker_tabs`
  ADD PRIMARY KEY (`tabid`);

--
-- Indexes for table `vtiger_module_dashboard_widgets`
--
ALTER TABLE `vtiger_module_dashboard_widgets`
  ADD PRIMARY KEY (`id`);

--
-- Indexes for table `vtiger_notes`
--
ALTER TABLE `vtiger_notes`
  ADD PRIMARY KEY (`notesid`),
  ADD KEY `notes_title_idx` (`title`),
  ADD KEY `notes_notesid_idx` (`notesid`);

--
-- Indexes for table `vtiger_notescf`
--
ALTER TABLE `vtiger_notescf`
  ADD PRIMARY KEY (`notesid`);

--
-- Indexes for table `vtiger_notificationscheduler`
--
ALTER TABLE `vtiger_notificationscheduler`
  ADD PRIMARY KEY (`schedulednotificationid`),
  ADD UNIQUE KEY `notificationscheduler_schedulednotificationname_idx` (`schedulednotificationname`);

--
-- Indexes for table `vtiger_no_of_currency_decimals`
--
ALTER TABLE `vtiger_no_of_currency_decimals`
  ADD PRIMARY KEY (`no_of_currency_decimalsid`);

--
-- Indexes for table `vtiger_opportunitystage`
--
ALTER TABLE `vtiger_opportunitystage`
  ADD PRIMARY KEY (`potstageid`),
  ADD UNIQUE KEY `opportunitystage_stage_idx` (`stage`);

--
-- Indexes for table `vtiger_opportunity_type`
--
ALTER TABLE `vtiger_opportunity_type`
  ADD PRIMARY KEY (`opptypeid`),
  ADD UNIQUE KEY `opportunity_type_opportunity_type_idx` (`opportunity_type`);

--
-- Indexes for table `vtiger_organizationdetails`
--
ALTER TABLE `vtiger_organizationdetails`
  ADD PRIMARY KEY (`organization_id`);

--
-- Indexes for table `vtiger_org_share_action2tab`
--
ALTER TABLE `vtiger_org_share_action2tab`
  ADD PRIMARY KEY (`share_action_id`,`tabid`);

--
-- Indexes for table `vtiger_org_share_action_mapping`
--
ALTER TABLE `vtiger_org_share_action_mapping`
  ADD PRIMARY KEY (`share_action_id`);

--
-- Indexes for table `vtiger_othereventduration`
--
ALTER TABLE `vtiger_othereventduration`
  ADD PRIMARY KEY (`othereventdurationid`);

--
-- Indexes for table `vtiger_parenttab`
--
ALTER TABLE `vtiger_parenttab`
  ADD PRIMARY KEY (`parenttabid`),
  ADD KEY `parenttab_parenttabid_parenttabl_label_visible_idx` (`parenttabid`,`parenttab_label`,`visible`);

--
-- Indexes for table `vtiger_parenttabrel`
--
ALTER TABLE `vtiger_parenttabrel`
  ADD KEY `parenttabrel_tabid_parenttabid_idx` (`tabid`,`parenttabid`);

--
-- Indexes for table `vtiger_pbxmanager`
--
ALTER TABLE `vtiger_pbxmanager`
  ADD PRIMARY KEY (`pbxmanagerid`),
  ADD KEY `index_sourceuuid` (`sourceuuid`),
  ADD KEY `index_pbxmanager_id` (`pbxmanagerid`);

--
-- Indexes for table `vtiger_pbxmanagercf`
--
ALTER TABLE `vtiger_pbxmanagercf`
  ADD PRIMARY KEY (`pbxmanagerid`);

--
-- Indexes for table `vtiger_pbxmanager_gateway`
--
ALTER TABLE `vtiger_pbxmanager_gateway`
  ADD PRIMARY KEY (`id`);

--
-- Indexes for table `vtiger_pbxmanager_phonelookup`
--
ALTER TABLE `vtiger_pbxmanager_phonelookup`
  ADD UNIQUE KEY `unique_key` (`crmid`,`setype`,`fieldname`),
  ADD KEY `index_phone_number` (`fnumber`,`rnumber`);

--
-- Indexes for table `vtiger_picklist`
--
ALTER TABLE `vtiger_picklist`
  ADD PRIMARY KEY (`picklistid`),
  ADD UNIQUE KEY `picklist_name_idx` (`name`);

--
-- Indexes for table `vtiger_picklist_dependency`
--
ALTER TABLE `vtiger_picklist_dependency`
  ADD PRIMARY KEY (`id`);

--
-- Indexes for table `vtiger_pobillads`
--
ALTER TABLE `vtiger_pobillads`
  ADD PRIMARY KEY (`pobilladdressid`);

--
-- Indexes for table `vtiger_portal`
--
ALTER TABLE `vtiger_portal`
  ADD PRIMARY KEY (`portalid`),
  ADD KEY `portal_portalname_idx` (`portalname`);

--
-- Indexes for table `vtiger_portalinfo`
--
ALTER TABLE `vtiger_portalinfo`
  ADD PRIMARY KEY (`id`);

--
-- Indexes for table `vtiger_poshipads`
--
ALTER TABLE `vtiger_poshipads`
  ADD PRIMARY KEY (`poshipaddressid`);

--
-- Indexes for table `vtiger_postatus`
--
ALTER TABLE `vtiger_postatus`
  ADD PRIMARY KEY (`postatusid`),
  ADD UNIQUE KEY `postatus_postatus_idx` (`postatus`);

--
-- Indexes for table `vtiger_postatushistory`
--
ALTER TABLE `vtiger_postatushistory`
  ADD PRIMARY KEY (`historyid`),
  ADD KEY `postatushistory_purchaseorderid_idx` (`purchaseorderid`);

--
-- Indexes for table `vtiger_potential`
--
ALTER TABLE `vtiger_potential`
  ADD PRIMARY KEY (`potentialid`),
  ADD KEY `potential_relatedto_idx` (`related_to`),
  ADD KEY `potentail_sales_stage_idx` (`sales_stage`),
  ADD KEY `potentail_sales_stage_amount_idx` (`amount`,`sales_stage`);

--
-- Indexes for table `vtiger_potentialscf`
--
ALTER TABLE `vtiger_potentialscf`
  ADD PRIMARY KEY (`potentialid`);

--
-- Indexes for table `vtiger_potstagehistory`
--
ALTER TABLE `vtiger_potstagehistory`
  ADD PRIMARY KEY (`historyid`),
  ADD KEY `potstagehistory_potentialid_idx` (`potentialid`);

--
-- Indexes for table `vtiger_pricebook`
--
ALTER TABLE `vtiger_pricebook`
  ADD PRIMARY KEY (`pricebookid`);

--
-- Indexes for table `vtiger_pricebookcf`
--
ALTER TABLE `vtiger_pricebookcf`
  ADD PRIMARY KEY (`pricebookid`);

--
-- Indexes for table `vtiger_pricebookproductrel`
--
ALTER TABLE `vtiger_pricebookproductrel`
  ADD PRIMARY KEY (`pricebookid`,`productid`),
  ADD KEY `pricebookproductrel_pricebookid_idx` (`pricebookid`),
  ADD KEY `pricebookproductrel_productid_idx` (`productid`);

--
-- Indexes for table `vtiger_priority`
--
ALTER TABLE `vtiger_priority`
  ADD PRIMARY KEY (`priorityid`),
  ADD UNIQUE KEY `priority_priority_idx` (`priority`);

--
-- Indexes for table `vtiger_productcategory`
--
ALTER TABLE `vtiger_productcategory`
  ADD PRIMARY KEY (`productcategoryid`),
  ADD UNIQUE KEY `productcategory_productcategory_idx` (`productcategory`);

--
-- Indexes for table `vtiger_productcf`
--
ALTER TABLE `vtiger_productcf`
  ADD PRIMARY KEY (`productid`);

--
-- Indexes for table `vtiger_products`
--
ALTER TABLE `vtiger_products`
  ADD PRIMARY KEY (`productid`);

--
-- Indexes for table `vtiger_producttaxrel`
--
ALTER TABLE `vtiger_producttaxrel`
  ADD KEY `producttaxrel_productid_idx` (`productid`),
  ADD KEY `producttaxrel_taxid_idx` (`taxid`);

--
-- Indexes for table `vtiger_profile`
--
ALTER TABLE `vtiger_profile`
  ADD PRIMARY KEY (`profileid`);

--
-- Indexes for table `vtiger_profile2field`
--
ALTER TABLE `vtiger_profile2field`
  ADD PRIMARY KEY (`profileid`,`fieldid`),
  ADD KEY `profile2field_profileid_tabid_fieldname_idx` (`profileid`,`tabid`),
  ADD KEY `profile2field_tabid_profileid_idx` (`tabid`,`profileid`),
  ADD KEY `profile2field_visible_profileid_idx` (`visible`,`profileid`);

--
-- Indexes for table `vtiger_profile2globalpermissions`
--
ALTER TABLE `vtiger_profile2globalpermissions`
  ADD PRIMARY KEY (`profileid`,`globalactionid`),
  ADD KEY `idx_profile2globalpermissions` (`profileid`,`globalactionid`);

--
-- Indexes for table `vtiger_profile2standardpermissions`
--
ALTER TABLE `vtiger_profile2standardpermissions`
  ADD PRIMARY KEY (`profileid`,`tabid`,`operation`),
  ADD KEY `profile2standardpermissions_profileid_tabid_operation_idx` (`profileid`,`tabid`,`operation`);

--
-- Indexes for table `vtiger_profile2tab`
--
ALTER TABLE `vtiger_profile2tab`
  ADD KEY `profile2tab_profileid_tabid_idx` (`profileid`,`tabid`);

--
-- Indexes for table `vtiger_profile2utility`
--
ALTER TABLE `vtiger_profile2utility`
  ADD PRIMARY KEY (`profileid`,`tabid`,`activityid`),
  ADD KEY `profile2utility_profileid_tabid_activityid_idx` (`profileid`,`tabid`,`activityid`);

--
-- Indexes for table `vtiger_progress`
--
ALTER TABLE `vtiger_progress`
  ADD PRIMARY KEY (`progressid`);

--
-- Indexes for table `vtiger_projectcf`
--
ALTER TABLE `vtiger_projectcf`
  ADD PRIMARY KEY (`projectid`);

--
-- Indexes for table `vtiger_projectmilestone`
--
ALTER TABLE `vtiger_projectmilestone`
  ADD PRIMARY KEY (`projectmilestoneid`);

--
-- Indexes for table `vtiger_projectmilestonecf`
--
ALTER TABLE `vtiger_projectmilestonecf`
  ADD PRIMARY KEY (`projectmilestoneid`);

--
-- Indexes for table `vtiger_projectmilestonetype`
--
ALTER TABLE `vtiger_projectmilestonetype`
  ADD PRIMARY KEY (`projectmilestonetypeid`);

--
-- Indexes for table `vtiger_projectpriority`
--
ALTER TABLE `vtiger_projectpriority`
  ADD PRIMARY KEY (`projectpriorityid`);

--
-- Indexes for table `vtiger_projectstatus`
--
ALTER TABLE `vtiger_projectstatus`
  ADD PRIMARY KEY (`projectstatusid`);

--
-- Indexes for table `vtiger_projecttask`
--
ALTER TABLE `vtiger_projecttask`
  ADD PRIMARY KEY (`projecttaskid`);

--
-- Indexes for table `vtiger_projecttaskcf`
--
ALTER TABLE `vtiger_projecttaskcf`
  ADD PRIMARY KEY (`projecttaskid`);

--
-- Indexes for table `vtiger_projecttaskpriority`
--
ALTER TABLE `vtiger_projecttaskpriority`
  ADD PRIMARY KEY (`projecttaskpriorityid`);

--
-- Indexes for table `vtiger_projecttaskprogress`
--
ALTER TABLE `vtiger_projecttaskprogress`
  ADD PRIMARY KEY (`projecttaskprogressid`);

--
-- Indexes for table `vtiger_projecttaskstatus`
--
ALTER TABLE `vtiger_projecttaskstatus`
  ADD PRIMARY KEY (`projecttaskstatusid`);

--
-- Indexes for table `vtiger_projecttasktype`
--
ALTER TABLE `vtiger_projecttasktype`
  ADD PRIMARY KEY (`projecttasktypeid`);

--
-- Indexes for table `vtiger_projecttype`
--
ALTER TABLE `vtiger_projecttype`
  ADD PRIMARY KEY (`projecttypeid`);

--
-- Indexes for table `vtiger_purchaseorder`
--
ALTER TABLE `vtiger_purchaseorder`
  ADD PRIMARY KEY (`purchaseorderid`),
  ADD KEY `purchaseorder_vendorid_idx` (`vendorid`),
  ADD KEY `purchaseorder_quoteid_idx` (`quoteid`),
  ADD KEY `purchaseorder_contactid_idx` (`contactid`);

--
-- Indexes for table `vtiger_purchaseordercf`
--
ALTER TABLE `vtiger_purchaseordercf`
  ADD PRIMARY KEY (`purchaseorderid`);

--
-- Indexes for table `vtiger_quotes`
--
ALTER TABLE `vtiger_quotes`
  ADD PRIMARY KEY (`quoteid`),
  ADD KEY `quote_quotestage_idx` (`quotestage`),
  ADD KEY `quotes_potentialid_idx` (`potentialid`),
  ADD KEY `quotes_contactid_idx` (`contactid`);

--
-- Indexes for table `vtiger_quotesbillads`
--
ALTER TABLE `vtiger_quotesbillads`
  ADD PRIMARY KEY (`quotebilladdressid`);

--
-- Indexes for table `vtiger_quotescf`
--
ALTER TABLE `vtiger_quotescf`
  ADD PRIMARY KEY (`quoteid`);

--
-- Indexes for table `vtiger_quotesshipads`
--
ALTER TABLE `vtiger_quotesshipads`
  ADD PRIMARY KEY (`quoteshipaddressid`);

--
-- Indexes for table `vtiger_quotestage`
--
ALTER TABLE `vtiger_quotestage`
  ADD PRIMARY KEY (`quotestageid`),
  ADD UNIQUE KEY `quotestage_quotestage_idx` (`quotestage`);

--
-- Indexes for table `vtiger_quotestagehistory`
--
ALTER TABLE `vtiger_quotestagehistory`
  ADD PRIMARY KEY (`historyid`),
  ADD KEY `quotestagehistory_quoteid_idx` (`quoteid`);

--
-- Indexes for table `vtiger_rating`
--
ALTER TABLE `vtiger_rating`
  ADD PRIMARY KEY (`rating_id`);

--
-- Indexes for table `vtiger_recurringevents`
--
ALTER TABLE `vtiger_recurringevents`
  ADD PRIMARY KEY (`recurringid`);

--
-- Indexes for table `vtiger_recurringtype`
--
ALTER TABLE `vtiger_recurringtype`
  ADD PRIMARY KEY (`recurringeventid`),
  ADD UNIQUE KEY `recurringtype_status_idx` (`recurringtype`);

--
-- Indexes for table `vtiger_relatedlists`
--
ALTER TABLE `vtiger_relatedlists`
  ADD PRIMARY KEY (`relation_id`),
  ADD KEY `relatedlists_relation_id_idx` (`relation_id`);

--
-- Indexes for table `vtiger_relcriteria`
--
ALTER TABLE `vtiger_relcriteria`
  ADD PRIMARY KEY (`queryid`,`columnindex`),
  ADD KEY `relcriteria_queryid_idx` (`queryid`);

--
-- Indexes for table `vtiger_relcriteria_grouping`
--
ALTER TABLE `vtiger_relcriteria_grouping`
  ADD PRIMARY KEY (`groupid`,`queryid`);

--
-- Indexes for table `vtiger_reminder_interval`
--
ALTER TABLE `vtiger_reminder_interval`
  ADD PRIMARY KEY (`reminder_intervalid`);

--
-- Indexes for table `vtiger_report`
--
ALTER TABLE `vtiger_report`
  ADD PRIMARY KEY (`reportid`),
  ADD KEY `report_queryid_idx` (`queryid`),
  ADD KEY `report_folderid_idx` (`folderid`);

--
-- Indexes for table `vtiger_reportdatefilter`
--
ALTER TABLE `vtiger_reportdatefilter`
  ADD PRIMARY KEY (`datefilterid`),
  ADD KEY `reportdatefilter_datefilterid_idx` (`datefilterid`);

--
-- Indexes for table `vtiger_reportfolder`
--
ALTER TABLE `vtiger_reportfolder`
  ADD PRIMARY KEY (`folderid`);

--
-- Indexes for table `vtiger_reportmodules`
--
ALTER TABLE `vtiger_reportmodules`
  ADD PRIMARY KEY (`reportmodulesid`);

--
-- Indexes for table `vtiger_reportsortcol`
--
ALTER TABLE `vtiger_reportsortcol`
  ADD PRIMARY KEY (`sortcolid`,`reportid`);

--
-- Indexes for table `vtiger_reportsummary`
--
ALTER TABLE `vtiger_reportsummary`
  ADD PRIMARY KEY (`reportsummaryid`,`summarytype`,`columnname`),
  ADD KEY `reportsummary_reportsummaryid_idx` (`reportsummaryid`);

--
-- Indexes for table `vtiger_reporttype`
--
ALTER TABLE `vtiger_reporttype`
  ADD PRIMARY KEY (`reportid`);

--
-- Indexes for table `vtiger_role`
--
ALTER TABLE `vtiger_role`
  ADD PRIMARY KEY (`roleid`);

--
-- Indexes for table `vtiger_role2picklist`
--
ALTER TABLE `vtiger_role2picklist`
  ADD PRIMARY KEY (`roleid`,`picklistvalueid`,`picklistid`),
  ADD KEY `role2picklist_roleid_picklistid_idx` (`roleid`,`picklistid`,`picklistvalueid`);

--
-- Indexes for table `vtiger_role2profile`
--
ALTER TABLE `vtiger_role2profile`
  ADD PRIMARY KEY (`roleid`,`profileid`),
  ADD KEY `role2profile_roleid_profileid_idx` (`roleid`,`profileid`);

--
-- Indexes for table `vtiger_rowheight`
--
ALTER TABLE `vtiger_rowheight`
  ADD PRIMARY KEY (`rowheightid`);

--
-- Indexes for table `vtiger_rss`
--
ALTER TABLE `vtiger_rss`
  ADD PRIMARY KEY (`rssid`);

--
-- Indexes for table `vtiger_salesmanactivityrel`
--
ALTER TABLE `vtiger_salesmanactivityrel`
  ADD PRIMARY KEY (`smid`,`activityid`),
  ADD KEY `salesmanactivityrel_activityid_idx` (`activityid`),
  ADD KEY `salesmanactivityrel_smid_idx` (`smid`);

--
-- Indexes for table `vtiger_salesmanattachmentsrel`
--
ALTER TABLE `vtiger_salesmanattachmentsrel`
  ADD PRIMARY KEY (`smid`,`attachmentsid`),
  ADD KEY `salesmanattachmentsrel_smid_idx` (`smid`),
  ADD KEY `salesmanattachmentsrel_attachmentsid_idx` (`attachmentsid`);

--
-- Indexes for table `vtiger_salesmanticketrel`
--
ALTER TABLE `vtiger_salesmanticketrel`
  ADD PRIMARY KEY (`smid`,`id`),
  ADD KEY `salesmanticketrel_smid_idx` (`smid`),
  ADD KEY `salesmanticketrel_id_idx` (`id`);

--
-- Indexes for table `vtiger_salesorder`
--
ALTER TABLE `vtiger_salesorder`
  ADD PRIMARY KEY (`salesorderid`),
  ADD KEY `salesorder_vendorid_idx` (`vendorid`),
  ADD KEY `salesorder_contactid_idx` (`contactid`);

--
-- Indexes for table `vtiger_salesordercf`
--
ALTER TABLE `vtiger_salesordercf`
  ADD PRIMARY KEY (`salesorderid`);

--
-- Indexes for table `vtiger_sales_stage`
--
ALTER TABLE `vtiger_sales_stage`
  ADD PRIMARY KEY (`sales_stage_id`);

--
-- Indexes for table `vtiger_salutationtype`
--
ALTER TABLE `vtiger_salutationtype`
  ADD PRIMARY KEY (`salutationid`);

--
-- Indexes for table `vtiger_scheduled_reports`
--
ALTER TABLE `vtiger_scheduled_reports`
  ADD PRIMARY KEY (`reportid`);

--
-- Indexes for table `vtiger_seactivityrel`
--
ALTER TABLE `vtiger_seactivityrel`
  ADD PRIMARY KEY (`crmid`,`activityid`),
  ADD KEY `seactivityrel_activityid_idx` (`activityid`),
  ADD KEY `seactivityrel_crmid_idx` (`crmid`);

--
-- Indexes for table `vtiger_seattachmentsrel`
--
ALTER TABLE `vtiger_seattachmentsrel`
  ADD PRIMARY KEY (`crmid`,`attachmentsid`),
  ADD KEY `seattachmentsrel_attachmentsid_idx` (`attachmentsid`),
  ADD KEY `seattachmentsrel_crmid_idx` (`crmid`),
  ADD KEY `seattachmentsrel_attachmentsid_crmid_idx` (`attachmentsid`,`crmid`);

--
-- Indexes for table `vtiger_selectcolumn`
--
ALTER TABLE `vtiger_selectcolumn`
  ADD PRIMARY KEY (`queryid`,`columnindex`),
  ADD KEY `selectcolumn_queryid_idx` (`queryid`);

--
-- Indexes for table `vtiger_selectquery`
--
ALTER TABLE `vtiger_selectquery`
  ADD PRIMARY KEY (`queryid`),
  ADD KEY `selectquery_queryid_idx` (`queryid`);

--
-- Indexes for table `vtiger_senotesrel`
--
ALTER TABLE `vtiger_senotesrel`
  ADD PRIMARY KEY (`crmid`,`notesid`),
  ADD KEY `senotesrel_notesid_idx` (`notesid`),
  ADD KEY `senotesrel_crmid_idx` (`crmid`);

--
-- Indexes for table `vtiger_seproductsrel`
--
ALTER TABLE `vtiger_seproductsrel`
  ADD PRIMARY KEY (`crmid`,`productid`),
  ADD KEY `seproductsrel_productid_idx` (`productid`),
  ADD KEY `seproductrel_crmid_idx` (`crmid`);

--
-- Indexes for table `vtiger_service`
--
ALTER TABLE `vtiger_service`
  ADD PRIMARY KEY (`serviceid`);

--
-- Indexes for table `vtiger_servicecategory`
--
ALTER TABLE `vtiger_servicecategory`
  ADD PRIMARY KEY (`servicecategoryid`);

--
-- Indexes for table `vtiger_servicecf`
--
ALTER TABLE `vtiger_servicecf`
  ADD PRIMARY KEY (`serviceid`);

--
-- Indexes for table `vtiger_servicecontractscf`
--
ALTER TABLE `vtiger_servicecontractscf`
  ADD PRIMARY KEY (`servicecontractsid`);

--
-- Indexes for table `vtiger_service_usageunit`
--
ALTER TABLE `vtiger_service_usageunit`
  ADD PRIMARY KEY (`service_usageunitid`);

--
-- Indexes for table `vtiger_seticketsrel`
--
ALTER TABLE `vtiger_seticketsrel`
  ADD PRIMARY KEY (`crmid`,`ticketid`),
  ADD KEY `seticketsrel_crmid_idx` (`crmid`),
  ADD KEY `seticketsrel_ticketid_idx` (`ticketid`);

--
-- Indexes for table `vtiger_settings_blocks`
--
ALTER TABLE `vtiger_settings_blocks`
  ADD PRIMARY KEY (`blockid`);

--
-- Indexes for table `vtiger_settings_field`
--
ALTER TABLE `vtiger_settings_field`
  ADD PRIMARY KEY (`fieldid`);

--
-- Indexes for table `vtiger_sharedcalendar`
--
ALTER TABLE `vtiger_sharedcalendar`
  ADD PRIMARY KEY (`userid`,`sharedid`);

--
-- Indexes for table `vtiger_shippingtaxinfo`
--
ALTER TABLE `vtiger_shippingtaxinfo`
  ADD PRIMARY KEY (`taxid`),
  ADD KEY `shippingtaxinfo_taxname_idx` (`taxname`);

--
-- Indexes for table `vtiger_shorturls`
--
ALTER TABLE `vtiger_shorturls`
  ADD PRIMARY KEY (`id`),
  ADD KEY `uid` (`uid`);

--
-- Indexes for table `vtiger_smsnotifiercf`
--
ALTER TABLE `vtiger_smsnotifiercf`
  ADD PRIMARY KEY (`smsnotifierid`);

--
-- Indexes for table `vtiger_smsnotifier_servers`
--
ALTER TABLE `vtiger_smsnotifier_servers`
  ADD PRIMARY KEY (`id`);

--
-- Indexes for table `vtiger_smsnotifier_status`
--
ALTER TABLE `vtiger_smsnotifier_status`
  ADD PRIMARY KEY (`statusid`);

--
-- Indexes for table `vtiger_sobillads`
--
ALTER TABLE `vtiger_sobillads`
  ADD PRIMARY KEY (`sobilladdressid`);

--
-- Indexes for table `vtiger_soshipads`
--
ALTER TABLE `vtiger_soshipads`
  ADD PRIMARY KEY (`soshipaddressid`);

--
-- Indexes for table `vtiger_sostatus`
--
ALTER TABLE `vtiger_sostatus`
  ADD PRIMARY KEY (`sostatusid`),
  ADD UNIQUE KEY `sostatus_sostatus_idx` (`sostatus`);

--
-- Indexes for table `vtiger_sostatushistory`
--
ALTER TABLE `vtiger_sostatushistory`
  ADD PRIMARY KEY (`historyid`),
  ADD KEY `sostatushistory_salesorderid_idx` (`salesorderid`);

--
-- Indexes for table `vtiger_start_hour`
--
ALTER TABLE `vtiger_start_hour`
  ADD PRIMARY KEY (`start_hourid`);

--
-- Indexes for table `vtiger_status`
--
ALTER TABLE `vtiger_status`
  ADD PRIMARY KEY (`statusid`);

--
-- Indexes for table `vtiger_systems`
--
ALTER TABLE `vtiger_systems`
  ADD PRIMARY KEY (`id`);

--
-- Indexes for table `vtiger_tab`
--
ALTER TABLE `vtiger_tab`
  ADD PRIMARY KEY (`tabid`),
  ADD UNIQUE KEY `tab_name_idx` (`name`),
  ADD KEY `tab_modifiedby_idx` (`modifiedby`),
  ADD KEY `tab_tabid_idx` (`tabid`);

--
-- Indexes for table `vtiger_taskpriority`
--
ALTER TABLE `vtiger_taskpriority`
  ADD PRIMARY KEY (`taskpriorityid`);

--
-- Indexes for table `vtiger_taskstatus`
--
ALTER TABLE `vtiger_taskstatus`
  ADD PRIMARY KEY (`taskstatusid`);

--
-- Indexes for table `vtiger_taxclass`
--
ALTER TABLE `vtiger_taxclass`
  ADD PRIMARY KEY (`taxclassid`),
  ADD UNIQUE KEY `taxclass_carrier_idx` (`taxclass`);

--
-- Indexes for table `vtiger_ticketcategories`
--
ALTER TABLE `vtiger_ticketcategories`
  ADD PRIMARY KEY (`ticketcategories_id`);

--
-- Indexes for table `vtiger_ticketcf`
--
ALTER TABLE `vtiger_ticketcf`
  ADD PRIMARY KEY (`ticketid`);

--
-- Indexes for table `vtiger_ticketcomments`
--
ALTER TABLE `vtiger_ticketcomments`
  ADD PRIMARY KEY (`commentid`),
  ADD KEY `ticketcomments_ticketid_idx` (`ticketid`);

--
-- Indexes for table `vtiger_ticketpriorities`
--
ALTER TABLE `vtiger_ticketpriorities`
  ADD PRIMARY KEY (`ticketpriorities_id`);

--
-- Indexes for table `vtiger_ticketseverities`
--
ALTER TABLE `vtiger_ticketseverities`
  ADD PRIMARY KEY (`ticketseverities_id`);

--
-- Indexes for table `vtiger_ticketstatus`
--
ALTER TABLE `vtiger_ticketstatus`
  ADD PRIMARY KEY (`ticketstatus_id`);

--
-- Indexes for table `vtiger_time_zone`
--
ALTER TABLE `vtiger_time_zone`
  ADD PRIMARY KEY (`time_zoneid`);

--
-- Indexes for table `vtiger_tmp_read_group_rel_sharing_per`
--
ALTER TABLE `vtiger_tmp_read_group_rel_sharing_per`
  ADD PRIMARY KEY (`userid`,`tabid`,`relatedtabid`,`sharedgroupid`),
  ADD KEY `tmp_read_group_rel_sharing_per_userid_sharedgroupid_tabid` (`userid`,`sharedgroupid`,`tabid`);

--
-- Indexes for table `vtiger_tmp_read_group_sharing_per`
--
ALTER TABLE `vtiger_tmp_read_group_sharing_per`
  ADD PRIMARY KEY (`userid`,`tabid`,`sharedgroupid`),
  ADD KEY `tmp_read_group_sharing_per_userid_sharedgroupid_idx` (`userid`,`sharedgroupid`);

--
-- Indexes for table `vtiger_tmp_read_user_rel_sharing_per`
--
ALTER TABLE `vtiger_tmp_read_user_rel_sharing_per`
  ADD PRIMARY KEY (`userid`,`tabid`,`relatedtabid`,`shareduserid`),
  ADD KEY `tmp_read_user_rel_sharing_per_userid_shared_reltabid_idx` (`userid`,`shareduserid`,`relatedtabid`);

--
-- Indexes for table `vtiger_tmp_read_user_sharing_per`
--
ALTER TABLE `vtiger_tmp_read_user_sharing_per`
  ADD PRIMARY KEY (`userid`,`tabid`,`shareduserid`),
  ADD KEY `tmp_read_user_sharing_per_userid_shareduserid_idx` (`userid`,`shareduserid`);

--
-- Indexes for table `vtiger_tmp_write_group_rel_sharing_per`
--
ALTER TABLE `vtiger_tmp_write_group_rel_sharing_per`
  ADD PRIMARY KEY (`userid`,`tabid`,`relatedtabid`,`sharedgroupid`),
  ADD KEY `tmp_write_group_rel_sharing_per_userid_sharedgroupid_tabid_idx` (`userid`,`sharedgroupid`,`tabid`);

--
-- Indexes for table `vtiger_tmp_write_group_sharing_per`
--
ALTER TABLE `vtiger_tmp_write_group_sharing_per`
  ADD PRIMARY KEY (`userid`,`tabid`,`sharedgroupid`),
  ADD KEY `tmp_write_group_sharing_per_UK1` (`userid`,`sharedgroupid`);

--
-- Indexes for table `vtiger_tmp_write_user_rel_sharing_per`
--
ALTER TABLE `vtiger_tmp_write_user_rel_sharing_per`
  ADD PRIMARY KEY (`userid`,`tabid`,`relatedtabid`,`shareduserid`),
  ADD KEY `tmp_write_user_rel_sharing_per_userid_sharduserid_tabid_idx` (`userid`,`shareduserid`,`tabid`);

--
-- Indexes for table `vtiger_tmp_write_user_sharing_per`
--
ALTER TABLE `vtiger_tmp_write_user_sharing_per`
  ADD PRIMARY KEY (`userid`,`tabid`,`shareduserid`),
  ADD KEY `tmp_write_user_sharing_per_userid_shareduserid_idx` (`userid`,`shareduserid`);

--
-- Indexes for table `vtiger_tracker`
--
ALTER TABLE `vtiger_tracker`
  ADD PRIMARY KEY (`id`);

--
-- Indexes for table `vtiger_tracking_unit`
--
ALTER TABLE `vtiger_tracking_unit`
  ADD PRIMARY KEY (`tracking_unitid`);

--
-- Indexes for table `vtiger_troubletickets`
--
ALTER TABLE `vtiger_troubletickets`
  ADD PRIMARY KEY (`ticketid`),
  ADD KEY `troubletickets_ticketid_idx` (`ticketid`),
  ADD KEY `troubletickets_status_idx` (`status`);

--
-- Indexes for table `vtiger_usageunit`
--
ALTER TABLE `vtiger_usageunit`
  ADD PRIMARY KEY (`usageunitid`),
  ADD UNIQUE KEY `usageunit_usageunit_idx` (`usageunit`);

--
-- Indexes for table `vtiger_user2mergefields`
--
ALTER TABLE `vtiger_user2mergefields`
  ADD KEY `userid_tabid_idx` (`userid`,`tabid`);

--
-- Indexes for table `vtiger_user2role`
--
ALTER TABLE `vtiger_user2role`
  ADD PRIMARY KEY (`userid`),
  ADD KEY `user2role_roleid_idx` (`roleid`);

--
-- Indexes for table `vtiger_users`
--
ALTER TABLE `vtiger_users`
  ADD PRIMARY KEY (`id`),
  ADD KEY `user_user_name_idx` (`user_name`),
  ADD KEY `user_user_password_idx` (`user_password`);

--
-- Indexes for table `vtiger_users2group`
--
ALTER TABLE `vtiger_users2group`
  ADD PRIMARY KEY (`groupid`,`userid`),
  ADD KEY `users2group_groupname_uerid_idx` (`groupid`,`userid`);

--
-- Indexes for table `vtiger_userscf`
--
ALTER TABLE `vtiger_userscf`
  ADD PRIMARY KEY (`usersid`);

--
-- Indexes for table `vtiger_users_last_import`
--
ALTER TABLE `vtiger_users_last_import`
  ADD PRIMARY KEY (`id`),
  ADD KEY `idx_user_id` (`assigned_user_id`);

--
-- Indexes for table `vtiger_user_module_preferences`
--
ALTER TABLE `vtiger_user_module_preferences`
  ADD PRIMARY KEY (`userid`,`tabid`);

--
-- Indexes for table `vtiger_vendor`
--
ALTER TABLE `vtiger_vendor`
  ADD PRIMARY KEY (`vendorid`);

--
-- Indexes for table `vtiger_vendorcf`
--
ALTER TABLE `vtiger_vendorcf`
  ADD PRIMARY KEY (`vendorid`);

--
-- Indexes for table `vtiger_vendorcontactrel`
--
ALTER TABLE `vtiger_vendorcontactrel`
  ADD PRIMARY KEY (`vendorid`,`contactid`),
  ADD KEY `vendorcontactrel_vendorid_idx` (`vendorid`),
  ADD KEY `vendorcontactrel_contact_idx` (`contactid`);

--
-- Indexes for table `vtiger_version`
--
ALTER TABLE `vtiger_version`
  ADD PRIMARY KEY (`id`);

--
-- Indexes for table `vtiger_visibility`
--
ALTER TABLE `vtiger_visibility`
  ADD PRIMARY KEY (`visibilityid`),
  ADD UNIQUE KEY `visibility_visibility_idx` (`visibility`);

--
-- Indexes for table `vtiger_webforms`
--
ALTER TABLE `vtiger_webforms`
  ADD PRIMARY KEY (`id`),
  ADD UNIQUE KEY `webformname` (`name`),
  ADD UNIQUE KEY `publicid` (`id`),
  ADD KEY `webforms_webforms_id_idx` (`id`);

--
-- Indexes for table `vtiger_webforms_field`
--
ALTER TABLE `vtiger_webforms_field`
  ADD PRIMARY KEY (`id`),
  ADD KEY `webforms_webforms_field_idx` (`id`),
  ADD KEY `fk_1_vtiger_webforms_field` (`webformid`),
  ADD KEY `fk_2_vtiger_webforms_field` (`fieldname`);

--
-- Indexes for table `vtiger_wordtemplates`
--
ALTER TABLE `vtiger_wordtemplates`
  ADD PRIMARY KEY (`templateid`);

--
-- Indexes for table `vtiger_wsapp`
--
ALTER TABLE `vtiger_wsapp`
  ADD PRIMARY KEY (`appid`);

--
-- Indexes for table `vtiger_wsapp_recordmapping`
--
ALTER TABLE `vtiger_wsapp_recordmapping`
  ADD PRIMARY KEY (`id`);

--
-- Indexes for table `vtiger_wsapp_sync_state`
--
ALTER TABLE `vtiger_wsapp_sync_state`
  ADD PRIMARY KEY (`id`);

--
-- Indexes for table `vtiger_ws_entity`
--
ALTER TABLE `vtiger_ws_entity`
  ADD PRIMARY KEY (`id`);

--
-- Indexes for table `vtiger_ws_entity_fieldtype`
--
ALTER TABLE `vtiger_ws_entity_fieldtype`
  ADD PRIMARY KEY (`fieldtypeid`),
  ADD UNIQUE KEY `vtiger_idx_1_tablename_fieldname` (`table_name`,`field_name`);

--
-- Indexes for table `vtiger_ws_entity_name`
--
ALTER TABLE `vtiger_ws_entity_name`
  ADD PRIMARY KEY (`entity_id`);

--
-- Indexes for table `vtiger_ws_entity_referencetype`
--
ALTER TABLE `vtiger_ws_entity_referencetype`
  ADD PRIMARY KEY (`fieldtypeid`,`type`);

--
-- Indexes for table `vtiger_ws_entity_tables`
--
ALTER TABLE `vtiger_ws_entity_tables`
  ADD PRIMARY KEY (`webservice_entity_id`,`table_name`);

--
-- Indexes for table `vtiger_ws_fieldinfo`
--
ALTER TABLE `vtiger_ws_fieldinfo`
  ADD PRIMARY KEY (`id`);

--
-- Indexes for table `vtiger_ws_fieldtype`
--
ALTER TABLE `vtiger_ws_fieldtype`
  ADD PRIMARY KEY (`fieldtypeid`),
  ADD UNIQUE KEY `uitype_idx` (`uitype`);

--
-- Indexes for table `vtiger_ws_operation`
--
ALTER TABLE `vtiger_ws_operation`
  ADD PRIMARY KEY (`operationid`);

--
-- Indexes for table `vtiger_ws_operation_parameters`
--
ALTER TABLE `vtiger_ws_operation_parameters`
  ADD PRIMARY KEY (`operationid`,`name`);

--
-- Indexes for table `vtiger_ws_referencetype`
--
ALTER TABLE `vtiger_ws_referencetype`
  ADD PRIMARY KEY (`fieldtypeid`,`type`);

--
-- Indexes for table `vtiger_ws_userauthtoken`
--
ALTER TABLE `vtiger_ws_userauthtoken`
  ADD PRIMARY KEY (`userid`,`expiretime`),
  ADD UNIQUE KEY `userid_idx` (`userid`);

--
-- AUTO_INCREMENT for dumped tables
--

--
-- AUTO_INCREMENT for table `com_vtiger_workflows`
--
ALTER TABLE `com_vtiger_workflows`
  MODIFY `workflow_id` int(11) NOT NULL AUTO_INCREMENT,AUTO_INCREMENT=25;
--
-- AUTO_INCREMENT for table `com_vtiger_workflowtasks`
--
ALTER TABLE `com_vtiger_workflowtasks`
  MODIFY `task_id` int(11) NOT NULL AUTO_INCREMENT,AUTO_INCREMENT=29;
--
-- AUTO_INCREMENT for table `com_vtiger_workflowtemplates`
--
ALTER TABLE `com_vtiger_workflowtemplates`
  MODIFY `template_id` int(11) NOT NULL AUTO_INCREMENT;
--
-- AUTO_INCREMENT for table `vtiger_accountrating`
--
ALTER TABLE `vtiger_accountrating`
  MODIFY `accountratingid` int(19) NOT NULL AUTO_INCREMENT;
--
-- AUTO_INCREMENT for table `vtiger_accounttype`
--
ALTER TABLE `vtiger_accounttype`
  MODIFY `accounttypeid` int(19) NOT NULL AUTO_INCREMENT,AUTO_INCREMENT=12;
--
-- AUTO_INCREMENT for table `vtiger_activitytype`
--
ALTER TABLE `vtiger_activitytype`
  MODIFY `activitytypeid` int(19) NOT NULL AUTO_INCREMENT,AUTO_INCREMENT=4;
--
-- AUTO_INCREMENT for table `vtiger_activity_reminder_popup`
--
ALTER TABLE `vtiger_activity_reminder_popup`
  MODIFY `reminderid` int(19) NOT NULL AUTO_INCREMENT,AUTO_INCREMENT=6;
--
-- AUTO_INCREMENT for table `vtiger_activity_view`
--
ALTER TABLE `vtiger_activity_view`
  MODIFY `activity_viewid` int(19) NOT NULL AUTO_INCREMENT,AUTO_INCREMENT=5;
--
-- AUTO_INCREMENT for table `vtiger_assetstatus`
--
ALTER TABLE `vtiger_assetstatus`
  MODIFY `assetstatusid` int(11) NOT NULL AUTO_INCREMENT,AUTO_INCREMENT=3;
--
-- AUTO_INCREMENT for table `vtiger_attachmentsfolder`
--
ALTER TABLE `vtiger_attachmentsfolder`
  MODIFY `folderid` int(19) NOT NULL AUTO_INCREMENT,AUTO_INCREMENT=2;
--
-- AUTO_INCREMENT for table `vtiger_calendarsharedtype`
--
ALTER TABLE `vtiger_calendarsharedtype`
  MODIFY `calendarsharedtypeid` int(11) NOT NULL AUTO_INCREMENT,AUTO_INCREMENT=4;
--
-- AUTO_INCREMENT for table `vtiger_callduration`
--
ALTER TABLE `vtiger_callduration`
  MODIFY `calldurationid` int(11) NOT NULL AUTO_INCREMENT,AUTO_INCREMENT=6;
--
-- AUTO_INCREMENT for table `vtiger_campaignstatus`
--
ALTER TABLE `vtiger_campaignstatus`
  MODIFY `campaignstatusid` int(19) NOT NULL AUTO_INCREMENT,AUTO_INCREMENT=7;
--
-- AUTO_INCREMENT for table `vtiger_campaigntype`
--
ALTER TABLE `vtiger_campaigntype`
  MODIFY `campaigntypeid` int(19) NOT NULL AUTO_INCREMENT,AUTO_INCREMENT=14;
--
-- AUTO_INCREMENT for table `vtiger_carrier`
--
ALTER TABLE `vtiger_carrier`
  MODIFY `carrierid` int(19) NOT NULL AUTO_INCREMENT,AUTO_INCREMENT=6;
--
-- AUTO_INCREMENT for table `vtiger_contract_priority`
--
ALTER TABLE `vtiger_contract_priority`
  MODIFY `contract_priorityid` int(11) NOT NULL AUTO_INCREMENT,AUTO_INCREMENT=4;
--
-- AUTO_INCREMENT for table `vtiger_contract_status`
--
ALTER TABLE `vtiger_contract_status`
  MODIFY `contract_statusid` int(11) NOT NULL AUTO_INCREMENT,AUTO_INCREMENT=7;
--
-- AUTO_INCREMENT for table `vtiger_contract_type`
--
ALTER TABLE `vtiger_contract_type`
  MODIFY `contract_typeid` int(11) NOT NULL AUTO_INCREMENT,AUTO_INCREMENT=4;
--
-- AUTO_INCREMENT for table `vtiger_convertleadmapping`
--
ALTER TABLE `vtiger_convertleadmapping`
  MODIFY `cfmid` int(19) NOT NULL AUTO_INCREMENT,AUTO_INCREMENT=32;
--
-- AUTO_INCREMENT for table `vtiger_cron_task`
--
ALTER TABLE `vtiger_cron_task`
  MODIFY `id` int(11) NOT NULL AUTO_INCREMENT,AUTO_INCREMENT=8;
--
-- AUTO_INCREMENT for table `vtiger_currencies`
--
ALTER TABLE `vtiger_currencies`
  MODIFY `currencyid` int(19) NOT NULL AUTO_INCREMENT,AUTO_INCREMENT=139;
--
-- AUTO_INCREMENT for table `vtiger_currency`
--
ALTER TABLE `vtiger_currency`
  MODIFY `currencyid` int(19) NOT NULL AUTO_INCREMENT;
--
-- AUTO_INCREMENT for table `vtiger_currency_decimal_separator`
--
ALTER TABLE `vtiger_currency_decimal_separator`
  MODIFY `currency_decimal_separatorid` int(19) NOT NULL AUTO_INCREMENT,AUTO_INCREMENT=6;
--
-- AUTO_INCREMENT for table `vtiger_currency_grouping_pattern`
--
ALTER TABLE `vtiger_currency_grouping_pattern`
  MODIFY `currency_grouping_patternid` int(19) NOT NULL AUTO_INCREMENT,AUTO_INCREMENT=5;
--
-- AUTO_INCREMENT for table `vtiger_currency_grouping_separator`
--
ALTER TABLE `vtiger_currency_grouping_separator`
  MODIFY `currency_grouping_separatorid` int(19) NOT NULL AUTO_INCREMENT,AUTO_INCREMENT=6;
--
-- AUTO_INCREMENT for table `vtiger_currency_info`
--
ALTER TABLE `vtiger_currency_info`
  MODIFY `id` int(11) NOT NULL AUTO_INCREMENT,AUTO_INCREMENT=3;
--
-- AUTO_INCREMENT for table `vtiger_currency_symbol_placement`
--
ALTER TABLE `vtiger_currency_symbol_placement`
  MODIFY `currency_symbol_placementid` int(19) NOT NULL AUTO_INCREMENT,AUTO_INCREMENT=3;
--
-- AUTO_INCREMENT for table `vtiger_date_format`
--
ALTER TABLE `vtiger_date_format`
  MODIFY `date_formatid` int(19) NOT NULL AUTO_INCREMENT,AUTO_INCREMENT=4;
--
-- AUTO_INCREMENT for table `vtiger_dayoftheweek`
--
ALTER TABLE `vtiger_dayoftheweek`
  MODIFY `dayoftheweekid` int(11) NOT NULL AUTO_INCREMENT,AUTO_INCREMENT=8;
--
-- AUTO_INCREMENT for table `vtiger_defaultactivitytype`
--
ALTER TABLE `vtiger_defaultactivitytype`
  MODIFY `defaultactivitytypeid` int(11) NOT NULL AUTO_INCREMENT,AUTO_INCREMENT=3;
--
-- AUTO_INCREMENT for table `vtiger_defaulteventstatus`
--
ALTER TABLE `vtiger_defaulteventstatus`
  MODIFY `defaulteventstatusid` int(11) NOT NULL AUTO_INCREMENT,AUTO_INCREMENT=4;
--
-- AUTO_INCREMENT for table `vtiger_default_record_view`
--
ALTER TABLE `vtiger_default_record_view`
  MODIFY `default_record_viewid` int(11) NOT NULL AUTO_INCREMENT,AUTO_INCREMENT=3;
--
-- AUTO_INCREMENT for table `vtiger_def_org_share`
--
ALTER TABLE `vtiger_def_org_share`
  MODIFY `ruleid` int(11) NOT NULL AUTO_INCREMENT,AUTO_INCREMENT=26;
--
-- AUTO_INCREMENT for table `vtiger_durationhrs`
--
ALTER TABLE `vtiger_durationhrs`
  MODIFY `hrsid` int(19) NOT NULL AUTO_INCREMENT;
--
-- AUTO_INCREMENT for table `vtiger_durationmins`
--
ALTER TABLE `vtiger_durationmins`
  MODIFY `minsid` int(19) NOT NULL AUTO_INCREMENT;
--
-- AUTO_INCREMENT for table `vtiger_duration_minutes`
--
ALTER TABLE `vtiger_duration_minutes`
  MODIFY `minutesid` int(19) NOT NULL AUTO_INCREMENT,AUTO_INCREMENT=5;
--
-- AUTO_INCREMENT for table `vtiger_emailtemplates`
--
ALTER TABLE `vtiger_emailtemplates`
  MODIFY `templateid` int(19) NOT NULL AUTO_INCREMENT,AUTO_INCREMENT=13;
--
-- AUTO_INCREMENT for table `vtiger_eventhandlers`
--
ALTER TABLE `vtiger_eventhandlers`
  MODIFY `eventhandler_id` int(11) NOT NULL AUTO_INCREMENT,AUTO_INCREMENT=24;
--
-- AUTO_INCREMENT for table `vtiger_eventhandler_module`
--
ALTER TABLE `vtiger_eventhandler_module`
  MODIFY `eventhandler_module_id` int(11) NOT NULL AUTO_INCREMENT,AUTO_INCREMENT=6;
--
-- AUTO_INCREMENT for table `vtiger_eventstatus`
--
ALTER TABLE `vtiger_eventstatus`
  MODIFY `eventstatusid` int(19) NOT NULL AUTO_INCREMENT,AUTO_INCREMENT=4;
--
-- AUTO_INCREMENT for table `vtiger_expectedresponse`
--
ALTER TABLE `vtiger_expectedresponse`
  MODIFY `expectedresponseid` int(19) NOT NULL AUTO_INCREMENT,AUTO_INCREMENT=6;
--
-- AUTO_INCREMENT for table `vtiger_extnstore_users`
--
ALTER TABLE `vtiger_extnstore_users`
  MODIFY `id` int(11) NOT NULL AUTO_INCREMENT,AUTO_INCREMENT=3;
--
-- AUTO_INCREMENT for table `vtiger_faq`
--
ALTER TABLE `vtiger_faq`
  MODIFY `id` int(11) NOT NULL AUTO_INCREMENT;
--
-- AUTO_INCREMENT for table `vtiger_faqcategories`
--
ALTER TABLE `vtiger_faqcategories`
  MODIFY `faqcategories_id` int(19) NOT NULL AUTO_INCREMENT,AUTO_INCREMENT=2;
--
-- AUTO_INCREMENT for table `vtiger_faqcomments`
--
ALTER TABLE `vtiger_faqcomments`
  MODIFY `commentid` int(19) NOT NULL AUTO_INCREMENT;
--
-- AUTO_INCREMENT for table `vtiger_faqstatus`
--
ALTER TABLE `vtiger_faqstatus`
  MODIFY `faqstatus_id` int(19) NOT NULL AUTO_INCREMENT,AUTO_INCREMENT=5;
--
-- AUTO_INCREMENT for table `vtiger_field`
--
ALTER TABLE `vtiger_field`
  MODIFY `fieldid` int(19) NOT NULL AUTO_INCREMENT,AUTO_INCREMENT=751;
--
-- AUTO_INCREMENT for table `vtiger_glacct`
--
ALTER TABLE `vtiger_glacct`
  MODIFY `glacctid` int(19) NOT NULL AUTO_INCREMENT,AUTO_INCREMENT=10;
--
-- AUTO_INCREMENT for table `vtiger_hour_format`
--
ALTER TABLE `vtiger_hour_format`
  MODIFY `hour_formatid` int(11) NOT NULL AUTO_INCREMENT,AUTO_INCREMENT=3;
--
-- AUTO_INCREMENT for table `vtiger_import_maps`
--
ALTER TABLE `vtiger_import_maps`
  MODIFY `id` int(19) NOT NULL AUTO_INCREMENT;
--
-- AUTO_INCREMENT for table `vtiger_industry`
--
ALTER TABLE `vtiger_industry`
  MODIFY `industryid` int(19) NOT NULL AUTO_INCREMENT,AUTO_INCREMENT=33;
--
-- AUTO_INCREMENT for table `vtiger_inventorynotification`
--
ALTER TABLE `vtiger_inventorynotification`
  MODIFY `notificationid` int(19) NOT NULL AUTO_INCREMENT,AUTO_INCREMENT=4;
--
-- AUTO_INCREMENT for table `vtiger_inventoryproductrel`
--
ALTER TABLE `vtiger_inventoryproductrel`
  MODIFY `lineitem_id` int(11) NOT NULL AUTO_INCREMENT,AUTO_INCREMENT=9;
--
-- AUTO_INCREMENT for table `vtiger_invoicestatus`
--
ALTER TABLE `vtiger_invoicestatus`
  MODIFY `invoicestatusid` int(19) NOT NULL AUTO_INCREMENT,AUTO_INCREMENT=8;
--
-- AUTO_INCREMENT for table `vtiger_invoicestatushistory`
--
ALTER TABLE `vtiger_invoicestatushistory`
  MODIFY `historyid` int(19) NOT NULL AUTO_INCREMENT;
--
-- AUTO_INCREMENT for table `vtiger_language`
--
ALTER TABLE `vtiger_language`
  MODIFY `id` int(11) NOT NULL AUTO_INCREMENT,AUTO_INCREMENT=18;
--
-- AUTO_INCREMENT for table `vtiger_leadsource`
--
ALTER TABLE `vtiger_leadsource`
  MODIFY `leadsourceid` int(19) NOT NULL AUTO_INCREMENT,AUTO_INCREMENT=14;
--
-- AUTO_INCREMENT for table `vtiger_leadstage`
--
ALTER TABLE `vtiger_leadstage`
  MODIFY `leadstageid` int(19) NOT NULL AUTO_INCREMENT;
--
-- AUTO_INCREMENT for table `vtiger_leadstatus`
--
ALTER TABLE `vtiger_leadstatus`
  MODIFY `leadstatusid` int(19) NOT NULL AUTO_INCREMENT,AUTO_INCREMENT=13;
--
-- AUTO_INCREMENT for table `vtiger_lead_view`
--
ALTER TABLE `vtiger_lead_view`
  MODIFY `lead_viewid` int(19) NOT NULL AUTO_INCREMENT,AUTO_INCREMENT=4;
--
-- AUTO_INCREMENT for table `vtiger_loginhistory`
--
ALTER TABLE `vtiger_loginhistory`
  MODIFY `login_id` int(11) NOT NULL AUTO_INCREMENT,AUTO_INCREMENT=164;
--
-- AUTO_INCREMENT for table `vtiger_mailscanner`
--
ALTER TABLE `vtiger_mailscanner`
  MODIFY `scannerid` int(11) NOT NULL AUTO_INCREMENT;
--
-- AUTO_INCREMENT for table `vtiger_mailscanner_actions`
--
ALTER TABLE `vtiger_mailscanner_actions`
  MODIFY `actionid` int(11) NOT NULL AUTO_INCREMENT;
--
-- AUTO_INCREMENT for table `vtiger_mailscanner_folders`
--
ALTER TABLE `vtiger_mailscanner_folders`
  MODIFY `folderid` int(11) NOT NULL AUTO_INCREMENT;
--
-- AUTO_INCREMENT for table `vtiger_mailscanner_rules`
--
ALTER TABLE `vtiger_mailscanner_rules`
  MODIFY `ruleid` int(11) NOT NULL AUTO_INCREMENT;
--
-- AUTO_INCREMENT for table `vtiger_manufacturer`
--
ALTER TABLE `vtiger_manufacturer`
  MODIFY `manufacturerid` int(19) NOT NULL AUTO_INCREMENT,AUTO_INCREMENT=5;
--
-- AUTO_INCREMENT for table `vtiger_mobile_alerts`
--
ALTER TABLE `vtiger_mobile_alerts`
  MODIFY `id` int(11) NOT NULL AUTO_INCREMENT,AUTO_INCREMENT=8;
--
-- AUTO_INCREMENT for table `vtiger_module_dashboard_widgets`
--
ALTER TABLE `vtiger_module_dashboard_widgets`
  MODIFY `id` int(19) NOT NULL AUTO_INCREMENT,AUTO_INCREMENT=12;
--
-- AUTO_INCREMENT for table `vtiger_notificationscheduler`
--
ALTER TABLE `vtiger_notificationscheduler`
  MODIFY `schedulednotificationid` int(19) NOT NULL AUTO_INCREMENT,AUTO_INCREMENT=9;
--
-- AUTO_INCREMENT for table `vtiger_no_of_currency_decimals`
--
ALTER TABLE `vtiger_no_of_currency_decimals`
  MODIFY `no_of_currency_decimalsid` int(11) NOT NULL AUTO_INCREMENT,AUTO_INCREMENT=8;
--
-- AUTO_INCREMENT for table `vtiger_opportunitystage`
--
ALTER TABLE `vtiger_opportunitystage`
  MODIFY `potstageid` int(19) NOT NULL AUTO_INCREMENT;
--
-- AUTO_INCREMENT for table `vtiger_opportunity_type`
--
ALTER TABLE `vtiger_opportunity_type`
  MODIFY `opptypeid` int(19) NOT NULL AUTO_INCREMENT,AUTO_INCREMENT=4;
--
-- AUTO_INCREMENT for table `vtiger_othereventduration`
--
ALTER TABLE `vtiger_othereventduration`
  MODIFY `othereventdurationid` int(11) NOT NULL AUTO_INCREMENT,AUTO_INCREMENT=6;
--
-- AUTO_INCREMENT for table `vtiger_pbxmanager`
--
ALTER TABLE `vtiger_pbxmanager`
  MODIFY `pbxmanagerid` int(20) NOT NULL AUTO_INCREMENT;
--
-- AUTO_INCREMENT for table `vtiger_pbxmanager_gateway`
--
ALTER TABLE `vtiger_pbxmanager_gateway`
  MODIFY `id` int(11) NOT NULL AUTO_INCREMENT;
--
-- AUTO_INCREMENT for table `vtiger_picklist`
--
ALTER TABLE `vtiger_picklist`
  MODIFY `picklistid` int(11) NOT NULL AUTO_INCREMENT,AUTO_INCREMENT=49;
--
-- AUTO_INCREMENT for table `vtiger_postatus`
--
ALTER TABLE `vtiger_postatus`
  MODIFY `postatusid` int(19) NOT NULL AUTO_INCREMENT,AUTO_INCREMENT=6;
--
-- AUTO_INCREMENT for table `vtiger_postatushistory`
--
ALTER TABLE `vtiger_postatushistory`
  MODIFY `historyid` int(19) NOT NULL AUTO_INCREMENT;
--
-- AUTO_INCREMENT for table `vtiger_potstagehistory`
--
ALTER TABLE `vtiger_potstagehistory`
  MODIFY `historyid` int(19) NOT NULL AUTO_INCREMENT,AUTO_INCREMENT=13;
--
-- AUTO_INCREMENT for table `vtiger_priority`
--
ALTER TABLE `vtiger_priority`
  MODIFY `priorityid` int(19) NOT NULL AUTO_INCREMENT;
--
-- AUTO_INCREMENT for table `vtiger_productcategory`
--
ALTER TABLE `vtiger_productcategory`
  MODIFY `productcategoryid` int(19) NOT NULL AUTO_INCREMENT,AUTO_INCREMENT=5;
--
-- AUTO_INCREMENT for table `vtiger_profile`
--
ALTER TABLE `vtiger_profile`
  MODIFY `profileid` int(10) NOT NULL AUTO_INCREMENT,AUTO_INCREMENT=14;
--
-- AUTO_INCREMENT for table `vtiger_progress`
--
ALTER TABLE `vtiger_progress`
  MODIFY `progressid` int(11) NOT NULL AUTO_INCREMENT,AUTO_INCREMENT=12;
--
-- AUTO_INCREMENT for table `vtiger_projectmilestonetype`
--
ALTER TABLE `vtiger_projectmilestonetype`
  MODIFY `projectmilestonetypeid` int(11) NOT NULL AUTO_INCREMENT,AUTO_INCREMENT=5;
--
-- AUTO_INCREMENT for table `vtiger_projectpriority`
--
ALTER TABLE `vtiger_projectpriority`
  MODIFY `projectpriorityid` int(11) NOT NULL AUTO_INCREMENT,AUTO_INCREMENT=5;
--
-- AUTO_INCREMENT for table `vtiger_projectstatus`
--
ALTER TABLE `vtiger_projectstatus`
  MODIFY `projectstatusid` int(11) NOT NULL AUTO_INCREMENT,AUTO_INCREMENT=10;
--
-- AUTO_INCREMENT for table `vtiger_projecttaskpriority`
--
ALTER TABLE `vtiger_projecttaskpriority`
  MODIFY `projecttaskpriorityid` int(11) NOT NULL AUTO_INCREMENT,AUTO_INCREMENT=5;
--
-- AUTO_INCREMENT for table `vtiger_projecttaskprogress`
--
ALTER TABLE `vtiger_projecttaskprogress`
  MODIFY `projecttaskprogressid` int(11) NOT NULL AUTO_INCREMENT,AUTO_INCREMENT=12;
--
-- AUTO_INCREMENT for table `vtiger_projecttaskstatus`
--
ALTER TABLE `vtiger_projecttaskstatus`
  MODIFY `projecttaskstatusid` int(11) NOT NULL AUTO_INCREMENT,AUTO_INCREMENT=7;
--
-- AUTO_INCREMENT for table `vtiger_projecttasktype`
--
ALTER TABLE `vtiger_projecttasktype`
  MODIFY `projecttasktypeid` int(11) NOT NULL AUTO_INCREMENT,AUTO_INCREMENT=5;
--
-- AUTO_INCREMENT for table `vtiger_projecttype`
--
ALTER TABLE `vtiger_projecttype`
  MODIFY `projecttypeid` int(11) NOT NULL AUTO_INCREMENT,AUTO_INCREMENT=5;
--
-- AUTO_INCREMENT for table `vtiger_quotestage`
--
ALTER TABLE `vtiger_quotestage`
  MODIFY `quotestageid` int(19) NOT NULL AUTO_INCREMENT,AUTO_INCREMENT=6;
--
-- AUTO_INCREMENT for table `vtiger_quotestagehistory`
--
ALTER TABLE `vtiger_quotestagehistory`
  MODIFY `historyid` int(19) NOT NULL AUTO_INCREMENT;
--
-- AUTO_INCREMENT for table `vtiger_rating`
--
ALTER TABLE `vtiger_rating`
  MODIFY `rating_id` int(19) NOT NULL AUTO_INCREMENT,AUTO_INCREMENT=7;
--
-- AUTO_INCREMENT for table `vtiger_recurringevents`
--
ALTER TABLE `vtiger_recurringevents`
  MODIFY `recurringid` int(19) NOT NULL AUTO_INCREMENT;
--
-- AUTO_INCREMENT for table `vtiger_recurringtype`
--
ALTER TABLE `vtiger_recurringtype`
  MODIFY `recurringeventid` int(19) NOT NULL AUTO_INCREMENT,AUTO_INCREMENT=6;
--
-- AUTO_INCREMENT for table `vtiger_reminder_interval`
--
ALTER TABLE `vtiger_reminder_interval`
  MODIFY `reminder_intervalid` int(19) NOT NULL AUTO_INCREMENT,AUTO_INCREMENT=9;
--
-- AUTO_INCREMENT for table `vtiger_reportfolder`
--
ALTER TABLE `vtiger_reportfolder`
  MODIFY `folderid` int(19) NOT NULL AUTO_INCREMENT,AUTO_INCREMENT=13;
--
-- AUTO_INCREMENT for table `vtiger_rowheight`
--
ALTER TABLE `vtiger_rowheight`
  MODIFY `rowheightid` int(11) NOT NULL AUTO_INCREMENT,AUTO_INCREMENT=4;
--
-- AUTO_INCREMENT for table `vtiger_sales_stage`
--
ALTER TABLE `vtiger_sales_stage`
  MODIFY `sales_stage_id` int(19) NOT NULL AUTO_INCREMENT,AUTO_INCREMENT=11;
--
-- AUTO_INCREMENT for table `vtiger_salutationtype`
--
ALTER TABLE `vtiger_salutationtype`
  MODIFY `salutationid` int(19) NOT NULL AUTO_INCREMENT,AUTO_INCREMENT=7;
--
-- AUTO_INCREMENT for table `vtiger_servicecategory`
--
ALTER TABLE `vtiger_servicecategory`
  MODIFY `servicecategoryid` int(11) NOT NULL AUTO_INCREMENT,AUTO_INCREMENT=7;
--
-- AUTO_INCREMENT for table `vtiger_service_usageunit`
--
ALTER TABLE `vtiger_service_usageunit`
  MODIFY `service_usageunitid` int(11) NOT NULL AUTO_INCREMENT,AUTO_INCREMENT=4;
--
-- AUTO_INCREMENT for table `vtiger_shorturls`
--
ALTER TABLE `vtiger_shorturls`
  MODIFY `id` int(11) NOT NULL AUTO_INCREMENT;
--
-- AUTO_INCREMENT for table `vtiger_smsnotifier_servers`
--
ALTER TABLE `vtiger_smsnotifier_servers`
  MODIFY `id` int(11) NOT NULL AUTO_INCREMENT;
--
-- AUTO_INCREMENT for table `vtiger_smsnotifier_status`
--
ALTER TABLE `vtiger_smsnotifier_status`
  MODIFY `statusid` int(11) NOT NULL AUTO_INCREMENT;
--
-- AUTO_INCREMENT for table `vtiger_sostatus`
--
ALTER TABLE `vtiger_sostatus`
  MODIFY `sostatusid` int(19) NOT NULL AUTO_INCREMENT,AUTO_INCREMENT=5;
--
-- AUTO_INCREMENT for table `vtiger_sostatushistory`
--
ALTER TABLE `vtiger_sostatushistory`
  MODIFY `historyid` int(19) NOT NULL AUTO_INCREMENT;
--
-- AUTO_INCREMENT for table `vtiger_start_hour`
--
ALTER TABLE `vtiger_start_hour`
  MODIFY `start_hourid` int(11) NOT NULL AUTO_INCREMENT,AUTO_INCREMENT=25;
--
-- AUTO_INCREMENT for table `vtiger_status`
--
ALTER TABLE `vtiger_status`
  MODIFY `statusid` int(19) NOT NULL AUTO_INCREMENT,AUTO_INCREMENT=3;
--
-- AUTO_INCREMENT for table `vtiger_taskpriority`
--
ALTER TABLE `vtiger_taskpriority`
  MODIFY `taskpriorityid` int(19) NOT NULL AUTO_INCREMENT,AUTO_INCREMENT=4;
--
-- AUTO_INCREMENT for table `vtiger_taskstatus`
--
ALTER TABLE `vtiger_taskstatus`
  MODIFY `taskstatusid` int(19) NOT NULL AUTO_INCREMENT,AUTO_INCREMENT=7;
--
-- AUTO_INCREMENT for table `vtiger_taxclass`
--
ALTER TABLE `vtiger_taxclass`
  MODIFY `taxclassid` int(19) NOT NULL AUTO_INCREMENT,AUTO_INCREMENT=3;
--
-- AUTO_INCREMENT for table `vtiger_ticketcategories`
--
ALTER TABLE `vtiger_ticketcategories`
  MODIFY `ticketcategories_id` int(19) NOT NULL AUTO_INCREMENT,AUTO_INCREMENT=4;
--
-- AUTO_INCREMENT for table `vtiger_ticketcomments`
--
ALTER TABLE `vtiger_ticketcomments`
  MODIFY `commentid` int(19) NOT NULL AUTO_INCREMENT;
--
-- AUTO_INCREMENT for table `vtiger_ticketpriorities`
--
ALTER TABLE `vtiger_ticketpriorities`
  MODIFY `ticketpriorities_id` int(19) NOT NULL AUTO_INCREMENT,AUTO_INCREMENT=5;
--
-- AUTO_INCREMENT for table `vtiger_ticketseverities`
--
ALTER TABLE `vtiger_ticketseverities`
  MODIFY `ticketseverities_id` int(19) NOT NULL AUTO_INCREMENT,AUTO_INCREMENT=5;
--
-- AUTO_INCREMENT for table `vtiger_ticketstatus`
--
ALTER TABLE `vtiger_ticketstatus`
  MODIFY `ticketstatus_id` int(19) NOT NULL AUTO_INCREMENT,AUTO_INCREMENT=5;
--
-- AUTO_INCREMENT for table `vtiger_time_zone`
--
ALTER TABLE `vtiger_time_zone`
  MODIFY `time_zoneid` int(19) NOT NULL AUTO_INCREMENT,AUTO_INCREMENT=98;
--
-- AUTO_INCREMENT for table `vtiger_tracker`
--
ALTER TABLE `vtiger_tracker`
  MODIFY `id` int(11) NOT NULL AUTO_INCREMENT;
--
-- AUTO_INCREMENT for table `vtiger_tracking_unit`
--
ALTER TABLE `vtiger_tracking_unit`
  MODIFY `tracking_unitid` int(11) NOT NULL AUTO_INCREMENT,AUTO_INCREMENT=5;
--
-- AUTO_INCREMENT for table `vtiger_usageunit`
--
ALTER TABLE `vtiger_usageunit`
  MODIFY `usageunitid` int(19) NOT NULL AUTO_INCREMENT,AUTO_INCREMENT=17;
--
-- AUTO_INCREMENT for table `vtiger_users`
--
ALTER TABLE `vtiger_users`
  MODIFY `id` int(11) NOT NULL AUTO_INCREMENT,AUTO_INCREMENT=20;
--
-- AUTO_INCREMENT for table `vtiger_users_last_import`
--
ALTER TABLE `vtiger_users_last_import`
  MODIFY `id` int(36) NOT NULL AUTO_INCREMENT;
--
-- AUTO_INCREMENT for table `vtiger_version`
--
ALTER TABLE `vtiger_version`
  MODIFY `id` int(11) NOT NULL AUTO_INCREMENT,AUTO_INCREMENT=2;
--
-- AUTO_INCREMENT for table `vtiger_visibility`
--
ALTER TABLE `vtiger_visibility`
  MODIFY `visibilityid` int(19) NOT NULL AUTO_INCREMENT,AUTO_INCREMENT=3;
--
-- AUTO_INCREMENT for table `vtiger_webforms`
--
ALTER TABLE `vtiger_webforms`
  MODIFY `id` int(19) NOT NULL AUTO_INCREMENT;
--
-- AUTO_INCREMENT for table `vtiger_webforms_field`
--
ALTER TABLE `vtiger_webforms_field`
  MODIFY `id` int(19) NOT NULL AUTO_INCREMENT;
--
-- AUTO_INCREMENT for table `vtiger_wsapp`
--
ALTER TABLE `vtiger_wsapp`
  MODIFY `appid` int(11) NOT NULL AUTO_INCREMENT,AUTO_INCREMENT=2;
--
-- AUTO_INCREMENT for table `vtiger_wsapp_recordmapping`
--
ALTER TABLE `vtiger_wsapp_recordmapping`
  MODIFY `id` int(19) NOT NULL AUTO_INCREMENT;
--
-- AUTO_INCREMENT for table `vtiger_wsapp_sync_state`
--
ALTER TABLE `vtiger_wsapp_sync_state`
  MODIFY `id` int(19) NOT NULL AUTO_INCREMENT;
--
-- AUTO_INCREMENT for table `vtiger_ws_entity`
--
ALTER TABLE `vtiger_ws_entity`
  MODIFY `id` int(11) NOT NULL AUTO_INCREMENT,AUTO_INCREMENT=36;
--
-- AUTO_INCREMENT for table `vtiger_ws_entity_fieldtype`
--
ALTER TABLE `vtiger_ws_entity_fieldtype`
  MODIFY `fieldtypeid` int(19) NOT NULL AUTO_INCREMENT,AUTO_INCREMENT=11;
--
-- AUTO_INCREMENT for table `vtiger_ws_fieldtype`
--
ALTER TABLE `vtiger_ws_fieldtype`
  MODIFY `fieldtypeid` int(19) NOT NULL AUTO_INCREMENT,AUTO_INCREMENT=40;
--
-- AUTO_INCREMENT for table `vtiger_ws_operation`
--
ALTER TABLE `vtiger_ws_operation`
  MODIFY `operationid` int(11) NOT NULL AUTO_INCREMENT,AUTO_INCREMENT=34;
--
-- AUTO_INCREMENT for table `vtiger_ws_operation_parameters`
--
ALTER TABLE `vtiger_ws_operation_parameters`
  MODIFY `operationid` int(11) NOT NULL AUTO_INCREMENT,AUTO_INCREMENT=34;
--
-- 限制导出的表
--

--
-- 限制表 `vtiger_assets`
--
ALTER TABLE `vtiger_assets`
  ADD CONSTRAINT `fk_1_vtiger_assets` FOREIGN KEY (`assetsid`) REFERENCES `vtiger_crmentity` (`crmid`) ON DELETE CASCADE;

--
-- 限制表 `vtiger_pbxmanager_phonelookup`
--
ALTER TABLE `vtiger_pbxmanager_phonelookup`
  ADD CONSTRAINT `vtiger_pbxmanager_phonelookup_ibfk_1` FOREIGN KEY (`crmid`) REFERENCES `vtiger_crmentity` (`crmid`) ON DELETE CASCADE;

--
-- 限制表 `vtiger_senotesrel`
--
ALTER TABLE `vtiger_senotesrel`
  ADD CONSTRAINT `fk1_crmid` FOREIGN KEY (`crmid`) REFERENCES `vtiger_crmentity` (`crmid`) ON DELETE CASCADE;

--
-- 限制表 `vtiger_service`
--
ALTER TABLE `vtiger_service`
  ADD CONSTRAINT `fk_1_vtiger_service` FOREIGN KEY (`serviceid`) REFERENCES `vtiger_crmentity` (`crmid`) ON DELETE CASCADE;

--
-- 限制表 `vtiger_webforms_field`
--
ALTER TABLE `vtiger_webforms_field`
  ADD CONSTRAINT `fk_1_vtiger_webforms_field` FOREIGN KEY (`webformid`) REFERENCES `vtiger_webforms` (`id`) ON DELETE CASCADE,
  ADD CONSTRAINT `fk_3_vtiger_webforms_field` FOREIGN KEY (`fieldname`) REFERENCES `vtiger_field` (`fieldname`) ON DELETE CASCADE;

/*!40101 SET CHARACTER_SET_CLIENT=@OLD_CHARACTER_SET_CLIENT */;
/*!40101 SET CHARACTER_SET_RESULTS=@OLD_CHARACTER_SET_RESULTS */;
/*!40101 SET COLLATION_CONNECTION=@OLD_COLLATION_CONNECTION */;
